{
	"credit": "Made with Blockbench",
	"texture_size": [64, 64],
	"textures": {
		"0": "custom/kiste/normal_chest",
		"particle": "custom/kiste/normal_chest"
	},
	"elements": [
		{
			"from": [12, 0, 2],
			"to": [14, 2, 4],
			"faces": {
				"north": {"uv": [2, 5.5, 2.5, 6], "texture": "#0"},
				"east": {"uv": [2, 6, 2.5, 6.5], "texture": "#0"},
				"south": {"uv": [2, 6.5, 2.5, 7], "texture": "#0"},
				"west": {"uv": [2, 7, 2.5, 7.5], "texture": "#0"},
				"up": {"uv": [4.5, 9.75, 4, 9.25], "texture": "#0"},
				"down": {"uv": [9.75, 8.25, 9.25, 8.75], "texture": "#0"}
			}
		},
		{
			"from": [2, 0, 2],
			"to": [4, 2, 4],
			"rotation": {"angle": 0, "axis": "y", "origin": [16, 0, 0]},
			"faces": {
				"north": {"uv": [2.5, 5.5, 2, 6], "texture": "#0"},
				"east": {"uv": [2.5, 7, 2, 7.5], "texture": "#0"},
				"south": {"uv": [2.5, 6.5, 2, 7], "texture": "#0"},
				"west": {"uv": [2.5, 6, 2, 6.5], "texture": "#0"},
				"up": {"uv": [4, 9.75, 4.5, 9.25], "texture": "#0"},
				"down": {"uv": [9.25, 8.25, 9.75, 8.75], "texture": "#0"}
			}
		},
		{
			"from": [2, 0, 12],
			"to": [4, 2, 14],
			"rotation": {"angle": 0, "axis": "y", "origin": [16, 0, 16]},
			"faces": {
				"north": {"uv": [2, 6.5, 2.5, 7], "texture": "#0"},
				"east": {"uv": [2, 7, 2.5, 7.5], "texture": "#0"},
				"south": {"uv": [2, 5.5, 2.5, 6], "texture": "#0"},
				"west": {"uv": [2, 6, 2.5, 6.5], "texture": "#0"},
				"up": {"uv": [4, 9.25, 4.5, 9.75], "texture": "#0"},
				"down": {"uv": [9.25, 8.75, 9.75, 8.25], "texture": "#0"}
			}
		},
		{
			"from": [12, 0, 12],
			"to": [14, 2, 14],
			"rotation": {"angle": 0, "axis": "y", "origin": [0, 0, 16]},
			"faces": {
				"north": {"uv": [2.5, 6.5, 2, 7], "texture": "#0"},
				"east": {"uv": [2.5, 6, 2, 6.5], "texture": "#0"},
				"south": {"uv": [2.5, 5.5, 2, 6], "texture": "#0"},
				"west": {"uv": [2.5, 7, 2, 7.5], "texture": "#0"},
				"up": {"uv": [4.5, 9.25, 4, 9.75], "texture": "#0"},
				"down": {"uv": [9.75, 8.75, 9.25, 8.25], "texture": "#0"}
			}
		},
		{
			"from": [3, 1, 3],
			"to": [13, 3, 13],
			"faces": {
				"north": {"uv": [8.5, 5.25, 11, 5.75], "texture": "#0"},
				"east": {"uv": [8.5, 5.75, 11, 6.25], "texture": "#0"},
				"south": {"uv": [2, 8.75, 4.5, 9.25], "texture": "#0"},
				"west": {"uv": [5, 9, 7.5, 9.5], "texture": "#0"},
				"up": {"uv": [5.25, 2.5, 2.75, 0], "texture": "#0"},
				"down": {"uv": [5.25, 2.5, 2.75, 5], "texture": "#0"}
			}
		},
		{
			"from": [9.6, 1.4, 2.6],
			"to": [11.4, 10.4, 13.4],
			"rotation": {"angle": 0, "axis": "y", "origin": [8, 5.4, 8]},
			"faces": {
				"north": {"uv": [7.5, 9, 8, 11.25], "texture": "#0"},
				"east": {"uv": [5.25, 2.5, 8, 4.75], "texture": "#0"},
				"south": {"uv": [8, 9, 8.5, 11.25], "texture": "#0"},
				"west": {"uv": [5.25, 4.75, 8, 7], "texture": "#0"},
				"up": {"uv": [5, 10.25, 4.5, 7.5], "texture": "#0"},
				"down": {"uv": [8.5, 3.75, 8, 6.5], "texture": "#0"}
			}
		},
		{
			"from": [4.6, 1.4, 2.6],
			"to": [6.4, 10.4, 13.4],
			"rotation": {"angle": 0, "axis": "y", "origin": [8, 5.4, 8]},
			"faces": {
				"north": {"uv": [8, 9, 7.5, 11.25], "texture": "#0"},
				"east": {"uv": [8, 4.75, 5.25, 7], "texture": "#0"},
				"south": {"uv": [8.5, 9, 8, 11.25], "texture": "#0"},
				"west": {"uv": [8, 2.5, 5.25, 4.75], "texture": "#0"},
				"up": {"uv": [4.5, 10.25, 5, 7.5], "texture": "#0"},
				"down": {"uv": [8, 3.75, 8.5, 6.5], "texture": "#0"}
			}
		},
		{
			"from": [2.75, 5.85, 2.7],
			"to": [13.25, 7.65, 13.3],
			"rotation": {"angle": 0, "axis": "z", "origin": [7.45, 9.25, 8]},
			"faces": {
				"north": {"uv": [8, 6.5, 10.625, 7], "texture": "#0"},
				"east": {"uv": [8.5, 3.75, 11.125, 4.25], "texture": "#0"},
				"south": {"uv": [8.5, 4.25, 11.125, 4.75], "texture": "#0"},
				"west": {"uv": [8.5, 4.75, 11.125, 5.25], "texture": "#0"},
				"up": {"uv": [2.625, 2.625, 0, 0], "texture": "#0"},
				"down": {"uv": [2.625, 2.75, 0, 5.375], "texture": "#0"}
			}
		},
		{
			"from": [3, 4, 3],
			"to": [13, 9, 13],
			"faces": {
				"north": {"uv": [2, 7.5, 4.5, 8.75], "texture": "#0"},
				"east": {"uv": [7.75, 0, 10.25, 1.25], "texture": "#0"},
				"south": {"uv": [7.75, 1.25, 10.25, 2.5], "texture": "#0"},
				"west": {"uv": [8, 2.5, 10.5, 3.75], "texture": "#0"},
				"up": {"uv": [5.25, 7.5, 2.75, 5], "texture": "#0"},
				"down": {"uv": [7.75, 0, 5.25, 2.5], "texture": "#0"}
			}
		},
		{
			"from": [4, 3, 4],
			"to": [12, 4, 12],
			"faces": {
				"north": {"uv": [8.5, 6.25, 10.5, 6.5], "texture": "#0"},
				"east": {"uv": [8.5, 9, 10.5, 9.25], "texture": "#0"},
				"south": {"uv": [2, 9.25, 4, 9.5], "texture": "#0"},
				"west": {"uv": [9.25, 7, 11.25, 7.25], "texture": "#0"},
				"up": {"uv": [2, 7.5, 0, 5.5], "texture": "#0"},
				"down": {"uv": [7.25, 7, 5.25, 9], "texture": "#0"}
			}
		},
		{
			"from": [4, 9, 4],
			"to": [12, 10, 12],
			"faces": {
				"north": {"uv": [9.25, 7.25, 11.25, 7.5], "texture": "#0"},
				"east": {"uv": [9.25, 7.5, 11.25, 7.75], "texture": "#0"},
				"south": {"uv": [9.25, 7.75, 11.25, 8], "texture": "#0"},
				"west": {"uv": [9.25, 8, 11.25, 8.25], "texture": "#0"},
				"up": {"uv": [9.25, 9, 7.25, 7], "texture": "#0"},
				"down": {"uv": [2, 7.5, 0, 9.5], "texture": "#0"}
			}
		},
		{
			"from": [7, 5.75, 2],
			"to": [9, 7.75, 3],
			"rotation": {"angle": -45, "axis": "z", "origin": [8, 6.75, 2.5]},
			"faces": {
				"north": {"uv": [8.5, 9.25, 9, 9.75], "texture": "#0"},
				"east": {"uv": [2.5, 5.5, 2.75, 6], "texture": "#0"},
				"south": {"uv": [9, 9.25, 9.5, 9.75], "texture": "#0"},
				"west": {"uv": [2.5, 6, 2.75, 6.5], "texture": "#0"},
				"up": {"uv": [9.75, 9, 9.25, 8.75], "texture": "#0"},
				"down": {"uv": [0.5, 9.5, 0, 9.75], "texture": "#0"}
			}
		}
	],
	"display": {
		"thirdperson_righthand": {
			"rotation": [64, 0, 0],
			"translation": [0, 1, -1],
			"scale": [0.5, 0.5, 0.5]
		},
		"thirdperson_lefthand": {
			"rotation": [64, 0, 0],
			"translation": [0, 1, -1],
			"scale": [0.5, 0.5, 0.5]
		},
		"firstperson_righthand": {
			"rotation": [0, -180, 0],
			"translation": [-9, 3.5, -7.25]
		},
		"firstperson_lefthand": {
			"rotation": [0, -180, 0],
			"translation": [-9, 3, -8.5]
		},
		"ground": {
			"translation": [0, 0.25, 0],
			"scale": [0.5, 0.5, 0.5]
		},
		"gui": {
			"rotation": [33, 139, 0],
			"translation": [0, 2.75, 0]
		},
		"head": {
			"translation": [0, 21.25, 0],
			"scale": [4, 4, 4]
		},
		"fixed": {
			"rotation": [-90, 0, 0],
			"translation": [0, 0, -23],
			"scale": [4, 4, 4]
		}
	}
}