{
	"credit": "Made with Blockbench",
	"texture_size": [32, 32],
	"textures": {
		"0": "custom/stamm/burgerlol",
		"1": "custom/stamm/nuggetslol",
		"particle": "custom/stamm/burgerlol"
	},
	"elements": [
		{
			"from": [5, 0, 5],
			"to": [11, 0.8, 11],
			"rotation": {"angle": 0, "axis": "y", "origin": [8, 0, 8]},
			"faces": {
				"north": {"uv": [0, 9, 3, 9.5], "texture": "#0"},
				"east": {"uv": [9, 0, 12, 0.5], "texture": "#0"},
				"south": {"uv": [9, 0.5, 12, 1], "texture": "#0"},
				"west": {"uv": [9, 1, 12, 1.5], "texture": "#0"},
				"up": {"uv": [3, 3, 0, 0], "texture": "#0"},
				"down": {"uv": [3, 3, 0, 6], "texture": "#0"}
			}
		},
		{
			"from": [4.9, 2.8, 5],
			"to": [11.1, 4.3, 11],
			"rotation": {"angle": 0, "axis": "y", "origin": [7.9, 2.9, 8]},
			"faces": {
				"north": {"uv": [9, 5, 12, 5.5], "texture": "#0"},
				"east": {"uv": [9, 5.5, 12, 6], "texture": "#0"},
				"south": {"uv": [0, 9.5, 3, 10], "texture": "#0"},
				"west": {"uv": [3, 9.5, 6, 10], "texture": "#0"},
				"up": {"uv": [6, 9, 3, 6], "texture": "#0"},
				"down": {"uv": [9, 3, 6, 6], "texture": "#0"}
			}
		},
		{
			"from": [9.6, 0.5, 6.9],
			"to": [10.8, 1.2, 7.8],
			"rotation": {"angle": 22.5, "axis": "y", "origin": [7.1, 0.5, 6.9]},
			"faces": {
				"north": {"uv": [4.5, 3.5, 5.125, 3.875], "texture": "#1"},
				"east": {"uv": [5.5, 5, 6, 5.375], "texture": "#1"},
				"south": {"uv": [4, 4.5, 4.625, 4.875], "texture": "#1"},
				"west": {"uv": [5.5, 5.5, 6, 5.875], "texture": "#1"},
				"up": {"uv": [2.625, 2.5, 2, 2], "texture": "#1"},
				"down": {"uv": [0.625, 2.5, 0, 3], "texture": "#1"}
			}
		},
		{
			"from": [9.3, 0.8, 4.6],
			"to": [10.7, 1.5, 4.8],
			"rotation": {"angle": 0, "axis": "y", "origin": [6.7, 0.8, 4.2]},
			"faces": {
				"north": {"uv": [3, 0.5, 3.75, 0.875], "texture": "#1"},
				"east": {"uv": [7, 1, 7.125, 1.375], "texture": "#1"},
				"south": {"uv": [3, 1, 3.75, 1.375], "texture": "#1"},
				"west": {"uv": [1.5, 7, 1.625, 7.375], "texture": "#1"},
				"up": {"uv": [6.75, 5.625, 6, 5.5], "texture": "#1"},
				"down": {"uv": [6.75, 6, 6, 6.125], "texture": "#1"}
			}
		},
		{
			"from": [9.9, 0.8, 4.8],
			"to": [11.1, 1.5, 5.7],
			"rotation": {"angle": 0, "axis": "y", "origin": [7.4, 0.8, 4.8]},
			"faces": {
				"north": {"uv": [4, 4, 4.625, 4.375], "texture": "#1"},
				"east": {"uv": [2, 5, 2.5, 5.375], "texture": "#1"},
				"south": {"uv": [0, 4.5, 0.625, 4.875], "texture": "#1"},
				"west": {"uv": [5, 2, 5.5, 2.375], "texture": "#1"},
				"up": {"uv": [0.625, 2.5, 0, 2], "texture": "#1"},
				"down": {"uv": [2.625, 0, 2, 0.5], "texture": "#1"}
			}
		},
		{
			"from": [9.2, 0.8, 4.8],
			"to": [10.8, 1.5, 5.4],
			"rotation": {"angle": 0, "axis": "y", "origin": [6.8, 0.8, 4.8]},
			"faces": {
				"north": {"uv": [3, 1.5, 3.75, 1.875], "texture": "#1"},
				"east": {"uv": [6.5, 0, 6.75, 0.375], "texture": "#1"},
				"south": {"uv": [3, 2, 3.75, 2.375], "texture": "#1"},
				"west": {"uv": [0.5, 6.5, 0.75, 6.875], "texture": "#1"},
				"up": {"uv": [3.25, 5.25, 2.5, 5], "texture": "#1"},
				"down": {"uv": [5.75, 2.5, 5, 2.75], "texture": "#1"}
			}
		},
		{
			"from": [9.3, 0.8, 5.2],
			"to": [10.7, 1.7, 5.4],
			"rotation": {"angle": -22.5, "axis": "y", "origin": [6.7, 0.8, 4.8]},
			"faces": {
				"north": {"uv": [1, 0.5, 1.75, 1], "texture": "#1"},
				"east": {"uv": [7, 0, 7.125, 0.5], "texture": "#1"},
				"south": {"uv": [1, 1, 1.75, 1.5], "texture": "#1"},
				"west": {"uv": [0.5, 7, 0.625, 7.5], "texture": "#1"},
				"up": {"uv": [5.75, 6.125, 5, 6], "texture": "#1"},
				"down": {"uv": [6.75, 5, 6, 5.125], "texture": "#1"}
			}
		},
		{
			"from": [10.4, 0.8, 5.4],
			"to": [11, 1.7, 6],
			"rotation": {"angle": -22.5, "axis": "y", "origin": [7, 0.8, 5.4]},
			"faces": {
				"north": {"uv": [3.5, 6, 3.75, 6.5], "texture": "#1"},
				"east": {"uv": [4, 6, 4.25, 6.5], "texture": "#1"},
				"south": {"uv": [6, 4, 6.25, 4.5], "texture": "#1"},
				"west": {"uv": [4.5, 6, 4.75, 6.5], "texture": "#1"},
				"up": {"uv": [6.75, 6.75, 6.5, 6.5], "texture": "#1"},
				"down": {"uv": [0.25, 7, 0, 7.25], "texture": "#1"}
			}
		},
		{
			"from": [9, 0.8, 5.4],
			"to": [10.8, 1.9, 6.5],
			"rotation": {"angle": -22.5, "axis": "y", "origin": [6.8, 0.8, 5.4]},
			"faces": {
				"north": {"uv": [0, 0, 0.875, 0.5], "texture": "#1"},
				"east": {"uv": [4, 3, 4.5, 3.5], "texture": "#1"},
				"south": {"uv": [0, 0.5, 0.875, 1], "texture": "#1"},
				"west": {"uv": [4, 3.5, 4.5, 4], "texture": "#1"},
				"up": {"uv": [0.875, 1.5, 0, 1], "texture": "#1"},
				"down": {"uv": [1.875, 0, 1, 0.5], "texture": "#1"}
			}
		},
		{
			"from": [8.8, 0.9, 4.9],
			"to": [10, 1.7, 5.8],
			"rotation": {"angle": -45, "axis": "y", "origin": [6.3, 0.9, 4.9]},
			"faces": {
				"north": {"uv": [3, 4.5, 3.625, 4.875], "texture": "#1"},
				"east": {"uv": [0.5, 5.5, 1, 5.875], "texture": "#1"},
				"south": {"uv": [4.5, 3, 5.125, 3.375], "texture": "#1"},
				"west": {"uv": [1, 5.5, 1.5, 5.875], "texture": "#1"},
				"up": {"uv": [2.625, 1.5, 2, 1], "texture": "#1"},
				"down": {"uv": [2.625, 1.5, 2, 2], "texture": "#1"}
			}
		},
		{
			"from": [7.1, 1.2, 5.3],
			"to": [7.7, 1.9, 6.9],
			"rotation": {"angle": 0, "axis": "y", "origin": [7.7, 1.2, 2.9]},
			"faces": {
				"north": {"uv": [6.5, 4, 6.75, 4.375], "texture": "#1"},
				"east": {"uv": [4, 1, 4.75, 1.375], "texture": "#1"},
				"south": {"uv": [4.5, 6.5, 4.75, 6.875], "texture": "#1"},
				"west": {"uv": [4, 1.5, 4.75, 1.875], "texture": "#1"},
				"up": {"uv": [0.25, 6.75, 0, 6], "texture": "#1"},
				"down": {"uv": [6.25, 0, 6, 0.75], "texture": "#1"}
			}
		},
		{
			"from": [7, 1.2, 4.9],
			"to": [7.2, 1.9, 6.3],
			"rotation": {"angle": 0, "axis": "y", "origin": [7.6, 1.2, 2.3]},
			"faces": {
				"north": {"uv": [7, 3, 7.125, 3.375], "texture": "#1"},
				"east": {"uv": [2, 4, 2.75, 4.375], "texture": "#1"},
				"south": {"uv": [3.5, 7, 3.625, 7.375], "texture": "#1"},
				"west": {"uv": [4, 2, 4.75, 2.375], "texture": "#1"},
				"up": {"uv": [5.125, 7.25, 5, 6.5], "texture": "#1"},
				"down": {"uv": [5.625, 6.5, 5.5, 7.25], "texture": "#1"}
			}
		},
		{
			"from": [8.3, 0.8, 2.7],
			"to": [9.9, 1.5, 3.3],
			"rotation": {"angle": -45, "axis": "y", "origin": [5.9, 0.8, 2.7]},
			"faces": {
				"north": {"uv": [4, 2.5, 4.75, 2.875], "texture": "#1"},
				"east": {"uv": [6.5, 4.5, 6.75, 4.875], "texture": "#1"},
				"south": {"uv": [3, 4, 3.75, 4.375], "texture": "#1"},
				"west": {"uv": [6, 6.5, 6.25, 6.875], "texture": "#1"},
				"up": {"uv": [6.75, 1.25, 6, 1], "texture": "#1"},
				"down": {"uv": [2.25, 6, 1.5, 6.25], "texture": "#1"}
			}
		},
		{
			"from": [7.4, 1.2, 4.8],
			"to": [8.3, 1.9, 6],
			"rotation": {"angle": 0, "axis": "y", "origin": [8.3, 1.2, 2.3]},
			"faces": {
				"north": {"uv": [6, 1.5, 6.5, 1.875], "texture": "#1"},
				"east": {"uv": [5, 0.5, 5.625, 0.875], "texture": "#1"},
				"south": {"uv": [2.5, 6, 3, 6.375], "texture": "#1"},
				"west": {"uv": [1, 5, 1.625, 5.375], "texture": "#1"},
				"up": {"uv": [2.5, 3.125, 2, 2.5], "texture": "#1"},
				"down": {"uv": [3, 2.5, 2.5, 3.125], "texture": "#1"}
			}
		},
		{
			"from": [9, 0.8, 2.7],
			"to": [10.2, 1.5, 3.6],
			"rotation": {"angle": -45, "axis": "y", "origin": [6.5, 0.8, 2.7]},
			"faces": {
				"north": {"uv": [5, 1, 5.625, 1.375], "texture": "#1"},
				"east": {"uv": [6, 2.5, 6.5, 2.875], "texture": "#1"},
				"south": {"uv": [5, 1.5, 5.625, 1.875], "texture": "#1"},
				"west": {"uv": [3, 6, 3.5, 6.375], "texture": "#1"},
				"up": {"uv": [0.625, 3.5, 0, 3], "texture": "#1"},
				"down": {"uv": [3.625, 0, 3, 0.5], "texture": "#1"}
			}
		},
		{
			"from": [7.4, 1.2, 5.4],
			"to": [8.3, 1.9, 6.6],
			"rotation": {"angle": 0, "axis": "y", "origin": [8.3, 1.2, 2.9]},
			"faces": {
				"north": {"uv": [0.5, 6, 1, 6.375], "texture": "#1"},
				"east": {"uv": [0, 5, 0.625, 5.375], "texture": "#1"},
				"south": {"uv": [1, 6, 1.5, 6.375], "texture": "#1"},
				"west": {"uv": [5, 0, 5.625, 0.375], "texture": "#1"},
				"up": {"uv": [1.5, 3.125, 1, 2.5], "texture": "#1"},
				"down": {"uv": [2, 2.5, 1.5, 3.125], "texture": "#1"}
			}
		},
		{
			"from": [8.3, 0.8, 3.3],
			"to": [9.9, 1.5, 3.9],
			"rotation": {"angle": -45, "axis": "y", "origin": [5.9, 0.8, 3.3]},
			"faces": {
				"north": {"uv": [3, 2.5, 3.75, 2.875], "texture": "#1"},
				"east": {"uv": [6.5, 0.5, 6.75, 0.875], "texture": "#1"},
				"south": {"uv": [3, 3, 3.75, 3.375], "texture": "#1"},
				"west": {"uv": [1, 6.5, 1.25, 6.875], "texture": "#1"},
				"up": {"uv": [4.25, 5.25, 3.5, 5], "texture": "#1"},
				"down": {"uv": [5.75, 4, 5, 4.25], "texture": "#1"}
			}
		},
		{
			"from": [9, 0.8, 3.3],
			"to": [10.2, 1.5, 4.2],
			"rotation": {"angle": -45, "axis": "y", "origin": [6.5, 0.8, 3.3]},
			"faces": {
				"north": {"uv": [1, 4.5, 1.625, 4.875], "texture": "#1"},
				"east": {"uv": [4.5, 5, 5, 5.375], "texture": "#1"},
				"south": {"uv": [2, 4.5, 2.625, 4.875], "texture": "#1"},
				"west": {"uv": [5, 4.5, 5.5, 4.875], "texture": "#1"},
				"up": {"uv": [2.625, 1, 2, 0.5], "texture": "#1"},
				"down": {"uv": [1.625, 2, 1, 2.5], "texture": "#1"}
			}
		},
		{
			"from": [8.4, 0.8, 3.1],
			"to": [9.8, 1.5, 3.3],
			"rotation": {"angle": -45, "axis": "y", "origin": [5.8, 0.8, 2.7]},
			"faces": {
				"north": {"uv": [0, 3.5, 0.75, 3.875], "texture": "#1"},
				"east": {"uv": [2, 7, 2.125, 7.375], "texture": "#1"},
				"south": {"uv": [1, 3.5, 1.75, 3.875], "texture": "#1"},
				"west": {"uv": [2.5, 7, 2.625, 7.375], "texture": "#1"},
				"up": {"uv": [2.25, 6.625, 1.5, 6.5], "texture": "#1"},
				"down": {"uv": [7.25, 1.5, 6.5, 1.625], "texture": "#1"}
			}
		},
		{
			"from": [8.5, 1.8, 6.7],
			"to": [9.9, 2.3, 6.9],
			"rotation": {"angle": 0, "axis": "y", "origin": [5.9, 1.8, 6.3]},
			"faces": {
				"north": {"uv": [1.5, 5.5, 2.25, 5.75], "texture": "#1"},
				"east": {"uv": [4, 7, 4.125, 7.25], "texture": "#1"},
				"south": {"uv": [5.5, 2, 6.25, 2.25], "texture": "#1"},
				"west": {"uv": [7, 4, 7.125, 4.25], "texture": "#1"},
				"up": {"uv": [7.25, 2.125, 6.5, 2], "texture": "#1"},
				"down": {"uv": [3.25, 6.5, 2.5, 6.625], "texture": "#1"}
			}
		},
		{
			"from": [8.4, 1.8, 6.9],
			"to": [10, 2.3, 7.5],
			"rotation": {"angle": 0, "axis": "y", "origin": [6, 1.8, 6.9]},
			"faces": {
				"north": {"uv": [2.5, 5.5, 3.25, 5.75], "texture": "#1"},
				"east": {"uv": [7, 0.5, 7.25, 0.75], "texture": "#1"},
				"south": {"uv": [5.5, 3, 6.25, 3.25], "texture": "#1"},
				"west": {"uv": [1, 7, 1.25, 7.25], "texture": "#1"},
				"up": {"uv": [4.25, 5.75, 3.5, 5.5], "texture": "#1"},
				"down": {"uv": [6.25, 3.5, 5.5, 3.75], "texture": "#1"}
			}
		},
		{
			"from": [8.9, 0.5, 6.9],
			"to": [10.5, 1.2, 7.5],
			"rotation": {"angle": 22.5, "axis": "y", "origin": [6.5, 0.5, 6.9]},
			"faces": {
				"north": {"uv": [0, 4, 0.75, 4.375], "texture": "#1"},
				"east": {"uv": [6.5, 2.5, 6.75, 2.875], "texture": "#1"},
				"south": {"uv": [4, 0, 4.75, 0.375], "texture": "#1"},
				"west": {"uv": [6.5, 3, 6.75, 3.375], "texture": "#1"},
				"up": {"uv": [5.25, 5.75, 4.5, 5.5], "texture": "#1"},
				"down": {"uv": [6.25, 4.5, 5.5, 4.75], "texture": "#1"}
			}
		},
		{
			"from": [9, 0.5, 6.7],
			"to": [10.4, 1.2, 6.9],
			"rotation": {"angle": 22.5, "axis": "y", "origin": [6.4, 0.5, 6.3]},
			"faces": {
				"north": {"uv": [4, 0.5, 4.75, 0.875], "texture": "#1"},
				"east": {"uv": [7, 2.5, 7.125, 2.875], "texture": "#1"},
				"south": {"uv": [1, 4, 1.75, 4.375], "texture": "#1"},
				"west": {"uv": [3, 7, 3.125, 7.375], "texture": "#1"},
				"up": {"uv": [4.25, 6.625, 3.5, 6.5], "texture": "#1"},
				"down": {"uv": [7.25, 3.5, 6.5, 3.625], "texture": "#1"}
			}
		},
		{
			"from": [8.1, 0.9, 4.5],
			"to": [9.7, 1.7, 5.5],
			"rotation": {"angle": -45, "axis": "y", "origin": [5.7, 0.9, 4.9]},
			"faces": {
				"north": {"uv": [2, 3.5, 2.75, 3.875], "texture": "#1"},
				"east": {"uv": [5, 5, 5.5, 5.375], "texture": "#1"},
				"south": {"uv": [3, 3.5, 3.75, 3.875], "texture": "#1"},
				"west": {"uv": [0, 5.5, 0.5, 5.875], "texture": "#1"},
				"up": {"uv": [0.75, 2, 0, 1.5], "texture": "#1"},
				"down": {"uv": [1.75, 1.5, 1, 2], "texture": "#1"}
			}
		},
		{
			"from": [8.1, 0.9, 8.1],
			"to": [9.7, 1.7, 9.1],
			"rotation": {"angle": -45, "axis": "y", "origin": [5.7, 0.9, 8.5]},
			"faces": {
				"north": {"uv": [2, 3.5, 2.75, 3.875], "texture": "#1"},
				"east": {"uv": [5, 5, 5.5, 5.375], "texture": "#1"},
				"south": {"uv": [3, 3.5, 3.75, 3.875], "texture": "#1"},
				"west": {"uv": [0, 5.5, 0.5, 5.875], "texture": "#1"},
				"up": {"uv": [0.75, 2, 0, 1.5], "texture": "#1"},
				"down": {"uv": [1.75, 1.5, 1, 2], "texture": "#1"}
			}
		},
		{
			"from": [9, 0.5, 10.3],
			"to": [10.4, 1.2, 10.5],
			"rotation": {"angle": 22.5, "axis": "y", "origin": [6.4, 0.5, 9.9]},
			"faces": {
				"north": {"uv": [4, 0.5, 4.75, 0.875], "texture": "#1"},
				"east": {"uv": [7, 2.5, 7.125, 2.875], "texture": "#1"},
				"south": {"uv": [1, 4, 1.75, 4.375], "texture": "#1"},
				"west": {"uv": [3, 7, 3.125, 7.375], "texture": "#1"},
				"up": {"uv": [4.25, 6.625, 3.5, 6.5], "texture": "#1"},
				"down": {"uv": [7.25, 3.5, 6.5, 3.625], "texture": "#1"}
			}
		},
		{
			"from": [8.9, 0.5, 10.5],
			"to": [10.5, 1.2, 11.1],
			"rotation": {"angle": 22.5, "axis": "y", "origin": [6.5, 0.5, 10.5]},
			"faces": {
				"north": {"uv": [0, 4, 0.75, 4.375], "texture": "#1"},
				"east": {"uv": [6.5, 2.5, 6.75, 2.875], "texture": "#1"},
				"south": {"uv": [4, 0, 4.75, 0.375], "texture": "#1"},
				"west": {"uv": [6.5, 3, 6.75, 3.375], "texture": "#1"},
				"up": {"uv": [5.25, 5.75, 4.5, 5.5], "texture": "#1"},
				"down": {"uv": [6.25, 4.5, 5.5, 4.75], "texture": "#1"}
			}
		},
		{
			"from": [8.4, 1.5, 10.5],
			"to": [10, 2, 11.1],
			"rotation": {"angle": 0, "axis": "y", "origin": [6, 1.5, 10.5]},
			"faces": {
				"north": {"uv": [2.5, 5.5, 3.25, 5.75], "texture": "#1"},
				"east": {"uv": [7, 0.5, 7.25, 0.75], "texture": "#1"},
				"south": {"uv": [5.5, 3, 6.25, 3.25], "texture": "#1"},
				"west": {"uv": [1, 7, 1.25, 7.25], "texture": "#1"},
				"up": {"uv": [4.25, 5.75, 3.5, 5.5], "texture": "#1"},
				"down": {"uv": [6.25, 3.5, 5.5, 3.75], "texture": "#1"}
			}
		},
		{
			"from": [8.5, 1.5, 10.3],
			"to": [9.9, 2, 10.5],
			"rotation": {"angle": 0, "axis": "y", "origin": [5.9, 1.5, 9.9]},
			"faces": {
				"north": {"uv": [1.5, 5.5, 2.25, 5.75], "texture": "#1"},
				"east": {"uv": [4, 7, 4.125, 7.25], "texture": "#1"},
				"south": {"uv": [5.5, 2, 6.25, 2.25], "texture": "#1"},
				"west": {"uv": [7, 4, 7.125, 4.25], "texture": "#1"},
				"up": {"uv": [7.25, 2.125, 6.5, 2], "texture": "#1"},
				"down": {"uv": [3.25, 6.5, 2.5, 6.625], "texture": "#1"}
			}
		},
		{
			"from": [8.4, 0.8, 6.7],
			"to": [9.8, 1.5, 6.9],
			"rotation": {"angle": -45, "axis": "y", "origin": [5.8, 0.8, 6.3]},
			"faces": {
				"north": {"uv": [0, 3.5, 0.75, 3.875], "texture": "#1"},
				"east": {"uv": [2, 7, 2.125, 7.375], "texture": "#1"},
				"south": {"uv": [1, 3.5, 1.75, 3.875], "texture": "#1"},
				"west": {"uv": [2.5, 7, 2.625, 7.375], "texture": "#1"},
				"up": {"uv": [2.25, 6.625, 1.5, 6.5], "texture": "#1"},
				"down": {"uv": [7.25, 1.5, 6.5, 1.625], "texture": "#1"}
			}
		},
		{
			"from": [9, 0.8, 6.9],
			"to": [10.2, 1.5, 7.8],
			"rotation": {"angle": -45, "axis": "y", "origin": [6.5, 0.8, 6.9]},
			"faces": {
				"north": {"uv": [1, 4.5, 1.625, 4.875], "texture": "#1"},
				"east": {"uv": [4.5, 5, 5, 5.375], "texture": "#1"},
				"south": {"uv": [2, 4.5, 2.625, 4.875], "texture": "#1"},
				"west": {"uv": [5, 4.5, 5.5, 4.875], "texture": "#1"},
				"up": {"uv": [2.625, 1, 2, 0.5], "texture": "#1"},
				"down": {"uv": [1.625, 2, 1, 2.5], "texture": "#1"}
			}
		},
		{
			"from": [8.3, 0.8, 6.9],
			"to": [9.9, 1.5, 7.5],
			"rotation": {"angle": -45, "axis": "y", "origin": [5.9, 0.8, 6.9]},
			"faces": {
				"north": {"uv": [3, 2.5, 3.75, 2.875], "texture": "#1"},
				"east": {"uv": [6.5, 0.5, 6.75, 0.875], "texture": "#1"},
				"south": {"uv": [3, 3, 3.75, 3.375], "texture": "#1"},
				"west": {"uv": [1, 6.5, 1.25, 6.875], "texture": "#1"},
				"up": {"uv": [4.25, 5.25, 3.5, 5], "texture": "#1"},
				"down": {"uv": [5.75, 4, 5, 4.25], "texture": "#1"}
			}
		},
		{
			"from": [7.4, 1.2, 9],
			"to": [8.3, 1.9, 10.2],
			"rotation": {"angle": 0, "axis": "y", "origin": [8.3, 1.2, 6.5]},
			"faces": {
				"north": {"uv": [0.5, 6, 1, 6.375], "texture": "#1"},
				"east": {"uv": [0, 5, 0.625, 5.375], "texture": "#1"},
				"south": {"uv": [1, 6, 1.5, 6.375], "texture": "#1"},
				"west": {"uv": [5, 0, 5.625, 0.375], "texture": "#1"},
				"up": {"uv": [1.5, 3.125, 1, 2.5], "texture": "#1"},
				"down": {"uv": [2, 2.5, 1.5, 3.125], "texture": "#1"}
			}
		},
		{
			"from": [9, 0.8, 6.3],
			"to": [10.2, 1.5, 7.2],
			"rotation": {"angle": -45, "axis": "y", "origin": [6.5, 0.8, 6.3]},
			"faces": {
				"north": {"uv": [5, 1, 5.625, 1.375], "texture": "#1"},
				"east": {"uv": [6, 2.5, 6.5, 2.875], "texture": "#1"},
				"south": {"uv": [5, 1.5, 5.625, 1.875], "texture": "#1"},
				"west": {"uv": [3, 6, 3.5, 6.375], "texture": "#1"},
				"up": {"uv": [0.625, 3.5, 0, 3], "texture": "#1"},
				"down": {"uv": [3.625, 0, 3, 0.5], "texture": "#1"}
			}
		},
		{
			"from": [7.4, 1.2, 8.4],
			"to": [8.3, 1.9, 9.6],
			"rotation": {"angle": 0, "axis": "y", "origin": [8.3, 1.2, 5.9]},
			"faces": {
				"north": {"uv": [6, 1.5, 6.5, 1.875], "texture": "#1"},
				"east": {"uv": [5, 0.5, 5.625, 0.875], "texture": "#1"},
				"south": {"uv": [2.5, 6, 3, 6.375], "texture": "#1"},
				"west": {"uv": [1, 5, 1.625, 5.375], "texture": "#1"},
				"up": {"uv": [2.5, 3.125, 2, 2.5], "texture": "#1"},
				"down": {"uv": [3, 2.5, 2.5, 3.125], "texture": "#1"}
			}
		},
		{
			"from": [8.3, 0.8, 6.3],
			"to": [9.9, 1.5, 6.9],
			"rotation": {"angle": -45, "axis": "y", "origin": [5.9, 0.8, 6.3]},
			"faces": {
				"north": {"uv": [4, 2.5, 4.75, 2.875], "texture": "#1"},
				"east": {"uv": [6.5, 4.5, 6.75, 4.875], "texture": "#1"},
				"south": {"uv": [3, 4, 3.75, 4.375], "texture": "#1"},
				"west": {"uv": [6, 6.5, 6.25, 6.875], "texture": "#1"},
				"up": {"uv": [6.75, 1.25, 6, 1], "texture": "#1"},
				"down": {"uv": [2.25, 6, 1.5, 6.25], "texture": "#1"}
			}
		},
		{
			"from": [7, 1.2, 8.5],
			"to": [7.2, 1.9, 9.9],
			"rotation": {"angle": 0, "axis": "y", "origin": [7.6, 1.2, 5.9]},
			"faces": {
				"north": {"uv": [7, 3, 7.125, 3.375], "texture": "#1"},
				"east": {"uv": [2, 4, 2.75, 4.375], "texture": "#1"},
				"south": {"uv": [3.5, 7, 3.625, 7.375], "texture": "#1"},
				"west": {"uv": [4, 2, 4.75, 2.375], "texture": "#1"},
				"up": {"uv": [5.125, 7.25, 5, 6.5], "texture": "#1"},
				"down": {"uv": [5.625, 6.5, 5.5, 7.25], "texture": "#1"}
			}
		},
		{
			"from": [7.1, 1.2, 8.9],
			"to": [7.7, 1.9, 10.5],
			"rotation": {"angle": 0, "axis": "y", "origin": [7.7, 1.2, 6.5]},
			"faces": {
				"north": {"uv": [6.5, 4, 6.75, 4.375], "texture": "#1"},
				"east": {"uv": [4, 1, 4.75, 1.375], "texture": "#1"},
				"south": {"uv": [4.5, 6.5, 4.75, 6.875], "texture": "#1"},
				"west": {"uv": [4, 1.5, 4.75, 1.875], "texture": "#1"},
				"up": {"uv": [0.25, 6.75, 0, 6], "texture": "#1"},
				"down": {"uv": [6.25, 0, 6, 0.75], "texture": "#1"}
			}
		},
		{
			"from": [8.8, 0.9, 8.5],
			"to": [10, 1.7, 9.4],
			"rotation": {"angle": -45, "axis": "y", "origin": [6.3, 0.9, 8.5]},
			"faces": {
				"north": {"uv": [3, 4.5, 3.625, 4.875], "texture": "#1"},
				"east": {"uv": [0.5, 5.5, 1, 5.875], "texture": "#1"},
				"south": {"uv": [4.5, 3, 5.125, 3.375], "texture": "#1"},
				"west": {"uv": [1, 5.5, 1.5, 5.875], "texture": "#1"},
				"up": {"uv": [2.625, 1.5, 2, 1], "texture": "#1"},
				"down": {"uv": [2.625, 1.5, 2, 2], "texture": "#1"}
			}
		},
		{
			"from": [9, 0.8, 9],
			"to": [10.8, 1.9, 10.1],
			"rotation": {"angle": -22.5, "axis": "y", "origin": [6.8, 0.8, 9]},
			"faces": {
				"north": {"uv": [0, 0, 0.875, 0.5], "texture": "#1"},
				"east": {"uv": [4, 3, 4.5, 3.5], "texture": "#1"},
				"south": {"uv": [0, 0.5, 0.875, 1], "texture": "#1"},
				"west": {"uv": [4, 3.5, 4.5, 4], "texture": "#1"},
				"up": {"uv": [0.875, 1.5, 0, 1], "texture": "#1"},
				"down": {"uv": [1.875, 0, 1, 0.5], "texture": "#1"}
			}
		},
		{
			"from": [10.4, 0.8, 9],
			"to": [11, 1.7, 9.6],
			"rotation": {"angle": -22.5, "axis": "y", "origin": [7, 0.8, 9]},
			"faces": {
				"north": {"uv": [3.5, 6, 3.75, 6.5], "texture": "#1"},
				"east": {"uv": [4, 6, 4.25, 6.5], "texture": "#1"},
				"south": {"uv": [6, 4, 6.25, 4.5], "texture": "#1"},
				"west": {"uv": [4.5, 6, 4.75, 6.5], "texture": "#1"},
				"up": {"uv": [6.75, 6.75, 6.5, 6.5], "texture": "#1"},
				"down": {"uv": [0.25, 7, 0, 7.25], "texture": "#1"}
			}
		},
		{
			"from": [9.3, 0.8, 8.8],
			"to": [10.7, 1.7, 9],
			"rotation": {"angle": -22.5, "axis": "y", "origin": [6.7, 0.8, 8.4]},
			"faces": {
				"north": {"uv": [1, 0.5, 1.75, 1], "texture": "#1"},
				"east": {"uv": [7, 0, 7.125, 0.5], "texture": "#1"},
				"south": {"uv": [1, 1, 1.75, 1.5], "texture": "#1"},
				"west": {"uv": [0.5, 7, 0.625, 7.5], "texture": "#1"},
				"up": {"uv": [5.75, 6.125, 5, 6], "texture": "#1"},
				"down": {"uv": [6.75, 5, 6, 5.125], "texture": "#1"}
			}
		},
		{
			"from": [9.2, 0.8, 8.4],
			"to": [10.8, 1.5, 9],
			"rotation": {"angle": 0, "axis": "y", "origin": [6.8, 0.8, 8.4]},
			"faces": {
				"north": {"uv": [3, 1.5, 3.75, 1.875], "texture": "#1"},
				"east": {"uv": [6.5, 0, 6.75, 0.375], "texture": "#1"},
				"south": {"uv": [3, 2, 3.75, 2.375], "texture": "#1"},
				"west": {"uv": [0.5, 6.5, 0.75, 6.875], "texture": "#1"},
				"up": {"uv": [3.25, 5.25, 2.5, 5], "texture": "#1"},
				"down": {"uv": [5.75, 2.5, 5, 2.75], "texture": "#1"}
			}
		},
		{
			"from": [9.9, 0.8, 8.4],
			"to": [11.1, 1.5, 9.3],
			"rotation": {"angle": 0, "axis": "y", "origin": [7.4, 0.8, 8.4]},
			"faces": {
				"north": {"uv": [4, 4, 4.625, 4.375], "texture": "#1"},
				"east": {"uv": [2, 5, 2.5, 5.375], "texture": "#1"},
				"south": {"uv": [0, 4.5, 0.625, 4.875], "texture": "#1"},
				"west": {"uv": [5, 2, 5.5, 2.375], "texture": "#1"},
				"up": {"uv": [0.625, 2.5, 0, 2], "texture": "#1"},
				"down": {"uv": [2.625, 0, 2, 0.5], "texture": "#1"}
			}
		},
		{
			"from": [9.3, 0.8, 8.2],
			"to": [10.7, 1.5, 8.4],
			"rotation": {"angle": 0, "axis": "y", "origin": [6.7, 0.8, 7.8]},
			"faces": {
				"north": {"uv": [3, 0.5, 3.75, 0.875], "texture": "#1"},
				"east": {"uv": [7, 1, 7.125, 1.375], "texture": "#1"},
				"south": {"uv": [3, 1, 3.75, 1.375], "texture": "#1"},
				"west": {"uv": [1.5, 7, 1.625, 7.375], "texture": "#1"},
				"up": {"uv": [6.75, 5.625, 6, 5.5], "texture": "#1"},
				"down": {"uv": [6.75, 6, 6, 6.125], "texture": "#1"}
			}
		},
		{
			"from": [9.6, 0.5, 10.5],
			"to": [10.8, 1.2, 11.4],
			"rotation": {"angle": 22.5, "axis": "y", "origin": [7.1, 0.5, 10.5]},
			"faces": {
				"north": {"uv": [4.5, 3.5, 5.125, 3.875], "texture": "#1"},
				"east": {"uv": [5.5, 5, 6, 5.375], "texture": "#1"},
				"south": {"uv": [4, 4.5, 4.625, 4.875], "texture": "#1"},
				"west": {"uv": [5.5, 5.5, 6, 5.875], "texture": "#1"},
				"up": {"uv": [2.625, 2.5, 2, 2], "texture": "#1"},
				"down": {"uv": [0.625, 2.5, 0, 3], "texture": "#1"}
			}
		},
		{
			"from": [5.9, 0.9, 7.9],
			"to": [7.5, 1.7, 8.9],
			"rotation": {"angle": -45, "axis": "y", "origin": [3.5, 0.9, 8.3]},
			"faces": {
				"north": {"uv": [2, 3.5, 2.75, 3.875], "texture": "#1"},
				"east": {"uv": [5, 5, 5.5, 5.375], "texture": "#1"},
				"south": {"uv": [3, 3.5, 3.75, 3.875], "texture": "#1"},
				"west": {"uv": [0, 5.5, 0.5, 5.875], "texture": "#1"},
				"up": {"uv": [0.75, 2, 0, 1.5], "texture": "#1"},
				"down": {"uv": [1.75, 1.5, 1, 2], "texture": "#1"}
			}
		},
		{
			"from": [6.8, 0.5, 10.1],
			"to": [8.2, 1.2, 10.3],
			"rotation": {"angle": 22.5, "axis": "y", "origin": [4.2, 0.5, 9.7]},
			"faces": {
				"north": {"uv": [4, 0.5, 4.75, 0.875], "texture": "#1"},
				"east": {"uv": [7, 2.5, 7.125, 2.875], "texture": "#1"},
				"south": {"uv": [1, 4, 1.75, 4.375], "texture": "#1"},
				"west": {"uv": [3, 7, 3.125, 7.375], "texture": "#1"},
				"up": {"uv": [4.25, 6.625, 3.5, 6.5], "texture": "#1"},
				"down": {"uv": [7.25, 3.5, 6.5, 3.625], "texture": "#1"}
			}
		},
		{
			"from": [6.7, 0.5, 10.3],
			"to": [8.3, 1.2, 10.9],
			"rotation": {"angle": 22.5, "axis": "y", "origin": [4.3, 0.5, 10.3]},
			"faces": {
				"north": {"uv": [0, 4, 0.75, 4.375], "texture": "#1"},
				"east": {"uv": [6.5, 2.5, 6.75, 2.875], "texture": "#1"},
				"south": {"uv": [4, 0, 4.75, 0.375], "texture": "#1"},
				"west": {"uv": [6.5, 3, 6.75, 3.375], "texture": "#1"},
				"up": {"uv": [5.25, 5.75, 4.5, 5.5], "texture": "#1"},
				"down": {"uv": [6.25, 4.5, 5.5, 4.75], "texture": "#1"}
			}
		},
		{
			"from": [6.2, 1.5, 10.3],
			"to": [7.8, 2, 10.9],
			"rotation": {"angle": 0, "axis": "y", "origin": [3.8, 1.5, 10.3]},
			"faces": {
				"north": {"uv": [2.5, 5.5, 3.25, 5.75], "texture": "#1"},
				"east": {"uv": [7, 0.5, 7.25, 0.75], "texture": "#1"},
				"south": {"uv": [5.5, 3, 6.25, 3.25], "texture": "#1"},
				"west": {"uv": [1, 7, 1.25, 7.25], "texture": "#1"},
				"up": {"uv": [4.25, 5.75, 3.5, 5.5], "texture": "#1"},
				"down": {"uv": [6.25, 3.5, 5.5, 3.75], "texture": "#1"}
			}
		},
		{
			"from": [6.3, 1.5, 10.1],
			"to": [7.7, 2, 10.3],
			"rotation": {"angle": 0, "axis": "y", "origin": [3.7, 1.5, 9.7]},
			"faces": {
				"north": {"uv": [1.5, 5.5, 2.25, 5.75], "texture": "#1"},
				"east": {"uv": [4, 7, 4.125, 7.25], "texture": "#1"},
				"south": {"uv": [5.5, 2, 6.25, 2.25], "texture": "#1"},
				"west": {"uv": [7, 4, 7.125, 4.25], "texture": "#1"},
				"up": {"uv": [7.25, 2.125, 6.5, 2], "texture": "#1"},
				"down": {"uv": [3.25, 6.5, 2.5, 6.625], "texture": "#1"}
			}
		},
		{
			"from": [6.2, 0.8, 6.5],
			"to": [7.6, 1.5, 6.7],
			"rotation": {"angle": -45, "axis": "y", "origin": [3.6, 0.8, 6.1]},
			"faces": {
				"north": {"uv": [0, 3.5, 0.75, 3.875], "texture": "#1"},
				"east": {"uv": [2, 7, 2.125, 7.375], "texture": "#1"},
				"south": {"uv": [1, 3.5, 1.75, 3.875], "texture": "#1"},
				"west": {"uv": [2.5, 7, 2.625, 7.375], "texture": "#1"},
				"up": {"uv": [2.25, 6.625, 1.5, 6.5], "texture": "#1"},
				"down": {"uv": [7.25, 1.5, 6.5, 1.625], "texture": "#1"}
			}
		},
		{
			"from": [6.8, 0.8, 6.7],
			"to": [8, 1.5, 7.6],
			"rotation": {"angle": -45, "axis": "y", "origin": [4.3, 0.8, 6.7]},
			"faces": {
				"north": {"uv": [1, 4.5, 1.625, 4.875], "texture": "#1"},
				"east": {"uv": [4.5, 5, 5, 5.375], "texture": "#1"},
				"south": {"uv": [2, 4.5, 2.625, 4.875], "texture": "#1"},
				"west": {"uv": [5, 4.5, 5.5, 4.875], "texture": "#1"},
				"up": {"uv": [2.625, 1, 2, 0.5], "texture": "#1"},
				"down": {"uv": [1.625, 2, 1, 2.5], "texture": "#1"}
			}
		},
		{
			"from": [6.1, 0.8, 6.7],
			"to": [7.7, 1.5, 7.3],
			"rotation": {"angle": -45, "axis": "y", "origin": [3.7, 0.8, 6.7]},
			"faces": {
				"north": {"uv": [3, 2.5, 3.75, 2.875], "texture": "#1"},
				"east": {"uv": [6.5, 0.5, 6.75, 0.875], "texture": "#1"},
				"south": {"uv": [3, 3, 3.75, 3.375], "texture": "#1"},
				"west": {"uv": [1, 6.5, 1.25, 6.875], "texture": "#1"},
				"up": {"uv": [4.25, 5.25, 3.5, 5], "texture": "#1"},
				"down": {"uv": [5.75, 4, 5, 4.25], "texture": "#1"}
			}
		},
		{
			"from": [5.2, 1.2, 8.8],
			"to": [6.1, 1.9, 10],
			"rotation": {"angle": 0, "axis": "y", "origin": [6.1, 1.2, 6.3]},
			"faces": {
				"north": {"uv": [0.5, 6, 1, 6.375], "texture": "#1"},
				"east": {"uv": [0, 5, 0.625, 5.375], "texture": "#1"},
				"south": {"uv": [1, 6, 1.5, 6.375], "texture": "#1"},
				"west": {"uv": [5, 0, 5.625, 0.375], "texture": "#1"},
				"up": {"uv": [1.5, 3.125, 1, 2.5], "texture": "#1"},
				"down": {"uv": [2, 2.5, 1.5, 3.125], "texture": "#1"}
			}
		},
		{
			"from": [6.8, 0.8, 6.1],
			"to": [8, 1.5, 7],
			"rotation": {"angle": -45, "axis": "y", "origin": [4.3, 0.8, 6.1]},
			"faces": {
				"north": {"uv": [5, 1, 5.625, 1.375], "texture": "#1"},
				"east": {"uv": [6, 2.5, 6.5, 2.875], "texture": "#1"},
				"south": {"uv": [5, 1.5, 5.625, 1.875], "texture": "#1"},
				"west": {"uv": [3, 6, 3.5, 6.375], "texture": "#1"},
				"up": {"uv": [0.625, 3.5, 0, 3], "texture": "#1"},
				"down": {"uv": [3.625, 0, 3, 0.5], "texture": "#1"}
			}
		},
		{
			"from": [5.2, 1.2, 8.2],
			"to": [6.1, 1.9, 9.4],
			"rotation": {"angle": 0, "axis": "y", "origin": [6.1, 1.2, 5.7]},
			"faces": {
				"north": {"uv": [6, 1.5, 6.5, 1.875], "texture": "#1"},
				"east": {"uv": [5, 0.5, 5.625, 0.875], "texture": "#1"},
				"south": {"uv": [2.5, 6, 3, 6.375], "texture": "#1"},
				"west": {"uv": [1, 5, 1.625, 5.375], "texture": "#1"},
				"up": {"uv": [2.5, 3.125, 2, 2.5], "texture": "#1"},
				"down": {"uv": [3, 2.5, 2.5, 3.125], "texture": "#1"}
			}
		},
		{
			"from": [6.1, 0.8, 6.1],
			"to": [7.7, 1.5, 6.7],
			"rotation": {"angle": -45, "axis": "y", "origin": [3.7, 0.8, 6.1]},
			"faces": {
				"north": {"uv": [4, 2.5, 4.75, 2.875], "texture": "#1"},
				"east": {"uv": [6.5, 4.5, 6.75, 4.875], "texture": "#1"},
				"south": {"uv": [3, 4, 3.75, 4.375], "texture": "#1"},
				"west": {"uv": [6, 6.5, 6.25, 6.875], "texture": "#1"},
				"up": {"uv": [6.75, 1.25, 6, 1], "texture": "#1"},
				"down": {"uv": [2.25, 6, 1.5, 6.25], "texture": "#1"}
			}
		},
		{
			"from": [4.8, 1.2, 8.3],
			"to": [5, 1.9, 9.7],
			"rotation": {"angle": 0, "axis": "y", "origin": [5.4, 1.2, 5.7]},
			"faces": {
				"north": {"uv": [7, 3, 7.125, 3.375], "texture": "#1"},
				"east": {"uv": [2, 4, 2.75, 4.375], "texture": "#1"},
				"south": {"uv": [3.5, 7, 3.625, 7.375], "texture": "#1"},
				"west": {"uv": [4, 2, 4.75, 2.375], "texture": "#1"},
				"up": {"uv": [5.125, 7.25, 5, 6.5], "texture": "#1"},
				"down": {"uv": [5.625, 6.5, 5.5, 7.25], "texture": "#1"}
			}
		},
		{
			"from": [4.9, 1.2, 8.7],
			"to": [5.5, 1.9, 10.3],
			"rotation": {"angle": 0, "axis": "y", "origin": [5.5, 1.2, 6.3]},
			"faces": {
				"north": {"uv": [6.5, 4, 6.75, 4.375], "texture": "#1"},
				"east": {"uv": [4, 1, 4.75, 1.375], "texture": "#1"},
				"south": {"uv": [4.5, 6.5, 4.75, 6.875], "texture": "#1"},
				"west": {"uv": [4, 1.5, 4.75, 1.875], "texture": "#1"},
				"up": {"uv": [0.25, 6.75, 0, 6], "texture": "#1"},
				"down": {"uv": [6.25, 0, 6, 0.75], "texture": "#1"}
			}
		},
		{
			"from": [6.6, 0.9, 8.3],
			"to": [7.8, 1.7, 9.2],
			"rotation": {"angle": -45, "axis": "y", "origin": [4.1, 0.9, 8.3]},
			"faces": {
				"north": {"uv": [3, 4.5, 3.625, 4.875], "texture": "#1"},
				"east": {"uv": [0.5, 5.5, 1, 5.875], "texture": "#1"},
				"south": {"uv": [4.5, 3, 5.125, 3.375], "texture": "#1"},
				"west": {"uv": [1, 5.5, 1.5, 5.875], "texture": "#1"},
				"up": {"uv": [2.625, 1.5, 2, 1], "texture": "#1"},
				"down": {"uv": [2.625, 1.5, 2, 2], "texture": "#1"}
			}
		},
		{
			"from": [6.8, 0.8, 8.8],
			"to": [8.6, 1.9, 9.9],
			"rotation": {"angle": -22.5, "axis": "y", "origin": [4.6, 0.8, 8.8]},
			"faces": {
				"north": {"uv": [0, 0, 0.875, 0.5], "texture": "#1"},
				"east": {"uv": [4, 3, 4.5, 3.5], "texture": "#1"},
				"south": {"uv": [0, 0.5, 0.875, 1], "texture": "#1"},
				"west": {"uv": [4, 3.5, 4.5, 4], "texture": "#1"},
				"up": {"uv": [0.875, 1.5, 0, 1], "texture": "#1"},
				"down": {"uv": [1.875, 0, 1, 0.5], "texture": "#1"}
			}
		},
		{
			"from": [8.2, 0.8, 8.8],
			"to": [8.8, 1.7, 9.4],
			"rotation": {"angle": -22.5, "axis": "y", "origin": [4.8, 0.8, 8.8]},
			"faces": {
				"north": {"uv": [3.5, 6, 3.75, 6.5], "texture": "#1"},
				"east": {"uv": [4, 6, 4.25, 6.5], "texture": "#1"},
				"south": {"uv": [6, 4, 6.25, 4.5], "texture": "#1"},
				"west": {"uv": [4.5, 6, 4.75, 6.5], "texture": "#1"},
				"up": {"uv": [6.75, 6.75, 6.5, 6.5], "texture": "#1"},
				"down": {"uv": [0.25, 7, 0, 7.25], "texture": "#1"}
			}
		},
		{
			"from": [7.1, 0.8, 8.6],
			"to": [8.5, 1.7, 8.8],
			"rotation": {"angle": -22.5, "axis": "y", "origin": [4.5, 0.8, 8.2]},
			"faces": {
				"north": {"uv": [1, 0.5, 1.75, 1], "texture": "#1"},
				"east": {"uv": [7, 0, 7.125, 0.5], "texture": "#1"},
				"south": {"uv": [1, 1, 1.75, 1.5], "texture": "#1"},
				"west": {"uv": [0.5, 7, 0.625, 7.5], "texture": "#1"},
				"up": {"uv": [5.75, 6.125, 5, 6], "texture": "#1"},
				"down": {"uv": [6.75, 5, 6, 5.125], "texture": "#1"}
			}
		},
		{
			"from": [7, 0.8, 8.2],
			"to": [8.6, 1.5, 8.8],
			"rotation": {"angle": 0, "axis": "y", "origin": [4.6, 0.8, 8.2]},
			"faces": {
				"north": {"uv": [3, 1.5, 3.75, 1.875], "texture": "#1"},
				"east": {"uv": [6.5, 0, 6.75, 0.375], "texture": "#1"},
				"south": {"uv": [3, 2, 3.75, 2.375], "texture": "#1"},
				"west": {"uv": [0.5, 6.5, 0.75, 6.875], "texture": "#1"},
				"up": {"uv": [3.25, 5.25, 2.5, 5], "texture": "#1"},
				"down": {"uv": [5.75, 2.5, 5, 2.75], "texture": "#1"}
			}
		},
		{
			"from": [7.7, 0.8, 8.2],
			"to": [8.9, 1.5, 9.1],
			"rotation": {"angle": 0, "axis": "y", "origin": [5.2, 0.8, 8.2]},
			"faces": {
				"north": {"uv": [4, 4, 4.625, 4.375], "texture": "#1"},
				"east": {"uv": [2, 5, 2.5, 5.375], "texture": "#1"},
				"south": {"uv": [0, 4.5, 0.625, 4.875], "texture": "#1"},
				"west": {"uv": [5, 2, 5.5, 2.375], "texture": "#1"},
				"up": {"uv": [0.625, 2.5, 0, 2], "texture": "#1"},
				"down": {"uv": [2.625, 0, 2, 0.5], "texture": "#1"}
			}
		},
		{
			"from": [7.1, 0.8, 8],
			"to": [8.5, 1.5, 8.2],
			"rotation": {"angle": 0, "axis": "y", "origin": [4.5, 0.8, 7.6]},
			"faces": {
				"north": {"uv": [3, 0.5, 3.75, 0.875], "texture": "#1"},
				"east": {"uv": [7, 1, 7.125, 1.375], "texture": "#1"},
				"south": {"uv": [3, 1, 3.75, 1.375], "texture": "#1"},
				"west": {"uv": [1.5, 7, 1.625, 7.375], "texture": "#1"},
				"up": {"uv": [6.75, 5.625, 6, 5.5], "texture": "#1"},
				"down": {"uv": [6.75, 6, 6, 6.125], "texture": "#1"}
			}
		},
		{
			"from": [7.4, 0.5, 10.3],
			"to": [8.6, 1.2, 11.2],
			"rotation": {"angle": 22.5, "axis": "y", "origin": [4.9, 0.5, 10.3]},
			"faces": {
				"north": {"uv": [4.5, 3.5, 5.125, 3.875], "texture": "#1"},
				"east": {"uv": [5.5, 5, 6, 5.375], "texture": "#1"},
				"south": {"uv": [4, 4.5, 4.625, 4.875], "texture": "#1"},
				"west": {"uv": [5.5, 5.5, 6, 5.875], "texture": "#1"},
				"up": {"uv": [2.625, 2.5, 2, 2], "texture": "#1"},
				"down": {"uv": [0.625, 2.5, 0, 3], "texture": "#1"}
			}
		},
		{
			"from": [5.9, 0.9, 4.8],
			"to": [7.5, 1.7, 5.8],
			"rotation": {"angle": -45, "axis": "y", "origin": [3.5, 0.9, 5.2]},
			"faces": {
				"north": {"uv": [2, 3.5, 2.75, 3.875], "texture": "#1"},
				"east": {"uv": [5, 5, 5.5, 5.375], "texture": "#1"},
				"south": {"uv": [3, 3.5, 3.75, 3.875], "texture": "#1"},
				"west": {"uv": [0, 5.5, 0.5, 5.875], "texture": "#1"},
				"up": {"uv": [0.75, 2, 0, 1.5], "texture": "#1"},
				"down": {"uv": [1.75, 1.5, 1, 2], "texture": "#1"}
			}
		},
		{
			"from": [6.8, 0.5, 7],
			"to": [8.2, 1.2, 7.2],
			"rotation": {"angle": 22.5, "axis": "y", "origin": [4.2, 0.5, 6.6]},
			"faces": {
				"north": {"uv": [4, 0.5, 4.75, 0.875], "texture": "#1"},
				"east": {"uv": [7, 2.5, 7.125, 2.875], "texture": "#1"},
				"south": {"uv": [1, 4, 1.75, 4.375], "texture": "#1"},
				"west": {"uv": [3, 7, 3.125, 7.375], "texture": "#1"},
				"up": {"uv": [4.25, 6.625, 3.5, 6.5], "texture": "#1"},
				"down": {"uv": [7.25, 3.5, 6.5, 3.625], "texture": "#1"}
			}
		},
		{
			"from": [6.7, 0.5, 7.2],
			"to": [8.3, 1.2, 7.8],
			"rotation": {"angle": 22.5, "axis": "y", "origin": [4.3, 0.5, 7.2]},
			"faces": {
				"north": {"uv": [0, 4, 0.75, 4.375], "texture": "#1"},
				"east": {"uv": [6.5, 2.5, 6.75, 2.875], "texture": "#1"},
				"south": {"uv": [4, 0, 4.75, 0.375], "texture": "#1"},
				"west": {"uv": [6.5, 3, 6.75, 3.375], "texture": "#1"},
				"up": {"uv": [5.25, 5.75, 4.5, 5.5], "texture": "#1"},
				"down": {"uv": [6.25, 4.5, 5.5, 4.75], "texture": "#1"}
			}
		},
		{
			"from": [6.2, 1.8, 7.2],
			"to": [7.8, 2.3, 7.8],
			"rotation": {"angle": 0, "axis": "y", "origin": [3.8, 1.8, 7.2]},
			"faces": {
				"north": {"uv": [2.5, 5.5, 3.25, 5.75], "texture": "#1"},
				"east": {"uv": [7, 0.5, 7.25, 0.75], "texture": "#1"},
				"south": {"uv": [5.5, 3, 6.25, 3.25], "texture": "#1"},
				"west": {"uv": [1, 7, 1.25, 7.25], "texture": "#1"},
				"up": {"uv": [4.25, 5.75, 3.5, 5.5], "texture": "#1"},
				"down": {"uv": [6.25, 3.5, 5.5, 3.75], "texture": "#1"}
			}
		},
		{
			"from": [6.3, 1.8, 7],
			"to": [7.7, 2.3, 7.2],
			"rotation": {"angle": 0, "axis": "y", "origin": [3.7, 1.8, 6.6]},
			"faces": {
				"north": {"uv": [1.5, 5.5, 2.25, 5.75], "texture": "#1"},
				"east": {"uv": [4, 7, 4.125, 7.25], "texture": "#1"},
				"south": {"uv": [5.5, 2, 6.25, 2.25], "texture": "#1"},
				"west": {"uv": [7, 4, 7.125, 4.25], "texture": "#1"},
				"up": {"uv": [7.25, 2.125, 6.5, 2], "texture": "#1"},
				"down": {"uv": [3.25, 6.5, 2.5, 6.625], "texture": "#1"}
			}
		},
		{
			"from": [6.2, 0.8, 3.4],
			"to": [7.6, 1.5, 3.6],
			"rotation": {"angle": -45, "axis": "y", "origin": [3.6, 0.8, 3]},
			"faces": {
				"north": {"uv": [0, 3.5, 0.75, 3.875], "texture": "#1"},
				"east": {"uv": [2, 7, 2.125, 7.375], "texture": "#1"},
				"south": {"uv": [1, 3.5, 1.75, 3.875], "texture": "#1"},
				"west": {"uv": [2.5, 7, 2.625, 7.375], "texture": "#1"},
				"up": {"uv": [2.25, 6.625, 1.5, 6.5], "texture": "#1"},
				"down": {"uv": [7.25, 1.5, 6.5, 1.625], "texture": "#1"}
			}
		},
		{
			"from": [6.8, 0.8, 3.6],
			"to": [8, 1.5, 4.5],
			"rotation": {"angle": -45, "axis": "y", "origin": [4.3, 0.8, 3.6]},
			"faces": {
				"north": {"uv": [1, 4.5, 1.625, 4.875], "texture": "#1"},
				"east": {"uv": [4.5, 5, 5, 5.375], "texture": "#1"},
				"south": {"uv": [2, 4.5, 2.625, 4.875], "texture": "#1"},
				"west": {"uv": [5, 4.5, 5.5, 4.875], "texture": "#1"},
				"up": {"uv": [2.625, 1, 2, 0.5], "texture": "#1"},
				"down": {"uv": [1.625, 2, 1, 2.5], "texture": "#1"}
			}
		},
		{
			"from": [6.1, 0.8, 3.6],
			"to": [7.7, 1.5, 4.2],
			"rotation": {"angle": -45, "axis": "y", "origin": [3.7, 0.8, 3.6]},
			"faces": {
				"north": {"uv": [3, 2.5, 3.75, 2.875], "texture": "#1"},
				"east": {"uv": [6.5, 0.5, 6.75, 0.875], "texture": "#1"},
				"south": {"uv": [3, 3, 3.75, 3.375], "texture": "#1"},
				"west": {"uv": [1, 6.5, 1.25, 6.875], "texture": "#1"},
				"up": {"uv": [4.25, 5.25, 3.5, 5], "texture": "#1"},
				"down": {"uv": [5.75, 4, 5, 4.25], "texture": "#1"}
			}
		},
		{
			"from": [5.2, 1.2, 5.7],
			"to": [6.1, 1.9, 6.9],
			"rotation": {"angle": 0, "axis": "y", "origin": [6.1, 1.2, 3.2]},
			"faces": {
				"north": {"uv": [0.5, 6, 1, 6.375], "texture": "#1"},
				"east": {"uv": [0, 5, 0.625, 5.375], "texture": "#1"},
				"south": {"uv": [1, 6, 1.5, 6.375], "texture": "#1"},
				"west": {"uv": [5, 0, 5.625, 0.375], "texture": "#1"},
				"up": {"uv": [1.5, 3.125, 1, 2.5], "texture": "#1"},
				"down": {"uv": [2, 2.5, 1.5, 3.125], "texture": "#1"}
			}
		},
		{
			"from": [6.8, 0.8, 3],
			"to": [8, 1.5, 3.9],
			"rotation": {"angle": -45, "axis": "y", "origin": [4.3, 0.8, 3]},
			"faces": {
				"north": {"uv": [5, 1, 5.625, 1.375], "texture": "#1"},
				"east": {"uv": [6, 2.5, 6.5, 2.875], "texture": "#1"},
				"south": {"uv": [5, 1.5, 5.625, 1.875], "texture": "#1"},
				"west": {"uv": [3, 6, 3.5, 6.375], "texture": "#1"},
				"up": {"uv": [0.625, 3.5, 0, 3], "texture": "#1"},
				"down": {"uv": [3.625, 0, 3, 0.5], "texture": "#1"}
			}
		},
		{
			"from": [5.2, 1.2, 5.1],
			"to": [6.1, 1.9, 6.3],
			"rotation": {"angle": 0, "axis": "y", "origin": [6.1, 1.2, 2.6]},
			"faces": {
				"north": {"uv": [6, 1.5, 6.5, 1.875], "texture": "#1"},
				"east": {"uv": [5, 0.5, 5.625, 0.875], "texture": "#1"},
				"south": {"uv": [2.5, 6, 3, 6.375], "texture": "#1"},
				"west": {"uv": [1, 5, 1.625, 5.375], "texture": "#1"},
				"up": {"uv": [2.5, 3.125, 2, 2.5], "texture": "#1"},
				"down": {"uv": [3, 2.5, 2.5, 3.125], "texture": "#1"}
			}
		},
		{
			"from": [6.1, 0.8, 3],
			"to": [7.7, 1.5, 3.6],
			"rotation": {"angle": -45, "axis": "y", "origin": [3.7, 0.8, 3]},
			"faces": {
				"north": {"uv": [4, 2.5, 4.75, 2.875], "texture": "#1"},
				"east": {"uv": [6.5, 4.5, 6.75, 4.875], "texture": "#1"},
				"south": {"uv": [3, 4, 3.75, 4.375], "texture": "#1"},
				"west": {"uv": [6, 6.5, 6.25, 6.875], "texture": "#1"},
				"up": {"uv": [6.75, 1.25, 6, 1], "texture": "#1"},
				"down": {"uv": [2.25, 6, 1.5, 6.25], "texture": "#1"}
			}
		},
		{
			"from": [4.8, 1.2, 5.2],
			"to": [5, 1.9, 6.6],
			"rotation": {"angle": 0, "axis": "y", "origin": [5.4, 1.2, 2.6]},
			"faces": {
				"north": {"uv": [7, 3, 7.125, 3.375], "texture": "#1"},
				"east": {"uv": [2, 4, 2.75, 4.375], "texture": "#1"},
				"south": {"uv": [3.5, 7, 3.625, 7.375], "texture": "#1"},
				"west": {"uv": [4, 2, 4.75, 2.375], "texture": "#1"},
				"up": {"uv": [5.125, 7.25, 5, 6.5], "texture": "#1"},
				"down": {"uv": [5.625, 6.5, 5.5, 7.25], "texture": "#1"}
			}
		},
		{
			"from": [4.9, 1.2, 5.6],
			"to": [5.5, 1.9, 7.2],
			"rotation": {"angle": 0, "axis": "y", "origin": [5.5, 1.2, 3.2]},
			"faces": {
				"north": {"uv": [6.5, 4, 6.75, 4.375], "texture": "#1"},
				"east": {"uv": [4, 1, 4.75, 1.375], "texture": "#1"},
				"south": {"uv": [4.5, 6.5, 4.75, 6.875], "texture": "#1"},
				"west": {"uv": [4, 1.5, 4.75, 1.875], "texture": "#1"},
				"up": {"uv": [0.25, 6.75, 0, 6], "texture": "#1"},
				"down": {"uv": [6.25, 0, 6, 0.75], "texture": "#1"}
			}
		},
		{
			"from": [6.6, 0.9, 5.2],
			"to": [7.8, 1.7, 6.1],
			"rotation": {"angle": -45, "axis": "y", "origin": [4.1, 0.9, 5.2]},
			"faces": {
				"north": {"uv": [3, 4.5, 3.625, 4.875], "texture": "#1"},
				"east": {"uv": [0.5, 5.5, 1, 5.875], "texture": "#1"},
				"south": {"uv": [4.5, 3, 5.125, 3.375], "texture": "#1"},
				"west": {"uv": [1, 5.5, 1.5, 5.875], "texture": "#1"},
				"up": {"uv": [2.625, 1.5, 2, 1], "texture": "#1"},
				"down": {"uv": [2.625, 1.5, 2, 2], "texture": "#1"}
			}
		},
		{
			"from": [6.8, 0.8, 5.7],
			"to": [8.6, 1.9, 6.8],
			"rotation": {"angle": -22.5, "axis": "y", "origin": [4.6, 0.8, 5.7]},
			"faces": {
				"north": {"uv": [0, 0, 0.875, 0.5], "texture": "#1"},
				"east": {"uv": [4, 3, 4.5, 3.5], "texture": "#1"},
				"south": {"uv": [0, 0.5, 0.875, 1], "texture": "#1"},
				"west": {"uv": [4, 3.5, 4.5, 4], "texture": "#1"},
				"up": {"uv": [0.875, 1.5, 0, 1], "texture": "#1"},
				"down": {"uv": [1.875, 0, 1, 0.5], "texture": "#1"}
			}
		},
		{
			"from": [8.2, 0.8, 5.7],
			"to": [8.8, 1.7, 6.3],
			"rotation": {"angle": -22.5, "axis": "y", "origin": [4.8, 0.8, 5.7]},
			"faces": {
				"north": {"uv": [3.5, 6, 3.75, 6.5], "texture": "#1"},
				"east": {"uv": [4, 6, 4.25, 6.5], "texture": "#1"},
				"south": {"uv": [6, 4, 6.25, 4.5], "texture": "#1"},
				"west": {"uv": [4.5, 6, 4.75, 6.5], "texture": "#1"},
				"up": {"uv": [6.75, 6.75, 6.5, 6.5], "texture": "#1"},
				"down": {"uv": [0.25, 7, 0, 7.25], "texture": "#1"}
			}
		},
		{
			"from": [7.1, 0.8, 5.5],
			"to": [8.5, 1.7, 5.7],
			"rotation": {"angle": -22.5, "axis": "y", "origin": [4.5, 0.8, 5.1]},
			"faces": {
				"north": {"uv": [1, 0.5, 1.75, 1], "texture": "#1"},
				"east": {"uv": [7, 0, 7.125, 0.5], "texture": "#1"},
				"south": {"uv": [1, 1, 1.75, 1.5], "texture": "#1"},
				"west": {"uv": [0.5, 7, 0.625, 7.5], "texture": "#1"},
				"up": {"uv": [5.75, 6.125, 5, 6], "texture": "#1"},
				"down": {"uv": [6.75, 5, 6, 5.125], "texture": "#1"}
			}
		},
		{
			"from": [7, 0.8, 5.1],
			"to": [8.6, 1.5, 5.7],
			"rotation": {"angle": 0, "axis": "y", "origin": [4.6, 0.8, 5.1]},
			"faces": {
				"north": {"uv": [3, 1.5, 3.75, 1.875], "texture": "#1"},
				"east": {"uv": [6.5, 0, 6.75, 0.375], "texture": "#1"},
				"south": {"uv": [3, 2, 3.75, 2.375], "texture": "#1"},
				"west": {"uv": [0.5, 6.5, 0.75, 6.875], "texture": "#1"},
				"up": {"uv": [3.25, 5.25, 2.5, 5], "texture": "#1"},
				"down": {"uv": [5.75, 2.5, 5, 2.75], "texture": "#1"}
			}
		},
		{
			"from": [7.7, 0.8, 5.1],
			"to": [8.9, 1.5, 6],
			"rotation": {"angle": 0, "axis": "y", "origin": [5.2, 0.8, 5.1]},
			"faces": {
				"north": {"uv": [4, 4, 4.625, 4.375], "texture": "#1"},
				"east": {"uv": [2, 5, 2.5, 5.375], "texture": "#1"},
				"south": {"uv": [0, 4.5, 0.625, 4.875], "texture": "#1"},
				"west": {"uv": [5, 2, 5.5, 2.375], "texture": "#1"},
				"up": {"uv": [0.625, 2.5, 0, 2], "texture": "#1"},
				"down": {"uv": [2.625, 0, 2, 0.5], "texture": "#1"}
			}
		},
		{
			"from": [7.1, 0.8, 4.9],
			"to": [8.5, 1.5, 5.1],
			"rotation": {"angle": 0, "axis": "y", "origin": [4.5, 0.8, 4.5]},
			"faces": {
				"north": {"uv": [3, 0.5, 3.75, 0.875], "texture": "#1"},
				"east": {"uv": [7, 1, 7.125, 1.375], "texture": "#1"},
				"south": {"uv": [3, 1, 3.75, 1.375], "texture": "#1"},
				"west": {"uv": [1.5, 7, 1.625, 7.375], "texture": "#1"},
				"up": {"uv": [6.75, 5.625, 6, 5.5], "texture": "#1"},
				"down": {"uv": [6.75, 6, 6, 6.125], "texture": "#1"}
			}
		},
		{
			"from": [7.4, 0.5, 7.2],
			"to": [8.6, 1.2, 8.1],
			"rotation": {"angle": 22.5, "axis": "y", "origin": [4.9, 0.5, 7.2]},
			"faces": {
				"north": {"uv": [4.5, 3.5, 5.125, 3.875], "texture": "#1"},
				"east": {"uv": [5.5, 5, 6, 5.375], "texture": "#1"},
				"south": {"uv": [4, 4.5, 4.625, 4.875], "texture": "#1"},
				"west": {"uv": [5.5, 5.5, 6, 5.875], "texture": "#1"},
				"up": {"uv": [2.625, 2.5, 2, 2], "texture": "#1"},
				"down": {"uv": [0.625, 2.5, 0, 3], "texture": "#1"}
			}
		},
		{
			"from": [5, 1.5, 5],
			"to": [11, 2, 11],
			"rotation": {"angle": 0, "axis": "y", "origin": [8, 1.5, 8]},
			"faces": {
				"north": {"uv": [9, 3, 12, 3.5], "texture": "#0"},
				"east": {"uv": [9, 3.5, 12, 4], "texture": "#0"},
				"south": {"uv": [9, 4, 12, 4.5], "texture": "#0"},
				"west": {"uv": [9, 4.5, 12, 5], "texture": "#0"},
				"up": {"uv": [3, 9, 0, 6], "texture": "#0"},
				"down": {"uv": [9, 0, 6, 3], "texture": "#0"}
			}
		},
		{
			"from": [5.4, 0.6, 4.5],
			"to": [5.9, 2, 5],
			"rotation": {"angle": 0, "axis": "y", "origin": [8.4, 1.5, 2]},
			"faces": {
				"north": {"uv": [9, 3, 12, 3.5], "texture": "#0"},
				"east": {"uv": [9, 3.5, 12, 4], "texture": "#0"},
				"south": {"uv": [9, 4, 12, 4.5], "texture": "#0"},
				"west": {"uv": [9, 4.5, 12, 5], "texture": "#0"},
				"up": {"uv": [3, 9, 0, 6], "texture": "#0"},
				"down": {"uv": [9, 0, 6, 3], "texture": "#0"}
			}
		},
		{
			"from": [9.1, 0.2, 4.7],
			"to": [9.6, 1.9, 5],
			"rotation": {"angle": 0, "axis": "y", "origin": [12.1, 1.1, 2]},
			"faces": {
				"north": {"uv": [9, 3, 12, 3.5], "texture": "#0"},
				"east": {"uv": [9, 3.5, 12, 4], "texture": "#0"},
				"south": {"uv": [9, 4, 12, 4.5], "texture": "#0"},
				"west": {"uv": [9, 4.5, 12, 5], "texture": "#0"},
				"up": {"uv": [3, 9, 0, 6], "texture": "#0"},
				"down": {"uv": [9, 0, 6, 3], "texture": "#0"}
			}
		},
		{
			"from": [10.8, 0.1, 9.6],
			"to": [11.3, 1.8, 9.9],
			"rotation": {"angle": 0, "axis": "y", "origin": [13.8, 1, 6.9]},
			"faces": {
				"north": {"uv": [9, 3, 12, 3.5], "texture": "#0"},
				"east": {"uv": [9, 3.5, 12, 4], "texture": "#0"},
				"south": {"uv": [9, 4, 12, 4.5], "texture": "#0"},
				"west": {"uv": [9, 4.5, 12, 5], "texture": "#0"},
				"up": {"uv": [3, 9, 0, 6], "texture": "#0"},
				"down": {"uv": [9, 0, 6, 3], "texture": "#0"}
			}
		},
		{
			"from": [5.2, 1.8, 5.4],
			"to": [10.7, 2.2, 10.6],
			"rotation": {"angle": 0, "axis": "y", "origin": [8, 2.1, 8]},
			"faces": {
				"north": {"uv": [0, 10, 2.5, 10.5], "texture": "#0"},
				"east": {"uv": [2.5, 10, 5, 10.5], "texture": "#0"},
				"south": {"uv": [0, 10.5, 2.5, 11], "texture": "#0"},
				"west": {"uv": [2.5, 10.5, 5, 11], "texture": "#0"},
				"up": {"uv": [8.5, 8.5, 6, 6], "texture": "#0"},
				"down": {"uv": [8.5, 8.5, 6, 11], "texture": "#0"}
			}
		},
		{
			"from": [5, 1.8, 5.2],
			"to": [10.9, 2.9, 10.8],
			"rotation": {"angle": 0, "axis": "y", "origin": [8, 2.3, 8]},
			"faces": {
				"north": {"uv": [0, 11, 2.5, 11.5], "texture": "#0"},
				"east": {"uv": [2.5, 11, 5, 11.5], "texture": "#0"},
				"south": {"uv": [5, 11, 7.5, 11.5], "texture": "#0"},
				"west": {"uv": [11, 6, 13.5, 6.5], "texture": "#0"},
				"up": {"uv": [11, 8.5, 8.5, 6], "texture": "#0"},
				"down": {"uv": [11, 8.5, 8.5, 11], "texture": "#0"}
			}
		}
	],
	"display": {
		"thirdperson_righthand": {
			"rotation": [64, 0, 0],
			"translation": [0, 4.75, 4.75]
		},
		"thirdperson_lefthand": {
			"rotation": [64, 0, 0],
			"translation": [0, 4.75, 4.75]
		},
		"firstperson_righthand": {
			"rotation": [0, 118, 0],
			"translation": [-1, 9.25, 0.75]
		},
		"firstperson_lefthand": {
			"rotation": [0, 118, 0],
			"translation": [-1, 9.25, 0.75]
		},
		"ground": {
			"translation": [0, 4.25, 0]
		},
		"gui": {
			"rotation": [26, -48, 0],
			"translation": [0, 8.5, 0],
			"scale": [1.6, 1.6, 1.6]
		},
		"head": {
			"translation": [0, 14.25, 0]
		},
		"fixed": {
			"rotation": [-90, 0, 0],
			"translation": [0, 0, -18],
			"scale": [2.28, 2.28, 2.28]
		}
	}
}