{
	"credit": "Made with Blockbench",
	"texture_size": [32, 32],
	"textures": {
		"0": "custom/stamm/burb",
		"particle": "custom/stamm/burb"
	},
	"elements": [
		{
			"from": [5, 0, 5],
			"to": [11, 0.8, 11],
			"rotation": {"angle": 0, "axis": "y", "origin": [8, 0, 8]},
			"faces": {
				"north": {"uv": [0, 9, 3, 9.5], "texture": "#0"},
				"east": {"uv": [9, 0, 12, 0.5], "texture": "#0"},
				"south": {"uv": [9, 0.5, 12, 1], "texture": "#0"},
				"west": {"uv": [9, 1, 12, 1.5], "texture": "#0"},
				"up": {"uv": [3, 3, 0, 0], "texture": "#0"},
				"down": {"uv": [3, 3, 0, 6], "texture": "#0"}
			}
		},
		{
			"from": [4.9, 3.1, 5],
			"to": [11.1, 4.6, 11],
			"rotation": {"angle": 0, "axis": "y", "origin": [7.9, 3.2, 8]},
			"faces": {
				"north": {"uv": [9, 5, 12, 5.5], "texture": "#0"},
				"east": {"uv": [9, 5.5, 12, 6], "texture": "#0"},
				"south": {"uv": [0, 9.5, 3, 10], "texture": "#0"},
				"west": {"uv": [3, 9.5, 6, 10], "texture": "#0"},
				"up": {"uv": [6, 9, 3, 6], "texture": "#0"},
				"down": {"uv": [9, 3, 6, 6], "texture": "#0"}
			}
		},
		{
			"from": [4.9, 0.7, 4.9],
			"to": [11.1, 1.7, 11.1],
			"rotation": {"angle": 0, "axis": "y", "origin": [8, 0.8, 8]},
			"faces": {
				"north": {"uv": [9, 1.5, 12, 2], "texture": "#0"},
				"east": {"uv": [9, 2, 12, 2.5], "texture": "#0"},
				"south": {"uv": [9, 2.5, 12, 3], "texture": "#0"},
				"west": {"uv": [3, 9, 6, 9.5], "texture": "#0"},
				"up": {"uv": [6, 3, 3, 0], "texture": "#0"},
				"down": {"uv": [6, 3, 3, 6], "texture": "#0"}
			}
		},
		{
			"from": [5, 1.7, 5],
			"to": [11, 2.2, 11],
			"rotation": {"angle": 0, "axis": "y", "origin": [8, 1.7, 8]},
			"faces": {
				"north": {"uv": [9, 3, 12, 3.5], "texture": "#0"},
				"east": {"uv": [9, 3.5, 12, 4], "texture": "#0"},
				"south": {"uv": [9, 4, 12, 4.5], "texture": "#0"},
				"west": {"uv": [9, 4.5, 12, 5], "texture": "#0"},
				"up": {"uv": [3, 9, 0, 6], "texture": "#0"},
				"down": {"uv": [9, 0, 6, 3], "texture": "#0"}
			}
		},
		{
			"from": [5.4, 0.7, 4.5],
			"to": [5.9, 2.1, 5],
			"rotation": {"angle": 0, "axis": "y", "origin": [8.4, 1.6, 2]},
			"faces": {
				"north": {"uv": [9, 3, 12, 3.5], "texture": "#0"},
				"east": {"uv": [9, 3.5, 12, 4], "texture": "#0"},
				"south": {"uv": [9, 4, 12, 4.5], "texture": "#0"},
				"west": {"uv": [9, 4.5, 12, 5], "texture": "#0"},
				"up": {"uv": [3, 9, 0, 6], "texture": "#0"},
				"down": {"uv": [9, 0, 6, 3], "texture": "#0"}
			}
		},
		{
			"from": [9.1, 0.2, 4.7],
			"to": [9.6, 1.9, 5],
			"rotation": {"angle": 0, "axis": "y", "origin": [12.1, 1.1, 2]},
			"faces": {
				"north": {"uv": [9, 3, 12, 3.5], "texture": "#0"},
				"east": {"uv": [9, 3.5, 12, 4], "texture": "#0"},
				"south": {"uv": [9, 4, 12, 4.5], "texture": "#0"},
				"west": {"uv": [9, 4.5, 12, 5], "texture": "#0"},
				"up": {"uv": [3, 9, 0, 6], "texture": "#0"},
				"down": {"uv": [9, 0, 6, 3], "texture": "#0"}
			}
		},
		{
			"from": [10.8, 0.4, 9.6],
			"to": [11.3, 2.1, 9.9],
			"rotation": {"angle": 0, "axis": "y", "origin": [13.8, 1.3, 6.9]},
			"faces": {
				"north": {"uv": [9, 3, 12, 3.5], "texture": "#0"},
				"east": {"uv": [9, 3.5, 12, 4], "texture": "#0"},
				"south": {"uv": [9, 4, 12, 4.5], "texture": "#0"},
				"west": {"uv": [9, 4.5, 12, 5], "texture": "#0"},
				"up": {"uv": [3, 9, 0, 6], "texture": "#0"},
				"down": {"uv": [9, 0, 6, 3], "texture": "#0"}
			}
		},
		{
			"from": [5.2, 2.1, 5.4],
			"to": [10.7, 2.5, 10.6],
			"rotation": {"angle": 0, "axis": "y", "origin": [8, 2.4, 8]},
			"faces": {
				"north": {"uv": [0, 10, 2.5, 10.5], "texture": "#0"},
				"east": {"uv": [2.5, 10, 5, 10.5], "texture": "#0"},
				"south": {"uv": [0, 10.5, 2.5, 11], "texture": "#0"},
				"west": {"uv": [2.5, 10.5, 5, 11], "texture": "#0"},
				"up": {"uv": [8.5, 8.5, 6, 6], "texture": "#0"},
				"down": {"uv": [8.5, 8.5, 6, 11], "texture": "#0"}
			}
		},
		{
			"from": [5, 2.1, 5.2],
			"to": [10.9, 3.2, 10.8],
			"rotation": {"angle": 0, "axis": "y", "origin": [8, 2.6, 8]},
			"faces": {
				"north": {"uv": [0, 11, 2.5, 11.5], "texture": "#0"},
				"east": {"uv": [2.5, 11, 5, 11.5], "texture": "#0"},
				"south": {"uv": [5, 11, 7.5, 11.5], "texture": "#0"},
				"west": {"uv": [11, 6, 13.5, 6.5], "texture": "#0"},
				"up": {"uv": [11, 8.5, 8.5, 6], "texture": "#0"},
				"down": {"uv": [11, 8.5, 8.5, 11], "texture": "#0"}
			}
		}
	],
	"display": {
		"thirdperson_righthand": {
			"rotation": [64, 0, 0],
			"translation": [0, 4.75, 4.75]
		},
		"thirdperson_lefthand": {
			"rotation": [64, 0, 0],
			"translation": [0, 4.75, 4.75]
		},
		"firstperson_righthand": {
			"rotation": [0, 118, 0],
			"translation": [-1, 9.25, 0.75]
		},
		"firstperson_lefthand": {
			"rotation": [0, 118, 0],
			"translation": [-1, 9.25, 0.75]
		},
		"ground": {
			"translation": [0, 4.25, 0]
		},
		"gui": {
			"rotation": [26, -48, 0],
			"translation": [0, 8.5, 0],
			"scale": [1.6, 1.6, 1.6]
		},
		"head": {
			"translation": [0, 14.25, 0]
		},
		"fixed": {
			"rotation": [-90, 0, 0],
			"translation": [0, 0, -18],
			"scale": [2.28, 2.28, 2.28]
		}
	}
}