{
	"credit": "Made with Blockbench",
	"texture_size": [32, 32],
	"textures": {
		"0": "custom/stamm/brot",
		"1": "custom/stamm/innenleben",
		"particle": "custom/stamm/brot"
	},
	"elements": [
		{
			"from": [4, 0, 7],
			"to": [12, 2, 9],
			"rotation": {"angle": 0, "axis": "y", "origin": [10, 0, 7]},
			"faces": {
				"north": {"uv": [0, 4, 4, 5], "texture": "#0"},
				"east": {"uv": [0, 10, 1, 11], "texture": "#0"},
				"south": {"uv": [4, 4, 8, 5], "texture": "#0"},
				"west": {"uv": [10, 0, 11, 1], "texture": "#0"},
				"up": {"uv": [8.5, 1, 4.5, 0], "texture": "#0"},
				"down": {"uv": [8.5, 1, 4.5, 2], "texture": "#0"}
			}
		},
		{
			"from": [4, 1.3, 9],
			"to": [12, 3.3, 10.4],
			"rotation": {"angle": 0, "axis": "y", "origin": [10, 1.3, 9]},
			"faces": {
				"north": {"uv": [4.5, 2, 8.5, 3], "texture": "#0"},
				"east": {"uv": [10.5, 8, 11, 9], "texture": "#0"},
				"south": {"uv": [4.5, 3, 8.5, 4], "texture": "#0"},
				"west": {"uv": [10.5, 9, 11, 10], "texture": "#0"},
				"up": {"uv": [8, 8.5, 4, 8], "texture": "#0"},
				"down": {"uv": [12, 4, 8, 4.5], "texture": "#0"}
			}
		},
		{
			"from": [4, 1.3, 5.6],
			"to": [12, 3.3, 7],
			"rotation": {"angle": 0, "axis": "y", "origin": [10, 1.3, 5]},
			"faces": {
				"north": {"uv": [0, 5, 4, 6], "texture": "#0"},
				"east": {"uv": [10.5, 10, 11, 11], "texture": "#0"},
				"south": {"uv": [4, 5, 8, 6], "texture": "#0"},
				"west": {"uv": [0, 11, 0.5, 12], "texture": "#0"},
				"up": {"uv": [12, 5, 8, 4.5], "texture": "#0"},
				"down": {"uv": [12, 5, 8, 5.5], "texture": "#0"}
			}
		},
		{
			"from": [3.5, 2.7, 5.3],
			"to": [12.6, 4.7, 6.7],
			"rotation": {"angle": 0, "axis": "y", "origin": [10, 2.7, 4.7]},
			"faces": {
				"north": {"uv": [0, 0, 4.5, 1], "texture": "#0"},
				"east": {"uv": [10, 3, 10.5, 4], "texture": "#0"},
				"south": {"uv": [0, 1, 4.5, 2], "texture": "#0"},
				"west": {"uv": [5.5, 10, 6, 11], "texture": "#0"},
				"up": {"uv": [4.5, 6.5, 0, 6], "texture": "#0"},
				"down": {"uv": [9, 6, 4.5, 6.5], "texture": "#0"}
			}
		},
		{
			"from": [3.5, 2.7, 9.3],
			"to": [12.6, 4.7, 10.7],
			"rotation": {"angle": 0, "axis": "y", "origin": [10, 2.7, 8.7]},
			"faces": {
				"north": {"uv": [0, 2, 4.5, 3], "texture": "#0"},
				"east": {"uv": [10, 8, 10.5, 9], "texture": "#0"},
				"south": {"uv": [0, 3, 4.5, 4], "texture": "#0"},
				"west": {"uv": [10, 9, 10.5, 10], "texture": "#0"},
				"up": {"uv": [4.5, 7, 0, 6.5], "texture": "#0"},
				"down": {"uv": [9, 6.5, 4.5, 7], "texture": "#0"}
			}
		},
		{
			"from": [3.5, 4.7, 9.3],
			"to": [6.1, 6.3, 10.7],
			"rotation": {"angle": 0, "axis": "y", "origin": [10, 4.7, 8.7]},
			"faces": {
				"north": {"uv": [8, 7, 9.5, 8], "texture": "#0"},
				"east": {"uv": [2.5, 10.5, 3, 11.5], "texture": "#0"},
				"south": {"uv": [8, 8, 9.5, 9], "texture": "#0"},
				"west": {"uv": [3, 10.5, 3.5, 11.5], "texture": "#0"},
				"up": {"uv": [4, 9.5, 2.5, 9], "texture": "#0"},
				"down": {"uv": [3.5, 10, 2, 10.5], "texture": "#0"}
			}
		},
		{
			"from": [6.1, 4.7, 9.3],
			"to": [10.6, 5.8, 10.7],
			"rotation": {"angle": 0, "axis": "y", "origin": [12.6, 4.7, 8.7]},
			"faces": {
				"north": {"uv": [8, 5.5, 10.5, 6], "texture": "#0"},
				"east": {"uv": [7, 8.5, 7.5, 9], "texture": "#0"},
				"south": {"uv": [0, 9, 2.5, 9.5], "texture": "#0"},
				"west": {"uv": [7.5, 8.5, 8, 9], "texture": "#0"},
				"up": {"uv": [11.5, 6.5, 9, 6], "texture": "#0"},
				"down": {"uv": [11.5, 6.5, 9, 7], "texture": "#0"}
			}
		},
		{
			"from": [6.1, 4.7, 5.5],
			"to": [10.6, 5.8, 6.9],
			"rotation": {"angle": 0, "axis": "y", "origin": [12.6, 4.7, 4.9]},
			"faces": {
				"north": {"uv": [7, 9, 9.5, 9.5], "texture": "#0"},
				"east": {"uv": [10.5, 5.5, 11, 6], "texture": "#0"},
				"south": {"uv": [0, 9.5, 2.5, 10], "texture": "#0"},
				"west": {"uv": [11, 5.5, 11.5, 6], "texture": "#0"},
				"up": {"uv": [5, 10, 2.5, 9.5], "texture": "#0"},
				"down": {"uv": [7.5, 9.5, 5, 10], "texture": "#0"}
			}
		},
		{
			"from": [3.5, 4.7, 5.5],
			"to": [6.1, 6.3, 6.9],
			"rotation": {"angle": 0, "axis": "y", "origin": [10, 4.7, 4.9]},
			"faces": {
				"north": {"uv": [8.5, 0, 10, 1], "texture": "#0"},
				"east": {"uv": [10.5, 3, 11, 4], "texture": "#0"},
				"south": {"uv": [8.5, 1, 10, 2], "texture": "#0"},
				"west": {"uv": [10.5, 7, 11, 8], "texture": "#0"},
				"up": {"uv": [11.5, 2.5, 10, 2], "texture": "#0"},
				"down": {"uv": [11.5, 2.5, 10, 3], "texture": "#0"}
			}
		},
		{
			"from": [12, 1.3, 7],
			"to": [13, 3.3, 9],
			"rotation": {"angle": 0, "axis": "y", "origin": [11, 1.3, 7]},
			"faces": {
				"north": {"uv": [11, 0, 11.5, 1], "texture": "#0"},
				"east": {"uv": [1, 10, 2, 11], "texture": "#0"},
				"south": {"uv": [0.5, 11, 1, 12], "texture": "#0"},
				"west": {"uv": [10, 1, 11, 2], "texture": "#0"},
				"up": {"uv": [1.5, 12, 1, 11], "texture": "#0"},
				"down": {"uv": [11.5, 1, 11, 2], "texture": "#0"}
			}
		},
		{
			"from": [3, 1.3, 6.3],
			"to": [4, 3.3, 9.6],
			"rotation": {"angle": 0, "axis": "y", "origin": [2, 1.3, 7]},
			"faces": {
				"north": {"uv": [1.5, 11, 2, 12], "texture": "#0"},
				"east": {"uv": [8.5, 2, 10, 3], "texture": "#0"},
				"south": {"uv": [11, 3, 11.5, 4], "texture": "#0"},
				"west": {"uv": [8.5, 3, 10, 4], "texture": "#0"},
				"up": {"uv": [4, 11.5, 3.5, 10], "texture": "#0"},
				"down": {"uv": [4.5, 10, 4, 11.5], "texture": "#0"}
			}
		},
		{
			"from": [2.6, 2.7, 6],
			"to": [3.6, 4.7, 10],
			"rotation": {"angle": 0, "axis": "y", "origin": [1.6, 2.7, 7]},
			"faces": {
				"north": {"uv": [6, 10, 6.5, 11], "texture": "#0"},
				"east": {"uv": [0, 7, 2, 8], "texture": "#0"},
				"south": {"uv": [6.5, 10, 7, 11], "texture": "#0"},
				"west": {"uv": [2, 7, 4, 8], "texture": "#0"},
				"up": {"uv": [10, 9, 9.5, 7], "texture": "#0"},
				"down": {"uv": [8, 9.5, 7.5, 11.5], "texture": "#0"}
			}
		},
		{
			"from": [2.6, 4.7, 6],
			"to": [3.6, 6.7, 10],
			"rotation": {"angle": 0, "axis": "y", "origin": [1.6, 4.7, 7]},
			"faces": {
				"north": {"uv": [10, 10, 10.5, 11], "texture": "#0"},
				"east": {"uv": [0, 8, 2, 9], "texture": "#0"},
				"south": {"uv": [2, 10.5, 2.5, 11.5], "texture": "#0"},
				"west": {"uv": [2, 8, 4, 9], "texture": "#0"},
				"up": {"uv": [9.5, 11.5, 9, 9.5], "texture": "#0"},
				"down": {"uv": [10, 9, 9.5, 11], "texture": "#0"}
			}
		},
		{
			"from": [12, 1.3, 6.3],
			"to": [13, 3.3, 9.6],
			"rotation": {"angle": 0, "axis": "y", "origin": [14, 1.3, 7]},
			"faces": {
				"north": {"uv": [5.5, 11, 6, 12], "texture": "#0"},
				"east": {"uv": [4, 8.5, 5.5, 9.5], "texture": "#0"},
				"south": {"uv": [6, 11, 6.5, 12], "texture": "#0"},
				"west": {"uv": [5.5, 8.5, 7, 9.5], "texture": "#0"},
				"up": {"uv": [5, 11.5, 4.5, 10], "texture": "#0"},
				"down": {"uv": [5.5, 10, 5, 11.5], "texture": "#0"}
			}
		},
		{
			"from": [12.4, 2.7, 6],
			"to": [13.4, 4.7, 10],
			"rotation": {"angle": 0, "axis": "y", "origin": [14.4, 2.7, 7]},
			"faces": {
				"north": {"uv": [7, 10, 7.5, 11], "texture": "#0"},
				"east": {"uv": [4, 7, 6, 8], "texture": "#0"},
				"south": {"uv": [10, 7, 10.5, 8], "texture": "#0"},
				"west": {"uv": [6, 7, 8, 8], "texture": "#0"},
				"up": {"uv": [8.5, 11.5, 8, 9.5], "texture": "#0"},
				"down": {"uv": [9, 9.5, 8.5, 11.5], "texture": "#0"}
			}
		},
		{
			"from": [4.1, 2.8, 8.6],
			"to": [12.5, 5.5, 9.7],
			"rotation": {"angle": 0, "axis": "y", "origin": [7, 1, 8]},
			"faces": {
				"north": {"uv": [0, 0, 4, 2], "texture": "#1"},
				"east": {"uv": [8.5, 4, 9, 6], "texture": "#1"},
				"south": {"uv": [0, 2, 4, 4], "texture": "#1"},
				"west": {"uv": [6.5, 8.5, 7, 10.5], "texture": "#1"},
				"up": {"uv": [4, 8.5, 0, 8], "texture": "#1"},
				"down": {"uv": [12, 6, 8, 6.5], "texture": "#1"}
			}
		},
		{
			"from": [9.9, 0.6, 7.1],
			"to": [11.7, 5.4, 8.2],
			"rotation": {"angle": 0, "axis": "y", "origin": [6.2, 0.2, 6]},
			"faces": {
				"north": {"uv": [4.5, 3.5, 5.5, 6], "texture": "#1"},
				"east": {"uv": [1, 8.5, 1.5, 11], "texture": "#1"},
				"south": {"uv": [0, 5.5, 1, 8], "texture": "#1"},
				"west": {"uv": [1.5, 8.5, 2, 11], "texture": "#1"},
				"up": {"uv": [10, 4.5, 9, 4], "texture": "#1"},
				"down": {"uv": [10, 4.5, 9, 5], "texture": "#1"}
			}
		},
		{
			"from": [8.5, 1.4, 8.2],
			"to": [10.8, 6.6, 8.9],
			"rotation": {"angle": 0, "axis": "y", "origin": [4.8, 1.4, 7.2]},
			"faces": {
				"north": {"uv": [1, 5.5, 2, 8], "texture": "#1"},
				"east": {"uv": [8.5, 1.5, 9, 4], "texture": "#1"},
				"south": {"uv": [2, 5.5, 3, 8], "texture": "#1"},
				"west": {"uv": [2, 8.5, 2.5, 11], "texture": "#1"},
				"up": {"uv": [10, 5.5, 9, 5], "texture": "#1"},
				"down": {"uv": [10, 5.5, 9, 6], "texture": "#1"}
			}
		},
		{
			"from": [7, 1.4, 7.2],
			"to": [8.8, 6.2, 8.3],
			"rotation": {"angle": 0, "axis": "y", "origin": [3.3, 1, 6.2]},
			"faces": {
				"north": {"uv": [3, 5.5, 4, 8], "texture": "#1"},
				"east": {"uv": [2.5, 8.5, 3, 11], "texture": "#1"},
				"south": {"uv": [5.5, 3.5, 6.5, 6], "texture": "#1"},
				"west": {"uv": [3, 8.5, 3.5, 11], "texture": "#1"},
				"up": {"uv": [8, 9.5, 7, 9], "texture": "#1"},
				"down": {"uv": [9, 9, 8, 9.5], "texture": "#1"}
			}
		},
		{
			"from": [6.1, 1, 8.1],
			"to": [9.7, 6.2, 8.6],
			"rotation": {"angle": 0, "axis": "y", "origin": [2.4, 1, 6.9]},
			"faces": {
				"north": {"uv": [4, 6, 5, 8.5], "texture": "#1"},
				"east": {"uv": [3.5, 8.5, 4, 11], "texture": "#1"},
				"south": {"uv": [5, 6, 6, 8.5], "texture": "#1"},
				"west": {"uv": [4, 8.5, 4.5, 11], "texture": "#1"},
				"up": {"uv": [10, 9, 9, 8.5], "texture": "#1"},
				"down": {"uv": [10, 9, 9, 9.5], "texture": "#1"}
			}
		},
		{
			"from": [4.2, 1, 7.6],
			"to": [6.4, 6.2, 8.4],
			"rotation": {"angle": 0, "axis": "y", "origin": [0.9, 1, 6.5]},
			"faces": {
				"north": {"uv": [6, 6, 7, 8.5], "texture": "#1"},
				"east": {"uv": [4.5, 8.5, 5, 11], "texture": "#1"},
				"south": {"uv": [6.5, 3.5, 7.5, 6], "texture": "#1"},
				"west": {"uv": [5, 8.5, 5.5, 11], "texture": "#1"},
				"up": {"uv": [10.5, 0.5, 9.5, 0], "texture": "#1"},
				"down": {"uv": [10.5, 0.5, 9.5, 1], "texture": "#1"}
			}
		},
		{
			"from": [3.7, 2.4, 6.7],
			"to": [10.3, 6, 9],
			"rotation": {"angle": 0, "axis": "y", "origin": [0, 2, 6.5]},
			"faces": {
				"north": {"uv": [0, 4, 4.5, 5.5], "texture": "#1"},
				"east": {"uv": [0, 8.5, 1, 10], "texture": "#1"},
				"south": {"uv": [4, 0, 8.5, 1.5], "texture": "#1"},
				"west": {"uv": [8.5, 0, 9.5, 1.5], "texture": "#1"},
				"up": {"uv": [8.5, 2.5, 4, 1.5], "texture": "#1"},
				"down": {"uv": [8.5, 2.5, 4, 3.5], "texture": "#1"}
			}
		},
		{
			"from": [3.7, 2.4, 6.7],
			"to": [10.3, 6, 9],
			"rotation": {"angle": 0, "axis": "y", "origin": [0, 2, 6.5]},
			"faces": {
				"north": {"uv": [0, 4, 4.5, 5.5], "texture": "#1"},
				"east": {"uv": [0, 8.5, 1, 10], "texture": "#1"},
				"south": {"uv": [4, 0, 8.5, 1.5], "texture": "#1"},
				"west": {"uv": [8.5, 0, 9.5, 1.5], "texture": "#1"},
				"up": {"uv": [8.5, 2.5, 4, 1.5], "texture": "#1"},
				"down": {"uv": [8.5, 2.5, 4, 3.5], "texture": "#1"}
			}
		},
		{
			"from": [6.1, 1.5, 6.7],
			"to": [12.7, 4.6, 9],
			"rotation": {"angle": 0, "axis": "y", "origin": [2.4, 0.6, 6.5]},
			"faces": {
				"north": {"uv": [0, 4, 4.5, 5.5], "texture": "#1"},
				"east": {"uv": [0, 8.5, 1, 10], "texture": "#1"},
				"south": {"uv": [4, 0, 8.5, 1.5], "texture": "#1"},
				"west": {"uv": [8.5, 0, 9.5, 1.5], "texture": "#1"},
				"up": {"uv": [8.5, 2.5, 4, 1.5], "texture": "#1"},
				"down": {"uv": [8.5, 2.5, 4, 3.5], "texture": "#1"}
			}
		},
		{
			"from": [6.1, 1.4, 6.7],
			"to": [12.7, 4.6, 9],
			"rotation": {"angle": 0, "axis": "y", "origin": [2.4, 0.6, 6.5]},
			"faces": {
				"north": {"uv": [0, 4, 4.5, 5.5], "texture": "#1"},
				"east": {"uv": [0, 8.5, 1, 10], "texture": "#1"},
				"south": {"uv": [4, 0, 8.5, 1.5], "texture": "#1"},
				"west": {"uv": [8.5, 0, 9.5, 1.5], "texture": "#1"},
				"up": {"uv": [8.5, 2.5, 4, 1.5], "texture": "#1"},
				"down": {"uv": [8.5, 2.5, 4, 3.5], "texture": "#1"}
			}
		},
		{
			"from": [10.7, 1.4, 8],
			"to": [12.5, 6.1, 8.6],
			"rotation": {"angle": 0, "axis": "y", "origin": [7, 1, 6.9]},
			"faces": {
				"north": {"uv": [7, 6, 8, 8.5], "texture": "#1"},
				"east": {"uv": [5.5, 8.5, 6, 11], "texture": "#1"},
				"south": {"uv": [7.5, 3.5, 8.5, 6], "texture": "#1"},
				"west": {"uv": [6, 8.5, 6.5, 11], "texture": "#1"},
				"up": {"uv": [10.5, 1.5, 9.5, 1], "texture": "#1"},
				"down": {"uv": [8, 9.5, 7, 10], "texture": "#1"}
			}
		},
		{
			"from": [3.7, 5.5, 8.6],
			"to": [7.9, 6, 10.6],
			"rotation": {"angle": 0, "axis": "y", "origin": [7, 1.5, 8]},
			"faces": {
				"north": {"uv": [7, 8.5, 9, 9], "texture": "#1"},
				"east": {"uv": [8, 9.5, 9, 10], "texture": "#1"},
				"south": {"uv": [9, 1.5, 11, 2], "texture": "#1"},
				"west": {"uv": [9, 9.5, 10, 10], "texture": "#1"},
				"up": {"uv": [10, 7.5, 8, 6.5], "texture": "#1"},
				"down": {"uv": [10, 7.5, 8, 8.5], "texture": "#1"}
			}
		},
		{
			"from": [7.9, 5.5, 9],
			"to": [9.8, 6, 10.2],
			"rotation": {"angle": 0, "axis": "y", "origin": [8.9, 1.5, 8]},
			"faces": {
				"north": {"uv": [9, 2, 10, 2.5], "texture": "#1"},
				"east": {"uv": [4, 3.5, 4.5, 4], "texture": "#1"},
				"south": {"uv": [9, 2.5, 10, 3], "texture": "#1"},
				"west": {"uv": [4, 5.5, 4.5, 6], "texture": "#1"},
				"up": {"uv": [10, 3.5, 9, 3], "texture": "#1"},
				"down": {"uv": [10, 3.5, 9, 4], "texture": "#1"}
			}
		}
	],
	"display": {
		"thirdperson_righthand": {
			"rotation": [52, -20, 0],
			"translation": [0.25, 2.5, 2.5],
			"scale": [0.58, 0.58, 0.58]
		},
		"thirdperson_lefthand": {
			"rotation": [52, -20, 0],
			"translation": [0.25, 2.5, 2.5],
			"scale": [0.58, 0.58, 0.58]
		},
		"firstperson_righthand": {
			"rotation": [16, 145, -4],
			"translation": [-4.75, 8, 2.25]
		},
		"firstperson_lefthand": {
			"rotation": [16, 145, -4],
			"translation": [-4.75, 8, 2.25]
		},
		"ground": {
			"translation": [0, 6.5, 0]
		},
		"gui": {
			"rotation": [39, -39, 0],
			"translation": [0, 4, 0],
			"scale": [1.29, 1.29, 1.29]
		},
		"head": {
			"translation": [0, 19.25, 0],
			"scale": [1.63, 1.63, 1.63]
		},
		"fixed": {
			"rotation": [-90, 0, 0],
			"translation": [0, 0, -13.25],
			"scale": [1.76, 1.76, 1.76]
		}
	}
}