{
	"credit": "Made with Blockbench",
	"texture_size": [32, 32],
	"textures": {
		"0": "custom/stamm/fischerhut",
		"particle": "custom/stamm/fischerhut"
	},
	"elements": [
		{
			"from": [3.25, 0.75, 3.75],
			"to": [8.25, 2.5, 9],
			"rotation": {"angle": 0, "axis": "y", "origin": [6, 0.75, 7]},
			"faces": {
				"north": {"uv": [3, 6, 5.5, 7], "texture": "#0"},
				"east": {"uv": [5, 5, 7.75, 6], "texture": "#0"},
				"south": {"uv": [5.5, 6, 8, 7], "texture": "#0"},
				"west": {"uv": [0, 5.5, 2.75, 6.5], "texture": "#0"},
				"up": {"uv": [2.5, 2.75, 0, 0], "texture": "#0"},
				"down": {"uv": [5, 0, 2.5, 2.75], "texture": "#0"}
			}
		},
		{
			"from": [3.5, 1.5, 4],
			"to": [8, 3, 8.75],
			"rotation": {"angle": 0, "axis": "y", "origin": [6, 1.5, 7]},
			"faces": {
				"north": {"uv": [7, 1, 9.25, 1.75], "texture": "#0"},
				"east": {"uv": [0, 6.5, 2.5, 7.25], "texture": "#0"},
				"south": {"uv": [7, 2, 9.25, 2.75], "texture": "#0"},
				"west": {"uv": [7, 0, 9.5, 0.75], "texture": "#0"},
				"up": {"uv": [2.25, 5.5, 0, 3], "texture": "#0"},
				"down": {"uv": [4.75, 3, 2.5, 5.5], "texture": "#0"}
			}
		},
		{
			"from": [3.75, 2, 4.25],
			"to": [7.75, 3.5, 8.5],
			"rotation": {"angle": 0, "axis": "y", "origin": [6, 2, 7]},
			"faces": {
				"north": {"uv": [7, 4, 9, 4.75], "texture": "#0"},
				"east": {"uv": [2.5, 7, 4.75, 7.75], "texture": "#0"},
				"south": {"uv": [5, 7, 7, 7.75], "texture": "#0"},
				"west": {"uv": [7, 3, 9.25, 3.75], "texture": "#0"},
				"up": {"uv": [7, 2.25, 5, 0], "texture": "#0"},
				"down": {"uv": [7, 2.5, 5, 4.75], "texture": "#0"}
			}
		},
		{
			"from": [2.35, -0.15, 3.25],
			"to": [5.25, 0.2, 4.25],
			"rotation": {"angle": -22.5, "axis": "x", "origin": [3.25, -0.05, 2.25]},
			"faces": {
				"north": {"uv": [3, 8.5, 4.5, 8.75], "texture": "#0"},
				"east": {"uv": [4.5, 5.5, 5, 5.75], "texture": "#0"},
				"south": {"uv": [4.5, 8.5, 6, 8.75], "texture": "#0"},
				"west": {"uv": [2.5, 6.5, 3, 6.75], "texture": "#0"},
				"up": {"uv": [4.5, 6, 3, 5.5], "texture": "#0"},
				"down": {"uv": [8.5, 7, 7, 7.5], "texture": "#0"}
			}
		},
		{
			"from": [5.25, -0.15, 3.25],
			"to": [7.25, 0.2, 4.25],
			"rotation": {"angle": -22.5, "axis": "x", "origin": [5.25, -0.05, 2.25]},
			"faces": {
				"north": {"uv": [8.5, 7.5, 9.5, 7.75], "texture": "#0"},
				"east": {"uv": [2, 7.5, 2.5, 7.75], "texture": "#0"},
				"south": {"uv": [3, 9, 4, 9.25], "texture": "#0"},
				"west": {"uv": [0.5, 9, 1, 9.25], "texture": "#0"},
				"up": {"uv": [4.5, 8.5, 3.5, 8], "texture": "#0"},
				"down": {"uv": [5.5, 8, 4.5, 8.5], "texture": "#0"}
			}
		},
		{
			"from": [7.25, -0.15, 3.25],
			"to": [9.25, 0.2, 4.25],
			"rotation": {"angle": -22.5, "axis": "x", "origin": [7.25, -0.05, 2.25]},
			"faces": {
				"north": {"uv": [4, 9, 5, 9.25], "texture": "#0"},
				"east": {"uv": [2.5, 9.5, 3, 9.75], "texture": "#0"},
				"south": {"uv": [9, 4, 10, 4.25], "texture": "#0"},
				"west": {"uv": [9.5, 2.5, 10, 2.75], "texture": "#0"},
				"up": {"uv": [9, 5.5, 8, 5], "texture": "#0"},
				"down": {"uv": [6.5, 8, 5.5, 8.5], "texture": "#0"}
			}
		},
		{
			"from": [2.3, -0.15, 8.55],
			"to": [5.15, 0.15, 9.55],
			"rotation": {"angle": 22.5, "axis": "x", "origin": [5.15, -0.15, 10.55]},
			"faces": {
				"north": {"uv": [7, 8.5, 8.5, 8.75], "texture": "#0"},
				"east": {"uv": [6, 9.5, 6.5, 9.75], "texture": "#0"},
				"south": {"uv": [8.5, 7, 10, 7.25], "texture": "#0"},
				"west": {"uv": [6.5, 9.5, 7, 9.75], "texture": "#0"},
				"up": {"uv": [8.5, 8, 7, 7.5], "texture": "#0"},
				"down": {"uv": [3.5, 8, 2, 8.5], "texture": "#0"}
			}
		},
		{
			"from": [5.15, -0.15, 8.55],
			"to": [7.15, 0.2, 9.55],
			"rotation": {"angle": 22.5, "axis": "x", "origin": [7.15, -0.05, 10.55]},
			"faces": {
				"north": {"uv": [9, 6.5, 10, 6.75], "texture": "#0"},
				"east": {"uv": [5, 9.5, 5.5, 9.75], "texture": "#0"},
				"south": {"uv": [7.5, 9, 8.5, 9.25], "texture": "#0"},
				"west": {"uv": [5.5, 9.5, 6, 9.75], "texture": "#0"},
				"up": {"uv": [9, 8.5, 8, 8], "texture": "#0"},
				"down": {"uv": [1, 8.5, 0, 9], "texture": "#0"}
			}
		},
		{
			"from": [7.15, -0.15, 8.55],
			"to": [9.15, 0.2, 9.55],
			"rotation": {"angle": 22.5, "axis": "x", "origin": [9.15, -0.15, 10.55]},
			"faces": {
				"north": {"uv": [9, 6, 10, 6.25], "texture": "#0"},
				"east": {"uv": [4, 9.5, 4.5, 9.75], "texture": "#0"},
				"south": {"uv": [6.5, 9, 7.5, 9.25], "texture": "#0"},
				"west": {"uv": [4.5, 9.5, 5, 9.75], "texture": "#0"},
				"up": {"uv": [9, 7, 8, 6.5], "texture": "#0"},
				"down": {"uv": [8, 8, 7, 8.5], "texture": "#0"}
			}
		},
		{
			"from": [8, 0, 7.75],
			"to": [9.1, 0.25, 9.1],
			"rotation": {"angle": -22.5, "axis": "z", "origin": [10.1, 0.1, 7.75]},
			"faces": {
				"north": {"uv": [3.5, 9.5, 4, 9.75], "texture": "#0"},
				"east": {"uv": [9.5, 1, 10.25, 1.25], "texture": "#0"},
				"south": {"uv": [9.5, 3.5, 10, 3.75], "texture": "#0"},
				"west": {"uv": [1.5, 9.5, 2.25, 9.75], "texture": "#0"},
				"up": {"uv": [9, 6.25, 8.5, 5.5], "texture": "#0"},
				"down": {"uv": [6.5, 8.5, 6, 9.25], "texture": "#0"}
			}
		},
		{
			"from": [8, 0, 5.75],
			"to": [9.1, 0.25, 7.75],
			"rotation": {"angle": -22.5, "axis": "z", "origin": [10.1, 0.1, 5.75]},
			"faces": {
				"north": {"uv": [3, 9.5, 3.5, 9.75], "texture": "#0"},
				"east": {"uv": [9, 5, 10, 5.25], "texture": "#0"},
				"south": {"uv": [9.5, 3, 10, 3.25], "texture": "#0"},
				"west": {"uv": [9, 5.5, 10, 5.75], "texture": "#0"},
				"up": {"uv": [8.5, 6.5, 8, 5.5], "texture": "#0"},
				"down": {"uv": [7, 8, 6.5, 9], "texture": "#0"}
			}
		},
		{
			"from": [7.85, 0, 3.75],
			"to": [9.1, 0.25, 5.75],
			"rotation": {"angle": -22.5, "axis": "z", "origin": [10.1, 0.1, 3.75]},
			"faces": {
				"north": {"uv": [0.5, 9.5, 1.25, 9.75], "texture": "#0"},
				"east": {"uv": [9, 4.5, 10, 4.75], "texture": "#0"},
				"south": {"uv": [9.5, 0.5, 10.25, 0.75], "texture": "#0"},
				"west": {"uv": [5, 9, 6, 9.25], "texture": "#0"},
				"up": {"uv": [0.75, 8.5, 0, 7.5], "texture": "#0"},
				"down": {"uv": [1.75, 7.5, 1, 8.5], "texture": "#0"}
			}
		},
		{
			"from": [2.35, 0, 3.65],
			"to": [3.45, 0.25, 5],
			"rotation": {"angle": 22.5, "axis": "z", "origin": [1.35, 0.1, 5]},
			"faces": {
				"north": {"uv": [8.5, 9.5, 9, 9.75], "texture": "#0"},
				"east": {"uv": [9.5, 1.5, 10.25, 1.75], "texture": "#0"},
				"south": {"uv": [9, 9.5, 9.5, 9.75], "texture": "#0"},
				"west": {"uv": [9.5, 2, 10.25, 2.25], "texture": "#0"},
				"up": {"uv": [9, 9.25, 8.5, 8.5], "texture": "#0"},
				"down": {"uv": [0.5, 9, 0, 9.75], "texture": "#0"}
			}
		},
		{
			"from": [2.35, 0, 5],
			"to": [3.55, 0.25, 7],
			"rotation": {"angle": 22.5, "axis": "z", "origin": [1.35, 0.1, 7]},
			"faces": {
				"north": {"uv": [9.5, 7.5, 10, 7.75], "texture": "#0"},
				"east": {"uv": [9, 9, 10, 9.25], "texture": "#0"},
				"south": {"uv": [8, 9.5, 8.5, 9.75], "texture": "#0"},
				"west": {"uv": [9.5, 0, 10.5, 0.25], "texture": "#0"},
				"up": {"uv": [2.5, 9.5, 2, 8.5], "texture": "#0"},
				"down": {"uv": [3, 8.5, 2.5, 9.5], "texture": "#0"}
			}
		},
		{
			"from": [2.35, 0, 7],
			"to": [3.45, 0.25, 9],
			"rotation": {"angle": 22.5, "axis": "z", "origin": [1.35, 0.1, 9]},
			"faces": {
				"north": {"uv": [7, 9.5, 7.5, 9.75], "texture": "#0"},
				"east": {"uv": [9, 8, 10, 8.25], "texture": "#0"},
				"south": {"uv": [7.5, 9.5, 8, 9.75], "texture": "#0"},
				"west": {"uv": [9, 8.5, 10, 8.75], "texture": "#0"},
				"up": {"uv": [1.5, 9.5, 1, 8.5], "texture": "#0"},
				"down": {"uv": [2, 8.5, 1.5, 9.5], "texture": "#0"}
			}
		}
	],
	"display": {
		"thirdperson_righthand": {
			"rotation": [27, 40, 0],
			"translation": [2.5, 6.25, 2.75]
		},
		"thirdperson_lefthand": {
			"rotation": [27, 40, 0],
			"translation": [0, 6.25, 5]
		},
		"firstperson_righthand": {
			"rotation": [0, -164, 0],
			"translation": [0, 9.5, 1]
		},
		"firstperson_lefthand": {
			"rotation": [0, -164, 0],
			"translation": [0, 9.5, 1]
		},
		"ground": {
			"translation": [3.25, 10, 2],
			"scale": [1.6, 1.6, 1.6]
		},
		"gui": {
			"rotation": [0, -79, 0],
			"translation": [-1.75, 10, 0],
			"scale": [1.56, 1.56, 1.56]
		},
		"head": {
			"rotation": [0, 90, 0],
			"translation": [4.75, 22, -6.75],
			"scale": [2.97, 2.97, 2.97]
		},
		"fixed": {
			"rotation": [-90, 0, 0],
			"translation": [9.5, 6.25, -30.5],
			"scale": [4, 4, 4]
		}
	}
}