{
	"credit": "Made with Blockbench",
	"texture_size": [32, 32],
	"textures": {
		"0": "custom/stamm/mickey",
		"1": "custom/stamm/maus",
		"particle": "custom/stamm/mickey"
	},
	"elements": [
		{
			"from": [6.2, 0.8, 5.5],
			"to": [8, 0.9, 7],
			"rotation": {"angle": 22.5, "axis": "y", "origin": [6.1, 0.9, 6.6]},
			"faces": {
				"north": {"uv": [12, 0, 14, 1], "texture": "#0"},
				"east": {"uv": [12, 1, 14, 2], "texture": "#0"},
				"south": {"uv": [2, 12, 4, 13], "texture": "#0"},
				"west": {"uv": [12, 2, 14, 3], "texture": "#0"},
				"up": {"uv": [8, 8, 6, 6], "texture": "#0"},
				"down": {"uv": [2, 7, 0, 9], "texture": "#0"}
			}
		},
		{
			"from": [6.2, 0.1, 5.5],
			"to": [8, 0.8, 8.5],
			"rotation": {"angle": 22.5, "axis": "y", "origin": [6.1, 0, 6.6]},
			"faces": {
				"north": {"uv": [11, 11, 13, 12], "texture": "#0"},
				"east": {"uv": [9, 0, 12, 1], "texture": "#0"},
				"south": {"uv": [0, 12, 2, 13], "texture": "#0"},
				"west": {"uv": [9, 1, 12, 2], "texture": "#0"},
				"up": {"uv": [2, 7, 0, 4], "texture": "#0"},
				"down": {"uv": [6, 0, 4, 3], "texture": "#0"}
			}
		},
		{
			"from": [9.2, 0.8, 5.5],
			"to": [11, 0.9, 6.9],
			"rotation": {"angle": -22.5, "axis": "y", "origin": [11.1, 0.9, 6.6]},
			"faces": {
				"north": {"uv": [12, 5, 14, 6], "texture": "#0"},
				"east": {"uv": [7, 12, 9, 13], "texture": "#0"},
				"south": {"uv": [11, 12, 13, 13], "texture": "#0"},
				"west": {"uv": [0, 13, 2, 14], "texture": "#0"},
				"up": {"uv": [4, 9, 2, 7], "texture": "#0"},
				"down": {"uv": [6, 8, 4, 10], "texture": "#0"}
			}
		},
		{
			"from": [9.2, 0.1, 5.5],
			"to": [11, 0.8, 8.5],
			"rotation": {"angle": -22.5, "axis": "y", "origin": [11.1, 0, 6.6]},
			"faces": {
				"north": {"uv": [2, 13, 4, 14], "texture": "#0"},
				"east": {"uv": [9, 2, 12, 3], "texture": "#0"},
				"south": {"uv": [13, 3, 15, 4], "texture": "#0"},
				"west": {"uv": [9, 3, 12, 4], "texture": "#0"},
				"up": {"uv": [4, 7, 2, 4], "texture": "#0"},
				"down": {"uv": [6, 3, 4, 6], "texture": "#0"}
			}
		},
		{
			"from": [5.9, 4, 7.1],
			"to": [6.5, 6.5, 7.7],
			"rotation": {"angle": -22.5, "axis": "z", "origin": [4.5, 4.5, 7.1]},
			"faces": {
				"north": {"uv": [0, 0, 1, 3], "texture": "#1"},
				"east": {"uv": [1, 0, 2, 3], "texture": "#1"},
				"south": {"uv": [2, 0, 3, 3], "texture": "#1"},
				"west": {"uv": [0, 3, 1, 6], "texture": "#1"},
				"up": {"uv": [5, 1, 4, 0], "texture": "#1"},
				"down": {"uv": [5, 1, 4, 2], "texture": "#1"}
			}
		},
		{
			"from": [10.7, 4, 7.1],
			"to": [11.3, 6.5, 7.7],
			"rotation": {"angle": 22.5, "axis": "z", "origin": [12.7, 4.5, 7.1]},
			"faces": {
				"north": {"uv": [3, 0, 4, 3], "texture": "#1"},
				"east": {"uv": [1, 3, 2, 6], "texture": "#1"},
				"south": {"uv": [2, 3, 3, 6], "texture": "#1"},
				"west": {"uv": [3, 3, 4, 6], "texture": "#1"},
				"up": {"uv": [5, 7, 4, 6], "texture": "#1"},
				"down": {"uv": [7, 4, 6, 5], "texture": "#1"}
			}
		},
		{
			"from": [4.7, 4, 6.8],
			"to": [6, 4.5, 8.1],
			"rotation": {"angle": -22.5, "axis": "z", "origin": [3.6, 2.5, 7.1]},
			"faces": {
				"north": {"uv": [4, 2, 5, 3], "texture": "#1"},
				"east": {"uv": [4, 3, 5, 4], "texture": "#1"},
				"south": {"uv": [4, 4, 5, 5], "texture": "#1"},
				"west": {"uv": [5, 0, 6, 1], "texture": "#1"},
				"up": {"uv": [6, 2, 5, 1], "texture": "#1"},
				"down": {"uv": [6, 2, 5, 3], "texture": "#1"}
			}
		},
		{
			"from": [4.6, 3.2, 6.8],
			"to": [4.9, 4, 8.1],
			"rotation": {"angle": -22.5, "axis": "z", "origin": [3.5, 2, 7.1]},
			"faces": {
				"north": {"uv": [1, 6, 2, 7], "texture": "#1"},
				"east": {"uv": [6, 1, 7, 2], "texture": "#1"},
				"south": {"uv": [2, 6, 3, 7], "texture": "#1"},
				"west": {"uv": [6, 2, 7, 3], "texture": "#1"},
				"up": {"uv": [4, 7, 3, 6], "texture": "#1"},
				"down": {"uv": [7, 3, 6, 4], "texture": "#1"}
			}
		},
		{
			"from": [5.4, 3.4, 6.9],
			"to": [5.8, 4.1, 7.3],
			"rotation": {"angle": -22.5, "axis": "z", "origin": [3.4, 2.1, 7.2]},
			"faces": {
				"north": {"uv": [5, 3, 6, 4], "texture": "#1"},
				"east": {"uv": [4, 5, 5, 6], "texture": "#1"},
				"south": {"uv": [5, 4, 6, 5], "texture": "#1"},
				"west": {"uv": [5, 5, 6, 6], "texture": "#1"},
				"up": {"uv": [1, 7, 0, 6], "texture": "#1"},
				"down": {"uv": [7, 0, 6, 1], "texture": "#1"}
			}
		},
		{
			"from": [11.2, 4, 6.8],
			"to": [12.5, 4.5, 8.1],
			"rotation": {"angle": 22.5, "axis": "z", "origin": [13.6, 2.5, 7.1]},
			"faces": {
				"north": {"uv": [5, 6, 6, 7], "texture": "#1"},
				"east": {"uv": [6, 5, 7, 6], "texture": "#1"},
				"south": {"uv": [6, 6, 7, 7], "texture": "#1"},
				"west": {"uv": [0, 7, 1, 8], "texture": "#1"},
				"up": {"uv": [8, 1, 7, 0], "texture": "#1"},
				"down": {"uv": [2, 7, 1, 8], "texture": "#1"}
			}
		},
		{
			"from": [12.3, 3.2, 6.8],
			"to": [12.6, 4, 8.1],
			"rotation": {"angle": 22.5, "axis": "z", "origin": [13.7, 2, 7.1]},
			"faces": {
				"north": {"uv": [7, 1, 8, 2], "texture": "#1"},
				"east": {"uv": [2, 7, 3, 8], "texture": "#1"},
				"south": {"uv": [7, 2, 8, 3], "texture": "#1"},
				"west": {"uv": [3, 7, 4, 8], "texture": "#1"},
				"up": {"uv": [8, 4, 7, 3], "texture": "#1"},
				"down": {"uv": [5, 7, 4, 8], "texture": "#1"}
			}
		},
		{
			"from": [11.4, 3.4, 6.9],
			"to": [11.8, 4.1, 7.3],
			"rotation": {"angle": 22.5, "axis": "z", "origin": [13.8, 2.1, 7.2]},
			"faces": {
				"north": {"uv": [7, 4, 8, 5], "texture": "#1"},
				"east": {"uv": [5, 7, 6, 8], "texture": "#1"},
				"south": {"uv": [7, 5, 8, 6], "texture": "#1"},
				"west": {"uv": [6, 7, 7, 8], "texture": "#1"},
				"up": {"uv": [8, 7, 7, 6], "texture": "#1"},
				"down": {"uv": [8, 7, 7, 8], "texture": "#1"}
			}
		},
		{
			"from": [7.1, 0.7, 6.8],
			"to": [7.9, 2.3, 7.7],
			"rotation": {"angle": 0, "axis": "y", "origin": [6.1, 0.8, 6]},
			"faces": {
				"north": {"uv": [12, 3, 13, 5], "texture": "#0"},
				"east": {"uv": [4, 12, 5, 14], "texture": "#0"},
				"south": {"uv": [5, 12, 6, 14], "texture": "#0"},
				"west": {"uv": [6, 12, 7, 14], "texture": "#0"},
				"up": {"uv": [7, 15, 6, 14], "texture": "#0"},
				"down": {"uv": [15, 7, 14, 8], "texture": "#0"}
			}
		},
		{
			"from": [6.9, 1.5, 6.6],
			"to": [8.1, 2.7, 7.9],
			"rotation": {"angle": 0, "axis": "y", "origin": [6.1, 1.8, 6]},
			"faces": {
				"north": {"uv": [14, 8, 15, 9], "texture": "#0"},
				"east": {"uv": [14, 9, 15, 10], "texture": "#0"},
				"south": {"uv": [14, 10, 15, 11], "texture": "#0"},
				"west": {"uv": [14, 11, 15, 12], "texture": "#0"},
				"up": {"uv": [13, 15, 12, 14], "texture": "#0"},
				"down": {"uv": [14, 14, 13, 15], "texture": "#0"}
			}
		},
		{
			"from": [9, 1.5, 6.6],
			"to": [10.2, 2.7, 7.9],
			"rotation": {"angle": 0, "axis": "y", "origin": [11, 1.8, 6]},
			"faces": {
				"north": {"uv": [0, 15, 1, 16], "texture": "#0"},
				"east": {"uv": [1, 15, 2, 16], "texture": "#0"},
				"south": {"uv": [2, 15, 3, 16], "texture": "#0"},
				"west": {"uv": [3, 15, 4, 16], "texture": "#0"},
				"up": {"uv": [16, 4, 15, 3], "texture": "#0"},
				"down": {"uv": [16, 4, 15, 5], "texture": "#0"}
			}
		},
		{
			"from": [6.8, 2.2, 6.5],
			"to": [10.3, 3.7, 8],
			"rotation": {"angle": 0, "axis": "y", "origin": [11, 2.4, 6]},
			"faces": {
				"north": {"uv": [2, 10, 5, 11], "texture": "#0"},
				"east": {"uv": [6, 15, 7, 16], "texture": "#0"},
				"south": {"uv": [5, 10, 8, 11], "texture": "#0"},
				"west": {"uv": [7, 15, 8, 16], "texture": "#0"},
				"up": {"uv": [13, 7, 10, 6], "texture": "#0"},
				"down": {"uv": [13, 7, 10, 8], "texture": "#0"}
			}
		},
		{
			"from": [6.9, 3.6, 6.7],
			"to": [10.2, 5.6, 7.9],
			"rotation": {"angle": 0, "axis": "y", "origin": [11, 3.7, 6]},
			"faces": {
				"north": {"uv": [6, 0, 9, 2], "texture": "#0"},
				"east": {"uv": [9, 13, 10, 15], "texture": "#0"},
				"south": {"uv": [6, 2, 9, 4], "texture": "#0"},
				"west": {"uv": [10, 13, 11, 15], "texture": "#0"},
				"up": {"uv": [11, 11, 8, 10], "texture": "#0"},
				"down": {"uv": [13, 8, 10, 9], "texture": "#0"}
			}
		},
		{
			"from": [7.9, 5.6, 6.7],
			"to": [9.2, 5.9, 7.9],
			"rotation": {"angle": 0, "axis": "y", "origin": [11, 4, 6]},
			"faces": {
				"north": {"uv": [6, 0, 9, 2], "texture": "#0"},
				"east": {"uv": [9, 13, 10, 15], "texture": "#0"},
				"south": {"uv": [6, 2, 9, 4], "texture": "#0"},
				"west": {"uv": [10, 13, 11, 15], "texture": "#0"},
				"up": {"uv": [11, 11, 8, 10], "texture": "#0"},
				"down": {"uv": [13, 8, 10, 9], "texture": "#0"}
			}
		},
		{
			"from": [7.5, 3.7, 6.5],
			"to": [9.5, 5, 7.2],
			"rotation": {"angle": 0, "axis": "y", "origin": [11, 3.8, 5.3]},
			"faces": {
				"north": {"uv": [14, 0, 16, 1], "texture": "#0"},
				"east": {"uv": [15, 7, 16, 8], "texture": "#0"},
				"south": {"uv": [14, 1, 16, 2], "texture": "#0"},
				"west": {"uv": [8, 15, 9, 16], "texture": "#0"},
				"up": {"uv": [4, 15, 2, 14], "texture": "#0"},
				"down": {"uv": [16, 2, 14, 3], "texture": "#0"}
			}
		},
		{
			"from": [6.6, 6, 6.3],
			"to": [10.4, 7.6, 8.3],
			"rotation": {"angle": 0, "axis": "y", "origin": [11, 6.1, 6]},
			"faces": {
				"north": {"uv": [0, 0, 4, 2], "texture": "#0"},
				"east": {"uv": [13, 10, 14, 12], "texture": "#0"},
				"south": {"uv": [0, 2, 4, 4], "texture": "#0"},
				"west": {"uv": [11, 13, 12, 15], "texture": "#0"},
				"up": {"uv": [12, 5, 8, 4], "texture": "#0"},
				"down": {"uv": [12, 5, 8, 6], "texture": "#0"}
			}
		},
		{
			"from": [7.3, 5.8, 6.3],
			"to": [9.7, 6, 8.3],
			"rotation": {"angle": 0, "axis": "y", "origin": [11, 5.9, 6]},
			"faces": {
				"north": {"uv": [0, 0, 4, 2], "texture": "#0"},
				"east": {"uv": [0, 0, 0.875, 1.75], "texture": "#0"},
				"south": {"uv": [0, 0, 4, 2], "texture": "#0"},
				"west": {"uv": [0.125, 0, 1.125, 1.625], "texture": "#0"},
				"up": {"uv": [12, 5, 8, 4], "texture": "#0"},
				"down": {"uv": [12, 5, 8, 6], "texture": "#0"}
			}
		},
		{
			"from": [7.2, 7.6, 6.7],
			"to": [9.8, 8.6, 7.9],
			"rotation": {"angle": 0, "axis": "y", "origin": [11, 7.1, 6]},
			"faces": {
				"north": {"uv": [10, 9, 13, 10], "texture": "#0"},
				"east": {"uv": [15, 11, 16, 12], "texture": "#0"},
				"south": {"uv": [0, 11, 3, 12], "texture": "#0"},
				"west": {"uv": [12, 15, 13, 16], "texture": "#0"},
				"up": {"uv": [6, 12, 3, 11], "texture": "#0"},
				"down": {"uv": [9, 11, 6, 12], "texture": "#0"}
			}
		},
		{
			"from": [9.4, 8.3, 6.9],
			"to": [11.2, 10, 8.1],
			"rotation": {"angle": 0, "axis": "y", "origin": [13.6, 8.1, 6.2]},
			"faces": {
				"north": {"uv": [8, 8, 10, 10], "texture": "#0"},
				"east": {"uv": [4, 14, 5, 16], "texture": "#0"},
				"south": {"uv": [0, 9, 2, 11], "texture": "#0"},
				"west": {"uv": [5, 14, 6, 16], "texture": "#0"},
				"up": {"uv": [16, 6, 14, 5], "texture": "#0"},
				"down": {"uv": [16, 6, 14, 7], "texture": "#0"}
			}
		},
		{
			"from": [5.7, 8.3, 6.9],
			"to": [7.5, 10, 8.1],
			"rotation": {"angle": 0, "axis": "y", "origin": [3.3, 8.1, 6.2]},
			"faces": {
				"north": {"uv": [4, 6, 6, 8], "texture": "#0"},
				"east": {"uv": [9, 11, 10, 13], "texture": "#0"},
				"south": {"uv": [6, 4, 8, 6], "texture": "#0"},
				"west": {"uv": [10, 11, 11, 13], "texture": "#0"},
				"up": {"uv": [4, 10, 2, 9], "texture": "#0"},
				"down": {"uv": [13, 10, 11, 11], "texture": "#0"}
			}
		},
		{
			"from": [7.6, 6, 5],
			"to": [9.4, 7.1, 6.9],
			"rotation": {"angle": 0, "axis": "y", "origin": [11, 6.1, 5]},
			"faces": {
				"north": {"uv": [13, 4, 15, 5], "texture": "#0"},
				"east": {"uv": [12, 13, 14, 14], "texture": "#0"},
				"south": {"uv": [13, 12, 15, 13], "texture": "#0"},
				"west": {"uv": [0, 14, 2, 15], "texture": "#0"},
				"up": {"uv": [8, 10, 6, 8], "texture": "#0"},
				"down": {"uv": [10, 6, 8, 8], "texture": "#0"}
			}
		},
		{
			"from": [8.1, 6.8, 4.7],
			"to": [8.9, 7.3, 5.3],
			"rotation": {"angle": 0, "axis": "y", "origin": [11, 6.9, 4.7]},
			"faces": {
				"north": {"uv": [15, 8, 16, 9], "texture": "#0"},
				"east": {"uv": [9, 15, 10, 16], "texture": "#0"},
				"south": {"uv": [15, 9, 16, 10], "texture": "#0"},
				"west": {"uv": [10, 15, 11, 16], "texture": "#0"},
				"up": {"uv": [16, 11, 15, 10], "texture": "#0"},
				"down": {"uv": [12, 15, 11, 16], "texture": "#0"}
			}
		},
		{
			"from": [9.2, 0.7, 6.8],
			"to": [10, 2.3, 7.7],
			"rotation": {"angle": 0, "axis": "y", "origin": [11, 0.8, 6]},
			"faces": {
				"north": {"uv": [13, 6, 14, 8], "texture": "#0"},
				"east": {"uv": [7, 13, 8, 15], "texture": "#0"},
				"south": {"uv": [8, 13, 9, 15], "texture": "#0"},
				"west": {"uv": [13, 8, 14, 10], "texture": "#0"},
				"up": {"uv": [15, 14, 14, 13], "texture": "#0"},
				"down": {"uv": [15, 14, 14, 15], "texture": "#0"}
			}
		}
	],
	"display": {
		"thirdperson_righthand": {
			"rotation": [35, 0, 0],
			"translation": [-0.75, 4, 3.5],
			"scale": [1.34, 1.34, 1.34]
		},
		"thirdperson_lefthand": {
			"rotation": [35, 0, 0],
			"translation": [-0.75, 4, 3.5],
			"scale": [1.34, 1.34, 1.34]
		},
		"firstperson_righthand": {
			"translation": [-2.25, 6.5, 5.25]
		},
		"firstperson_lefthand": {
			"translation": [-2.25, 6.5, 5.25]
		},
		"ground": {
			"translation": [0, 5.5, 0]
		},
		"gui": {
			"rotation": [0, 180, 0],
			"translation": [0.75, 3, 0],
			"scale": [1.07, 1.07, 1.07]
		},
		"head": {
			"translation": [-1.5, 22.5, 0],
			"scale": [2.05, 2.05, 2.05]
		},
		"fixed": {
			"rotation": [-90, 0, 0],
			"translation": [-2.25, 3, -23.75],
			"scale": [3.04, 3.04, 3.04]
		}
	},
	"groups": [
		{
			"name": "group",
			"origin": [6, 0, 6],
			"color": 0,
			"children": [0, 1]
		},
		{
			"name": "group",
			"origin": [6, 0, 6],
			"color": 0,
			"children": [
				2,
				3,
				{
					"name": "group",
					"origin": [4.2, 4, 6],
					"color": 0,
					"children": [4]
				},
				{
					"name": "group",
					"origin": [4.2, 4, 6],
					"color": 0,
					"children": [5]
				}
			]
		},
		{
			"name": "group",
			"origin": [1.1, 1, 7.2],
			"color": 0,
			"children": [6, 7, 8]
		},
		{
			"name": "group",
			"origin": [1.1, 1, 7.2],
			"color": 0,
			"children": [9, 10, 11]
		},
		12,
		13,
		14,
		15,
		16,
		17,
		18,
		19,
		20,
		21,
		22,
		23,
		24,
		25,
		26
	]
}