{
	"credit": "Made with Blockbench",
	"textures": {
		"0": "custom/stamm/pfanne",
		"1": "custom/stamm/nudeln",
		"2": "custom/stamm/loeffel",
		"particle": "custom/stamm/pfanne"
	},
	"elements": [
		{
			"from": [7, 0, 3],
			"to": [9, 1, 12],
			"rotation": {"angle": 0, "axis": "y", "origin": [7, 0, 7]},
			"faces": {
				"north": {"uv": [6.5, 3.5, 7.5, 4], "texture": "#0"},
				"east": {"uv": [2, 0, 6.5, 0.5], "texture": "#0"},
				"south": {"uv": [4, 6.5, 5, 7], "texture": "#0"},
				"west": {"uv": [2, 0.5, 6.5, 1], "texture": "#0"},
				"up": {"uv": [1, 4.5, 0, 0], "texture": "#0"},
				"down": {"uv": [2, 0, 1, 4.5], "texture": "#0"}
			}
		},
		{
			"from": [9, 0, 4],
			"to": [10, 1, 11],
			"rotation": {"angle": 0, "axis": "y", "origin": [9, 0, 7]},
			"faces": {
				"north": {"uv": [1, 7, 1.5, 7.5], "texture": "#0"},
				"east": {"uv": [2, 1, 5.5, 1.5], "texture": "#0"},
				"south": {"uv": [7, 7, 7.5, 7.5], "texture": "#0"},
				"west": {"uv": [2, 1.5, 5.5, 2], "texture": "#0"},
				"up": {"uv": [2.5, 5.5, 2, 2], "texture": "#0"},
				"down": {"uv": [3, 2, 2.5, 5.5], "texture": "#0"}
			}
		},
		{
			"from": [10, 0, 5],
			"to": [11, 1, 10],
			"rotation": {"angle": 0, "axis": "y", "origin": [10, 0, 7]},
			"faces": {
				"north": {"uv": [0, 7.5, 0.5, 8], "texture": "#0"},
				"east": {"uv": [4, 3, 6.5, 3.5], "texture": "#0"},
				"south": {"uv": [0.5, 7.5, 1, 8], "texture": "#0"},
				"west": {"uv": [4, 3.5, 6.5, 4], "texture": "#0"},
				"up": {"uv": [4.5, 6.5, 4, 4], "texture": "#0"},
				"down": {"uv": [0.5, 4.5, 0, 7], "texture": "#0"}
			}
		},
		{
			"from": [5, 0, 5],
			"to": [6, 1, 10],
			"rotation": {"angle": 0, "axis": "y", "origin": [5, 0, 7]},
			"faces": {
				"north": {"uv": [2, 7.5, 2.5, 8], "texture": "#0"},
				"east": {"uv": [4.5, 4, 7, 4.5], "texture": "#0"},
				"south": {"uv": [2.5, 7.5, 3, 8], "texture": "#0"},
				"west": {"uv": [4.5, 4.5, 7, 5], "texture": "#0"},
				"up": {"uv": [1, 7, 0.5, 4.5], "texture": "#0"},
				"down": {"uv": [1.5, 4.5, 1, 7], "texture": "#0"}
			}
		},
		{
			"from": [4, 0, 6],
			"to": [5, 1, 9],
			"rotation": {"angle": 0, "axis": "y", "origin": [4, 0, 7]},
			"faces": {
				"north": {"uv": [7.5, 3.5, 8, 4], "texture": "#0"},
				"east": {"uv": [4.5, 5, 6, 5.5], "texture": "#0"},
				"south": {"uv": [4, 7.5, 4.5, 8], "texture": "#0"},
				"west": {"uv": [5.5, 1, 7, 1.5], "texture": "#0"},
				"up": {"uv": [2, 6, 1.5, 4.5], "texture": "#0"},
				"down": {"uv": [2.5, 5.5, 2, 7], "texture": "#0"}
			}
		},
		{
			"from": [4.6, 1, 9],
			"to": [5.6, 2, 10],
			"rotation": {"angle": 0, "axis": "y", "origin": [4.6, 1, 10]},
			"faces": {
				"north": {"uv": [7.5, 5, 8, 5.5], "texture": "#0"},
				"east": {"uv": [5.5, 7.5, 6, 8], "texture": "#0"},
				"south": {"uv": [7.5, 5.5, 8, 6], "texture": "#0"},
				"west": {"uv": [6, 7.5, 6.5, 8], "texture": "#0"},
				"up": {"uv": [8, 6.5, 7.5, 6], "texture": "#0"},
				"down": {"uv": [7, 7.5, 6.5, 8], "texture": "#0"}
			}
		},
		{
			"from": [4.6, 1, 5],
			"to": [5.6, 2, 6],
			"rotation": {"angle": 0, "axis": "y", "origin": [4.6, 1, 6]},
			"faces": {
				"north": {"uv": [4, 8, 4.5, 8.5], "texture": "#0"},
				"east": {"uv": [8, 4, 8.5, 4.5], "texture": "#0"},
				"south": {"uv": [4.5, 8, 5, 8.5], "texture": "#0"},
				"west": {"uv": [8, 4.5, 8.5, 5], "texture": "#0"},
				"up": {"uv": [5.5, 8.5, 5, 8], "texture": "#0"},
				"down": {"uv": [8.5, 5, 8, 5.5], "texture": "#0"}
			}
		},
		{
			"from": [3.6, 1, 6],
			"to": [4.6, 2, 9],
			"rotation": {"angle": 0, "axis": "y", "origin": [3.6, 1, 7]},
			"faces": {
				"north": {"uv": [5.5, 8, 6, 8.5], "texture": "#0"},
				"east": {"uv": [4.5, 6, 6, 6.5], "texture": "#0"},
				"south": {"uv": [8, 5.5, 8.5, 6], "texture": "#0"},
				"west": {"uv": [6, 5, 7.5, 5.5], "texture": "#0"},
				"up": {"uv": [6.5, 7, 6, 5.5], "texture": "#0"},
				"down": {"uv": [7, 2, 6.5, 3.5], "texture": "#0"}
			}
		},
		{
			"from": [5.6, 1, 10],
			"to": [6.6, 2, 11],
			"rotation": {"angle": 0, "axis": "y", "origin": [5.6, 1, 11]},
			"faces": {
				"north": {"uv": [7.5, 6.5, 8, 7], "texture": "#0"},
				"east": {"uv": [7, 7.5, 7.5, 8], "texture": "#0"},
				"south": {"uv": [7.5, 7, 8, 7.5], "texture": "#0"},
				"west": {"uv": [7.5, 7.5, 8, 8], "texture": "#0"},
				"up": {"uv": [0.5, 8.5, 0, 8], "texture": "#0"},
				"down": {"uv": [8.5, 0, 8, 0.5], "texture": "#0"}
			}
		},
		{
			"from": [5.6, 1, 4],
			"to": [6.6, 2, 5],
			"rotation": {"angle": 0, "axis": "y", "origin": [5.6, 1, 5]},
			"faces": {
				"north": {"uv": [2.5, 8, 3, 8.5], "texture": "#0"},
				"east": {"uv": [8, 2.5, 8.5, 3], "texture": "#0"},
				"south": {"uv": [3, 8, 3.5, 8.5], "texture": "#0"},
				"west": {"uv": [8, 3, 8.5, 3.5], "texture": "#0"},
				"up": {"uv": [4, 8.5, 3.5, 8], "texture": "#0"},
				"down": {"uv": [8.5, 3.5, 8, 4], "texture": "#0"}
			}
		},
		{
			"from": [6.6, 1, 3],
			"to": [7.6, 2, 4],
			"rotation": {"angle": 0, "axis": "y", "origin": [6.6, 1, 4]},
			"faces": {
				"north": {"uv": [6, 8, 6.5, 8.5], "texture": "#0"},
				"east": {"uv": [8, 6, 8.5, 6.5], "texture": "#0"},
				"south": {"uv": [6.5, 8, 7, 8.5], "texture": "#0"},
				"west": {"uv": [8, 6.5, 8.5, 7], "texture": "#0"},
				"up": {"uv": [7.5, 8.5, 7, 8], "texture": "#0"},
				"down": {"uv": [8.5, 7, 8, 7.5], "texture": "#0"}
			}
		},
		{
			"from": [6.6, 1, 11],
			"to": [7.6, 2, 12],
			"rotation": {"angle": 0, "axis": "y", "origin": [6.6, 1, 12]},
			"faces": {
				"north": {"uv": [0.5, 8, 1, 8.5], "texture": "#0"},
				"east": {"uv": [8, 0.5, 8.5, 1], "texture": "#0"},
				"south": {"uv": [1, 8, 1.5, 8.5], "texture": "#0"},
				"west": {"uv": [8, 1, 8.5, 1.5], "texture": "#0"},
				"up": {"uv": [2, 8.5, 1.5, 8], "texture": "#0"},
				"down": {"uv": [8.5, 1.5, 8, 2], "texture": "#0"}
			}
		},
		{
			"from": [10.5, 1, 9],
			"to": [11.5, 2, 10],
			"rotation": {"angle": 0, "axis": "y", "origin": [11.5, 1, 10]},
			"faces": {
				"north": {"uv": [8.5, 7, 9, 7.5], "texture": "#0"},
				"east": {"uv": [7.5, 8.5, 8, 9], "texture": "#0"},
				"south": {"uv": [8.5, 7.5, 9, 8], "texture": "#0"},
				"west": {"uv": [8, 8.5, 8.5, 9], "texture": "#0"},
				"up": {"uv": [9, 8.5, 8.5, 8], "texture": "#0"},
				"down": {"uv": [9, 8.5, 8.5, 9], "texture": "#0"}
			}
		},
		{
			"from": [9.5, 1, 10],
			"to": [10.5, 2, 11],
			"rotation": {"angle": 0, "axis": "y", "origin": [10.5, 1, 11]},
			"faces": {
				"north": {"uv": [8.5, 5.5, 9, 6], "texture": "#0"},
				"east": {"uv": [6, 8.5, 6.5, 9], "texture": "#0"},
				"south": {"uv": [8.5, 6, 9, 6.5], "texture": "#0"},
				"west": {"uv": [6.5, 8.5, 7, 9], "texture": "#0"},
				"up": {"uv": [9, 7, 8.5, 6.5], "texture": "#0"},
				"down": {"uv": [7.5, 8.5, 7, 9], "texture": "#0"}
			}
		},
		{
			"from": [8.5, 1, 11],
			"to": [9.5, 2, 12],
			"rotation": {"angle": 0, "axis": "y", "origin": [9.5, 1, 12]},
			"faces": {
				"north": {"uv": [8.5, 4, 9, 4.5], "texture": "#0"},
				"east": {"uv": [4.5, 8.5, 5, 9], "texture": "#0"},
				"south": {"uv": [8.5, 4.5, 9, 5], "texture": "#0"},
				"west": {"uv": [5, 8.5, 5.5, 9], "texture": "#0"},
				"up": {"uv": [9, 5.5, 8.5, 5], "texture": "#0"},
				"down": {"uv": [6, 8.5, 5.5, 9], "texture": "#0"}
			}
		},
		{
			"from": [9.5, 1, 4],
			"to": [10.5, 2, 5],
			"rotation": {"angle": 0, "axis": "y", "origin": [10.5, 1, 5]},
			"faces": {
				"north": {"uv": [8.5, 2.5, 9, 3], "texture": "#0"},
				"east": {"uv": [3, 8.5, 3.5, 9], "texture": "#0"},
				"south": {"uv": [8.5, 3, 9, 3.5], "texture": "#0"},
				"west": {"uv": [3.5, 8.5, 4, 9], "texture": "#0"},
				"up": {"uv": [9, 4, 8.5, 3.5], "texture": "#0"},
				"down": {"uv": [4.5, 8.5, 4, 9], "texture": "#0"}
			}
		},
		{
			"from": [10.5, 1, 5],
			"to": [11.5, 2, 6],
			"rotation": {"angle": 0, "axis": "y", "origin": [11.5, 1, 6]},
			"faces": {
				"north": {"uv": [8.5, 1, 9, 1.5], "texture": "#0"},
				"east": {"uv": [1.5, 8.5, 2, 9], "texture": "#0"},
				"south": {"uv": [8.5, 1.5, 9, 2], "texture": "#0"},
				"west": {"uv": [2, 8.5, 2.5, 9], "texture": "#0"},
				"up": {"uv": [9, 2.5, 8.5, 2], "texture": "#0"},
				"down": {"uv": [3, 8.5, 2.5, 9], "texture": "#0"}
			}
		},
		{
			"from": [11.1, 1, 6],
			"to": [12.1, 2, 9],
			"rotation": {"angle": 0, "axis": "y", "origin": [12.1, 1, 7]},
			"faces": {
				"north": {"uv": [8.5, 0.5, 9, 1], "texture": "#0"},
				"east": {"uv": [6.5, 0, 8, 0.5], "texture": "#0"},
				"south": {"uv": [1, 8.5, 1.5, 9], "texture": "#0"},
				"west": {"uv": [6.5, 0.5, 8, 1], "texture": "#0"},
				"up": {"uv": [3.5, 8, 3, 6.5], "texture": "#0"},
				"down": {"uv": [4, 6.5, 3.5, 8], "texture": "#0"}
			}
		},
		{
			"from": [8.5, 1, 3],
			"to": [9.5, 2, 4],
			"rotation": {"angle": 0, "axis": "y", "origin": [9.5, 1, 4]},
			"faces": {
				"north": {"uv": [7.5, 8, 8, 8.5], "texture": "#0"},
				"east": {"uv": [8, 7.5, 8.5, 8], "texture": "#0"},
				"south": {"uv": [8, 8, 8.5, 8.5], "texture": "#0"},
				"west": {"uv": [0, 8.5, 0.5, 9], "texture": "#0"},
				"up": {"uv": [9, 0.5, 8.5, 0], "texture": "#0"},
				"down": {"uv": [1, 8.5, 0.5, 9], "texture": "#0"}
			}
		},
		{
			"from": [6.999, 0.999, 11.499],
			"to": [9.001, 2.001, 12.501],
			"rotation": {"angle": 0, "axis": "y", "origin": [7, 1, 12.5]},
			"faces": {
				"north": {"uv": [5, 6.5, 6, 7], "texture": "#0"},
				"east": {"uv": [2, 8, 2.5, 8.5], "texture": "#0"},
				"south": {"uv": [6.5, 5.5, 7.5, 6], "texture": "#0"},
				"west": {"uv": [8, 2, 8.5, 2.5], "texture": "#0"},
				"up": {"uv": [7.5, 6.5, 6.5, 6], "texture": "#0"},
				"down": {"uv": [7.5, 6.5, 6.5, 7], "texture": "#0"}
			}
		},
		{
			"from": [6.998, 1.498, 11.998],
			"to": [9.002, 2.502, 13.002],
			"rotation": {"angle": 0, "axis": "y", "origin": [7, 1.5, 13]},
			"faces": {
				"north": {"uv": [7, 2, 8, 2.5], "texture": "#0"},
				"east": {"uv": [0.5, 9, 1, 9.5], "texture": "#0"},
				"south": {"uv": [7, 2.5, 8, 3], "texture": "#0"},
				"west": {"uv": [9, 0.5, 9.5, 1], "texture": "#0"},
				"up": {"uv": [8, 3.5, 7, 3], "texture": "#0"},
				"down": {"uv": [5, 7, 4, 7.5], "texture": "#0"}
			}
		},
		{
			"from": [6.998, 1.498, 1.998],
			"to": [9.002, 2.502, 3.002],
			"rotation": {"angle": 0, "axis": "y", "origin": [7, 1.5, 3]},
			"faces": {
				"north": {"uv": [7, 4, 8, 4.5], "texture": "#0"},
				"east": {"uv": [1, 9, 1.5, 9.5], "texture": "#0"},
				"south": {"uv": [7, 4.5, 8, 5], "texture": "#0"},
				"west": {"uv": [9, 1, 9.5, 1.5], "texture": "#0"},
				"up": {"uv": [6, 7.5, 5, 7], "texture": "#0"},
				"down": {"uv": [7, 7, 6, 7.5], "texture": "#0"}
			}
		},
		{
			"from": [6.999, 0.999, 2.499],
			"to": [9.001, 2.001, 3.501],
			"rotation": {"angle": 0, "axis": "y", "origin": [7, 1, 3.5]},
			"faces": {
				"north": {"uv": [0, 7, 1, 7.5], "texture": "#0"},
				"east": {"uv": [0, 9, 0.5, 9.5], "texture": "#0"},
				"south": {"uv": [7, 1, 8, 1.5], "texture": "#0"},
				"west": {"uv": [9, 0, 9.5, 0.5], "texture": "#0"},
				"up": {"uv": [8, 2, 7, 1.5], "texture": "#0"},
				"down": {"uv": [3, 7, 2, 7.5], "texture": "#0"}
			}
		},
		{
			"from": [11, 0, 6],
			"to": [12, 1, 9],
			"rotation": {"angle": 0, "axis": "y", "origin": [11, 0, 7]},
			"faces": {
				"north": {"uv": [4.5, 7.5, 5, 8], "texture": "#0"},
				"east": {"uv": [5.5, 1.5, 7, 2], "texture": "#0"},
				"south": {"uv": [5, 7.5, 5.5, 8], "texture": "#0"},
				"west": {"uv": [4.5, 5.5, 6, 6], "texture": "#0"},
				"up": {"uv": [3, 7, 2.5, 5.5], "texture": "#0"},
				"down": {"uv": [2, 6, 1.5, 7.5], "texture": "#0"}
			}
		},
		{
			"from": [6, 0, 4],
			"to": [7, 1, 11],
			"rotation": {"angle": 0, "axis": "y", "origin": [6, 0, 7]},
			"faces": {
				"north": {"uv": [8, 4.5, 8.5, 5], "texture": "#1"},
				"east": {"uv": [4, 4.5, 7.5, 5], "texture": "#1"},
				"south": {"uv": [8, 6, 8.5, 6.5], "texture": "#1"},
				"west": {"uv": [5, 1, 8.5, 1.5], "texture": "#1"},
				"up": {"uv": [1.5, 8.5, 1, 5], "texture": "#1"},
				"down": {"uv": [2, 5, 1.5, 8.5], "texture": "#1"}
			}
		},
		{
			"from": [7.6, 0.5, 3.5],
			"to": [8.5, 2, 11.5],
			"rotation": {"angle": 0, "axis": "y", "origin": [7, 0, 9]},
			"faces": {
				"north": {"uv": [6, 7.5, 6.5, 8.5], "texture": "#1"},
				"east": {"uv": [0, 0, 4, 1], "texture": "#1"},
				"south": {"uv": [7.5, 6, 8, 7], "texture": "#1"},
				"west": {"uv": [0, 1, 4, 2], "texture": "#1"},
				"up": {"uv": [0.5, 6, 0, 2], "texture": "#1"},
				"down": {"uv": [1, 2, 0.5, 6], "texture": "#1"}
			}
		},
		{
			"from": [6.7, 1.5, 4.1],
			"to": [7.6, 2, 11],
			"rotation": {"angle": 0, "axis": "y", "origin": [6.1, 0, 9]},
			"faces": {
				"north": {"uv": [7, 8, 7.5, 8.25], "texture": "#1"},
				"east": {"uv": [6, 2.5, 9.5, 2.75], "texture": "#1"},
				"south": {"uv": [8, 7, 8.5, 7.25], "texture": "#1"},
				"west": {"uv": [6, 3, 9.5, 3.25], "texture": "#1"},
				"up": {"uv": [4.5, 4.5, 4, 1], "texture": "#1"},
				"down": {"uv": [5, 1, 4.5, 4.5], "texture": "#1"}
			}
		},
		{
			"from": [5.6, 1.2, 5],
			"to": [6.7, 2.1, 10],
			"rotation": {"angle": 0, "axis": "y", "origin": [5.2, 0.1, 9]},
			"faces": {
				"north": {"uv": [6.5, 7.5, 7, 8], "texture": "#1"},
				"east": {"uv": [5, 3.5, 7.5, 4], "texture": "#1"},
				"south": {"uv": [7, 7.5, 7.5, 8], "texture": "#1"},
				"west": {"uv": [5, 4, 7.5, 4.5], "texture": "#1"},
				"up": {"uv": [3.5, 8, 3, 5.5], "texture": "#1"},
				"down": {"uv": [4, 5.5, 3.5, 8], "texture": "#1"}
			}
		},
		{
			"from": [4.6, 1.1, 6],
			"to": [5.6, 2, 9],
			"rotation": {"angle": 0, "axis": "y", "origin": [4.2, 0, 9]},
			"faces": {
				"north": {"uv": [7.5, 7, 8, 7.5], "texture": "#1"},
				"east": {"uv": [4, 7, 5.5, 7.5], "texture": "#1"},
				"south": {"uv": [7.5, 7.5, 8, 8], "texture": "#1"},
				"west": {"uv": [7, 5, 8.5, 5.5], "texture": "#1"},
				"up": {"uv": [2.5, 8.5, 2, 7], "texture": "#1"},
				"down": {"uv": [3, 7, 2.5, 8.5], "texture": "#1"}
			}
		},
		{
			"from": [9.3, 1.2, 5],
			"to": [10.4, 2.1, 10],
			"rotation": {"angle": 0, "axis": "y", "origin": [10.8, 0.1, 9]},
			"faces": {
				"north": {"uv": [3, 8, 3.5, 8.5], "texture": "#1"},
				"east": {"uv": [6, 0, 8.5, 0.5], "texture": "#1"},
				"south": {"uv": [3.5, 8, 4, 8.5], "texture": "#1"},
				"west": {"uv": [6, 0.5, 8.5, 1], "texture": "#1"},
				"up": {"uv": [0.5, 8.5, 0, 6], "texture": "#1"},
				"down": {"uv": [1, 6, 0.5, 8.5], "texture": "#1"}
			}
		},
		{
			"from": [8.4, 1.5, 4.1],
			"to": [9.3, 2, 11],
			"rotation": {"angle": 0, "axis": "y", "origin": [9.9, 0, 9]},
			"faces": {
				"north": {"uv": [6.5, 8, 7, 8.25], "texture": "#1"},
				"east": {"uv": [6, 1.5, 9.5, 1.75], "texture": "#1"},
				"south": {"uv": [8, 6.5, 8.5, 6.75], "texture": "#1"},
				"west": {"uv": [6, 2, 9.5, 2.25], "texture": "#1"},
				"up": {"uv": [3.5, 5.5, 3, 2], "texture": "#1"},
				"down": {"uv": [4, 2, 3.5, 5.5], "texture": "#1"}
			}
		},
		{
			"from": [10.4, 1.1, 6],
			"to": [11.1, 2, 9],
			"rotation": {"angle": 0, "axis": "y", "origin": [11.8, 0, 9]},
			"faces": {
				"north": {"uv": [8, 3.5, 8.5, 4], "texture": "#1"},
				"east": {"uv": [5.5, 7, 7, 7.5], "texture": "#1"},
				"south": {"uv": [8, 4, 8.5, 4.5], "texture": "#1"},
				"west": {"uv": [7, 5.5, 8.5, 6], "texture": "#1"},
				"up": {"uv": [7.5, 7.5, 7, 6], "texture": "#1"},
				"down": {"uv": [8, 3.5, 7.5, 5], "texture": "#1"}
			}
		},
		{
			"from": [7.1, 0.3, 5.6],
			"to": [8.8, 2.1, 9.2],
			"rotation": {"angle": 0, "axis": "y", "origin": [7, 0.3, 9]},
			"faces": {
				"north": {"uv": [6, 5, 6.75, 6], "texture": "#1"},
				"east": {"uv": [1, 2, 2.75, 3], "texture": "#1"},
				"south": {"uv": [6, 6, 6.75, 7], "texture": "#1"},
				"west": {"uv": [1, 3, 2.75, 4], "texture": "#1"},
				"up": {"uv": [5.75, 3.25, 5, 1.5], "texture": "#1"},
				"down": {"uv": [2.75, 5, 2, 6.75], "texture": "#1"}
			}
		},
		{
			"from": [4.75, 4.55, -0.05],
			"to": [6.65, 5.45, 5.25],
			"rotation": {"angle": 22.5, "axis": "x", "origin": [4.7, 3.5, -1.8]},
			"faces": {
				"north": {"uv": [2, 8, 4.25, 9.25], "texture": "#2"},
				"east": {"uv": [0, 6, 5.5, 7.25], "texture": "#2"},
				"south": {"uv": [8, 2, 10.25, 3.25], "texture": "#2"},
				"west": {"uv": [6, 0, 11.5, 1.25], "texture": "#2"},
				"up": {"uv": [2.25, 5.5, 0, 0], "texture": "#2"},
				"down": {"uv": [5.25, 0, 3, 5.5], "texture": "#2"}
			}
		},
		{
			"from": [4.9, 2.3, 4.5],
			"to": [6.5, 2.6, 6.1],
			"rotation": {"angle": 22.5, "axis": "x", "origin": [4.7, 1.1, 4.3]},
			"faces": {
				"north": {"uv": [9, 8, 11, 8.75], "texture": "#2"},
				"east": {"uv": [9, 9, 11, 9.75], "texture": "#2"},
				"south": {"uv": [0, 10, 2, 10.75], "texture": "#2"},
				"west": {"uv": [2, 10, 4, 10.75], "texture": "#2"},
				"up": {"uv": [8, 4, 6, 2], "texture": "#2"},
				"down": {"uv": [8, 4, 6, 6], "texture": "#2"}
			}
		},
		{
			"from": [4.9, 2.6, 4.5],
			"to": [5.3, 2.9, 6.1],
			"rotation": {"angle": 22.5, "axis": "x", "origin": [4.7, 1.1, 4.3]},
			"faces": {
				"north": {"uv": [2, 11, 2.75, 11.75], "texture": "#2"},
				"east": {"uv": [4, 10, 6, 10.75], "texture": "#2"},
				"south": {"uv": [11, 2, 11.75, 2.75], "texture": "#2"},
				"west": {"uv": [10, 4, 12, 4.75], "texture": "#2"},
				"up": {"uv": [10.75, 7, 10, 5], "texture": "#2"},
				"down": {"uv": [6.75, 10, 6, 12], "texture": "#2"}
			}
		},
		{
			"from": [5.1, 1.8, 5.9],
			"to": [6.4, 2.4, 6.4],
			"rotation": {"angle": 22.5, "axis": "x", "origin": [4.7, 0.6, 5.7]},
			"faces": {
				"north": {"uv": [8, 5, 9.75, 6], "texture": "#2"},
				"east": {"uv": [0, 11, 1, 12], "texture": "#2"},
				"south": {"uv": [8, 6, 9.75, 7], "texture": "#2"},
				"west": {"uv": [1, 11, 2, 12], "texture": "#2"},
				"up": {"uv": [8.75, 9, 7, 8], "texture": "#2"},
				"down": {"uv": [9.75, 7, 8, 8], "texture": "#2"}
			}
		},
		{
			"from": [6.1, 2.6, 4.5],
			"to": [6.5, 2.9, 6.1],
			"rotation": {"angle": 22.5, "axis": "x", "origin": [5.9, 1.1, 4.3]},
			"faces": {
				"north": {"uv": [3, 11, 3.75, 11.75], "texture": "#2"},
				"east": {"uv": [7, 10, 9, 10.75], "texture": "#2"},
				"south": {"uv": [11, 3, 11.75, 3.75], "texture": "#2"},
				"west": {"uv": [10, 7, 12, 7.75], "texture": "#2"},
				"up": {"uv": [9.75, 12, 9, 10], "texture": "#2"},
				"down": {"uv": [10.75, 10, 10, 12], "texture": "#2"}
			}
		}
	],
	"display": {
		"thirdperson_righthand": {
			"rotation": [82, 0, 0],
			"translation": [0, 4.5, 6.5]
		},
		"thirdperson_lefthand": {
			"rotation": [82, 0, 0],
			"translation": [0, 4.5, 6.5]
		},
		"firstperson_righthand": {
			"rotation": [4, -85, 0],
			"translation": [-1.75, 9, 2]
		},
		"firstperson_lefthand": {
			"rotation": [4, -85, 0],
			"translation": [-1.75, 9, 2]
		},
		"ground": {
			"translation": [0, 5, 0]
		},
		"gui": {
			"rotation": [38, 32, 0],
			"translation": [1.75, 5.25, 0],
			"scale": [1.36, 1.36, 1.36]
		},
		"head": {
			"translation": [0, 14.25, 0]
		},
		"fixed": {
			"rotation": [-90, 0, 0],
			"translation": [0, 0, -22.75],
			"scale": [2.81, 2.81, 2.81]
		}
	}
}