{
	"credit": "Made with Blockbench",
	"textures": {
		"0": "custom/stamm/pac",
		"1": "custom/stamm/nug",
		"particle": "custom/stamm/pac"
	},
	"elements": [
		{
			"from": [5, 0.3, 5],
			"to": [10, 1.8, 5.7],
			"rotation": {"angle": -22.5, "axis": "x", "origin": [7, 0.3, 4.7]},
			"faces": {
				"north": {"uv": [0, 6, 2.5, 6.5], "texture": "#0"},
				"east": {"uv": [1.5, 8.5, 2, 9], "texture": "#0"},
				"south": {"uv": [2.5, 6, 5, 6.5], "texture": "#0"},
				"west": {"uv": [2, 8.5, 2.5, 9], "texture": "#0"},
				"up": {"uv": [7.5, 6.5, 5, 6], "texture": "#0"},
				"down": {"uv": [2.5, 6.5, 0, 7], "texture": "#0"}
			}
		},
		{
			"from": [5, 0.7, 10],
			"to": [10, 2.2, 10.7],
			"rotation": {"angle": 22.5, "axis": "x", "origin": [7, 2.2, 9.7]},
			"faces": {
				"north": {"uv": [2.5, 5, 5, 6], "texture": "#0"},
				"east": {"uv": [8, 5, 8.5, 6], "texture": "#0"},
				"south": {"uv": [5, 3, 7.5, 4], "texture": "#0"},
				"west": {"uv": [8, 7.5, 8.5, 8.5], "texture": "#0"},
				"up": {"uv": [9.5, 7.5, 7, 7], "texture": "#0"},
				"down": {"uv": [2.5, 7.5, 0, 8], "texture": "#0"}
			}
		},
		{
			"from": [9.5, 1.5, 5],
			"to": [10.1, 3, 10],
			"rotation": {"angle": -22.5, "axis": "z", "origin": [7.5, 1.5, 5]},
			"faces": {
				"north": {"uv": [3, 8, 3.5, 9], "texture": "#0"},
				"east": {"uv": [0, 5, 2.5, 6], "texture": "#0"},
				"south": {"uv": [3.5, 8, 4, 9], "texture": "#0"},
				"west": {"uv": [5, 0, 7.5, 1], "texture": "#0"},
				"up": {"uv": [5.5, 9.5, 5, 7], "texture": "#0"},
				"down": {"uv": [6, 7, 5.5, 9.5], "texture": "#0"}
			}
		},
		{
			"from": [4.8, 1.5, 5],
			"to": [5.5, 3, 10],
			"rotation": {"angle": 22.5, "axis": "z", "origin": [7.5, 1.5, 5]},
			"faces": {
				"north": {"uv": [4, 8, 4.5, 9], "texture": "#0"},
				"east": {"uv": [5, 1, 7.5, 2], "texture": "#0"},
				"south": {"uv": [4.5, 8, 5, 9], "texture": "#0"},
				"west": {"uv": [5, 2, 7.5, 3], "texture": "#0"},
				"up": {"uv": [6.5, 9.5, 6, 7], "texture": "#0"},
				"down": {"uv": [7, 7, 6.5, 9.5], "texture": "#0"}
			}
		},
		{
			"from": [5, 0.1, 5],
			"to": [10, 0.9, 10],
			"rotation": {"angle": 0, "axis": "y", "origin": [7, -0.6, 5]},
			"faces": {
				"north": {"uv": [2.5, 6.5, 5, 7], "texture": "#0"},
				"east": {"uv": [5, 6.5, 7.5, 7], "texture": "#0"},
				"south": {"uv": [0, 7, 2.5, 7.5], "texture": "#0"},
				"west": {"uv": [2.5, 7, 5, 7.5], "texture": "#0"},
				"up": {"uv": [2.5, 2.5, 0, 0], "texture": "#0"},
				"down": {"uv": [2.5, 2.5, 0, 5], "texture": "#0"}
			}
		},
		{
			"from": [4.8, 1.5, 10],
			"to": [10.2, 3, 10.7],
			"rotation": {"angle": -22.5, "axis": "x", "origin": [7, 1.5, 9.7]},
			"faces": {
				"north": {"uv": [5, 4, 7.5, 5], "texture": "#0"},
				"east": {"uv": [0.5, 8.5, 1, 9.5], "texture": "#0"},
				"south": {"uv": [5, 5, 7.5, 6], "texture": "#0"},
				"west": {"uv": [1, 8.5, 1.5, 9.5], "texture": "#0"},
				"up": {"uv": [10, 0.5, 7.5, 0], "texture": "#0"},
				"down": {"uv": [10, 0.5, 7.5, 1], "texture": "#0"}
			}
		},
		{
			"from": [5, 5.8, 7.6],
			"to": [10, 6.6, 12.2],
			"rotation": {"angle": 45, "axis": "x", "origin": [7, 7.3, 7.2]},
			"faces": {
				"north": {"uv": [7.5, 1, 10, 1.5], "texture": "#0"},
				"east": {"uv": [7.5, 1.5, 10, 2], "texture": "#0"},
				"south": {"uv": [7.5, 2, 10, 2.5], "texture": "#0"},
				"west": {"uv": [2.5, 7.5, 5, 8], "texture": "#0"},
				"up": {"uv": [5, 2.5, 2.5, 0], "texture": "#0"},
				"down": {"uv": [5, 2.5, 2.5, 5], "texture": "#0"}
			}
		},
		{
			"from": [5, 5.8, 6.6],
			"to": [10, 7, 7.2],
			"rotation": {"angle": 45, "axis": "x", "origin": [7, 7.3, 5.9]},
			"faces": {
				"north": {"uv": [0.5, 8, 3, 8.5], "texture": "#0"},
				"east": {"uv": [8, 8.5, 8.5, 9], "texture": "#0"},
				"south": {"uv": [8, 3.5, 10.5, 4], "texture": "#0"},
				"west": {"uv": [8.5, 8, 9, 8.5], "texture": "#0"},
				"up": {"uv": [10.5, 4.5, 8, 4], "texture": "#0"},
				"down": {"uv": [10.5, 4.5, 8, 5], "texture": "#0"}
			}
		},
		{
			"from": [4.5, 5, 6.8],
			"to": [5, 6.2, 12],
			"rotation": {"angle": 45, "axis": "x", "origin": [6, 6.9, 6.8]},
			"faces": {
				"north": {"uv": [2.5, 8.5, 3, 9], "texture": "#0"},
				"east": {"uv": [7.5, 2.5, 10, 3], "texture": "#0"},
				"south": {"uv": [8.5, 5, 9, 5.5], "texture": "#0"},
				"west": {"uv": [7.5, 3, 10, 3.5], "texture": "#0"},
				"up": {"uv": [8, 6, 7.5, 3.5], "texture": "#0"},
				"down": {"uv": [7.5, 7.5, 7, 10], "texture": "#0"}
			}
		},
		{
			"from": [10, 5, 6.8],
			"to": [10.5, 6.2, 12],
			"rotation": {"angle": 45, "axis": "x", "origin": [11.5, 6.9, 6.8]},
			"faces": {
				"north": {"uv": [8.5, 5.5, 9, 6], "texture": "#0"},
				"east": {"uv": [7.5, 6, 10, 6.5], "texture": "#0"},
				"south": {"uv": [8.5, 7.5, 9, 8], "texture": "#0"},
				"west": {"uv": [7.5, 6.5, 10, 7], "texture": "#0"},
				"up": {"uv": [8, 10, 7.5, 7.5], "texture": "#0"},
				"down": {"uv": [0.5, 8, 0, 10.5], "texture": "#0"}
			}
		},
		{
			"from": [7.4, 1, 6.6],
			"to": [9.2, 2.1, 7.7],
			"rotation": {"angle": -22.5, "axis": "y", "origin": [5.2, 1, 6.6]},
			"faces": {
				"north": {"uv": [0, 0, 1.75, 1], "texture": "#1"},
				"east": {"uv": [8, 6, 9, 7], "texture": "#1"},
				"south": {"uv": [0, 1, 1.75, 2], "texture": "#1"},
				"west": {"uv": [8, 7, 9, 8], "texture": "#1"},
				"up": {"uv": [1.75, 3, 0, 2], "texture": "#1"},
				"down": {"uv": [3.75, 0, 2, 1], "texture": "#1"}
			}
		},
		{
			"from": [8.8, 1, 6.6],
			"to": [9.4, 1.9, 7.2],
			"rotation": {"angle": -22.5, "axis": "y", "origin": [5.4, 1, 6.6]},
			"faces": {
				"north": {"uv": [7, 12, 7.5, 13], "texture": "#1"},
				"east": {"uv": [8, 12, 8.5, 13], "texture": "#1"},
				"south": {"uv": [12, 8, 12.5, 9], "texture": "#1"},
				"west": {"uv": [9, 12, 9.5, 13], "texture": "#1"},
				"up": {"uv": [13.5, 13.5, 13, 13], "texture": "#1"},
				"down": {"uv": [0.5, 14, 0, 14.5], "texture": "#1"}
			}
		},
		{
			"from": [7.7, 0.9, 6.4],
			"to": [9.1, 1.8, 6.6],
			"rotation": {"angle": -22.5, "axis": "y", "origin": [5.1, 0.9, 6]},
			"faces": {
				"north": {"uv": [2, 1, 3.5, 2], "texture": "#1"},
				"east": {"uv": [14, 0, 14.25, 1], "texture": "#1"},
				"south": {"uv": [2, 2, 3.5, 3], "texture": "#1"},
				"west": {"uv": [1, 14, 1.25, 15], "texture": "#1"},
				"up": {"uv": [11.5, 12.25, 10, 12], "texture": "#1"},
				"down": {"uv": [13.5, 10, 12, 10.25], "texture": "#1"}
			}
		},
		{
			"from": [7.6, 1.1, 6],
			"to": [9.2, 1.8, 6.6],
			"rotation": {"angle": 0, "axis": "y", "origin": [5.2, 1.1, 6]},
			"faces": {
				"north": {"uv": [6, 3, 7.5, 3.75], "texture": "#1"},
				"east": {"uv": [13, 0, 13.5, 0.75], "texture": "#1"},
				"south": {"uv": [6, 4, 7.5, 4.75], "texture": "#1"},
				"west": {"uv": [1, 13, 1.5, 13.75], "texture": "#1"},
				"up": {"uv": [6.5, 10.5, 5, 10], "texture": "#1"},
				"down": {"uv": [11.5, 5, 10, 5.5], "texture": "#1"}
			}
		},
		{
			"from": [8.3, 1, 6.1],
			"to": [9.5, 1.7, 7],
			"rotation": {"angle": 0, "axis": "y", "origin": [5.8, 1, 6.1]},
			"faces": {
				"north": {"uv": [8, 8, 9.25, 8.75], "texture": "#1"},
				"east": {"uv": [4, 10, 5, 10.75], "texture": "#1"},
				"south": {"uv": [0, 9, 1.25, 9.75], "texture": "#1"},
				"west": {"uv": [10, 4, 11, 4.75], "texture": "#1"},
				"up": {"uv": [1.25, 5, 0, 4], "texture": "#1"},
				"down": {"uv": [5.25, 0, 4, 1], "texture": "#1"}
			}
		},
		{
			"from": [7.7, 1, 5.8],
			"to": [9.1, 1.7, 6],
			"rotation": {"angle": 0, "axis": "y", "origin": [5.1, 1, 5.4]},
			"faces": {
				"north": {"uv": [6, 1, 7.5, 1.75], "texture": "#1"},
				"east": {"uv": [14, 2, 14.25, 2.75], "texture": "#1"},
				"south": {"uv": [6, 2, 7.5, 2.75], "texture": "#1"},
				"west": {"uv": [3, 14, 3.25, 14.75], "texture": "#1"},
				"up": {"uv": [13.5, 11.25, 12, 11], "texture": "#1"},
				"down": {"uv": [13.5, 12, 12, 12.25], "texture": "#1"}
			}
		},
		{
			"from": [8, 0.7, 8.1],
			"to": [9.2, 1.4, 9],
			"rotation": {"angle": 22.5, "axis": "y", "origin": [5.5, 0.7, 8.1]},
			"faces": {
				"north": {"uv": [9, 7, 10.25, 7.75], "texture": "#1"},
				"east": {"uv": [11, 10, 12, 10.75], "texture": "#1"},
				"south": {"uv": [8, 9, 9.25, 9.75], "texture": "#1"},
				"west": {"uv": [11, 11, 12, 11.75], "texture": "#1"},
				"up": {"uv": [5.25, 5, 4, 4], "texture": "#1"},
				"down": {"uv": [1.25, 5, 0, 6], "texture": "#1"}
			}
		},
		{
			"from": [7.4, 0.7, 7.9],
			"to": [8.8, 1.4, 8.1],
			"rotation": {"angle": 22.5, "axis": "y", "origin": [4.8, 0.7, 7.5]},
			"faces": {
				"north": {"uv": [8, 1, 9.5, 1.75], "texture": "#1"},
				"east": {"uv": [14, 5, 14.25, 5.75], "texture": "#1"},
				"south": {"uv": [2, 8, 3.5, 8.75], "texture": "#1"},
				"west": {"uv": [6, 14, 6.25, 14.75], "texture": "#1"},
				"up": {"uv": [8.5, 13.25, 7, 13], "texture": "#1"},
				"down": {"uv": [14.5, 7, 13, 7.25], "texture": "#1"}
			}
		},
		{
			"from": [7.3, 0.8, 8.1],
			"to": [8.9, 1.5, 8.7],
			"rotation": {"angle": 22.5, "axis": "y", "origin": [4.9, 0.8, 8.1]},
			"faces": {
				"north": {"uv": [0, 8, 1.5, 8.75], "texture": "#1"},
				"east": {"uv": [13, 5, 13.5, 5.75], "texture": "#1"},
				"south": {"uv": [8, 0, 9.5, 0.75], "texture": "#1"},
				"west": {"uv": [13, 6, 13.5, 6.75], "texture": "#1"},
				"up": {"uv": [10.5, 11.5, 9, 11], "texture": "#1"},
				"down": {"uv": [12.5, 9, 11, 9.5], "texture": "#1"}
			}
		},
		{
			"from": [6.8, 2, 8.1],
			"to": [8.4, 2.5, 8.7],
			"rotation": {"angle": 0, "axis": "y", "origin": [4.4, 2, 8.1]},
			"faces": {
				"north": {"uv": [5, 11, 6.5, 11.5], "texture": "#1"},
				"east": {"uv": [14, 1, 14.5, 1.5], "texture": "#1"},
				"south": {"uv": [11, 6, 12.5, 6.5], "texture": "#1"},
				"west": {"uv": [2, 14, 2.5, 14.5], "texture": "#1"},
				"up": {"uv": [8.5, 11.5, 7, 11], "texture": "#1"},
				"down": {"uv": [12.5, 7, 11, 7.5], "texture": "#1"}
			}
		},
		{
			"from": [6.9, 2, 7.9],
			"to": [8.3, 2.5, 8.1],
			"rotation": {"angle": 0, "axis": "y", "origin": [4.3, 2, 7.5]},
			"faces": {
				"north": {"uv": [3, 11, 4.5, 11.5], "texture": "#1"},
				"east": {"uv": [8, 14, 8.25, 14.5], "texture": "#1"},
				"south": {"uv": [11, 4, 12.5, 4.5], "texture": "#1"},
				"west": {"uv": [14, 8, 14.25, 8.5], "texture": "#1"},
				"up": {"uv": [14.5, 4.25, 13, 4], "texture": "#1"},
				"down": {"uv": [6.5, 13, 5, 13.25], "texture": "#1"}
			}
		},
		{
			"from": [6.8, 1, 4.3],
			"to": [8.2, 1.7, 4.5],
			"rotation": {"angle": -45, "axis": "y", "origin": [4.2, 1, 3.9]},
			"faces": {
				"north": {"uv": [0, 7, 1.5, 7.75], "texture": "#1"},
				"east": {"uv": [4, 14, 4.25, 14.75], "texture": "#1"},
				"south": {"uv": [2, 7, 3.5, 7.75], "texture": "#1"},
				"west": {"uv": [5, 14, 5.25, 14.75], "texture": "#1"},
				"up": {"uv": [4.5, 13.25, 3, 13], "texture": "#1"},
				"down": {"uv": [14.5, 3, 13, 3.25], "texture": "#1"}
			}
		},
		{
			"from": [7.4, 0.9, 4.5],
			"to": [8.6, 1.6, 5.4],
			"rotation": {"angle": -45, "axis": "y", "origin": [4.9, 0.9, 4.5]},
			"faces": {
				"north": {"uv": [2, 9, 3.25, 9.75], "texture": "#1"},
				"east": {"uv": [9, 10, 10, 10.75], "texture": "#1"},
				"south": {"uv": [4, 9, 5.25, 9.75], "texture": "#1"},
				"west": {"uv": [10, 9, 11, 9.75], "texture": "#1"},
				"up": {"uv": [5.25, 2, 4, 1], "texture": "#1"},
				"down": {"uv": [3.25, 4, 2, 5], "texture": "#1"}
			}
		},
		{
			"from": [6.7, 1, 4.5],
			"to": [8.3, 1.7, 5.1],
			"rotation": {"angle": -45, "axis": "y", "origin": [4.3, 1, 4.5]},
			"faces": {
				"north": {"uv": [6, 5, 7.5, 5.75], "texture": "#1"},
				"east": {"uv": [13, 1, 13.5, 1.75], "texture": "#1"},
				"south": {"uv": [6, 6, 7.5, 6.75], "texture": "#1"},
				"west": {"uv": [2, 13, 2.5, 13.75], "texture": "#1"},
				"up": {"uv": [8.5, 10.5, 7, 10], "texture": "#1"},
				"down": {"uv": [11.5, 8, 10, 8.5], "texture": "#1"}
			}
		},
		{
			"from": [5.8, 1.7, 6.6],
			"to": [6.7, 2.4, 7.8],
			"rotation": {"angle": 0, "axis": "y", "origin": [6.7, 1.7, 4.1]},
			"faces": {
				"north": {"uv": [1, 12, 2, 12.75], "texture": "#1"},
				"east": {"uv": [0, 10, 1.25, 10.75], "texture": "#1"},
				"south": {"uv": [2, 12, 3, 12.75], "texture": "#1"},
				"west": {"uv": [10, 0, 11.25, 0.75], "texture": "#1"},
				"up": {"uv": [3, 6.25, 2, 5], "texture": "#1"},
				"down": {"uv": [4, 5, 3, 6.25], "texture": "#1"}
			}
		},
		{
			"from": [7.4, 0.8, 3.9],
			"to": [8.6, 1.5, 4.8],
			"rotation": {"angle": -45, "axis": "y", "origin": [4.9, 0.8, 3.9]},
			"faces": {
				"north": {"uv": [10, 2, 11.25, 2.75], "texture": "#1"},
				"east": {"uv": [12, 5, 13, 5.75], "texture": "#1"},
				"south": {"uv": [10, 3, 11.25, 3.75], "texture": "#1"},
				"west": {"uv": [6, 12, 7, 12.75], "texture": "#1"},
				"up": {"uv": [1.25, 7, 0, 6], "texture": "#1"},
				"down": {"uv": [7.25, 0, 6, 1], "texture": "#1"}
			}
		},
		{
			"from": [5.8, 1.4, 6],
			"to": [6.7, 2.1, 7.2],
			"rotation": {"angle": 0, "axis": "y", "origin": [6.7, 1.4, 3.5]},
			"faces": {
				"north": {"uv": [12, 3, 13, 3.75], "texture": "#1"},
				"east": {"uv": [10, 1, 11.25, 1.75], "texture": "#1"},
				"south": {"uv": [5, 12, 6, 12.75], "texture": "#1"},
				"west": {"uv": [2, 10, 3.25, 10.75], "texture": "#1"},
				"up": {"uv": [5, 6.25, 4, 5], "texture": "#1"},
				"down": {"uv": [6, 5, 5, 6.25], "texture": "#1"}
			}
		},
		{
			"from": [6.7, 1, 3.9],
			"to": [8.3, 1.7, 4.5],
			"rotation": {"angle": -45, "axis": "y", "origin": [4.3, 1, 3.9]},
			"faces": {
				"north": {"uv": [8, 5, 9.5, 5.75], "texture": "#1"},
				"east": {"uv": [13, 9, 13.5, 9.75], "texture": "#1"},
				"south": {"uv": [6, 8, 7.5, 8.75], "texture": "#1"},
				"west": {"uv": [12, 13, 12.5, 13.75], "texture": "#1"},
				"up": {"uv": [13.5, 2.5, 12, 2], "texture": "#1"},
				"down": {"uv": [4.5, 12, 3, 12.5], "texture": "#1"}
			}
		},
		{
			"from": [5.4, 1.3, 6.1],
			"to": [5.6, 2, 7.5],
			"rotation": {"angle": 0, "axis": "y", "origin": [6, 1.3, 3.5]},
			"faces": {
				"north": {"uv": [14, 6, 14.25, 6.75], "texture": "#1"},
				"east": {"uv": [4, 8, 5.5, 8.75], "texture": "#1"},
				"south": {"uv": [7, 14, 7.25, 14.75], "texture": "#1"},
				"west": {"uv": [8, 4, 9.5, 4.75], "texture": "#1"},
				"up": {"uv": [10.25, 14.5, 10, 13], "texture": "#1"},
				"down": {"uv": [11.25, 13, 11, 14.5], "texture": "#1"}
			}
		},
		{
			"from": [5.5, 1.6, 6.5],
			"to": [6.1, 2.3, 8.1],
			"rotation": {"angle": 0, "axis": "y", "origin": [6.1, 1.6, 4.1]},
			"faces": {
				"north": {"uv": [13, 8, 13.5, 8.75], "texture": "#1"},
				"east": {"uv": [8, 2, 9.5, 2.75], "texture": "#1"},
				"south": {"uv": [9, 13, 9.5, 13.75], "texture": "#1"},
				"west": {"uv": [8, 3, 9.5, 3.75], "texture": "#1"},
				"up": {"uv": [0.5, 13.5, 0, 12], "texture": "#1"},
				"down": {"uv": [12.5, 0, 12, 1.5], "texture": "#1"}
			}
		},
		{
			"from": [7.2, 1.1, 6.1],
			"to": [8.4, 1.9, 7],
			"rotation": {"angle": -45, "axis": "y", "origin": [4.7, 1.1, 6.1]},
			"faces": {
				"north": {"uv": [6, 9, 7.25, 9.75], "texture": "#1"},
				"east": {"uv": [1, 11, 2, 11.75], "texture": "#1"},
				"south": {"uv": [9, 6, 10.25, 6.75], "texture": "#1"},
				"west": {"uv": [2, 11, 3, 11.75], "texture": "#1"},
				"up": {"uv": [5.25, 3, 4, 2], "texture": "#1"},
				"down": {"uv": [5.25, 3, 4, 4], "texture": "#1"}
			}
		},
		{
			"from": [6.5, 1.2, 5.7],
			"to": [8.1, 2, 6.7],
			"rotation": {"angle": -45, "axis": "y", "origin": [4.1, 1.2, 6.1]},
			"faces": {
				"north": {"uv": [4, 7, 5.5, 7.75], "texture": "#1"},
				"east": {"uv": [10, 10, 11, 10.75], "texture": "#1"},
				"south": {"uv": [6, 7, 7.5, 7.75], "texture": "#1"},
				"west": {"uv": [0, 11, 1, 11.75], "texture": "#1"},
				"up": {"uv": [1.5, 4, 0, 3], "texture": "#1"},
				"down": {"uv": [3.5, 3, 2, 4], "texture": "#1"}
			}
		}
	],
	"display": {
		"thirdperson_righthand": {
			"rotation": [48, 26, 0],
			"translation": [0, 6.75, 3.5]
		},
		"thirdperson_lefthand": {
			"rotation": [48, 26, 0],
			"translation": [0, 6.75, 3.5]
		},
		"firstperson_righthand": {
			"rotation": [0, 51, 0],
			"translation": [-1.5, 9, 3.25]
		},
		"firstperson_lefthand": {
			"rotation": [0, 51, 0],
			"translation": [-1.5, 9, 3.25]
		},
		"ground": {
			"translation": [0, 4.25, 0]
		},
		"gui": {
			"rotation": [44, 130, 0],
			"translation": [0, 7.75, 0],
			"scale": [1.76, 1.76, 1.76]
		},
		"head": {
			"translation": [0, 14.25, 0]
		},
		"fixed": {
			"rotation": [-90, 0, 0],
			"translation": [0, 0, -18.75],
			"scale": [2.39, 2.39, 2.39]
		}
	},
	"groups": [
		{
			"name": "group",
			"origin": [7, 0, 10],
			"color": 0,
			"children": [0, 1, 2, 3, 4]
		},
		{
			"name": "group",
			"origin": [7, 0, 10],
			"color": 0,
			"children": [5, 6, 7, 8, 9, 10, 11, 12, 13, 14, 15, 16, 17, 18, 19, 20, 21, 22, 23, 24, 25, 26, 27, 28, 29, 30, 31]
		}
	]
}