{
	"credit": "Made with Blockbench",
	"textures": {
		"0": "custom/stamm/osterei1",
		"particle": "custom/stamm/osterei1"
	},
	"elements": [
		{
			"from": [7.4, 0, 7.7],
			"to": [9.4, 2, 9.7],
			"rotation": {"angle": 0, "axis": "y", "origin": [7.4, 0, 7.7]},
			"faces": {
				"north": {"uv": [8, 12, 10, 14], "texture": "#0"},
				"east": {"uv": [12, 8, 14, 10], "texture": "#0"},
				"south": {"uv": [10, 12, 12, 14], "texture": "#0"},
				"west": {"uv": [12, 10, 14, 12], "texture": "#0"},
				"up": {"uv": [14, 14, 12, 12], "texture": "#0"},
				"down": {"uv": [2, 14, 0, 16], "texture": "#0"}
			}
		},
		{
			"from": [7.4, 4.1, 7.7],
			"to": [9.4, 6.1, 9.7],
			"rotation": {"angle": 0, "axis": "y", "origin": [7.4, 4.1, 7.7]},
			"faces": {
				"north": {"uv": [2, 14, 4, 16], "texture": "#0"},
				"east": {"uv": [4, 14, 6, 16], "texture": "#0"},
				"south": {"uv": [6, 14, 8, 16], "texture": "#0"},
				"west": {"uv": [8, 14, 10, 16], "texture": "#0"},
				"up": {"uv": [16, 10, 14, 8], "texture": "#0"},
				"down": {"uv": [12, 14, 10, 16], "texture": "#0"}
			}
		},
		{
			"from": [6.4, 0.7, 6.7],
			"to": [10.4, 2.7, 10.7],
			"rotation": {"angle": 0, "axis": "y", "origin": [9.4, 0.7, 7.7]},
			"faces": {
				"north": {"uv": [4, 10, 8, 12], "texture": "#0"},
				"east": {"uv": [8, 10, 12, 12], "texture": "#0"},
				"south": {"uv": [0, 12, 4, 14], "texture": "#0"},
				"west": {"uv": [12, 0, 16, 2], "texture": "#0"},
				"up": {"uv": [8, 4, 4, 0], "texture": "#0"},
				"down": {"uv": [8, 4, 4, 8], "texture": "#0"}
			}
		},
		{
			"from": [6.4, 3.3, 6.7],
			"to": [10.4, 5.3, 10.7],
			"rotation": {"angle": 0, "axis": "y", "origin": [9.4, 3.3, 7.7]},
			"faces": {
				"north": {"uv": [12, 2, 16, 4], "texture": "#0"},
				"east": {"uv": [4, 12, 8, 14], "texture": "#0"},
				"south": {"uv": [12, 4, 16, 6], "texture": "#0"},
				"west": {"uv": [12, 6, 16, 8], "texture": "#0"},
				"up": {"uv": [4, 12, 0, 8], "texture": "#0"},
				"down": {"uv": [12, 0, 8, 4], "texture": "#0"}
			}
		},
		{
			"from": [6.2, 1.9, 6.5],
			"to": [10.6, 4.3, 10.9],
			"rotation": {"angle": 0, "axis": "y", "origin": [9.4, 2.1, 7.7]},
			"faces": {
				"north": {"uv": [4, 8, 8, 10], "texture": "#0"},
				"east": {"uv": [8, 4, 12, 6], "texture": "#0"},
				"south": {"uv": [8, 6, 12, 8], "texture": "#0"},
				"west": {"uv": [8, 8, 12, 10], "texture": "#0"},
				"up": {"uv": [4, 4, 0, 0], "texture": "#0"},
				"down": {"uv": [4, 4, 0, 8], "texture": "#0"}
			}
		}
	],
	"display": {
		"thirdperson_righthand": {
			"translation": [0, 7, 0]
		},
		"thirdperson_lefthand": {
			"translation": [0, 7.5, 0]
		},
		"firstperson_righthand": {
			"translation": [0, 9.25, 1.75]
		},
		"firstperson_lefthand": {
			"translation": [0, 10, 3]
		},
		"head": {
			"rotation": [0, 90, 0],
			"translation": [-0.5, 14.25, 0]
		},
		"fixed": {
			"rotation": [-90, 90, 0],
			"translation": [0, 0, -13.25],
			"scale": [1.65, 1.65, 1.65]
		}
	}
}