{
	"credit": "Made with Blockbench",
	"texture_size": [32, 32],
	"textures": {
		"2": "custom/stamm/pomm",
		"3": "custom/stamm/pomme",
		"particle": "custom/stamm/pomme"
	},
	"elements": [
		{
			"from": [6, 0, 7],
			"to": [10, 1.3, 9],
			"rotation": {"angle": 0, "axis": "y", "origin": [7, 0, 7]},
			"faces": {
				"north": {"uv": [8, 5, 12, 6], "texture": "#2"},
				"east": {"uv": [11, 2, 13, 3], "texture": "#2"},
				"south": {"uv": [8, 6, 12, 7], "texture": "#2"},
				"west": {"uv": [11, 3, 13, 4], "texture": "#2"},
				"up": {"uv": [8, 8, 4, 6], "texture": "#2"},
				"down": {"uv": [4, 8, 0, 10], "texture": "#2"}
			}
		},
		{
			"from": [6, 1.3, 8.5],
			"to": [10, 5.5, 9],
			"rotation": {"angle": 0, "axis": "y", "origin": [7, 1.3, 7]},
			"faces": {
				"north": {"uv": [0, 0, 4, 4], "texture": "#2"},
				"east": {"uv": [8, 0, 9, 4], "texture": "#2"},
				"south": {"uv": [0, 4, 4, 8], "texture": "#2"},
				"west": {"uv": [4, 8, 5, 12], "texture": "#2"},
				"up": {"uv": [12, 5, 8, 4], "texture": "#2"},
				"down": {"uv": [9, 8, 5, 9], "texture": "#2"}
			}
		},
		{
			"from": [6, 1.3, 6.9],
			"to": [10, 4.2, 7.4],
			"rotation": {"angle": 0, "axis": "y", "origin": [7, 1.3, 5.9]},
			"faces": {
				"north": {"uv": [4, 0, 8, 3], "texture": "#2"},
				"east": {"uv": [5, 11, 6, 14], "texture": "#2"},
				"south": {"uv": [4, 3, 8, 6], "texture": "#2"},
				"west": {"uv": [6, 11, 7, 14], "texture": "#2"},
				"up": {"uv": [15, 1, 11, 0], "texture": "#2"},
				"down": {"uv": [15, 1, 11, 2], "texture": "#2"}
			}
		},
		{
			"from": [9.5, 1.2, 7],
			"to": [10.5, 3.6, 9],
			"rotation": {"angle": 0, "axis": "y", "origin": [7.5, 1.2, 7]},
			"faces": {
				"north": {"uv": [7, 11, 8, 13], "texture": "#2"},
				"east": {"uv": [9, 0, 11, 2], "texture": "#2"},
				"south": {"uv": [11, 7, 12, 9], "texture": "#2"},
				"west": {"uv": [9, 2, 11, 4], "texture": "#2"},
				"up": {"uv": [9, 13, 8, 11], "texture": "#2"},
				"down": {"uv": [10, 11, 9, 13], "texture": "#2"}
			}
		},
		{
			"from": [5.5, 1.2, 7],
			"to": [6.5, 3.6, 9],
			"rotation": {"angle": 0, "axis": "y", "origin": [3.5, 1.2, 7]},
			"faces": {
				"north": {"uv": [11, 9, 12, 11], "texture": "#2"},
				"east": {"uv": [5, 9, 7, 11], "texture": "#2"},
				"south": {"uv": [10, 11, 11, 13], "texture": "#2"},
				"west": {"uv": [7, 9, 9, 11], "texture": "#2"},
				"up": {"uv": [12, 13, 11, 11], "texture": "#2"},
				"down": {"uv": [1, 12, 0, 14], "texture": "#2"}
			}
		},
		{
			"from": [5.3, 2.6, 7],
			"to": [6, 5, 9],
			"rotation": {"angle": 0, "axis": "y", "origin": [3, 2.6, 7]},
			"faces": {
				"north": {"uv": [1, 12, 2, 14], "texture": "#2"},
				"east": {"uv": [9, 7, 11, 9], "texture": "#2"},
				"south": {"uv": [2, 12, 3, 14], "texture": "#2"},
				"west": {"uv": [9, 9, 11, 11], "texture": "#2"},
				"up": {"uv": [4, 14, 3, 12], "texture": "#2"},
				"down": {"uv": [5, 12, 4, 14], "texture": "#2"}
			}
		},
		{
			"from": [10, 2.6, 7],
			"to": [10.7, 5, 9],
			"rotation": {"angle": 0, "axis": "y", "origin": [8, 2.6, 7]},
			"faces": {
				"north": {"uv": [12, 4, 13, 6], "texture": "#2"},
				"east": {"uv": [0, 10, 2, 12], "texture": "#2"},
				"south": {"uv": [12, 6, 13, 8], "texture": "#2"},
				"west": {"uv": [2, 10, 4, 12], "texture": "#2"},
				"up": {"uv": [13, 10, 12, 8], "texture": "#2"},
				"down": {"uv": [13, 10, 12, 12], "texture": "#2"}
			}
		},
		{
			"from": [9.4, 0.5, 8],
			"to": [9.9, 5.9, 8.5],
			"rotation": {"angle": 0, "axis": "y", "origin": [8.4, 0, 7.5]},
			"faces": {
				"north": {"uv": [8.5, 0, 9.25, 3.25], "texture": "#3"},
				"east": {"uv": [8.5, 3.5, 9.25, 6.75], "texture": "#3"},
				"south": {"uv": [9.5, 0, 10.25, 3.25], "texture": "#3"},
				"west": {"uv": [9.5, 3.5, 10.25, 6.75], "texture": "#3"},
				"up": {"uv": [13.75, 3.75, 13, 3], "texture": "#3"},
				"down": {"uv": [13.75, 4, 13, 4.75], "texture": "#3"}
			}
		},
		{
			"from": [8.8, 0.5, 8],
			"to": [9.3, 5.6, 8.5],
			"rotation": {"angle": 0, "axis": "y", "origin": [7.8, 0, 7.5]},
			"faces": {
				"north": {"uv": [11.5, 5, 12.25, 8], "texture": "#3"},
				"east": {"uv": [11.5, 8, 12.25, 11], "texture": "#3"},
				"south": {"uv": [11.5, 11, 12.25, 14], "texture": "#3"},
				"west": {"uv": [2.5, 12, 3.25, 15], "texture": "#3"},
				"up": {"uv": [14.25, 5.75, 13.5, 5], "texture": "#3"},
				"down": {"uv": [14.25, 6, 13.5, 6.75], "texture": "#3"}
			}
		},
		{
			"from": [8.2, 0.5, 8],
			"to": [8.7, 6.3, 8.5],
			"rotation": {"angle": 0, "axis": "y", "origin": [7.2, 0, 7.5]},
			"faces": {
				"north": {"uv": [4.5, 0, 5.25, 3.375], "texture": "#3"},
				"east": {"uv": [4.5, 3.5, 5.25, 6.875], "texture": "#3"},
				"south": {"uv": [0, 5, 0.75, 8.375], "texture": "#3"},
				"west": {"uv": [1, 5, 1.75, 8.375], "texture": "#3"},
				"up": {"uv": [14.25, 7.75, 13.5, 7], "texture": "#3"},
				"down": {"uv": [14.25, 8, 13.5, 8.75], "texture": "#3"}
			}
		},
		{
			"from": [6.7, 0.5, 8],
			"to": [7.2, 6.3, 8.5],
			"rotation": {"angle": 0, "axis": "y", "origin": [5.7, 0, 7.5]},
			"faces": {
				"north": {"uv": [5.5, 0, 6.25, 3.375], "texture": "#3"},
				"east": {"uv": [5.5, 3.5, 6.25, 6.875], "texture": "#3"},
				"south": {"uv": [6.5, 0, 7.25, 3.375], "texture": "#3"},
				"west": {"uv": [6.5, 3.5, 7.25, 6.875], "texture": "#3"},
				"up": {"uv": [14.25, 9.75, 13.5, 9], "texture": "#3"},
				"down": {"uv": [14.25, 10, 13.5, 10.75], "texture": "#3"}
			}
		},
		{
			"from": [6.1, 0.5, 8],
			"to": [6.6, 5.9, 8.5],
			"rotation": {"angle": 0, "axis": "y", "origin": [5.1, 0, 7.5]},
			"faces": {
				"north": {"uv": [9.5, 7, 10.25, 10.25], "texture": "#3"},
				"east": {"uv": [8, 9.5, 8.75, 12.75], "texture": "#3"},
				"south": {"uv": [10.5, 0, 11.25, 3.25], "texture": "#3"},
				"west": {"uv": [1.5, 10.5, 2.25, 13.75], "texture": "#3"},
				"up": {"uv": [14.25, 13.75, 13.5, 13], "texture": "#3"},
				"down": {"uv": [1.75, 14, 1, 14.75], "texture": "#3"}
			}
		},
		{
			"from": [7.4, 0.5, 8],
			"to": [7.9, 5.6, 8.5],
			"rotation": {"angle": 0, "axis": "y", "origin": [6.4, 0, 7.5]},
			"faces": {
				"north": {"uv": [3.5, 12, 4.25, 15], "texture": "#3"},
				"east": {"uv": [10, 12, 10.75, 15], "texture": "#3"},
				"south": {"uv": [12.5, 0, 13.25, 3], "texture": "#3"},
				"west": {"uv": [12.5, 5, 13.25, 8], "texture": "#3"},
				"up": {"uv": [14.25, 11.75, 13.5, 11], "texture": "#3"},
				"down": {"uv": [14.25, 12, 13.5, 12.75], "texture": "#3"}
			}
		},
		{
			"from": [6.1, 0.5, 7.4],
			"to": [6.6, 6.3, 7.9],
			"rotation": {"angle": 0, "axis": "y", "origin": [5.1, 0, 6.9]},
			"faces": {
				"north": {"uv": [6, 7, 6.75, 10.375], "texture": "#3"},
				"east": {"uv": [7, 7, 7.75, 10.375], "texture": "#3"},
				"south": {"uv": [7.5, 0, 8.25, 3.375], "texture": "#3"},
				"west": {"uv": [7.5, 3.5, 8.25, 6.875], "texture": "#3"},
				"up": {"uv": [0.75, 15.25, 0, 14.5], "texture": "#3"},
				"down": {"uv": [15.25, 0, 14.5, 0.75], "texture": "#3"}
			}
		},
		{
			"from": [6.7, 0.5, 7.4],
			"to": [7.2, 5.7, 7.9],
			"rotation": {"angle": 0, "axis": "y", "origin": [5.7, 0, 6.9]},
			"faces": {
				"north": {"uv": [10.5, 8.5, 11.25, 11.625], "texture": "#3"},
				"east": {"uv": [9, 10.5, 9.75, 13.625], "texture": "#3"},
				"south": {"uv": [0, 11, 0.75, 14.125], "texture": "#3"},
				"west": {"uv": [11.5, 0, 12.25, 3.125], "texture": "#3"},
				"up": {"uv": [13.75, 14.75, 13, 14], "texture": "#3"},
				"down": {"uv": [14.75, 14, 14, 14.75], "texture": "#3"}
			}
		},
		{
			"from": [7.4, 0.5, 8.1],
			"to": [7.9, 6.5, 8.6],
			"rotation": {"angle": 22.5, "axis": "y", "origin": [6.4, 0, 7.6]},
			"faces": {
				"north": {"uv": [2.5, 0, 3.25, 3.5], "texture": "#3"},
				"east": {"uv": [3.5, 0, 4.25, 3.5], "texture": "#3"},
				"south": {"uv": [2.5, 3.5, 3.25, 7], "texture": "#3"},
				"west": {"uv": [3.5, 3.5, 4.25, 7], "texture": "#3"},
				"up": {"uv": [11.75, 14.75, 11, 14], "texture": "#3"},
				"down": {"uv": [12.75, 14, 12, 14.75], "texture": "#3"}
			}
		},
		{
			"from": [8.2, 0.5, 7.4],
			"to": [8.7, 5.3, 7.9],
			"rotation": {"angle": 0, "axis": "y", "origin": [7.2, 0, 6.9]},
			"faces": {
				"north": {"uv": [12.5, 8, 13.25, 10.875], "texture": "#3"},
				"east": {"uv": [12.5, 11, 13.25, 13.875], "texture": "#3"},
				"south": {"uv": [8, 13, 8.75, 15.875], "texture": "#3"},
				"west": {"uv": [13.5, 0, 14.25, 2.875], "texture": "#3"},
				"up": {"uv": [7.25, 14.75, 6.5, 14], "texture": "#3"},
				"down": {"uv": [9.75, 14, 9, 14.75], "texture": "#3"}
			}
		},
		{
			"from": [6.5, 0.5, 7.4],
			"to": [9.8, 3.9, 8.6],
			"rotation": {"angle": 0, "axis": "y", "origin": [6.7, 0, 6.9]},
			"faces": {
				"north": {"uv": [0, 0, 2.125, 2.25], "texture": "#3"},
				"east": {"uv": [8, 7, 9.125, 9.25], "texture": "#3"},
				"south": {"uv": [0, 2.5, 2.125, 4.75], "texture": "#3"},
				"west": {"uv": [0, 8.5, 1.125, 10.75], "texture": "#3"},
				"up": {"uv": [4.625, 11.625, 2.5, 10.5], "texture": "#3"},
				"down": {"uv": [12.625, 3.5, 10.5, 4.625], "texture": "#3"}
			}
		},
		{
			"from": [8.8, 0.2, 7.4],
			"to": [9.3, 5.7, 7.9],
			"rotation": {"angle": 0, "axis": "y", "origin": [7.8, -0.6, 6.9]},
			"faces": {
				"north": {"uv": [2, 7, 2.75, 10.375], "texture": "#3"},
				"east": {"uv": [3, 7, 3.75, 10.375], "texture": "#3"},
				"south": {"uv": [4, 7, 4.75, 10.375], "texture": "#3"},
				"west": {"uv": [5, 7, 5.75, 10.375], "texture": "#3"},
				"up": {"uv": [5.25, 14.75, 4.5, 14], "texture": "#3"},
				"down": {"uv": [6.25, 14, 5.5, 14.75], "texture": "#3"}
			}
		},
		{
			"from": [9.6, 0.5, 7],
			"to": [10.1, 5.7, 7.5],
			"rotation": {"angle": -22.5, "axis": "y", "origin": [8.6, 0, 6.5]},
			"faces": {
				"north": {"uv": [5, 10.5, 5.75, 13.625], "texture": "#3"},
				"east": {"uv": [10.5, 5, 11.25, 8.125], "texture": "#3"},
				"south": {"uv": [6, 10.5, 6.75, 13.625], "texture": "#3"},
				"west": {"uv": [7, 10.5, 7.75, 13.625], "texture": "#3"},
				"up": {"uv": [14.75, 3.75, 14, 3], "texture": "#3"},
				"down": {"uv": [14.75, 4, 14, 4.75], "texture": "#3"}
			}
		}
	],
	"display": {
		"thirdperson_righthand": {
			"rotation": [54, 0, 0],
			"translation": [0, 4.25, 6.75],
			"scale": [1.18, 1.18, 1.18]
		},
		"thirdperson_lefthand": {
			"rotation": [54, 0, 0],
			"translation": [0, 4.25, 6.75],
			"scale": [1.18, 1.18, 1.18]
		},
		"firstperson_righthand": {
			"rotation": [-11, 142, 0],
			"translation": [-1.5, 9, 2.25]
		},
		"firstperson_lefthand": {
			"rotation": [-11, 142, 0],
			"translation": [-1.5, 9, 2.25]
		},
		"ground": {
			"translation": [0, 4.75, 0]
		},
		"gui": {
			"rotation": [0, 145, 0],
			"translation": [0, 10.75, 0],
			"scale": [2.07, 2.07, 2.07]
		},
		"head": {
			"translation": [0, 14.25, 0]
		},
		"fixed": {
			"rotation": [-90, 0, 0],
			"translation": [0, 0, -15.5],
			"scale": [1.96, 1.96, 1.96]
		}
	}
}