{
	"credit": "Made with Blockbench",
	"texture_size": [8, 8],
	"textures": {
		"0": "custom/stamm/spezilol",
		"1": "custom/stamm/oeffnung",
		"particle": "custom/stamm/spezilol"
	},
	"elements": [
		{
			"from": [6.5, 0.2, 6],
			"to": [9.5, 1.2, 9],
			"rotation": {"angle": 0, "axis": "y", "origin": [6.5, 0.2, 7]},
			"faces": {
				"north": {"uv": [6.5, 3.5, 8, 4], "texture": "#0"},
				"east": {"uv": [6.5, 4, 8, 4.5], "texture": "#0"},
				"south": {"uv": [6.5, 4.5, 8, 5], "texture": "#0"},
				"west": {"uv": [6.5, 5, 8, 5.5], "texture": "#0"},
				"up": {"uv": [4.5, 6.5, 3, 5], "texture": "#0"},
				"down": {"uv": [6, 5, 4.5, 6.5], "texture": "#0"}
			}
		},
		{
			"from": [6.5, 4.1, 6],
			"to": [9.5, 5.1, 9],
			"rotation": {"angle": 0, "axis": "y", "origin": [6.5, 4.1, 7]},
			"faces": {
				"north": {"uv": [2, 6.5, 3.5, 7], "texture": "#0"},
				"east": {"uv": [6.5, 2.5, 8, 3], "texture": "#0"},
				"south": {"uv": [6.5, 3, 8, 3.5], "texture": "#0"},
				"west": {"uv": [3.5, 6.5, 5, 7], "texture": "#0"},
				"up": {"uv": [1.5, 6.5, 0, 5], "texture": "#0"},
				"down": {"uv": [3, 5, 1.5, 6.5], "texture": "#0"}
			}
		},
		{
			"from": [9.1, 0.4, 6],
			"to": [10.1, 4.9, 9],
			"rotation": {"angle": 0, "axis": "y", "origin": [6.1, 0.4, 7]},
			"faces": {
				"north": {"uv": [6, 0, 6.5, 2.5], "texture": "#0"},
				"east": {"uv": [0, 0, 1.5, 2.5], "texture": "#0"},
				"south": {"uv": [6, 2.5, 6.5, 5], "texture": "#0"},
				"west": {"uv": [1.5, 0, 3, 2.5], "texture": "#0"},
				"up": {"uv": [5.5, 8, 5, 6.5], "texture": "#0"},
				"down": {"uv": [6, 6.5, 5.5, 8], "texture": "#0"}
			}
		},
		{
			"from": [5.9, 0.4, 6],
			"to": [6.9, 4.9, 9],
			"rotation": {"angle": 0, "axis": "y", "origin": [2.9, 0.4, 7]},
			"faces": {
				"north": {"uv": [6, 5, 6.5, 7.5], "texture": "#0"},
				"east": {"uv": [0, 2.5, 1.5, 5], "texture": "#0"},
				"south": {"uv": [0, 6.5, 0.5, 9], "texture": "#0"},
				"west": {"uv": [1.5, 2.5, 3, 5], "texture": "#0"},
				"up": {"uv": [7, 7, 6.5, 5.5], "texture": "#0"},
				"down": {"uv": [7.5, 0, 7, 1.5], "texture": "#0"}
			}
		},
		{
			"from": [6.5, 0.4, 8.6],
			"to": [9.5, 4.9, 9.6],
			"rotation": {"angle": 0, "axis": "y", "origin": [5.5, 0.4, 9.6]},
			"faces": {
				"north": {"uv": [3, 0, 4.5, 2.5], "texture": "#0"},
				"east": {"uv": [6.5, 0, 7, 2.5], "texture": "#0"},
				"south": {"uv": [3, 2.5, 4.5, 5], "texture": "#0"},
				"west": {"uv": [0.5, 6.5, 1, 9], "texture": "#0"},
				"up": {"uv": [8.5, 2, 7, 1.5], "texture": "#0"},
				"down": {"uv": [3.5, 7, 2, 7.5], "texture": "#0"}
			}
		},
		{
			"from": [6.5, 0.4, 5.4],
			"to": [9.5, 4.9, 6.4],
			"rotation": {"angle": 0, "axis": "y", "origin": [5.5, 0.4, 6.4]},
			"faces": {
				"north": {"uv": [4.5, 0, 6, 2.5], "texture": "#0"},
				"east": {"uv": [1, 6.5, 1.5, 9], "texture": "#0"},
				"south": {"uv": [4.5, 2.5, 6, 5], "texture": "#0"},
				"west": {"uv": [1.5, 6.5, 2, 9], "texture": "#0"},
				"up": {"uv": [8.5, 2.5, 7, 2], "texture": "#0"},
				"down": {"uv": [5, 7, 3.5, 7.5], "texture": "#0"}
			}
		},
		{
			"from": [7.9, 3.3, 6.8],
			"to": [8.2, 5.3, 7.4],
			"rotation": {"angle": 0, "axis": "y", "origin": [6.2, 3.3, 6.3]},
			"faces": {
				"north": {"uv": [6, 0, 7, 4], "texture": "#1"},
				"east": {"uv": [6, 4, 7, 8], "texture": "#1"},
				"south": {"uv": [0, 8, 1, 12], "texture": "#1"},
				"west": {"uv": [8, 0, 9, 4], "texture": "#1"},
				"up": {"uv": [1, 13, 0, 12], "texture": "#1"},
				"down": {"uv": [13, 0, 12, 1], "texture": "#1"}
			}
		},
		{
			"from": [7.9, 3.3, 7.8],
			"to": [8.2, 5.3, 8.2],
			"rotation": {"angle": 0, "axis": "y", "origin": [6.2, 3.3, 7.1]},
			"faces": {
				"north": {"uv": [2, 8, 3, 12], "texture": "#1"},
				"east": {"uv": [4, 8, 5, 12], "texture": "#1"},
				"south": {"uv": [8, 4, 9, 8], "texture": "#1"},
				"west": {"uv": [6, 8, 7, 12], "texture": "#1"},
				"up": {"uv": [3, 13, 2, 12], "texture": "#1"},
				"down": {"uv": [13, 2, 12, 3], "texture": "#1"}
			}
		},
		{
			"from": [8.1, 3.3, 7.2],
			"to": [8.4, 5.3, 8],
			"rotation": {"angle": 0, "axis": "y", "origin": [6.4, 3.3, 6.9]},
			"faces": {
				"north": {"uv": [8, 8, 9, 12], "texture": "#1"},
				"east": {"uv": [0, 4, 2, 8], "texture": "#1"},
				"south": {"uv": [10, 0, 11, 4], "texture": "#1"},
				"west": {"uv": [4, 0, 6, 4], "texture": "#1"},
				"up": {"uv": [11, 10, 10, 8], "texture": "#1"},
				"down": {"uv": [11, 10, 10, 12], "texture": "#1"}
			}
		},
		{
			"from": [7.6, 3.3, 7.2],
			"to": [7.9, 5.3, 8],
			"rotation": {"angle": 0, "axis": "y", "origin": [5.9, 3.3, 6.9]},
			"faces": {
				"north": {"uv": [2, 4, 3, 8], "texture": "#1"},
				"east": {"uv": [0, 0, 2, 4], "texture": "#1"},
				"south": {"uv": [4, 4, 5, 8], "texture": "#1"},
				"west": {"uv": [2, 0, 4, 4], "texture": "#1"},
				"up": {"uv": [11, 6, 10, 4], "texture": "#1"},
				"down": {"uv": [11, 6, 10, 8], "texture": "#1"}
			}
		}
	],
	"display": {
		"thirdperson_righthand": {
			"rotation": [69, 0, 0],
			"translation": [0, 2, 4.75]
		},
		"thirdperson_lefthand": {
			"rotation": [69, 0, 0],
			"translation": [0, 2, 4.75]
		},
		"firstperson_righthand": {
			"rotation": [0, 128, 0],
			"translation": [-2.5, 11.75, 3.5],
			"scale": [1, 1.2, 1]
		},
		"firstperson_lefthand": {
			"rotation": [0, 128, 0],
			"translation": [-2.5, 11.75, 3.5],
			"scale": [1, 1.2, 1]
		},
		"ground": {
			"translation": [0, 3.5, 0]
		},
		"gui": {
			"rotation": [17, 138, 7],
			"translation": [1.5, 12, 0],
			"scale": [2.32, 2.32, 2.32]
		},
		"head": {
			"translation": [0, 25.5, 1.25],
			"scale": [2.5, 2.5, 2.5]
		},
		"fixed": {
			"rotation": [-90, 0, 0],
			"translation": [0, 0, -16.25],
			"scale": [2.1, 2.1, 2.1]
		}
	}
}