{
	"credit": "Made with Blockbench",
	"texture_size": [32, 32],
	"textures": {
		"0": "custom/stamm/sushilol",
		"1": "custom/stamm/stabe",
		"particle": "custom/stamm/sushilol"
	},
	"elements": [
		{
			"from": [3, 0, 3.6],
			"to": [5, 2, 12.5],
			"rotation": {"angle": 0, "axis": "y", "origin": [3, 0, 3]},
			"faces": {
				"north": {"uv": [3, 10, 4, 11], "texture": "#0"},
				"east": {"uv": [6, 4, 10.5, 5], "texture": "#0"},
				"south": {"uv": [4, 10, 5, 11], "texture": "#0"},
				"west": {"uv": [6, 5, 10.5, 6], "texture": "#0"},
				"up": {"uv": [7, 10.5, 6, 6], "texture": "#0"},
				"down": {"uv": [8, 6, 7, 10.5], "texture": "#0"}
			}
		},
		{
			"from": [11, 0, 3.6],
			"to": [13, 2, 12.5],
			"rotation": {"angle": 0, "axis": "y", "origin": [11, 0, 3]},
			"faces": {
				"north": {"uv": [5, 10, 6, 11], "texture": "#0"},
				"east": {"uv": [8, 6, 12.5, 7], "texture": "#0"},
				"south": {"uv": [10, 8, 11, 9], "texture": "#0"},
				"west": {"uv": [8, 7, 12.5, 8], "texture": "#0"},
				"up": {"uv": [9, 12.5, 8, 8], "texture": "#0"},
				"down": {"uv": [10, 8, 9, 12.5], "texture": "#0"}
			}
		},
		{
			"from": [2, 2, 3],
			"to": [14, 3.5, 13],
			"rotation": {"angle": 0, "axis": "y", "origin": [11, 2, 3]},
			"faces": {
				"north": {"uv": [6, 0, 12, 1], "texture": "#0"},
				"east": {"uv": [6, 2, 11, 3], "texture": "#0"},
				"south": {"uv": [6, 1, 12, 2], "texture": "#0"},
				"west": {"uv": [6, 3, 11, 4], "texture": "#0"},
				"up": {"uv": [6, 5, 0, 0], "texture": "#0"},
				"down": {"uv": [6, 5, 0, 10], "texture": "#0"}
			}
		},
		{
			"from": [2.3, 3, 3.7],
			"to": [4.3, 5, 5.7],
			"rotation": {"angle": 0, "axis": "y", "origin": [8.3, 3, 1.7]},
			"faces": {
				"north": {"uv": [10, 9, 11, 10], "texture": "#0"},
				"east": {"uv": [10, 10, 11, 11], "texture": "#0"},
				"south": {"uv": [10.5, 4, 11.5, 5], "texture": "#0"},
				"west": {"uv": [10.5, 5, 11.5, 6], "texture": "#0"},
				"up": {"uv": [7, 11.5, 6, 10.5], "texture": "#0"},
				"down": {"uv": [8, 10.5, 7, 11.5], "texture": "#0"}
			}
		},
		{
			"from": [12.4, 4.3, 3.7],
			"to": [12.8, 4.8, 5.7],
			"rotation": {"angle": 0, "axis": "y", "origin": [16.4, 4.3, 1.7]},
			"faces": {
				"north": {"uv": [5.5, 13, 6, 13.5], "texture": "#0"},
				"east": {"uv": [1, 12, 2, 12.5], "texture": "#0"},
				"south": {"uv": [13, 5.5, 13.5, 6], "texture": "#0"},
				"west": {"uv": [12, 1, 13, 1.5], "texture": "#0"},
				"up": {"uv": [12.5, 2.5, 12, 1.5], "texture": "#0"},
				"down": {"uv": [2.5, 12, 2, 13], "texture": "#0"}
			}
		},
		{
			"from": [10, 4.3, 3.7],
			"to": [10.4, 4.8, 5.7],
			"rotation": {"angle": 0, "axis": "y", "origin": [14, 4.3, 1.7]},
			"faces": {
				"north": {"uv": [6, 13, 6.5, 13.5], "texture": "#0"},
				"east": {"uv": [12, 3.5, 13, 4], "texture": "#0"},
				"south": {"uv": [6.5, 13, 7, 13.5], "texture": "#0"},
				"west": {"uv": [4.5, 12, 5.5, 12.5], "texture": "#0"},
				"up": {"uv": [6, 13, 5.5, 12], "texture": "#0"},
				"down": {"uv": [12.5, 8, 12, 9], "texture": "#0"}
			}
		},
		{
			"from": [10.4, 4.3, 3.3],
			"to": [12.4, 4.8, 3.8],
			"rotation": {"angle": 0, "axis": "y", "origin": [16, 4.3, 1.7]},
			"faces": {
				"north": {"uv": [12, 9, 13, 9.5], "texture": "#0"},
				"east": {"uv": [13, 6.5, 13.5, 7], "texture": "#0"},
				"south": {"uv": [12, 9.5, 13, 10], "texture": "#0"},
				"west": {"uv": [13, 7, 13.5, 7.5], "texture": "#0"},
				"up": {"uv": [11, 12.5, 10, 12], "texture": "#0"},
				"down": {"uv": [13, 10, 12, 10.5], "texture": "#0"}
			}
		},
		{
			"from": [10.4, 4.3, 5.6],
			"to": [12.4, 4.8, 6.1],
			"rotation": {"angle": 0, "axis": "y", "origin": [16, 4.3, 4]},
			"faces": {
				"north": {"uv": [12, 10.5, 13, 11], "texture": "#0"},
				"east": {"uv": [7.5, 13, 8, 13.5], "texture": "#0"},
				"south": {"uv": [11, 12, 12, 12.5], "texture": "#0"},
				"west": {"uv": [8, 13, 8.5, 13.5], "texture": "#0"},
				"up": {"uv": [13, 11.5, 12, 11], "texture": "#0"},
				"down": {"uv": [13, 11.5, 12, 12], "texture": "#0"}
			}
		},
		{
			"from": [10.4, 3, 3.7],
			"to": [12.4, 4.3, 5.7],
			"rotation": {"angle": 0, "axis": "y", "origin": [16.4, 3, 1.7]},
			"faces": {
				"north": {"uv": [2.5, 12, 3.5, 12.5], "texture": "#0"},
				"east": {"uv": [12, 2.5, 13, 3], "texture": "#0"},
				"south": {"uv": [12, 3, 13, 3.5], "texture": "#0"},
				"west": {"uv": [3.5, 12, 4.5, 12.5], "texture": "#0"},
				"up": {"uv": [12, 12, 11, 11], "texture": "#0"},
				"down": {"uv": [12.5, 4, 11.5, 5], "texture": "#0"}
			}
		},
		{
			"from": [9.4, 3, 7.5],
			"to": [12.4, 4.3, 9.5],
			"rotation": {"angle": 0, "axis": "y", "origin": [16.4, 3, 5.5]},
			"faces": {
				"north": {"uv": [12, 0, 13.5, 0.5], "texture": "#0"},
				"east": {"uv": [12, 12, 13, 12.5], "texture": "#0"},
				"south": {"uv": [12, 0.5, 13.5, 1], "texture": "#0"},
				"west": {"uv": [1, 12.5, 2, 13], "texture": "#0"},
				"up": {"uv": [1.5, 11, 0, 10], "texture": "#0"},
				"down": {"uv": [3, 10, 1.5, 11], "texture": "#0"}
			}
		},
		{
			"from": [10.7, 3, 7.4],
			"to": [11.4, 5.2, 9.6],
			"rotation": {"angle": 0, "axis": "y", "origin": [16.4, 3, 5.5]},
			"faces": {
				"north": {"uv": [12.5, 4, 13, 5], "texture": "#0"},
				"east": {"uv": [7, 11.5, 8, 12.5], "texture": "#0"},
				"south": {"uv": [4.5, 12.5, 5, 13.5], "texture": "#0"},
				"west": {"uv": [0, 12, 1, 13], "texture": "#0"},
				"up": {"uv": [5.5, 13.5, 5, 12.5], "texture": "#0"},
				"down": {"uv": [13, 5, 12.5, 6], "texture": "#0"}
			}
		},
		{
			"from": [11.3, 4.5, 7.4],
			"to": [12.2, 5.3, 9.6],
			"rotation": {"angle": 0, "axis": "y", "origin": [17.1, 3, 5.5]},
			"faces": {
				"north": {"uv": [13, 8, 13.5, 8.5], "texture": "#0"},
				"east": {"uv": [6, 12.5, 7, 13], "texture": "#0"},
				"south": {"uv": [13, 8.5, 13.5, 9], "texture": "#0"},
				"west": {"uv": [12.5, 6, 13.5, 6.5], "texture": "#0"},
				"up": {"uv": [13, 7.5, 12.5, 6.5], "texture": "#0"},
				"down": {"uv": [7.5, 12.5, 7, 13.5], "texture": "#0"}
			}
		},
		{
			"from": [12, 4.2, 7.4],
			"to": [12.9, 5, 9.6],
			"rotation": {"angle": 0, "axis": "y", "origin": [17.8, 2.7, 5.5]},
			"faces": {
				"north": {"uv": [9, 13, 9.5, 13.5], "texture": "#0"},
				"east": {"uv": [7.5, 12.5, 8.5, 13], "texture": "#0"},
				"south": {"uv": [13, 9, 13.5, 9.5], "texture": "#0"},
				"west": {"uv": [12.5, 7.5, 13.5, 8], "texture": "#0"},
				"up": {"uv": [13, 9, 12.5, 8], "texture": "#0"},
				"down": {"uv": [9, 12.5, 8.5, 13.5], "texture": "#0"}
			}
		},
		{
			"from": [12.5, 3.8, 7.5],
			"to": [13.2, 4.4, 9.5],
			"rotation": {"angle": 0, "axis": "y", "origin": [18.2, 2.2, 5.5]},
			"faces": {
				"north": {"uv": [9.5, 13, 10, 13.5], "texture": "#0"},
				"east": {"uv": [9, 12.5, 10, 13], "texture": "#0"},
				"south": {"uv": [13, 9.5, 13.5, 10], "texture": "#0"},
				"west": {"uv": [10, 12.5, 11, 13], "texture": "#0"},
				"up": {"uv": [11.5, 13.5, 11, 12.5], "texture": "#0"},
				"down": {"uv": [12, 12.5, 11.5, 13.5], "texture": "#0"}
			}
		},
		{
			"from": [9.99, 4.29, 7.49],
			"to": [10.71, 4.91, 9.51],
			"rotation": {"angle": 0, "axis": "y", "origin": [15.7, 2.7, 5.5]},
			"faces": {
				"north": {"uv": [10, 13, 10.5, 13.5], "texture": "#0"},
				"east": {"uv": [12, 12.5, 13, 13], "texture": "#0"},
				"south": {"uv": [13, 10, 13.5, 10.5], "texture": "#0"},
				"west": {"uv": [0, 13, 1, 13.5], "texture": "#0"},
				"up": {"uv": [1.5, 14, 1, 13], "texture": "#0"},
				"down": {"uv": [2, 13, 1.5, 14], "texture": "#0"}
			}
		},
		{
			"from": [9.29, 3.99, 7.49],
			"to": [10.01, 4.61, 9.51],
			"rotation": {"angle": 0, "axis": "y", "origin": [15, 2.4, 5.5]},
			"faces": {
				"north": {"uv": [10.5, 13, 11, 13.5], "texture": "#0"},
				"east": {"uv": [13, 1, 14, 1.5], "texture": "#0"},
				"south": {"uv": [13, 10.5, 13.5, 11], "texture": "#0"},
				"west": {"uv": [2, 13, 3, 13.5], "texture": "#0"},
				"up": {"uv": [13.5, 3.5, 13, 2.5], "texture": "#0"},
				"down": {"uv": [3.5, 13, 3, 14], "texture": "#0"}
			}
		},
		{
			"from": [8.6, 4, 8.1],
			"to": [9.3, 4.4, 8.9],
			"rotation": {"angle": 0, "axis": "y", "origin": [14.3, 2.4, 5.6]},
			"faces": {
				"north": {"uv": [13, 11, 13.5, 11.5], "texture": "#0"},
				"east": {"uv": [13, 11.5, 13.5, 12], "texture": "#0"},
				"south": {"uv": [12, 13, 12.5, 13.5], "texture": "#0"},
				"west": {"uv": [13, 12, 13.5, 12.5], "texture": "#0"},
				"up": {"uv": [13, 13.5, 12.5, 13], "texture": "#0"},
				"down": {"uv": [13.5, 12.5, 13, 13], "texture": "#0"}
			}
		},
		{
			"from": [8.3, 4, 8.9],
			"to": [9, 4.4, 9.4],
			"rotation": {"angle": 0, "axis": "y", "origin": [14, 2.4, 6.4]},
			"faces": {
				"north": {"uv": [13, 13, 13.5, 13.5], "texture": "#0"},
				"east": {"uv": [0, 13.5, 0.5, 14], "texture": "#0"},
				"south": {"uv": [13.5, 0, 14, 0.5], "texture": "#0"},
				"west": {"uv": [0.5, 13.5, 1, 14], "texture": "#0"},
				"up": {"uv": [14, 1, 13.5, 0.5], "texture": "#0"},
				"down": {"uv": [14, 1.5, 13.5, 2], "texture": "#0"}
			}
		},
		{
			"from": [8.3, 4, 7.6],
			"to": [9, 4.4, 8.1],
			"rotation": {"angle": 0, "axis": "y", "origin": [14, 2.4, 4.9]},
			"faces": {
				"north": {"uv": [3.5, 13, 4, 13.5], "texture": "#0"},
				"east": {"uv": [13, 3.5, 13.5, 4], "texture": "#0"},
				"south": {"uv": [4, 13, 4.5, 13.5], "texture": "#0"},
				"west": {"uv": [13, 4, 13.5, 4.5], "texture": "#0"},
				"up": {"uv": [13.5, 5, 13, 4.5], "texture": "#0"},
				"down": {"uv": [13.5, 5, 13, 5.5], "texture": "#0"}
			}
		},
		{
			"from": [10, 4.3, 7.5],
			"to": [12.4, 4.6, 9.5],
			"rotation": {"angle": 0, "axis": "y", "origin": [16.4, 4.3, 5.5]},
			"faces": {
				"north": {"uv": [12.5, 1.5, 13.5, 2], "texture": "#0"},
				"east": {"uv": [12.5, 2, 13.5, 2.5], "texture": "#0"},
				"south": {"uv": [2.5, 12.5, 3.5, 13], "texture": "#0"},
				"west": {"uv": [3.5, 12.5, 4.5, 13], "texture": "#0"},
				"up": {"uv": [12.5, 6, 11.5, 5], "texture": "#0"},
				"down": {"uv": [7, 11.5, 6, 12.5], "texture": "#0"}
			}
		},
		{
			"from": [8.7, 3, 10.3],
			"to": [11.7, 4.3, 12.3],
			"rotation": {"angle": 0, "axis": "y", "origin": [15.7, 3, 8.3]},
			"faces": {
				"north": {"uv": [12, 0, 13.5, 0.5], "texture": "#0"},
				"east": {"uv": [12, 12, 13, 12.5], "texture": "#0"},
				"south": {"uv": [12, 0.5, 13.5, 1], "texture": "#0"},
				"west": {"uv": [1, 12.5, 2, 13], "texture": "#0"},
				"up": {"uv": [1.5, 11, 0, 10], "texture": "#0"},
				"down": {"uv": [3, 10, 1.5, 11], "texture": "#0"}
			}
		},
		{
			"from": [9.3, 4.3, 10.3],
			"to": [11.7, 4.6, 12.3],
			"rotation": {"angle": 0, "axis": "y", "origin": [15.7, 4.3, 8.3]},
			"faces": {
				"north": {"uv": [12.5, 1.5, 13.5, 2], "texture": "#0"},
				"east": {"uv": [12.5, 2, 13.5, 2.5], "texture": "#0"},
				"south": {"uv": [2.5, 12.5, 3.5, 13], "texture": "#0"},
				"west": {"uv": [3.5, 12.5, 4.5, 13], "texture": "#0"},
				"up": {"uv": [12.5, 6, 11.5, 5], "texture": "#0"},
				"down": {"uv": [7, 11.5, 6, 12.5], "texture": "#0"}
			}
		},
		{
			"from": [10, 3, 10.2],
			"to": [10.7, 5.2, 12.4],
			"rotation": {"angle": 0, "axis": "y", "origin": [15.7, 3, 8.3]},
			"faces": {
				"north": {"uv": [12.5, 4, 13, 5], "texture": "#0"},
				"east": {"uv": [7, 11.5, 8, 12.5], "texture": "#0"},
				"south": {"uv": [4.5, 12.5, 5, 13.5], "texture": "#0"},
				"west": {"uv": [0, 12, 1, 13], "texture": "#0"},
				"up": {"uv": [5.5, 13.5, 5, 12.5], "texture": "#0"},
				"down": {"uv": [13, 5, 12.5, 6], "texture": "#0"}
			}
		},
		{
			"from": [10.6, 4.5, 10.2],
			"to": [11.5, 5.3, 12.4],
			"rotation": {"angle": 0, "axis": "y", "origin": [16.4, 3, 8.3]},
			"faces": {
				"north": {"uv": [13, 8, 13.5, 8.5], "texture": "#0"},
				"east": {"uv": [6, 12.5, 7, 13], "texture": "#0"},
				"south": {"uv": [13, 8.5, 13.5, 9], "texture": "#0"},
				"west": {"uv": [12.5, 6, 13.5, 6.5], "texture": "#0"},
				"up": {"uv": [13, 7.5, 12.5, 6.5], "texture": "#0"},
				"down": {"uv": [7.5, 12.5, 7, 13.5], "texture": "#0"}
			}
		},
		{
			"from": [11.3, 4.2, 10.2],
			"to": [12.2, 5, 12.4],
			"rotation": {"angle": 0, "axis": "y", "origin": [17.1, 2.7, 8.3]},
			"faces": {
				"north": {"uv": [9, 13, 9.5, 13.5], "texture": "#0"},
				"east": {"uv": [7.5, 12.5, 8.5, 13], "texture": "#0"},
				"south": {"uv": [13, 9, 13.5, 9.5], "texture": "#0"},
				"west": {"uv": [12.5, 7.5, 13.5, 8], "texture": "#0"},
				"up": {"uv": [13, 9, 12.5, 8], "texture": "#0"},
				"down": {"uv": [9, 12.5, 8.5, 13.5], "texture": "#0"}
			}
		},
		{
			"from": [11.8, 3.8, 10.3],
			"to": [12.5, 4.4, 12.3],
			"rotation": {"angle": 0, "axis": "y", "origin": [17.5, 2.2, 8.3]},
			"faces": {
				"north": {"uv": [9.5, 13, 10, 13.5], "texture": "#0"},
				"east": {"uv": [9, 12.5, 10, 13], "texture": "#0"},
				"south": {"uv": [13, 9.5, 13.5, 10], "texture": "#0"},
				"west": {"uv": [10, 12.5, 11, 13], "texture": "#0"},
				"up": {"uv": [11.5, 13.5, 11, 12.5], "texture": "#0"},
				"down": {"uv": [12, 12.5, 11.5, 13.5], "texture": "#0"}
			}
		},
		{
			"from": [9.29, 4.29, 10.29],
			"to": [10.01, 4.91, 12.31],
			"rotation": {"angle": 0, "axis": "y", "origin": [15, 2.7, 8.3]},
			"faces": {
				"north": {"uv": [10, 13, 10.5, 13.5], "texture": "#0"},
				"east": {"uv": [12, 12.5, 13, 13], "texture": "#0"},
				"south": {"uv": [13, 10, 13.5, 10.5], "texture": "#0"},
				"west": {"uv": [0, 13, 1, 13.5], "texture": "#0"},
				"up": {"uv": [1.5, 14, 1, 13], "texture": "#0"},
				"down": {"uv": [2, 13, 1.5, 14], "texture": "#0"}
			}
		},
		{
			"from": [8.59, 3.99, 10.29],
			"to": [9.31, 4.61, 12.31],
			"rotation": {"angle": 0, "axis": "y", "origin": [14.3, 2.4, 8.3]},
			"faces": {
				"north": {"uv": [10.5, 13, 11, 13.5], "texture": "#0"},
				"east": {"uv": [13, 1, 14, 1.5], "texture": "#0"},
				"south": {"uv": [13, 10.5, 13.5, 11], "texture": "#0"},
				"west": {"uv": [2, 13, 3, 13.5], "texture": "#0"},
				"up": {"uv": [13.5, 3.5, 13, 2.5], "texture": "#0"},
				"down": {"uv": [3.5, 13, 3, 14], "texture": "#0"}
			}
		},
		{
			"from": [7.9, 4, 10.9],
			"to": [8.6, 4.4, 11.7],
			"rotation": {"angle": 0, "axis": "y", "origin": [13.6, 2.4, 8.4]},
			"faces": {
				"north": {"uv": [13, 11, 13.5, 11.5], "texture": "#0"},
				"east": {"uv": [13, 11.5, 13.5, 12], "texture": "#0"},
				"south": {"uv": [12, 13, 12.5, 13.5], "texture": "#0"},
				"west": {"uv": [13, 12, 13.5, 12.5], "texture": "#0"},
				"up": {"uv": [13, 13.5, 12.5, 13], "texture": "#0"},
				"down": {"uv": [13.5, 12.5, 13, 13], "texture": "#0"}
			}
		},
		{
			"from": [7.6, 4, 11.7],
			"to": [8.3, 4.4, 12.2],
			"rotation": {"angle": 0, "axis": "y", "origin": [13.3, 2.4, 9.2]},
			"faces": {
				"north": {"uv": [13, 13, 13.5, 13.5], "texture": "#0"},
				"east": {"uv": [0, 13.5, 0.5, 14], "texture": "#0"},
				"south": {"uv": [13.5, 0, 14, 0.5], "texture": "#0"},
				"west": {"uv": [0.5, 13.5, 1, 14], "texture": "#0"},
				"up": {"uv": [14, 1, 13.5, 0.5], "texture": "#0"},
				"down": {"uv": [14, 1.5, 13.5, 2], "texture": "#0"}
			}
		},
		{
			"from": [7.6, 4, 10.4],
			"to": [8.3, 4.4, 10.9],
			"rotation": {"angle": 0, "axis": "y", "origin": [13.3, 2.4, 7.7]},
			"faces": {
				"north": {"uv": [3.5, 13, 4, 13.5], "texture": "#0"},
				"east": {"uv": [13, 3.5, 13.5, 4], "texture": "#0"},
				"south": {"uv": [4, 13, 4.5, 13.5], "texture": "#0"},
				"west": {"uv": [13, 4, 13.5, 4.5], "texture": "#0"},
				"up": {"uv": [13.5, 5, 13, 4.5], "texture": "#0"},
				"down": {"uv": [13.5, 5, 13, 5.5], "texture": "#0"}
			}
		},
		{
			"from": [2.3, 3, 6.8],
			"to": [4.3, 5, 8.8],
			"rotation": {"angle": 0, "axis": "y", "origin": [8.3, 3, 4.8]},
			"faces": {
				"north": {"uv": [0, 11, 1, 12], "texture": "#0"},
				"east": {"uv": [1, 11, 2, 12], "texture": "#0"},
				"south": {"uv": [2, 11, 3, 12], "texture": "#0"},
				"west": {"uv": [11, 2, 12, 3], "texture": "#0"},
				"up": {"uv": [4, 12, 3, 11], "texture": "#0"},
				"down": {"uv": [12, 3, 11, 4], "texture": "#0"}
			}
		},
		{
			"from": [2.3, 3, 9.7],
			"to": [4.3, 5, 11.7],
			"rotation": {"angle": 0, "axis": "y", "origin": [8.3, 3, 7.7]},
			"faces": {
				"north": {"uv": [4, 11, 5, 12], "texture": "#0"},
				"east": {"uv": [5, 11, 6, 12], "texture": "#0"},
				"south": {"uv": [11, 8, 12, 9], "texture": "#0"},
				"west": {"uv": [11, 9, 12, 10], "texture": "#0"},
				"up": {"uv": [11, 12, 10, 11], "texture": "#0"},
				"down": {"uv": [12, 10, 11, 11], "texture": "#0"}
			}
		},
		{
			"from": [8.6, 3.4, 2],
			"to": [9.3, 3.9, 17.9],
			"rotation": {"angle": -22.5, "axis": "y", "origin": [8.6, 1.9, 2]},
			"faces": {
				"north": {"uv": [2.5, 2, 2.875, 2.25], "texture": "#1"},
				"east": {"uv": [2, 1, 10, 1.25], "texture": "#1"},
				"south": {"uv": [2.5, 2.5, 2.875, 2.75], "texture": "#1"},
				"west": {"uv": [2, 1.5, 10, 1.75], "texture": "#1"},
				"up": {"uv": [1.375, 8, 1, 0], "texture": "#1"},
				"down": {"uv": [1.875, 0, 1.5, 8], "texture": "#1"}
			}
		},
		{
			"from": [10.2, 3.4, 2],
			"to": [10.9, 3.9, 17.9],
			"rotation": {"angle": -22.5, "axis": "y", "origin": [10.2, 1.9, 2]},
			"faces": {
				"north": {"uv": [2, 2, 2.375, 2.25], "texture": "#1"},
				"east": {"uv": [2, 0, 10, 0.25], "texture": "#1"},
				"south": {"uv": [2, 2.5, 2.375, 2.75], "texture": "#1"},
				"west": {"uv": [2, 0.5, 10, 0.75], "texture": "#1"},
				"up": {"uv": [0.375, 8, 0, 0], "texture": "#1"},
				"down": {"uv": [0.875, 0, 0.5, 8], "texture": "#1"}
			}
		}
	],
	"display": {
		"thirdperson_righthand": {
			"rotation": [106, 0, 0],
			"translation": [-0.25, 0.5, 3.75],
			"scale": [0.78, 0.78, 0.78]
		},
		"thirdperson_lefthand": {
			"rotation": [106, 0, 0],
			"translation": [-0.25, 0.5, 3.75],
			"scale": [0.78, 0.78, 0.78]
		},
		"firstperson_righthand": {
			"rotation": [0, 136, 0],
			"translation": [0, 8.5, -1.25]
		},
		"firstperson_lefthand": {
			"rotation": [0, 136, 0],
			"translation": [0, 8.5, -1.25]
		},
		"ground": {
			"translation": [0, 4.5, 0]
		},
		"gui": {
			"rotation": [48, -21, 0],
			"translation": [0, 3.5, 0]
		},
		"head": {
			"translation": [0, 14.5, 0]
		},
		"fixed": {
			"rotation": [-90, 0, 0],
			"translation": [0, 0, -19.25],
			"scale": [2.41, 2.41, 2.41]
		}
	}
}