{
	"credit": "MadewithBlockbench",
	"textures": {
		"0": "custom/axt/bone_axe",
		"particle": "custom/axt/bone_axe"
	},
	"elements": [
		{
			"from": [7.5, 0, 7.5],
			"to": [8.5, 11, 8.5],
			"rotation": {"angle": 0, "axis": "y", "origin": [7.5, 0, 7.5]},
			"faces": {
				"north": {"uv": [0, 0, 1, 11], "texture": "#0"},
				"east": {"uv": [1, 0, 2, 11], "texture": "#0"},
				"south": {"uv": [2, 0, 1, 11], "texture": "#0"},
				"west": {"uv": [1, 0, 0, 11], "texture": "#0"},
				"up": {"uv": [8, 10, 7, 9], "texture": "#0"},
				"down": {"uv": [10, 7, 9, 8], "texture": "#0"}
			}
		},
		{
			"from": [7.35, 6.85, 7.4],
			"to": [8.65, 9.9, 8.6],
			"rotation": {"angle": 0, "axis": "y", "origin": [7.5, 0, 7.5]},
			"faces": {
				"north": {"uv": [6, 0, 7.5, 3], "texture": "#0"},
				"east": {"uv": [4, 6, 5, 9], "texture": "#0"},
				"south": {"uv": [6, 3, 7.5, 6], "texture": "#0"},
				"west": {"uv": [5, 6, 6, 9], "texture": "#0"},
				"up": {"uv": [6.5, 10, 5, 9], "texture": "#0"},
				"down": {"uv": [10.5, 6, 9, 7], "texture": "#0"}
			}
		},
		{
			"from": [7.55, 6.85, 5.45],
			"to": [8.45, 9.9, 7.4],
			"rotation": {"angle": 0, "axis": "y", "origin": [7.5, 0, 7.5]},
			"faces": {
				"north": {"uv": [6, 6, 7, 9], "texture": "#0"},
				"east": {"uv": [4, 0, 6, 3], "texture": "#0"},
				"south": {"uv": [7, 6, 8, 9], "texture": "#0"},
				"west": {"uv": [4, 3, 6, 6], "texture": "#0"},
				"up": {"uv": [9, 2, 8, 0], "texture": "#0"},
				"down": {"uv": [9, 2, 8, 4], "texture": "#0"}
			}
		},
		{
			"from": [7.575, 9.46296, 5.94986],
			"to": [8.425, 10.21296, 7.74986],
			"rotation": {"angle": 22.5, "axis": "x", "origin": [8, 10.88796, 6.79986]},
			"faces": {
				"north": {"uv": [9, 8, 10, 9], "texture": "#0"},
				"east": {"uv": [8, 4, 10, 5], "texture": "#0"},
				"south": {"uv": [9, 9, 10, 10], "texture": "#0"},
				"west": {"uv": [8, 5, 10, 6], "texture": "#0"},
				"up": {"uv": [9, 8, 8, 6], "texture": "#0"},
				"down": {"uv": [9, 8, 8, 10], "texture": "#0"}
			}
		},
		{
			"from": [7.575, 6.53704, 5.94986],
			"to": [8.425, 7.28704, 7.74986],
			"rotation": {"angle": -22.5, "axis": "x", "origin": [8, 5.86204, 6.79986]},
			"faces": {
				"north": {"uv": [10, 2, 11, 3], "texture": "#0"},
				"east": {"uv": [9, 0, 11, 1], "texture": "#0"},
				"south": {"uv": [10, 3, 11, 4], "texture": "#0"},
				"west": {"uv": [9, 1, 11, 2], "texture": "#0"},
				"up": {"uv": [10, 4, 9, 2], "texture": "#0"},
				"down": {"uv": [5, 9, 4, 11], "texture": "#0"}
			}
		}
	],
	"gui_light": "front",
	"display": {
		"thirdperson_righthand": {
			"translation": [0, 6, 1.75],
			"scale": [1.47, 1.47, 1.47]
		},
		"thirdperson_lefthand": {
			"translation": [0, 6, 1.75],
			"scale": [1.47, 1.47, 1.47]
		},
		"firstperson_righthand": {
			"rotation": [-12, 0, 0],
			"translation": [1.75, 6, -0.75],
			"scale": [1, 1, 1.25]
		},
		"firstperson_lefthand": {
			"rotation": [-12, 0, 0],
			"translation": [1.75, 6, -0.75],
			"scale": [1, 1, 1.25]
		},
		"ground": {
			"rotation": [90, 90, 0],
			"translation": [0, -1.25, 2.5]
		},
		"gui": {
			"rotation": [-90, 45, 90],
			"translation": [-1.75, 2, 0],
			"scale": [1.22, 1.22, 1.22]
		},
		"head": {
			"scale": [0, 0, 0]
		},
		"fixed": {
			"rotation": [0, -90, 0],
			"translation": [0, 6.75, -1.25],
			"scale": [2.31, 2.31, 2.31]
		}
	},
	"groups": [
		{
			"name": "group",
			"origin": [8, 8, 8],
			"color": 0,
			"children": [0, 1, 2, 3, 4]
		}
	]
}