{
	"credit": "Made with Blockbench",
	"texture_size": [64, 64],
	"textures": {
		"0": "custom/axt/poison_axe",
		"particle": "custom/axt/poison_axe"
	},
	"elements": [
		{
			"from": [7.27, -1, 7.27],
			"to": [8.73, 0.46, 8.73],
			"rotation": {"angle": -45, "axis": "x", "origin": [8, -0.27, 8]},
			"faces": {
				"north": {"uv": [5.5, 2.5, 5.875, 2.875], "texture": "#0"},
				"east": {"uv": [5.5, 1, 5.875, 1.375], "texture": "#0"},
				"south": {"uv": [5.5, 1.875, 5.875, 1.5], "texture": "#0"},
				"west": {"uv": [5.875, 2, 5.5, 2.375], "texture": "#0"},
				"up": {"uv": [5.875, 3.375, 5.5, 3], "rotation": 180, "texture": "#0"},
				"down": {"uv": [3.625, 5.5, 3.25, 5.875], "texture": "#0"}
			}
		},
		{
			"from": [7.5, 0, 7.5],
			"to": [8.5, 18, 8.5],
			"rotation": {"angle": 0, "axis": "y", "origin": [8.5, 0, 8.5]},
			"faces": {
				"north": {"uv": [4, 2, 4.25, 6.5], "texture": "#0"},
				"east": {"uv": [1.5, 4, 1.75, 8.5], "texture": "#0"},
				"south": {"uv": [1.75, 4, 2, 8.5], "texture": "#0"},
				"west": {"uv": [2, 4, 2.25, 8.5], "texture": "#0"},
				"up": {"uv": [4, 6.25, 3.75, 6], "rotation": 90, "texture": "#0"},
				"down": {"uv": [6.5, 1.25, 6.25, 1.5], "rotation": 270, "texture": "#0"}
			}
		},
		{
			"from": [7.27, 17.5, 7.27],
			"to": [8.73, 18.96, 8.73],
			"rotation": {"angle": -45, "axis": "x", "origin": [8, 18.23, 8]},
			"faces": {
				"north": {"uv": [4.75, 5.875, 5.125, 5.5], "texture": "#0"},
				"east": {"uv": [5.5, 3.5, 5.875, 3.875], "texture": "#0"},
				"south": {"uv": [4.25, 5.5, 4.625, 5.875], "texture": "#0"},
				"west": {"uv": [5.875, 4.5, 5.5, 4.875], "texture": "#0"},
				"up": {"uv": [5.5, 5.375, 5.875, 5], "texture": "#0"},
				"down": {"uv": [5.625, 5.5, 5.25, 5.875], "rotation": 180, "texture": "#0"}
			}
		},
		{
			"from": [7.1678, 18.48, 7.1678],
			"to": [8.8322, 21.2844, 9.9722],
			"rotation": {"angle": -45, "axis": "x", "origin": [8, 19.3122, 8]},
			"faces": {
				"north": {"uv": [2.75, 5, 3.1875, 5.6875], "texture": "#0"},
				"east": {"uv": [4.25, 4, 4.9375, 4.6875], "texture": "#0"},
				"south": {"uv": [2.25, 5, 2.6875, 5.6875], "texture": "#0"},
				"west": {"uv": [4.25, 4.75, 4.9375, 5.4375], "rotation": 90, "texture": "#0"},
				"up": {"uv": [3.9375, 5.4375, 3.25, 5], "rotation": 90, "texture": "#0"},
				"down": {"uv": [5.6875, 4, 5, 4.4375], "rotation": 270, "texture": "#0"}
			}
		},
		{
			"from": [7.35, 1.6, 7.35],
			"to": [8.65, 2.9, 8.65],
			"rotation": {"angle": 0, "axis": "y", "origin": [8.65, 1.6, 7.35]},
			"faces": {
				"north": {"uv": [3.25, 6, 3.5625, 6.3125], "texture": "#0"},
				"east": {"uv": [3.25, 6, 3.5625, 6.3125], "texture": "#0"},
				"south": {"uv": [3.25, 6, 3.5625, 6.3125], "texture": "#0"},
				"west": {"uv": [3.25, 6, 3.5625, 6.3125], "texture": "#0"},
				"up": {"uv": [3.5625, 6.3125, 3.25, 6], "rotation": 90, "texture": "#0"},
				"down": {"uv": [3.5625, 6, 3.25, 6.3125], "rotation": 270, "texture": "#0"}
			}
		},
		{
			"from": [7.35, 10.6, 7.35],
			"to": [8.65, 11.9, 8.65],
			"rotation": {"angle": 0, "axis": "y", "origin": [8.65, 10.6, 7.35]},
			"faces": {
				"north": {"uv": [3.25, 6, 3.5625, 6.3125], "texture": "#0"},
				"east": {"uv": [3.25, 6, 3.5625, 6.3125], "texture": "#0"},
				"south": {"uv": [3.25, 6, 3.5625, 6.3125], "texture": "#0"},
				"west": {"uv": [3.25, 6, 3.5625, 6.3125], "texture": "#0"},
				"up": {"uv": [3.5625, 6.3125, 3.25, 6], "rotation": 90, "texture": "#0"},
				"down": {"uv": [3.5625, 6, 3.25, 6.3125], "rotation": 270, "texture": "#0"}
			}
		},
		{
			"from": [7.5, 19.2, 8.45],
			"to": [8.5, 21.2, 10.45],
			"rotation": {"angle": 0, "axis": "y", "origin": [8.5, 0, 6.45]},
			"faces": {
				"north": {"uv": [3.75, 4.5, 4, 5], "texture": "#0"},
				"east": {"uv": [5, 4.5, 5.5, 5], "texture": "#0"},
				"south": {"uv": [3.75, 4, 4, 4.5], "texture": "#0"},
				"west": {"uv": [5.5, 5, 5, 5.5], "texture": "#0"},
				"up": {"uv": [2.75, 6, 2.25, 5.75], "rotation": 90, "texture": "#0"},
				"down": {"uv": [3.25, 5.75, 2.75, 6], "rotation": 270, "texture": "#0"}
			}
		},
		{
			"from": [7.5, 21.2, 8.2],
			"to": [8.5, 23.2, 9.2],
			"rotation": {"angle": 0, "axis": "y", "origin": [8.5, 2, 18.2]},
			"faces": {
				"north": {"uv": [0, 6, 0.25, 6.5], "texture": "#0"},
				"east": {"uv": [3.75, 5.5, 4, 6], "texture": "#0"},
				"south": {"uv": [5.75, 4, 6, 4.5], "texture": "#0"},
				"west": {"uv": [5.75, 5.5, 6, 6], "texture": "#0"},
				"up": {"uv": [6.5, 1.75, 6.25, 1.5], "rotation": 90, "texture": "#0"},
				"down": {"uv": [6.5, 1.75, 6.25, 2], "rotation": 270, "texture": "#0"}
			}
		},
		{
			"from": [7.5, 22.55355, 8.76066],
			"to": [8.5, 24.55355, 9.76066],
			"rotation": {"angle": 45, "axis": "x", "origin": [8, 23.55355, 9.26066]},
			"faces": {
				"north": {"uv": [1, 6, 1.25, 6.5], "texture": "#0"},
				"east": {"uv": [0.25, 6, 0.5, 6.5], "texture": "#0"},
				"south": {"uv": [0.5, 6, 0.75, 6.5], "texture": "#0"},
				"west": {"uv": [0.75, 6, 1, 6.5], "texture": "#0"},
				"up": {"uv": [2.5, 6.5, 2.25, 6.25], "rotation": 90, "texture": "#0"},
				"down": {"uv": [2.75, 6.25, 2.5, 6.5], "rotation": 270, "texture": "#0"}
			}
		},
		{
			"from": [7.5, 22.55355, 6.23934],
			"to": [8.5, 24.55355, 7.23934],
			"rotation": {"angle": -45, "axis": "x", "origin": [8, 23.55355, 6.73934]},
			"faces": {
				"north": {"uv": [0.75, 6, 0.5, 6.5], "texture": "#0"},
				"east": {"uv": [0.5, 6, 0.25, 6.5], "texture": "#0"},
				"south": {"uv": [1.25, 6, 1, 6.5], "texture": "#0"},
				"west": {"uv": [1, 6, 0.75, 6.5], "texture": "#0"},
				"up": {"uv": [2.25, 6.5, 2.5, 6.25], "rotation": 90, "texture": "#0"},
				"down": {"uv": [2.5, 6.25, 2.75, 6.5], "rotation": 270, "texture": "#0"}
			}
		},
		{
			"from": [7.5, 21.2, 6.8],
			"to": [8.5, 23.2, 7.8],
			"rotation": {"angle": 0, "axis": "y", "origin": [8.5, 2, -2.2]},
			"faces": {
				"north": {"uv": [6, 4, 5.75, 4.5], "texture": "#0"},
				"east": {"uv": [4, 5.5, 3.75, 6], "texture": "#0"},
				"south": {"uv": [0.25, 6, 0, 6.5], "texture": "#0"},
				"west": {"uv": [6, 5.5, 5.75, 6], "texture": "#0"},
				"up": {"uv": [6.25, 1.75, 6.5, 1.5], "rotation": 90, "texture": "#0"},
				"down": {"uv": [6.25, 1.75, 6.5, 2], "rotation": 270, "texture": "#0"}
			}
		},
		{
			"from": [7.75, 21.64645, 10.08223],
			"to": [8.25, 23.64645, 15.08223],
			"rotation": {"angle": -22.5, "axis": "x", "origin": [8.25, 21.64645, 13.58223]},
			"faces": {
				"north": {"uv": [6.25, 6, 6.375, 6.5], "texture": "#0"},
				"east": {"uv": [4.25, 2, 5.5, 2.5], "texture": "#0"},
				"south": {"uv": [3.75, 6.25, 3.875, 6.75], "texture": "#0"},
				"west": {"uv": [4.25, 2.5, 5.5, 3], "texture": "#0"},
				"up": {"uv": [6.75, 0.125, 5.5, 0], "rotation": 90, "texture": "#0"},
				"down": {"uv": [6.75, 0.25, 5.5, 0.375], "rotation": 270, "texture": "#0"}
			}
		},
		{
			"from": [7.75, 23.64645, 13.08223],
			"to": [8.25, 24.64645, 15.08223],
			"rotation": {"angle": -22.5, "axis": "x", "origin": [8.25, 21.64645, 13.58223]},
			"faces": {
				"north": {"uv": [6.5, 3.25, 6.625, 3.5], "texture": "#0"},
				"east": {"uv": [6, 2.25, 6.5, 2.5], "texture": "#0"},
				"south": {"uv": [3.25, 6.5, 3.375, 6.75], "texture": "#0"},
				"west": {"uv": [6, 2.5, 6.5, 2.75], "texture": "#0"},
				"up": {"uv": [7, 1.875, 6.5, 1.75], "rotation": 90, "texture": "#0"},
				"down": {"uv": [7, 2, 6.5, 2.125], "rotation": 270, "texture": "#0"}
			}
		},
		{
			"from": [7.75, 24.64645, 14.08223],
			"to": [8.25, 25.64645, 15.08223],
			"rotation": {"angle": -22.5, "axis": "x", "origin": [8.25, 21.64645, 13.58223]},
			"faces": {
				"north": {"uv": [6.5, 3.5, 6.625, 3.75], "texture": "#0"},
				"east": {"uv": [2.25, 6.5, 2.5, 6.75], "texture": "#0"},
				"south": {"uv": [3.5, 6.5, 3.625, 6.75], "texture": "#0"},
				"west": {"uv": [6.5, 2.25, 6.75, 2.5], "texture": "#0"},
				"up": {"uv": [6.75, 3.875, 6.5, 3.75], "rotation": 90, "texture": "#0"},
				"down": {"uv": [4.25, 6.5, 4, 6.625], "rotation": 270, "texture": "#0"}
			}
		},
		{
			"from": [7.75, 16.94674, 9.31687],
			"to": [8.25, 18.94674, 14.31687],
			"rotation": {"angle": 22.5, "axis": "x", "origin": [8.25, 16.94674, 12.81687]},
			"faces": {
				"north": {"uv": [0.25, 6.5, 0.375, 7], "texture": "#0"},
				"east": {"uv": [4.25, 3, 5.5, 3.5], "texture": "#0"},
				"south": {"uv": [0, 6.5, 0.125, 7], "texture": "#0"},
				"west": {"uv": [4.25, 3.5, 5.5, 4], "texture": "#0"},
				"up": {"uv": [6.75, 0.625, 5.5, 0.5], "rotation": 90, "texture": "#0"},
				"down": {"uv": [6.75, 0.75, 5.5, 0.875], "rotation": 270, "texture": "#0"}
			}
		},
		{
			"from": [7.75, 15.94674, 12.31687],
			"to": [8.25, 16.94674, 14.31687],
			"rotation": {"angle": 22.5, "axis": "x", "origin": [8.25, 16.94674, 12.81687]},
			"faces": {
				"north": {"uv": [6.5, 2.5, 6.625, 2.75], "texture": "#0"},
				"east": {"uv": [6, 2, 6.5, 2.25], "texture": "#0"},
				"south": {"uv": [2.5, 6.5, 2.625, 6.75], "texture": "#0"},
				"west": {"uv": [2.25, 6, 2.75, 6.25], "texture": "#0"},
				"up": {"uv": [1, 6.625, 0.5, 6.5], "rotation": 90, "texture": "#0"},
				"down": {"uv": [7, 1.25, 6.5, 1.375], "rotation": 270, "texture": "#0"}
			}
		},
		{
			"from": [7.75, 14.94674, 13.31687],
			"to": [8.25, 15.94674, 14.31687],
			"rotation": {"angle": 22.5, "axis": "x", "origin": [8.25, 16.94674, 12.81687]},
			"faces": {
				"north": {"uv": [6.5, 2.75, 6.625, 3], "texture": "#0"},
				"east": {"uv": [1, 6.5, 1.25, 6.75], "texture": "#0"},
				"south": {"uv": [2.75, 6.5, 2.875, 6.75], "texture": "#0"},
				"west": {"uv": [6.5, 1.5, 6.75, 1.75], "texture": "#0"},
				"up": {"uv": [3.25, 6.625, 3, 6.5], "rotation": 90, "texture": "#0"},
				"down": {"uv": [6.75, 3, 6.5, 3.125], "rotation": 270, "texture": "#0"}
			}
		},
		{
			"from": [7.75, 18.22047, 11.96805],
			"to": [8.25, 22.22047, 14.96805],
			"rotation": {"angle": 0, "axis": "z", "origin": [8.25, 22.22047, 13.46805]},
			"faces": {
				"north": {"uv": [1.25, 6, 1.375, 7], "texture": "#0"},
				"east": {"uv": [2.25, 4, 3, 5], "texture": "#0"},
				"south": {"uv": [6, 1, 6.125, 2], "texture": "#0"},
				"west": {"uv": [3, 4, 3.75, 5], "texture": "#0"},
				"up": {"uv": [6.75, 5.875, 6, 5.75], "rotation": 90, "texture": "#0"},
				"down": {"uv": [7, 1, 6.25, 1.125], "rotation": 270, "texture": "#0"}
			}
		},
		{
			"from": [8, 12, 8.95],
			"to": [8, 28, 16.95],
			"rotation": {"angle": 0, "axis": "y", "origin": [8, 12, 8.95]},
			"faces": {
				"north": {"uv": [0, 0, 0, 4], "texture": "#0"},
				"east": {"uv": [0, 0, 2, 4], "texture": "#0"},
				"south": {"uv": [0, 0, 0, 4], "texture": "#0"},
				"west": {"uv": [2, 0, 0, 4], "texture": "#0"},
				"up": {"uv": [2, 0, 0, 0], "rotation": 90, "texture": "#0"},
				"down": {"uv": [2, 0, 0, 0], "rotation": 270, "texture": "#0"}
			}
		},
		{
			"from": [7.5, 19.2, 5.55],
			"to": [8.5, 21.2, 7.55],
			"rotation": {"angle": 0, "axis": "y", "origin": [8.5, 0, 9.55]},
			"faces": {
				"north": {"uv": [4, 4, 3.75, 4.5], "texture": "#0"},
				"east": {"uv": [5.5, 4.5, 5, 5], "texture": "#0"},
				"south": {"uv": [4, 4.5, 3.75, 5], "texture": "#0"},
				"west": {"uv": [5, 5, 5.5, 5.5], "texture": "#0"},
				"up": {"uv": [2.25, 6, 2.75, 5.75], "rotation": 90, "texture": "#0"},
				"down": {"uv": [2.75, 5.75, 3.25, 6], "rotation": 270, "texture": "#0"}
			}
		},
		{
			"from": [7.75, 21.64645, 0.91777],
			"to": [8.25, 23.64645, 5.91777],
			"rotation": {"angle": 22.5, "axis": "x", "origin": [8.25, 21.64645, 2.41777]},
			"faces": {
				"north": {"uv": [3.875, 6.25, 3.75, 6.75], "texture": "#0"},
				"east": {"uv": [5.5, 2, 4.25, 2.5], "texture": "#0"},
				"south": {"uv": [6.375, 6, 6.25, 6.5], "texture": "#0"},
				"west": {"uv": [5.5, 2.5, 4.25, 3], "texture": "#0"},
				"up": {"uv": [5.5, 0.125, 6.75, 0], "rotation": 90, "texture": "#0"},
				"down": {"uv": [5.5, 0.25, 6.75, 0.375], "rotation": 270, "texture": "#0"}
			}
		},
		{
			"from": [7.75, 23.64645, 0.91777],
			"to": [8.25, 24.64645, 2.91777],
			"rotation": {"angle": 22.5, "axis": "x", "origin": [8.25, 21.64645, 2.41777]},
			"faces": {
				"north": {"uv": [3.375, 6.5, 3.25, 6.75], "texture": "#0"},
				"east": {"uv": [6.5, 2.25, 6, 2.5], "texture": "#0"},
				"south": {"uv": [6.625, 3.25, 6.5, 3.5], "texture": "#0"},
				"west": {"uv": [6.5, 2.5, 6, 2.75], "texture": "#0"},
				"up": {"uv": [6.5, 1.875, 7, 1.75], "rotation": 90, "texture": "#0"},
				"down": {"uv": [6.5, 2, 7, 2.125], "rotation": 270, "texture": "#0"}
			}
		},
		{
			"from": [7.75, 24.64645, 0.91777],
			"to": [8.25, 25.64645, 1.91777],
			"rotation": {"angle": 22.5, "axis": "x", "origin": [8.25, 21.64645, 2.41777]},
			"faces": {
				"north": {"uv": [3.625, 6.5, 3.5, 6.75], "texture": "#0"},
				"east": {"uv": [2.5, 6.5, 2.25, 6.75], "texture": "#0"},
				"south": {"uv": [6.625, 3.5, 6.5, 3.75], "texture": "#0"},
				"west": {"uv": [6.75, 2.25, 6.5, 2.5], "texture": "#0"},
				"up": {"uv": [6.5, 3.875, 6.75, 3.75], "rotation": 90, "texture": "#0"},
				"down": {"uv": [4, 6.5, 4.25, 6.625], "rotation": 270, "texture": "#0"}
			}
		},
		{
			"from": [7.75, 18.22047, 1.03195],
			"to": [8.25, 22.22047, 4.03195],
			"rotation": {"angle": 0, "axis": "z", "origin": [8.25, 22.22047, 2.53195]},
			"faces": {
				"north": {"uv": [6.125, 1, 6, 2], "texture": "#0"},
				"east": {"uv": [3, 4, 2.25, 5], "texture": "#0"},
				"south": {"uv": [1.375, 6, 1.25, 7], "texture": "#0"},
				"west": {"uv": [3.75, 4, 3, 5], "texture": "#0"},
				"up": {"uv": [6, 5.875, 6.75, 5.75], "rotation": 90, "texture": "#0"},
				"down": {"uv": [6.25, 1, 7, 1.125], "rotation": 270, "texture": "#0"}
			}
		},
		{
			"from": [7.75, 16.94674, 1.68313],
			"to": [8.25, 18.94674, 6.68313],
			"rotation": {"angle": -22.5, "axis": "x", "origin": [8.25, 16.94674, 3.18313]},
			"faces": {
				"north": {"uv": [0.125, 6.5, 0, 7], "texture": "#0"},
				"east": {"uv": [5.5, 3, 4.25, 3.5], "texture": "#0"},
				"south": {"uv": [0.375, 6.5, 0.25, 7], "texture": "#0"},
				"west": {"uv": [5.5, 3.5, 4.25, 4], "texture": "#0"},
				"up": {"uv": [5.5, 0.625, 6.75, 0.5], "rotation": 90, "texture": "#0"},
				"down": {"uv": [5.5, 0.75, 6.75, 0.875], "rotation": 270, "texture": "#0"}
			}
		},
		{
			"from": [7.75, 15.94674, 1.68313],
			"to": [8.25, 16.94674, 3.68313],
			"rotation": {"angle": -22.5, "axis": "x", "origin": [8.25, 16.94674, 3.18313]},
			"faces": {
				"north": {"uv": [2.625, 6.5, 2.5, 6.75], "texture": "#0"},
				"east": {"uv": [6.5, 2, 6, 2.25], "texture": "#0"},
				"south": {"uv": [6.625, 2.5, 6.5, 2.75], "texture": "#0"},
				"west": {"uv": [2.75, 6, 2.25, 6.25], "texture": "#0"},
				"up": {"uv": [0.5, 6.625, 1, 6.5], "rotation": 90, "texture": "#0"},
				"down": {"uv": [6.5, 1.25, 7, 1.375], "rotation": 270, "texture": "#0"}
			}
		},
		{
			"from": [7.75, 14.94674, 1.68313],
			"to": [8.25, 15.94674, 2.68313],
			"rotation": {"angle": -22.5, "axis": "x", "origin": [8.25, 16.94674, 3.18313]},
			"faces": {
				"north": {"uv": [2.875, 6.5, 2.75, 6.75], "texture": "#0"},
				"east": {"uv": [1.25, 6.5, 1, 6.75], "texture": "#0"},
				"south": {"uv": [6.625, 2.75, 6.5, 3], "texture": "#0"},
				"west": {"uv": [6.75, 1.5, 6.5, 1.75], "texture": "#0"},
				"up": {"uv": [3, 6.625, 3.25, 6.5], "rotation": 90, "texture": "#0"},
				"down": {"uv": [6.5, 3, 6.75, 3.125], "rotation": 270, "texture": "#0"}
			}
		},
		{
			"from": [8, 12, -0.95],
			"to": [8, 28, 7.05],
			"rotation": {"angle": 0, "axis": "y", "origin": [8, 12, 7.05]},
			"faces": {
				"north": {"uv": [0, 0, 0, 4], "texture": "#0"},
				"east": {"uv": [2, 0, 0, 4], "texture": "#0"},
				"south": {"uv": [0, 0, 0, 4], "texture": "#0"},
				"west": {"uv": [0, 0, 2, 4], "texture": "#0"},
				"up": {"uv": [0, 0, 2, 0], "rotation": 90, "texture": "#0"},
				"down": {"uv": [0, 0, 2, 0], "rotation": 270, "texture": "#0"}
			}
		}
	],
	"gui_light": "front",
	"display": {
		"thirdperson_righthand": {
			"translation": [0, -0.5, 1.5]
		},
		"thirdperson_lefthand": {
			"translation": [0, -0.75, 1.5]
		},
		"firstperson_righthand": {
			"rotation": [-15.75, 0, 0],
			"translation": [2.75, -0.5, 0],
			"scale": [0.83594, 0.83594, 0.83594]
		},
		"firstperson_lefthand": {
			"rotation": [-15.75, 0, 0],
			"translation": [2.75, -0.5, 0],
			"scale": [0.83594, 0.83594, 0.83594]
		},
		"ground": {
			"rotation": [60, 0, 0],
			"translation": [0, -1, -1.5],
			"scale": [0.5, 0.5, 0.5]
		},
		"gui": {
			"rotation": [90, -135, 90],
			"translation": [-3.5, -3.25, 0],
			"scale": [0.6, 0.6, 0.6]
		},
		"head": {
			"rotation": [48, 0, 0],
			"translation": [-0.25, 0, -19.5],
			"scale": [1.31, 1.36, 1.31]
		},
		"fixed": {
			"rotation": [90, -45, 90],
			"translation": [8.5, -9.5, -2],
			"scale": [1.94805, 1.94805, 1.94805]
		}
	}
}