{
	"credit": "Made with Blockbench",
	"texture_size": [32, 32],
	"textures": {
		"1": "custom/elitecreatures/wooden_pack/wooden_hammer",
		"particle": "custom/elitecreatures/wooden_pack/wooden_hammer"
	},
	"elements": [
		{
			"from": [7.25, 1, 7.25],
			"to": [8.75, 6, 8.75],
			"rotation": {"angle": 0, "axis": "y", "origin": [8, 8, 8]},
			"faces": {
				"north": {"uv": [7.5, 6.5, 8.25, 9], "texture": "#1"},
				"east": {"uv": [8.5, 0, 9.25, 2.5], "texture": "#1"},
				"south": {"uv": [8.5, 6.5, 9.25, 9], "texture": "#1"},
				"west": {"uv": [9, 2.5, 9.75, 5], "texture": "#1"},
				"up": {"uv": [12.25, 1.75, 11.5, 1], "texture": "#1"},
				"down": {"uv": [12.25, 3.5, 11.5, 4.25], "texture": "#1"}
			}
		},
		{
			"from": [7, 0, 7],
			"to": [9, 2, 9],
			"rotation": {"angle": 45, "axis": "x", "origin": [8, 1, 8]},
			"faces": {
				"north": {"uv": [10.5, 1.5, 11.5, 2.5], "texture": "#1"},
				"east": {"uv": [10.5, 7, 11.5, 8], "texture": "#1"},
				"south": {"uv": [10.5, 8, 11.5, 9], "texture": "#1"},
				"west": {"uv": [10.5, 9, 11.5, 10], "texture": "#1"},
				"up": {"uv": [10.5, 11.5, 9.5, 10.5], "texture": "#1"},
				"down": {"uv": [11.5, 10, 10.5, 11], "texture": "#1"}
			}
		},
		{
			"from": [7.25, 6, 6.75],
			"to": [8.75, 11, 8.25],
			"rotation": {"angle": 0, "axis": "y", "origin": [8, 8, 8]},
			"faces": {
				"north": {"uv": [4.5, 9, 5.25, 11.5], "texture": "#1"},
				"east": {"uv": [5.5, 9, 6.25, 11.5], "texture": "#1"},
				"south": {"uv": [7.5, 9, 8.25, 11.5], "texture": "#1"},
				"west": {"uv": [8.5, 9, 9.25, 11.5], "texture": "#1"},
				"up": {"uv": [4.75, 12.25, 4, 11.5], "texture": "#1"},
				"down": {"uv": [12.25, 4.5, 11.5, 5.25], "texture": "#1"}
			}
		},
		{
			"from": [7.25, 11, 7.25],
			"to": [8.75, 16, 8.75],
			"rotation": {"angle": 0, "axis": "y", "origin": [8, 8, 8]},
			"faces": {
				"north": {"uv": [9.5, 0, 10.25, 2.5], "texture": "#1"},
				"east": {"uv": [2, 9.5, 2.75, 12], "texture": "#1"},
				"south": {"uv": [3, 9.5, 3.75, 12], "texture": "#1"},
				"west": {"uv": [9.5, 5, 10.25, 7.5], "texture": "#1"},
				"up": {"uv": [5.75, 12.25, 5, 11.5], "texture": "#1"},
				"down": {"uv": [12.25, 5.5, 11.5, 6.25], "texture": "#1"}
			}
		},
		{
			"from": [7, 16, 7],
			"to": [9, 21, 9],
			"rotation": {"angle": 0, "axis": "y", "origin": [8, 8, 8]},
			"faces": {
				"north": {"uv": [6.5, 7, 7.5, 9.5], "texture": "#1"},
				"east": {"uv": [0, 7.5, 1, 10], "texture": "#1"},
				"south": {"uv": [7.5, 0, 8.5, 2.5], "texture": "#1"},
				"west": {"uv": [1, 7.5, 2, 10], "texture": "#1"},
				"up": {"uv": [12, 3.5, 11, 2.5], "texture": "#1"},
				"down": {"uv": [7.5, 11, 6.5, 12], "texture": "#1"}
			}
		},
		{
			"from": [6, 21, 6],
			"to": [10, 25, 11],
			"rotation": {"angle": 0, "axis": "y", "origin": [8, 8, 8]},
			"faces": {
				"north": {"uv": [4.5, 7, 6.5, 9], "texture": "#1"},
				"east": {"uv": [2.5, 5, 5, 7], "texture": "#1"},
				"south": {"uv": [7, 4.5, 9, 6.5], "texture": "#1"},
				"west": {"uv": [5, 2.5, 7.5, 4.5], "texture": "#1"},
				"up": {"uv": [7, 7, 5, 4.5], "texture": "#1"},
				"down": {"uv": [4.5, 7, 2.5, 9.5], "texture": "#1"}
			}
		},
		{
			"from": [7, 21, 11],
			"to": [9, 24, 13],
			"rotation": {"angle": 0, "axis": "y", "origin": [8, 8, 8]},
			"faces": {
				"north": {"uv": [7.5, 2.5, 8.5, 4], "texture": "#1"},
				"east": {"uv": [6.5, 9.5, 7.5, 11], "texture": "#1"},
				"south": {"uv": [9.5, 7.5, 10.5, 9], "texture": "#1"},
				"west": {"uv": [9.5, 9, 10.5, 10.5], "texture": "#1"},
				"up": {"uv": [11.5, 12, 10.5, 11], "texture": "#1"},
				"down": {"uv": [1, 11.5, 0, 12.5], "texture": "#1"}
			}
		},
		{
			"from": [7.25, 20, 13],
			"to": [8.75, 23, 15],
			"rotation": {"angle": 0, "axis": "y", "origin": [8, 8, 8]},
			"faces": {
				"north": {"uv": [10.5, 4, 11.25, 5.5], "texture": "#1"},
				"east": {"uv": [0, 10, 1, 11.5], "texture": "#1"},
				"south": {"uv": [10.5, 5.5, 11.25, 7], "texture": "#1"},
				"west": {"uv": [1, 10, 2, 11.5], "texture": "#1"},
				"up": {"uv": [12.25, 1, 11.5, 0], "texture": "#1"},
				"down": {"uv": [1.75, 11.5, 1, 12.5], "texture": "#1"}
			}
		},
		{
			"from": [8, 22.5, 14.75],
			"to": [8, 25.5, 16.75],
			"rotation": {"angle": 45, "axis": "x", "origin": [8, 24, 15]},
			"faces": {
				"north": {"uv": [0, 0, 0, 1.5], "texture": "#1"},
				"east": {"uv": [10, 2.5, 11, 4], "texture": "#1"},
				"south": {"uv": [0, 0, 0, 1.5], "texture": "#1"},
				"west": {"uv": [10.5, 0, 11.5, 1.5], "texture": "#1"},
				"up": {"uv": [0, 1, 0, 0], "texture": "#1"},
				"down": {"uv": [0, 0, 0, 1], "texture": "#1"}
			}
		},
		{
			"from": [5.5, 20.5, 1],
			"to": [10.5, 25.5, 6],
			"rotation": {"angle": 0, "axis": "y", "origin": [8, 8, 8]},
			"faces": {
				"north": {"uv": [0, 0, 2.5, 2.5], "texture": "#1"},
				"east": {"uv": [0, 2.5, 2.5, 5], "texture": "#1"},
				"south": {"uv": [2.5, 0, 5, 2.5], "texture": "#1"},
				"west": {"uv": [2.5, 2.5, 5, 5], "texture": "#1"},
				"up": {"uv": [2.5, 7.5, 0, 5], "texture": "#1"},
				"down": {"uv": [7.5, 0, 5, 2.5], "texture": "#1"}
			}
		}
	],
	"gui_light": "front",
	"display": {
		"thirdperson_righthand": {
			"translation": [0, -2, 0.75],
			"scale": [0.88477, 0.88477, 0.88477]
		},
		"thirdperson_lefthand": {
			"translation": [0, -2, 0.75],
			"scale": [0.88477, 0.88477, 0.88477]
		},
		"firstperson_righthand": {
			"rotation": [-15, -2, 8],
			"translation": [4, -5.5, 0],
			"scale": [0.99414, 0.99414, 0.99414]
		},
		"firstperson_lefthand": {
			"rotation": [-15, -2, 8],
			"translation": [4, -5.5, 0],
			"scale": [0.99414, 0.99414, 0.99414]
		},
		"ground": {
			"rotation": [0, 0, -93],
			"translation": [-2.25, -1.5, 0.75],
			"scale": [0.77734, 0.77734, 0.77734]
		},
		"gui": {
			"rotation": [90, 54, -90],
			"translation": [-3.5, -3.75, -2],
			"scale": [0.63086, 0.63086, 0.63086]
		},
		"head": {
			"rotation": [-95.08, 53.65, 94.07],
			"translation": [3.75, 14.5, 0]
		},
		"fixed": {
			"rotation": [-90, -90, -90],
			"translation": [0, -8, -2.5],
			"scale": [1.88281, 1.88281, 1.88281]
		}
	},
	"groups": [
		{
			"name": "group",
			"origin": [8, 1, 8],
			"color": 0,
			"children": [0, 1, 2, 3, 4, 5, 6, 7, 8, 9]
		}
	]
}