{
	"credit": "Made with Blockbench",
	"texture_size": [32, 32],
	"textures": {
		"0": "custom/elitecreatures/wooden_pack/wooden_club",
		"particle": "custom/elitecreatures/wooden_pack/wooden_club"
	},
	"elements": [
		{
			"from": [7.25, 0, 7.25],
			"to": [8.75, 3, 8.75],
			"rotation": {"angle": 0, "axis": "y", "origin": [8, 8, 8]},
			"faces": {
				"north": {"uv": [6, 10, 6.75, 11.5], "texture": "#0"},
				"east": {"uv": [10, 7.5, 10.75, 9], "texture": "#0"},
				"south": {"uv": [10, 9, 10.75, 10.5], "texture": "#0"},
				"west": {"uv": [10.5, 0, 11.25, 1.5], "texture": "#0"},
				"up": {"uv": [9.75, 11.25, 9, 10.5], "texture": "#0"},
				"down": {"uv": [10.75, 10.5, 10, 11.25], "texture": "#0"}
			}
		},
		{
			"from": [7, 3, 7],
			"to": [9, 6, 9],
			"rotation": {"angle": 0, "axis": "y", "origin": [8, 8, 8]},
			"faces": {
				"north": {"uv": [9, 7.5, 10, 9], "texture": "#0"},
				"east": {"uv": [9, 9, 10, 10.5], "texture": "#0"},
				"south": {"uv": [0, 9.5, 1, 11], "texture": "#0"},
				"west": {"uv": [1, 10, 2, 11.5], "texture": "#0"},
				"up": {"uv": [11.5, 2.5, 10.5, 1.5], "texture": "#0"},
				"down": {"uv": [11.5, 2.5, 10.5, 3.5], "texture": "#0"}
			}
		},
		{
			"from": [6.75, 6, 6.75],
			"to": [9.25, 9, 9.25],
			"rotation": {"angle": 0, "axis": "y", "origin": [8, 8, 8]},
			"faces": {
				"north": {"uv": [4.5, 8.5, 5.75, 10], "texture": "#0"},
				"east": {"uv": [6, 8.5, 7.25, 10], "texture": "#0"},
				"south": {"uv": [9, 0, 10.25, 1.5], "texture": "#0"},
				"west": {"uv": [9, 1.5, 10.25, 3], "texture": "#0"},
				"up": {"uv": [10.25, 7.25, 9, 6], "texture": "#0"},
				"down": {"uv": [8.75, 9, 7.5, 10.25], "texture": "#0"}
			}
		},
		{
			"from": [6.5, 9, 6.5],
			"to": [9.5, 12, 9.5],
			"rotation": {"angle": 0, "axis": "y", "origin": [8, 8, 8]},
			"faces": {
				"north": {"uv": [6, 7, 7.5, 8.5], "texture": "#0"},
				"east": {"uv": [7.5, 6, 9, 7.5], "texture": "#0"},
				"south": {"uv": [7.5, 7.5, 9, 9], "texture": "#0"},
				"west": {"uv": [0, 8, 1.5, 9.5], "texture": "#0"},
				"up": {"uv": [3, 10, 1.5, 8.5], "texture": "#0"},
				"down": {"uv": [4.5, 8.5, 3, 10], "texture": "#0"}
			}
		},
		{
			"from": [6.25, 12, 6.25],
			"to": [9.75, 15, 9.75],
			"rotation": {"angle": 0, "axis": "y", "origin": [8, 8, 8]},
			"faces": {
				"north": {"uv": [2, 7, 3.75, 8.5], "texture": "#0"},
				"east": {"uv": [7, 3, 8.75, 4.5], "texture": "#0"},
				"south": {"uv": [4, 7, 5.75, 8.5], "texture": "#0"},
				"west": {"uv": [7, 4.5, 8.75, 6], "texture": "#0"},
				"up": {"uv": [6.75, 4.75, 5, 3], "texture": "#0"},
				"down": {"uv": [6.75, 5, 5, 6.75], "texture": "#0"}
			}
		},
		{
			"from": [6, 15, 6],
			"to": [10, 18, 10],
			"rotation": {"angle": 0, "axis": "y", "origin": [8, 8, 8]},
			"faces": {
				"north": {"uv": [2.5, 5.5, 4.5, 7], "texture": "#0"},
				"east": {"uv": [0, 6.5, 2, 8], "texture": "#0"},
				"south": {"uv": [7, 0, 9, 1.5], "texture": "#0"},
				"west": {"uv": [7, 1.5, 9, 3], "texture": "#0"},
				"up": {"uv": [4.5, 2, 2.5, 0], "texture": "#0"},
				"down": {"uv": [4.5, 2, 2.5, 4], "texture": "#0"}
			}
		},
		{
			"from": [5.75, 18, 5.75],
			"to": [10.25, 21, 10.25],
			"rotation": {"angle": 0, "axis": "y", "origin": [8, 8, 8]},
			"faces": {
				"north": {"uv": [2.5, 4, 4.75, 5.5], "texture": "#0"},
				"east": {"uv": [4.5, 0, 6.75, 1.5], "texture": "#0"},
				"south": {"uv": [4.5, 1.5, 6.75, 3], "texture": "#0"},
				"west": {"uv": [0, 5, 2.25, 6.5], "texture": "#0"},
				"up": {"uv": [2.25, 2.25, 0, 0], "texture": "#0"},
				"down": {"uv": [2.25, 2.5, 0, 4.75], "texture": "#0"}
			}
		},
		{
			"from": [7, 12, 8],
			"to": [9, 15, 10],
			"rotation": {"angle": 45, "axis": "x", "origin": [8, 12.5, 10]},
			"faces": {
				"north": {"uv": [2, 10, 3, 11.5], "texture": "#0"},
				"east": {"uv": [3, 10, 4, 11.5], "texture": "#0"},
				"south": {"uv": [4, 10, 5, 11.5], "texture": "#0"},
				"west": {"uv": [5, 10, 6, 11.5], "texture": "#0"},
				"up": {"uv": [11.5, 4.5, 10.5, 3.5], "texture": "#0"},
				"down": {"uv": [11.5, 4.5, 10.5, 5.5], "texture": "#0"}
			}
		},
		{
			"from": [7.25, 15, 8.25],
			"to": [8.75, 17, 9.75],
			"rotation": {"angle": 45, "axis": "x", "origin": [8, 12.5, 10]},
			"faces": {
				"north": {"uv": [10.5, 5.5, 11.25, 6.5], "texture": "#0"},
				"east": {"uv": [10.5, 6.5, 11.25, 7.5], "texture": "#0"},
				"south": {"uv": [7, 10.5, 7.75, 11.5], "texture": "#0"},
				"west": {"uv": [8, 10.5, 8.75, 11.5], "texture": "#0"},
				"up": {"uv": [0.75, 11.75, 0, 11], "texture": "#0"},
				"down": {"uv": [11.75, 7.5, 11, 8.25], "texture": "#0"}
			}
		},
		{
			"from": [8, 13.82107, 12.15685],
			"to": [8, 16.32107, 15.15685],
			"rotation": {"angle": -22.5, "axis": "x", "origin": [8, 15.07107, 13.65685]},
			"faces": {
				"north": {"uv": [0, 0, 0, 1.25], "texture": "#0"},
				"east": {"uv": [9, 3, 10.5, 4.25], "texture": "#0"},
				"south": {"uv": [0, 0, 0, 1.25], "texture": "#0"},
				"west": {"uv": [9, 4.5, 10.5, 5.75], "texture": "#0"},
				"up": {"uv": [0, 1.5, 0, 0], "texture": "#0"},
				"down": {"uv": [0, 0, 0, 1.5], "texture": "#0"}
			}
		}
	],
	"gui_light": "front",
	"display": {
		"thirdperson_righthand": {
			"translation": [0, -0.25, 0.75],
			"scale": [0.88477, 0.88477, 0.88477]
		},
		"thirdperson_lefthand": {
			"translation": [0, -0.25, 0.75],
			"scale": [0.88477, 0.88477, 0.88477]
		},
		"firstperson_righthand": {
			"rotation": [-4, 0, 0],
			"translation": [2, -0.75, -0.75],
			"scale": [1.12891, 1.12891, 1.12891]
		},
		"firstperson_lefthand": {
			"rotation": [-4, 0, 0],
			"translation": [2, -0.75, -0.75],
			"scale": [1.12891, 1.12891, 1.12891]
		},
		"ground": {
			"rotation": [0, 0, -93],
			"translation": [-2.25, -1.5, 0.75],
			"scale": [0.77734, 0.77734, 0.77734]
		},
		"gui": {
			"rotation": [90, 54, -90],
			"translation": [-1.5, -2.25, -2],
			"scale": [0.69336, 0.69336, 0.69336]
		},
		"head": {
			"rotation": [-95.08, 53.65, 94.07],
			"translation": [3.75, 14.5, 0]
		},
		"fixed": {
			"rotation": [-90, -90, -90],
			"translation": [0.25, -3.5, -2.5],
			"scale": [1.88281, 1.88281, 1.88281]
		}
	},
	"groups": [
		{
			"name": "group",
			"origin": [8, 8, 8],
			"color": 0,
			"children": [0, 1, 2, 3, 4, 5, 6, 7, 8, 9]
		}
	]
}