{
	"credit": "Made with Blockbench",
	"texture_size": [32, 32],
	"textures": {
		"1": "custom/elitecreatures/wooden_pack/wooden_axe",
		"particle": "custom/elitecreatures/wooden_pack/wooden_axe"
	},
	"elements": [
		{
			"from": [7, 0, 7],
			"to": [9, 2, 9],
			"rotation": {"angle": 45, "axis": "x", "origin": [8, 1, 8]},
			"faces": {
				"north": {"uv": [5, 8, 6, 9], "texture": "#1"},
				"east": {"uv": [6, 8, 7, 9], "texture": "#1"},
				"south": {"uv": [8, 6.5, 9, 7.5], "texture": "#1"},
				"west": {"uv": [8, 7.5, 9, 8.5], "texture": "#1"},
				"up": {"uv": [9, 9.5, 8, 8.5], "texture": "#1"},
				"down": {"uv": [1, 9, 0, 10], "texture": "#1"}
			}
		},
		{
			"from": [7.25, 1, 7.25],
			"to": [8.75, 6, 8.75],
			"rotation": {"angle": 0, "axis": "y", "origin": [8, 8, 8]},
			"faces": {
				"north": {"uv": [2, 6.5, 2.75, 9], "texture": "#1"},
				"east": {"uv": [7, 4.5, 7.75, 7], "texture": "#1"},
				"south": {"uv": [7, 7, 7.75, 9.5], "texture": "#1"},
				"west": {"uv": [8, 0, 8.75, 2.5], "texture": "#1"},
				"up": {"uv": [6.75, 9.75, 6, 9], "texture": "#1"},
				"down": {"uv": [9.75, 7.5, 9, 8.25], "texture": "#1"}
			}
		},
		{
			"from": [7.25, 6, 6.75],
			"to": [8.75, 13, 8.25],
			"rotation": {"angle": 0, "axis": "y", "origin": [8, 8, 8]},
			"faces": {
				"north": {"uv": [3, 4.5, 3.75, 8], "texture": "#1"},
				"east": {"uv": [4, 4.5, 4.75, 8], "texture": "#1"},
				"south": {"uv": [5, 4.5, 5.75, 8], "texture": "#1"},
				"west": {"uv": [6, 4.5, 6.75, 8], "texture": "#1"},
				"up": {"uv": [9.75, 9.25, 9, 8.5], "texture": "#1"},
				"down": {"uv": [10.25, 0, 9.5, 0.75], "texture": "#1"}
			}
		},
		{
			"from": [7.25, 13, 7.25],
			"to": [8.75, 15, 8.75],
			"rotation": {"angle": 0, "axis": "y", "origin": [8, 8, 8]},
			"faces": {
				"north": {"uv": [1.5, 9, 2.25, 10], "texture": "#1"},
				"east": {"uv": [9, 2, 9.75, 3], "texture": "#1"},
				"south": {"uv": [9, 3, 9.75, 4], "texture": "#1"},
				"west": {"uv": [9, 4, 9.75, 5], "texture": "#1"},
				"up": {"uv": [10.25, 1.75, 9.5, 1], "texture": "#1"},
				"down": {"uv": [10.25, 5, 9.5, 5.75], "texture": "#1"}
			}
		},
		{
			"from": [7.15, 15, 7.15],
			"to": [8.85, 19, 8.85],
			"rotation": {"angle": 0, "axis": "y", "origin": [8, 8, 8]},
			"faces": {
				"north": {"uv": [8, 2.5, 8.75, 4.5], "texture": "#1"},
				"east": {"uv": [3, 8, 3.75, 10], "texture": "#1"},
				"south": {"uv": [4, 8, 4.75, 10], "texture": "#1"},
				"west": {"uv": [8, 4.5, 8.75, 6.5], "texture": "#1"},
				"up": {"uv": [10.25, 6.75, 9.5, 6], "texture": "#1"},
				"down": {"uv": [7.75, 9.5, 7, 10.25], "texture": "#1"}
			}
		},
		{
			"from": [7.65, 16, 6.15],
			"to": [8.35, 19, 7.15],
			"rotation": {"angle": 0, "axis": "y", "origin": [8, 8, 8]},
			"faces": {
				"north": {"uv": [9, 9.5, 9.25, 11], "texture": "#1"},
				"east": {"uv": [2.5, 9, 3, 10.5], "texture": "#1"},
				"south": {"uv": [9.5, 9.5, 9.75, 11], "texture": "#1"},
				"west": {"uv": [5, 9, 5.5, 10.5], "texture": "#1"},
				"up": {"uv": [9.75, 7.5, 9.5, 7], "texture": "#1"},
				"down": {"uv": [1.75, 10, 1.5, 10.5], "texture": "#1"}
			}
		},
		{
			"from": [7.65, 15, 4.15],
			"to": [8.35, 20, 6.15],
			"rotation": {"angle": 0, "axis": "y", "origin": [8, 8, 8]},
			"faces": {
				"north": {"uv": [9, 5, 9.25, 7.5], "texture": "#1"},
				"east": {"uv": [0, 6.5, 1, 9], "texture": "#1"},
				"south": {"uv": [5.5, 9, 5.75, 11.5], "texture": "#1"},
				"west": {"uv": [1, 6.5, 2, 9], "texture": "#1"},
				"up": {"uv": [0.25, 11, 0, 10], "texture": "#1"},
				"down": {"uv": [0.75, 10, 0.5, 11], "texture": "#1"}
			}
		},
		{
			"from": [7.65, 15.5, 3.15],
			"to": [8.35, 19.5, 4.15],
			"rotation": {"angle": 0, "axis": "y", "origin": [8, 8, 8]},
			"faces": {
				"north": {"uv": [8, 9.5, 8.25, 11.5], "texture": "#1"},
				"east": {"uv": [9, 0, 9.5, 2], "texture": "#1"},
				"south": {"uv": [8.5, 9.5, 8.75, 11.5], "texture": "#1"},
				"west": {"uv": [1, 9, 1.5, 11], "texture": "#1"},
				"up": {"uv": [2.25, 10.5, 2, 10], "texture": "#1"},
				"down": {"uv": [10.25, 2, 10, 2.5], "texture": "#1"}
			}
		},
		{
			"from": [8, 13, 0.15],
			"to": [8, 22, 8.15],
			"rotation": {"angle": 0, "axis": "y", "origin": [7.9, -1.75, 9]},
			"faces": {
				"north": {"uv": [0, 0, 0, 4.5], "texture": "#1"},
				"east": {"uv": [0, 0, 4, 4.5], "texture": "#1"},
				"south": {"uv": [0, 0, 0, 4.5], "texture": "#1"},
				"west": {"uv": [4, 0, 8, 4.5], "texture": "#1"},
				"up": {"uv": [0, 4, 0, 0], "texture": "#1"},
				"down": {"uv": [0, 0, 0, 4], "texture": "#1"}
			}
		},
		{
			"from": [8, 16, 8.35],
			"to": [8, 20, 11.35],
			"rotation": {"angle": 0, "axis": "y", "origin": [7.9, -1.75, 9]},
			"faces": {
				"north": {"uv": [0, 0, 0, 2], "texture": "#1"},
				"east": {"uv": [0, 4.5, 1.5, 6.5], "texture": "#1"},
				"south": {"uv": [0, 0, 0, 2], "texture": "#1"},
				"west": {"uv": [1.5, 4.5, 3, 6.5], "texture": "#1"},
				"up": {"uv": [0, 1.5, 0, 0], "texture": "#1"},
				"down": {"uv": [0, 0, 0, 1.5], "texture": "#1"}
			}
		}
	],
	"gui_light": "front",
	"display": {
		"thirdperson_righthand": {
			"translation": [0, -2, 0.75],
			"scale": [0.88477, 0.88477, 0.88477]
		},
		"thirdperson_lefthand": {
			"translation": [0, -2, 0.75],
			"scale": [0.88477, 0.88477, 0.88477]
		},
		"firstperson_righthand": {
			"rotation": [-4, 0, 0],
			"translation": [3, -0.75, 0],
			"scale": [1.12891, 1.12891, 1.12891]
		},
		"firstperson_lefthand": {
			"rotation": [-4, 0, 0],
			"translation": [3, -0.75, 0],
			"scale": [1.12891, 1.12891, 1.12891]
		},
		"ground": {
			"rotation": [0, 0, -93],
			"translation": [-2.25, -1.5, 0.75],
			"scale": [0.77734, 0.77734, 0.77734]
		},
		"gui": {
			"rotation": [90, 54, -90],
			"translation": [-1.25, -2.75, -2],
			"scale": [0.69336, 0.69336, 0.69336]
		},
		"head": {
			"rotation": [-95.08, 53.65, 94.07],
			"translation": [3.75, 14.5, 0]
		},
		"fixed": {
			"rotation": [-90, -90, -90],
			"translation": [-2, -3.5, -2.5],
			"scale": [1.88281, 1.88281, 1.88281]
		}
	},
	"groups": [
		{
			"name": "group",
			"origin": [8, 8, 8],
			"color": 0,
			"children": [0, 1, 2, 3, 4, 5, 6, 7, 8, 9]
		}
	]
}