{
	"credit": "Made with Blockbench by ShizuArt",
	"textures": {
		"2": "custom/dekocrate/baquet2",
		"particle": "custom/dekocrate/baquet2"
	},
	"elements": [
		{
			"from": [-16, 5, 2],
			"to": [16, 7, 14],
			"faces": {
				"north": {"uv": [6, 12.125, 10, 12.25], "texture": "#2"},
				"east": {"uv": [9.875, 10.75, 10, 12.25], "rotation": 90, "texture": "#2"},
				"south": {"uv": [6, 10.75, 10, 10.875], "texture": "#2"},
				"west": {"uv": [9.875, 10.75, 10, 12.25], "rotation": 90, "texture": "#2"},
				"up": {"uv": [6, 10.75, 10, 12.25], "texture": "#2"},
				"down": {"uv": [6, 10.75, 10, 12.25], "texture": "#2"}
			}
		},
		{
			"from": [15, 0, 3],
			"to": [13, 4.58984, 13],
			"faces": {
				"north": {"uv": [5.75, 10.75, 5.875, 12.375], "texture": "#2"},
				"east": {"uv": [10.125, 11.625, 11.75, 12.25], "texture": "#2"},
				"south": {"uv": [5.75, 10.75, 5.875, 12.375], "texture": "#2"},
				"west": {"uv": [10.125, 11.625, 11.75, 12.25], "texture": "#2"},
				"up": {"uv": [4.25, 10.75, 5.875, 10.875], "rotation": 90, "texture": "#2"},
				"down": {"uv": [4.25, 12.25, 5.875, 12.375], "rotation": 90, "texture": "#2"}
			}
		},
		{
			"from": [13, 0, 3],
			"to": [15, 5, 13],
			"faces": {
				"north": {"uv": [11.625, 11.625, 11.75, 12.25], "texture": "#2"},
				"east": {"uv": [10.125, 11.625, 11.75, 12.25], "texture": "#2"},
				"south": {"uv": [11.625, 11.625, 11.75, 12.25], "texture": "#2"},
				"west": {"uv": [10.125, 11.625, 11.75, 12.25], "texture": "#2"},
				"down": {"uv": [10.125, 12.125, 11.75, 12.25], "rotation": 90, "texture": "#2"}
			}
		},
		{
			"from": [-13, 0, 3],
			"to": [-15, 4.58984, 13],
			"faces": {
				"north": {"uv": [5.75, 10.75, 5.875, 12.375], "texture": "#2"},
				"east": {"uv": [10.125, 11.625, 11.75, 12.25], "texture": "#2"},
				"south": {"uv": [5.75, 10.75, 5.875, 12.375], "texture": "#2"},
				"west": {"uv": [10.125, 11.625, 11.75, 12.25], "texture": "#2"},
				"up": {"uv": [4.25, 10.75, 5.875, 10.875], "rotation": 90, "texture": "#2"},
				"down": {"uv": [4.25, 12.25, 5.875, 12.375], "rotation": 90, "texture": "#2"}
			}
		},
		{
			"from": [-15, 0, 3],
			"to": [-13, 5, 13],
			"faces": {
				"north": {"uv": [11.625, 11.625, 11.75, 12.25], "texture": "#2"},
				"east": {"uv": [10.125, 11.625, 11.75, 12.25], "texture": "#2"},
				"south": {"uv": [11.625, 11.625, 11.75, 12.25], "texture": "#2"},
				"west": {"uv": [10.125, 11.625, 11.75, 12.25], "texture": "#2"},
				"down": {"uv": [10.125, 12.125, 11.75, 12.25], "rotation": 90, "texture": "#2"}
			}
		}
	],
	"display": {
		"thirdperson_righthand": {
			"rotation": [56.5, 45, 0],
			"translation": [4.25, 7.5, 0.25],
			"scale": [0.375, 0.375, 0.375]
		},
		"thirdperson_lefthand": {
			"rotation": [56.5, 45, 0],
			"translation": [0.5, 3.5, 2],
			"scale": [0.375, 0.375, 0.375]
		},
		"firstperson_righthand": {
			"rotation": [-180, 78.75, -180],
			"translation": [5.25, 2.75, 0],
			"scale": [0.4, 0.4, 0.4]
		},
		"firstperson_lefthand": {
			"rotation": [-180, 78.75, -180],
			"translation": [5.25, 2.75, 6],
			"scale": [0.4, 0.4, 0.4]
		},
		"ground": {
			"translation": [2.25, 6.25, 0],
			"scale": [0.3125, 0.3125, 0.3125]
		},
		"gui": {
			"rotation": [30, 225, 0],
			"translation": [-2.5, 0, 0],
			"scale": [0.45898, 0.45898, 0.45898]
		},
		"head": {
			"translation": [29.75, 17.75, 0],
			"scale": [4, 4, 4]
		},
		"fixed": {
			"rotation": [-90, 0, 0],
			"translation": [28.5, 0, -32.25],
			"scale": [4, 4, 4]
		}
	},
	"groups": [
		{
			"name": "group",
			"origin": [8, 8, 8],
			"color": 0,
			"children": [
				{
					"name": "group",
					"origin": [8, 8, 8],
					"color": 0,
					"children": [0]
				},
				{
					"name": "group",
					"origin": [0, 0, 0],
					"color": 0,
					"children": [1, 2]
				},
				{
					"name": "group",
					"origin": [0, 0, 0],
					"color": 0,
					"children": [3, 4]
				}
			]
		}
	]
}