{
	"credit": "Made with Blockbench by ShizuArt",
	"textures": {
		"1": "custom/dekocrate/baquet"
	},
	"elements": [
		{
			"from": [-7.5, 0, -8],
			"to": [24.5, 16, 24],
			"rotation": {"angle": 0, "axis": "y", "origin": [0, 0, -2]},
			"faces": {
				"north": {"uv": [0, 12, 8, 16], "texture": "#1"},
				"east": {"uv": [8, 12, 0, 16], "texture": "#1"},
				"south": {"uv": [0, 12, 8, 16], "texture": "#1"},
				"west": {"uv": [0, 12, 8, 16], "texture": "#1"},
				"up": {"uv": [0, 3.75, 8, 11.75], "texture": "#1"},
				"down": {"uv": [8, 8, 16, 16], "texture": "#1"}
			}
		},
		{
			"from": [22.5, 1, -6],
			"to": [-5.5, 16, 22],
			"rotation": {"angle": 0, "axis": "y", "origin": [0, 0, -2]},
			"faces": {
				"north": {"uv": [0.5, 12, 7.5, 15.75], "texture": "#1"},
				"east": {"uv": [7.5, 12, 0.5, 15.75], "texture": "#1"},
				"south": {"uv": [0.5, 12, 7.5, 15.75], "texture": "#1"},
				"west": {"uv": [0.5, 12, 7.5, 15.75], "texture": "#1"},
				"down": {"uv": [8.5, 8.5, 15.5, 15.5], "texture": "#1"}
			}
		},
		{
			"from": [-7.65, 6.85, -8.15],
			"to": [24.65, 9.15, 24.15],
			"rotation": {"angle": 0, "axis": "y", "origin": [0, 0, -2]},
			"faces": {
				"north": {"uv": [0, 3, 8, 3.5], "texture": "#1"},
				"east": {"uv": [8, 3, 0, 3.5], "texture": "#1"},
				"south": {"uv": [0, 3, 8, 3.5], "texture": "#1"},
				"west": {"uv": [0, 3, 8, 3.5], "texture": "#1"}
			}
		}
	],
	"gui_light": "front",
	"display": {
		"thirdperson_righthand": {
			"rotation": [75, 45, 0],
			"translation": [0, 4, 2],
			"scale": [0.19922, 0.19922, 0.19922]
		},
		"thirdperson_lefthand": {
			"rotation": [75, 45, 0],
			"translation": [0, 4, 2],
			"scale": [0.19922, 0.19922, 0.19922]
		},
		"firstperson_righthand": {
			"rotation": [-180, 75.5, -180],
			"translation": [8, 1, 0.5],
			"scale": [0.4, 0.4, 0.4]
		},
		"firstperson_lefthand": {
			"rotation": [-180, 75.5, -180],
			"translation": [8, 1, 0.5],
			"scale": [0.4, 0.4, 0.4]
		},
		"ground": {
			"translation": [0, 3, 0],
			"scale": [0.19727, 0.19727, 0.19727]
		},
		"gui": {
			"rotation": [30, 225, 0],
			"translation": [0, 0.25, 0],
			"scale": [0.30859, 0.30859, 0.30859]
		},
		"head": {
			"translation": [-2.5, -30.5, -6.5],
			"scale": [1.59961, 1.59961, 1.59961]
		},
		"fixed": {
			"rotation": [-90, 0, 0],
			"translation": [0, 0, -16],
			"scale": [2.12, 2.12, 2.12]
		}
	},
	"groups": [
		{
			"name": "group",
			"origin": [8, 8, 8],
			"color": 0,
			"children": [
				{
					"name": "group",
					"origin": [8, 8, 8],
					"color": 0,
					"children": [0, 1]
				},
				{
					"name": "group",
					"origin": [8, 8, 8],
					"color": 0,
					"children": [2]
				}
			]
		}
	]
}