{
	"credit": "Made with Blockbench",
	"textures": {
		"1": "custom/dekocrate/cruche_terre_cuite"
	},
	"elements": [
		{
			"from": [4.5, 0, 4.5],
			"to": [11.5, 8, 11.5],
			"rotation": {"angle": 0, "axis": "y", "origin": [8, 7.5, 8]},
			"faces": {
				"north": {"uv": [0, 0, 3.5, 4], "texture": "#1"},
				"east": {"uv": [0, 0, 3.5, 4], "texture": "#1"},
				"south": {"uv": [0, 0, 3.5, 4], "texture": "#1"},
				"west": {"uv": [0, 0, 3.5, 4], "texture": "#1"},
				"up": {"uv": [8, 0, 11.5, 3.5], "rotation": 90, "texture": "#1"},
				"down": {"uv": [4, 0, 7.5, 3.5], "rotation": 270, "texture": "#1"}
			}
		},
		{
			"from": [5.5, 8, 5.5],
			"to": [10.5, 9, 10.5],
			"rotation": {"angle": 0, "axis": "y", "origin": [8, 7.5, 8]},
			"faces": {
				"north": {"uv": [0, 7.5, 2.5, 7], "texture": "#1"},
				"east": {"uv": [0, 7.5, 2.5, 7], "texture": "#1"},
				"south": {"uv": [0, 7.5, 2.5, 7], "texture": "#1"},
				"west": {"uv": [0, 7.5, 2.5, 7], "texture": "#1"}
			}
		},
		{
			"from": [4.5, 9, 4.5],
			"to": [11.5, 11, 11.5],
			"rotation": {"angle": 0, "axis": "y", "origin": [8, 7.5, 8]},
			"faces": {
				"north": {"uv": [3.5, 6.5, 7, 7.5], "texture": "#1"},
				"east": {"uv": [3.5, 6.5, 7, 7.5], "texture": "#1"},
				"south": {"uv": [3.5, 6.5, 7, 7.5], "texture": "#1"},
				"west": {"uv": [3.5, 6.5, 7, 7.5], "texture": "#1"},
				"up": {"uv": [3.5, 8, 7, 11.5], "rotation": 90, "texture": "#1"},
				"down": {"uv": [3.5, 15.5, 7, 12], "rotation": 270, "texture": "#1"}
			}
		},
		{
			"from": [11.5, 9, 4.5],
			"to": [4.5, 11, 11.5],
			"rotation": {"angle": 0, "axis": "y", "origin": [8, 7.5, 8]},
			"faces": {
				"north": {"uv": [3.5, 6.5, 7, 7.5], "texture": "#1"},
				"east": {"uv": [3.5, 6.5, 7, 7.5], "texture": "#1"},
				"south": {"uv": [3.5, 6.5, 7, 7.5], "texture": "#1"},
				"west": {"uv": [3.5, 6.5, 7, 7.5], "texture": "#1"},
				"down": {"uv": [3.5, 15.5, 7, 12], "rotation": 270, "texture": "#1"}
			}
		},
		{
			"from": [11.5, 1, 8],
			"to": [14.5, 7, 8],
			"rotation": {"angle": 0, "axis": "y", "origin": [8, 7.5, 8]},
			"faces": {
				"north": {"uv": [10, 6.5, 8, 9.5], "texture": "#1"},
				"south": {"uv": [8, 6.5, 10, 9.5], "texture": "#1"}
			}
		},
		{
			"from": [4.5, 9.499, 4.5],
			"to": [11.5, 9.499, 11.5],
			"rotation": {"angle": 0, "axis": "y", "origin": [9, 2.499, 7]},
			"faces": {
				"up": {"uv": [7.5, 10, 11, 13.5], "rotation": 90, "texture": "#1"}
			}
		}
	],
	"gui_light": "front",
	"display": {
		"thirdperson_righthand": {
			"rotation": [75, 45, 0],
			"translation": [0, 2.25, 3.25],
			"scale": [0.375, 0.375, 0.375]
		},
		"thirdperson_lefthand": {
			"rotation": [75, 45, 0],
			"translation": [0, 2.25, 3.25],
			"scale": [0.375, 0.375, 0.375]
		},
		"firstperson_righthand": {
			"rotation": [-180, 69, -180],
			"translation": [5.25, 2.75, 0],
			"scale": [0.4, 0.4, 0.4]
		},
		"firstperson_lefthand": {
			"rotation": [-180, 69, -180],
			"translation": [5.25, 2.75, 0],
			"scale": [0.4, 0.4, 0.4]
		},
		"ground": {
			"translation": [0, 3, 0],
			"scale": [0.43555, 0.43555, 0.43555]
		},
		"gui": {
			"rotation": [30, 225, 0],
			"translation": [0, 1.5, 0],
			"scale": [0.95117, 0.95117, 0.95117]
		},
		"head": {
			"translation": [0, 12.75, 0],
			"scale": [0.79492, 0.79492, 0.79492]
		},
		"fixed": {
			"rotation": [-90, 0, 0],
			"translation": [0, 0, -16],
			"scale": [2.00195, 2.00195, 2.00195]
		}
	},
	"groups": [
		{
			"name": "group",
			"origin": [8, 8, 8],
			"color": 0,
			"children": [
				{
					"name": "group",
					"origin": [8, 8, 8],
					"color": 0,
					"children": [0, 1, 2, 3]
				},
				{
					"name": "group",
					"origin": [8, 8, 8],
					"color": 0,
					"children": [4, 5]
				}
			]
		}
	]
}