{
	"credit": "Made with Blockbench by ShizuArt",
	"textures": {
		"2": "custom/dekocrate/flame",
		"3": "custom/dekocrate/lampe_huile"
	},
	"elements": [
		{
			"from": [4.5, 0, 4],
			"to": [11.5, 7, 11],
			"faces": {
				"north": {"uv": [7, 0, 0, 7], "texture": "#3"},
				"east": {"uv": [0, 0, 7, 7], "texture": "#3"},
				"south": {"uv": [7, 0, 0, 7], "texture": "#3"},
				"west": {"uv": [0, 0, 7, 7], "texture": "#3"},
				"down": {"uv": [7, 0, 6, 1], "texture": "#3"}
			}
		},
		{
			"from": [4.5, 0, 11],
			"to": [11.5, 7, 4],
			"faces": {
				"north": {"uv": [7, 0, 0, 7], "texture": "#3"},
				"east": {"uv": [0, 0, 7, 7], "texture": "#3"},
				"south": {"uv": [7, 0, 0, 7], "texture": "#3"},
				"west": {"uv": [0, 0, 7, 7], "texture": "#3"},
				"down": {"uv": [7, 0, 6, 1], "texture": "#3"}
			}
		},
		{
			"from": [4.5, 7, 11],
			"to": [11.5, 7, 4],
			"faces": {
				"up": {"uv": [6, 1, 7, 2], "texture": "#3"},
				"down": {"uv": [0, 9, 7, 16], "texture": "#3"}
			}
		},
		{
			"from": [5, 0.5, 4.5],
			"to": [11, 5, 10.5],
			"faces": {
				"north": {"uv": [9, 0, 16, 5], "texture": "#3"},
				"east": {"uv": [9, 0, 16, 5], "texture": "#3"},
				"south": {"uv": [9, 0, 16, 5], "texture": "#3"},
				"west": {"uv": [9, 0, 16, 5], "texture": "#3"},
				"up": {"uv": [9, 6, 16, 13], "texture": "#3"},
				"down": {"uv": [9, 4, 16, 5], "texture": "#3"}
			}
		},
		{
			"from": [6.5, 7, 6],
			"to": [9.5, 10, 9],
			"faces": {
				"north": {"uv": [13, 13, 16, 16], "texture": "#3"},
				"east": {"uv": [13, 13, 16, 16], "texture": "#3"},
				"south": {"uv": [13, 13, 16, 16], "texture": "#3"},
				"west": {"uv": [13, 13, 16, 16], "texture": "#3"},
				"up": {"uv": [9, 13, 12, 16], "texture": "#3"}
			}
		},
		{
			"from": [8, 0, 7],
			"to": [8, 10, 8],
			"rotation": {"angle": 45, "axis": "y", "origin": [8, 5, 7.5]},
			"faces": {
				"east": {"uv": [8, 0, 9, 10], "texture": "#2"},
				"west": {"uv": [8, 0, 9, 10], "texture": "#2"}
			}
		},
		{
			"from": [8, 0, 7],
			"to": [8, 10, 8],
			"rotation": {"angle": -45, "axis": "y", "origin": [8, 5, 7.5]},
			"faces": {
				"east": {"uv": [8, 0, 9, 10], "texture": "#2"},
				"west": {"uv": [8, 0, 9, 10], "texture": "#2"}
			}
		},
		{
			"from": [8, 6, -0.5],
			"to": [8, 22, 15.5],
			"rotation": {"angle": 45, "axis": "y", "origin": [8, 16, 7.5]},
			"faces": {
				"east": {"uv": [0, 0, 16, 16], "texture": "#2"},
				"west": {"uv": [0, 0, 16, 16], "texture": "#2"}
			}
		},
		{
			"from": [0, 6, 7.5],
			"to": [16, 22, 7.5],
			"rotation": {"angle": 45, "axis": "y", "origin": [8, 16, 7.5]},
			"faces": {
				"north": {"uv": [0, 0, 16, 16], "texture": "#2"},
				"south": {"uv": [0, 0, 16, 16], "texture": "#2"}
			}
		}
	],
	"gui_light": "front",
	"display": {
		"thirdperson_righthand": {
			"rotation": [75, 45, 0],
			"translation": [0, 2, 3.25],
			"scale": [0.375, 0.375, 0.375]
		},
		"thirdperson_lefthand": {
			"rotation": [75, 45, 0],
			"translation": [0, 2, 3.25],
			"scale": [0.375, 0.375, 0.375]
		},
		"firstperson_righthand": {
			"rotation": [-180, 77.25, -180],
			"translation": [5.25, 2.75, 0],
			"scale": [0.4, 0.4, 0.4]
		},
		"firstperson_lefthand": {
			"rotation": [0, -11.75, 0],
			"translation": [5.25, 2.75, 0],
			"scale": [0.4, 0.4, 0.4]
		},
		"ground": {
			"translation": [0, 3, 0],
			"scale": [0.43555, 0.43555, 0.43555]
		},
		"gui": {
			"rotation": [30, 225, 0],
			"translation": [0, -0.25, 0],
			"scale": [0.625, 0.625, 0.625]
		},
		"head": {
			"translation": [0, 12.75, 0],
			"scale": [0.79492, 0.79492, 0.79492]
		},
		"fixed": {
			"rotation": [-90, 0, 0],
			"translation": [0, 0, -16.25],
			"scale": [2.00195, 2.00195, 2.00195]
		}
	},
	"groups": [
		{
			"name": "group",
			"origin": [8, 8, 8],
			"color": 0,
			"children": [
				{
					"name": "group",
					"origin": [8, 8, 8],
					"color": 0,
					"children": [0, 1, 2, 3, 4]
				},
				{
					"name": "group",
					"origin": [8, 8, 8],
					"color": 0,
					"children": [5, 6]
				},
				{
					"name": "group",
					"origin": [8, 8, 8],
					"color": 0,
					"children": [7, 8]
				}
			]
		}
	]
}