{
	"credit": "Made with Blockbench by ShizuArt",
	"textures": {
		"0": "custom/dekocrate/baquet2",
		"particle": "custom/dekocrate/baquet2"
	},
	"elements": [
		{
			"from": [0, 14, 0],
			"to": [16, 16, 16],
			"faces": {
				"north": {"uv": [8.375, 10.5, 10.375, 10.625], "texture": "#0"},
				"east": {"uv": [4.125, 8.625, 4.25, 10.625], "rotation": 90, "texture": "#0"},
				"south": {"uv": [8.375, 8.625, 10.375, 8.75], "texture": "#0"},
				"west": {"uv": [4.125, 8.625, 4.25, 10.625], "rotation": 90, "texture": "#0"},
				"up": {"uv": [8.375, 8.625, 10.375, 10.625], "texture": "#0"},
				"down": {"uv": [8.375, 8.625, 10.375, 10.625], "texture": "#0"}
			}
		},
		{
			"from": [15, 0, 1.5],
			"to": [13, 13.58984, 14.5],
			"faces": {
				"north": {"uv": [5.75, 10.75, 5.875, 12.375], "texture": "#0"},
				"east": {"uv": [4.25, 10.75, 5.875, 12.375], "texture": "#0"},
				"south": {"uv": [5.75, 10.75, 5.875, 12.375], "texture": "#0"},
				"west": {"uv": [4.25, 10.75, 5.875, 12.375], "texture": "#0"},
				"up": {"uv": [4.25, 10.75, 5.875, 10.875], "rotation": 90, "texture": "#0"},
				"down": {"uv": [4.25, 12.25, 5.875, 12.375], "rotation": 90, "texture": "#0"}
			}
		},
		{
			"from": [13, 0, 1.5],
			"to": [15, 14, 14.5],
			"faces": {
				"north": {"uv": [5.75, 10.75, 5.875, 12.375], "texture": "#0"},
				"east": {"uv": [4.25, 10.75, 5.875, 12.375], "texture": "#0"},
				"south": {"uv": [5.75, 10.75, 5.875, 12.375], "texture": "#0"},
				"west": {"uv": [4.25, 10.75, 5.875, 12.375], "texture": "#0"},
				"down": {"uv": [4.25, 12.25, 5.875, 12.375], "rotation": 90, "texture": "#0"}
			}
		},
		{
			"from": [1, 0, 1.5],
			"to": [3, 14, 14.5],
			"faces": {
				"north": {"uv": [5.75, 10.75, 5.875, 12.375], "texture": "#0"},
				"east": {"uv": [4.25, 10.75, 5.875, 12.375], "texture": "#0"},
				"south": {"uv": [5.75, 10.75, 5.875, 12.375], "texture": "#0"},
				"west": {"uv": [4.25, 10.75, 5.875, 12.375], "texture": "#0"},
				"down": {"uv": [4.25, 12.25, 5.875, 12.375], "rotation": 90, "texture": "#0"}
			}
		},
		{
			"from": [3, 0, 1.5],
			"to": [1, 13.58984, 14.5],
			"faces": {
				"north": {"uv": [5.75, 10.75, 5.875, 12.375], "texture": "#0"},
				"east": {"uv": [4.25, 10.75, 5.875, 12.375], "texture": "#0"},
				"south": {"uv": [5.75, 10.75, 5.875, 12.375], "texture": "#0"},
				"west": {"uv": [4.25, 10.75, 5.875, 12.375], "texture": "#0"},
				"up": {"uv": [4.25, 10.75, 5.875, 10.875], "rotation": 90, "texture": "#0"},
				"down": {"uv": [4.25, 12.25, 5.875, 12.375], "rotation": 90, "texture": "#0"}
			}
		}
	],
	"gui_light": "front",
	"display": {
		"thirdperson_righthand": {
			"rotation": [56.5, 45, 0],
			"translation": [0, 3.5, 1.5],
			"scale": [0.375, 0.375, 0.375]
		},
		"thirdperson_lefthand": {
			"rotation": [56.5, 45, 0],
			"translation": [0, 3.5, 1.5],
			"scale": [0.375, 0.375, 0.375]
		},
		"firstperson_righthand": {
			"rotation": [-180, 78.75, -180],
			"translation": [5.25, 2.75, 1.25],
			"scale": [0.4, 0.4, 0.4]
		},
		"firstperson_lefthand": {
			"rotation": [-180, 78.75, -180],
			"translation": [5.25, 2.75, 1.25],
			"scale": [0.4, 0.4, 0.4]
		},
		"ground": {
			"translation": [0.25, 1.75, 0],
			"scale": [0.3125, 0.3125, 0.3125]
		},
		"gui": {
			"rotation": [30, 225, 0],
			"translation": [0, -0.75, 0],
			"scale": [0.59961, 0.59961, 0.59961]
		},
		"head": {
			"translation": [0, -30.25, 0],
			"scale": [1.59961, 1.59961, 1.59961]
		},
		"fixed": {
			"rotation": [-90, 0, 0],
			"translation": [0, 0, -16],
			"scale": [2.00195, 2.00195, 2.00195]
		}
	},
	"groups": [
		{
			"name": "group",
			"origin": [8, 8, 8],
			"color": 0,
			"children": [
				{
					"name": "group",
					"origin": [8, 8, 8],
					"color": 0,
					"children": [0]
				},
				{
					"name": "group",
					"origin": [0, 0, 0],
					"color": 0,
					"children": [1, 2, 3, 4]
				}
			]
		}
	]
}