{
	"credit": "Made with Blockbench",
	"texture_size": [128, 128],
	"textures": {
		"0": "custom/dekocrate/pirate_crate",
		"particle": "custom/dekocrate/pirate_crate"
	},
	"elements": [
		{
			"from": [-2, 2, 0],
			"to": [18, 9, 16],
			"faces": {
				"north": {"uv": [5, 6, 7.5, 6.875], "texture": "#0"},
				"east": {"uv": [2.5, 6.5, 4.5, 7.375], "texture": "#0"},
				"south": {"uv": [0, 6.5, 2.5, 7.375], "texture": "#0"},
				"west": {"uv": [4.5, 6.875, 6.5, 7.75], "texture": "#0"},
				"up": {"uv": [2.5, 6.5, 0, 4.5], "texture": "#0"},
				"down": {"uv": [5, 4.5, 2.5, 6.5], "texture": "#0"}
			}
		},
		{
			"from": [18, 6, 5],
			"to": [18, 8, 11],
			"rotation": {"angle": 22.5, "axis": "z", "origin": [18, 8, 8]},
			"faces": {
				"north": {"uv": [0, 0, 0, 0.25], "texture": "#0"},
				"east": {"uv": [5.5, 4.25, 6.25, 4.5], "texture": "#0"},
				"south": {"uv": [0, 0, 0, 0.25], "texture": "#0"},
				"west": {"uv": [6.25, 4.25, 7, 4.5], "texture": "#0"},
				"up": {"uv": [0, 0.75, 0, 0], "texture": "#0"},
				"down": {"uv": [0, 0, 0, 0.75], "texture": "#0"}
			}
		},
		{
			"from": [-2, 6, 5],
			"to": [-2, 8, 11],
			"rotation": {"angle": -22.5, "axis": "z", "origin": [-2, 8, 8]},
			"faces": {
				"north": {"uv": [0, 0, 0, 0.25], "texture": "#0"},
				"east": {"uv": [8.75, 8, 9.5, 8.25], "texture": "#0"},
				"south": {"uv": [0, 0, 0, 0.25], "texture": "#0"},
				"west": {"uv": [9.375, 8.5, 10.125, 8.75], "texture": "#0"},
				"up": {"uv": [0, 0.75, 0, 0], "texture": "#0"},
				"down": {"uv": [0, 0, 0, 0.75], "texture": "#0"}
			}
		},
		{
			"from": [-2, 12, 2],
			"to": [18, 15, 14],
			"faces": {
				"north": {"uv": [7.5, 5, 10, 5.375], "texture": "#0"},
				"east": {"uv": [8.5, 6.875, 10, 7.25], "texture": "#0"},
				"south": {"uv": [7.5, 5.375, 10, 5.75], "texture": "#0"},
				"west": {"uv": [8.5, 7.25, 10, 7.625], "texture": "#0"},
				"up": {"uv": [7.5, 6, 5, 4.5], "texture": "#0"},
				"down": {"uv": [8, 0, 5.5, 1.5], "texture": "#0"}
			}
		},
		{
			"from": [-3, 0, -1],
			"to": [19, 2, 17],
			"faces": {
				"north": {"uv": [8, 1.125, 10.75, 1.375], "texture": "#0"},
				"east": {"uv": [8, 8.25, 10.25, 8.5], "texture": "#0"},
				"south": {"uv": [6, 8, 8.75, 8.25], "texture": "#0"},
				"west": {"uv": [0, 8.5, 2.25, 8.75], "texture": "#0"},
				"up": {"uv": [2.75, 2.25, 0, 0], "texture": "#0"},
				"down": {"uv": [2.75, 2.25, 0, 4.5], "texture": "#0"}
			}
		},
		{
			"from": [-3, 9, -1],
			"to": [19, 12, 17],
			"faces": {
				"north": {"uv": [7.5, 4.25, 10.25, 4.625], "texture": "#0"},
				"east": {"uv": [7.5, 5.75, 9.75, 6.125], "texture": "#0"},
				"south": {"uv": [7.5, 4.625, 10.25, 5], "texture": "#0"},
				"west": {"uv": [7.5, 6.125, 9.75, 6.5], "texture": "#0"},
				"up": {"uv": [5.5, 2.25, 2.75, 0], "texture": "#0"},
				"down": {"uv": [5.5, 2.25, 2.75, 4.5], "texture": "#0"}
			}
		},
		{
			"from": [16, 12, -1],
			"to": [19, 18, 2],
			"rotation": {"angle": 22.5, "axis": "x", "origin": [17, 12, -1]},
			"faces": {
				"north": {"uv": [0, 8.75, 0.375, 9.5], "texture": "#0"},
				"east": {"uv": [0.375, 8.75, 0.75, 9.5], "texture": "#0"},
				"south": {"uv": [0.75, 8.75, 1.125, 9.5], "texture": "#0"},
				"west": {"uv": [1.125, 8.75, 1.5, 9.5], "texture": "#0"},
				"up": {"uv": [4.875, 6.875, 4.5, 6.5], "texture": "#0"},
				"down": {"uv": [4.375, 7.375, 4, 7.75], "texture": "#0"}
			}
		},
		{
			"from": [16, 14.55103, 1.2923],
			"to": [19, 17.55103, 14.6923],
			"rotation": {"angle": 0, "axis": "y", "origin": [17, 17.55, 1.3]},
			"faces": {
				"north": {"uv": [9.5, 1.375, 9.875, 1.75], "texture": "#0"},
				"east": {"uv": [0, 8.125, 1.625, 8.5], "texture": "#0"},
				"south": {"uv": [1.5, 9.5, 1.875, 9.875], "texture": "#0"},
				"west": {"uv": [1.625, 8.125, 3.25, 8.5], "texture": "#0"},
				"up": {"uv": [3.625, 9.75, 3.25, 8.125], "texture": "#0"},
				"down": {"uv": [4, 8.125, 3.625, 9.75], "texture": "#0"}
			}
		},
		{
			"from": [-3, 14.55103, 1.2923],
			"to": [0, 17.55103, 14.6923],
			"rotation": {"angle": 0, "axis": "y", "origin": [-1, 17.55, 1.3]},
			"faces": {
				"north": {"uv": [9.5, 1.75, 9.875, 2.125], "texture": "#0"},
				"east": {"uv": [4, 8.125, 5.625, 8.5], "texture": "#0"},
				"south": {"uv": [1.875, 9.5, 2.25, 9.875], "texture": "#0"},
				"west": {"uv": [5.625, 8.25, 7.25, 8.625], "texture": "#0"},
				"up": {"uv": [7.625, 9.875, 7.25, 8.25], "texture": "#0"},
				"down": {"uv": [8, 8.25, 7.625, 9.875], "texture": "#0"}
			}
		},
		{
			"from": [-3, 12, -1],
			"to": [0, 18, 2],
			"rotation": {"angle": 22.5, "axis": "x", "origin": [-1, 12, -1]},
			"faces": {
				"north": {"uv": [6.125, 9, 6.5, 9.75], "texture": "#0"},
				"east": {"uv": [6.5, 9, 6.875, 9.75], "texture": "#0"},
				"south": {"uv": [6.875, 9, 7.25, 9.75], "texture": "#0"},
				"west": {"uv": [9.125, 2.25, 9.5, 3], "texture": "#0"},
				"up": {"uv": [9.875, 2.5, 9.5, 2.125], "texture": "#0"},
				"down": {"uv": [9.875, 2.5, 9.5, 2.875], "texture": "#0"}
			}
		},
		{
			"from": [0, 13.55103, 2.2923],
			"to": [16, 16.55103, 13.6923],
			"rotation": {"angle": 0, "axis": "y", "origin": [2, 16.55, 2.3]},
			"faces": {
				"north": {"uv": [4, 7.75, 6, 8.125], "texture": "#0"},
				"east": {"uv": [8.5, 7.625, 9.875, 8], "texture": "#0"},
				"south": {"uv": [8, 0, 10, 0.375], "texture": "#0"},
				"west": {"uv": [8, 8.5, 9.375, 8.875], "texture": "#0"},
				"up": {"uv": [7.5, 2.875, 5.5, 1.5], "texture": "#0"},
				"down": {"uv": [7.5, 2.875, 5.5, 4.25], "texture": "#0"}
			}
		},
		{
			"from": [0, 11, 0],
			"to": [16, 17, 3],
			"rotation": {"angle": 22.5, "axis": "x", "origin": [2, 11, 0]},
			"faces": {
				"north": {"uv": [6.5, 6.875, 8.5, 7.625], "texture": "#0"},
				"east": {"uv": [9.125, 3, 9.5, 3.75], "texture": "#0"},
				"south": {"uv": [0, 7.375, 2, 8.125], "texture": "#0"},
				"west": {"uv": [9.125, 8.875, 9.5, 9.625], "texture": "#0"},
				"up": {"uv": [9.5, 6.875, 7.5, 6.5], "texture": "#0"},
				"down": {"uv": [8.5, 7.625, 6.5, 8], "texture": "#0"}
			}
		},
		{
			"from": [0, 11, 13],
			"to": [16, 17, 16],
			"rotation": {"angle": -22.5, "axis": "x", "origin": [2, 11, 16]},
			"faces": {
				"north": {"uv": [2, 7.375, 4, 8.125], "texture": "#0"},
				"east": {"uv": [2.25, 9.25, 2.625, 10], "texture": "#0"},
				"south": {"uv": [7.5, 1.5, 9.5, 2.25], "texture": "#0"},
				"west": {"uv": [2.625, 9.25, 3, 10], "texture": "#0"},
				"up": {"uv": [10, 0.75, 8, 0.375], "texture": "#0"},
				"down": {"uv": [10, 0.75, 8, 1.125], "texture": "#0"}
			}
		},
		{
			"from": [-3, 12, 14],
			"to": [0, 18, 17],
			"rotation": {"angle": -22.5, "axis": "x", "origin": [-1, 12, 17]},
			"faces": {
				"north": {"uv": [8, 8.875, 8.375, 9.625], "texture": "#0"},
				"east": {"uv": [8.375, 8.875, 8.75, 9.625], "texture": "#0"},
				"south": {"uv": [8.75, 8.875, 9.125, 9.625], "texture": "#0"},
				"west": {"uv": [5.75, 9, 6.125, 9.75], "texture": "#0"},
				"up": {"uv": [1.125, 9.875, 0.75, 9.5], "texture": "#0"},
				"down": {"uv": [1.5, 9.5, 1.125, 9.875], "texture": "#0"}
			}
		},
		{
			"from": [16, 12, 14],
			"to": [19, 18, 17],
			"rotation": {"angle": -22.5, "axis": "x", "origin": [17, 12, 17]},
			"faces": {
				"north": {"uv": [1.5, 8.75, 1.875, 9.5], "texture": "#0"},
				"east": {"uv": [1.875, 8.75, 2.25, 9.5], "texture": "#0"},
				"south": {"uv": [8.75, 2.25, 9.125, 3], "texture": "#0"},
				"west": {"uv": [8.75, 3, 9.125, 3.75], "texture": "#0"},
				"up": {"uv": [0.375, 9.875, 0, 9.5], "texture": "#0"},
				"down": {"uv": [0.75, 9.5, 0.375, 9.875], "texture": "#0"}
			}
		},
		{
			"from": [5, 7, -2],
			"to": [11, 13, 1],
			"rotation": {"angle": 0, "axis": "y", "origin": [8, 10.5, -1]},
			"faces": {
				"north": {"uv": [2.25, 8.5, 3, 9.25], "texture": "#0"},
				"east": {"uv": [5, 8.5, 5.375, 9.25], "texture": "#0"},
				"south": {"uv": [4, 8.5, 4.75, 9.25], "texture": "#0"},
				"west": {"uv": [5.375, 8.625, 5.75, 9.375], "texture": "#0"},
				"up": {"uv": [6.5, 9, 5.75, 8.625], "texture": "#0"},
				"down": {"uv": [7.25, 8.625, 6.5, 9], "texture": "#0"}
			}
		}
	],
	"gui_light": "front",
	"display": {
		"thirdperson_righthand": {
			"rotation": [0, 145, 0],
			"translation": [-1.75, 0, -4.75],
			"scale": [0.5, 0.5, 0.5]
		},
		"thirdperson_lefthand": {
			"rotation": [0, 145, 0],
			"translation": [-1.75, 0, -4.75],
			"scale": [0.5, 0.5, 0.5]
		},
		"firstperson_righthand": {
			"rotation": [0, 145, 0],
			"translation": [7.5, 0, -4.75],
			"scale": [0.5, 0.5, 0.5]
		},
		"firstperson_lefthand": {
			"rotation": [0, 145, 0],
			"translation": [7.5, 0, -4.75],
			"scale": [0.5, 0.5, 0.5]
		},
		"ground": {
			"translation": [0, 1.5, 0],
			"scale": [0.3, 0.3, 0.3]
		},
		"gui": {
			"rotation": [15, 145, 0],
			"translation": [0.75, -2, 0],
			"scale": [0.45, 0.45, 0.45]
		},
		"head": {
			"scale": [2.68, 2.68, 2.68]
		},
		"fixed": {
			"rotation": [-90, 0, 0],
			"translation": [0, 0, -18],
			"scale": [2.32, 2.32, 2.32]
		}
	}
}