{
	"credit": "Made with Blockbench by ShizuArt",
	"textures": {
		"0": "custom/dekocrate/baquet2",
		"particle": "custom/dekocrate/baquet2"
	},
	"elements": [
		{
			"from": [1.5, 0, 1.5],
			"to": [14.5, 14, 14.5],
			"faces": {
				"north": {"uv": [2.5, 14.25, 4.125, 16], "texture": "#0"},
				"east": {"uv": [2.5, 14.25, 4.125, 16], "texture": "#0"},
				"south": {"uv": [2.5, 14.25, 4.125, 16], "texture": "#0"},
				"west": {"uv": [2.5, 14.25, 4.125, 16], "texture": "#0"},
				"up": {"uv": [2.5, 12.5, 4.125, 14.125], "rotation": 90, "texture": "#0"},
				"down": {"uv": [2.5, 10.75, 4.125, 12.375], "rotation": 270, "texture": "#0"}
			}
		},
		{
			"from": [13.5, 0.51953, 2.5],
			"to": [2.5, 14, 13.5],
			"faces": {
				"north": {"uv": [2.625, 14.25, 4, 16], "texture": "#0"},
				"east": {"uv": [2.625, 14.25, 4, 16], "texture": "#0"},
				"south": {"uv": [2.625, 14.25, 4, 16], "texture": "#0"},
				"west": {"uv": [2.625, 14.25, 4, 16], "texture": "#0"},
				"down": {"uv": [2.5, 10.75, 4.125, 12.375], "rotation": 270, "texture": "#0"}
			}
		},
		{
			"from": [13.5, 14, 5.5],
			"to": [14.5, 18, 10.5],
			"rotation": {"angle": 0, "axis": "y", "origin": [17.5, 14, 0.5]},
			"faces": {
				"north": {"uv": [0.125, 11.875, 0, 12.375], "texture": "#0"},
				"east": {"uv": [1.375, 11.875, 0.75, 12.375], "texture": "#0"},
				"south": {"uv": [0.125, 11.875, 0, 12.375], "texture": "#0"},
				"west": {"uv": [0.625, 11.875, 0, 12.375], "texture": "#0"},
				"up": {"uv": [0, 12, 0.625, 11.875], "rotation": 90, "texture": "#0"}
			}
		},
		{
			"from": [1.5, 14, 5.5],
			"to": [2.5, 18, 10.5],
			"rotation": {"angle": 0, "axis": "y", "origin": [14, 16, 8]},
			"faces": {
				"north": {"uv": [0.125, 11.875, 0, 12.375], "texture": "#0"},
				"east": {"uv": [0.625, 11.875, 0, 12.375], "texture": "#0"},
				"south": {"uv": [0.125, 11.875, 0, 12.375], "texture": "#0"},
				"west": {"uv": [1.375, 11.875, 0.75, 12.375], "texture": "#0"},
				"up": {"uv": [0.625, 11.875, 0, 12], "rotation": 90, "texture": "#0"}
			}
		},
		{
			"from": [14.5, 15, 7.5],
			"to": [13.5, 17, 8.5],
			"faces": {
				"north": {"uv": [0.875, 12, 1, 12.25], "texture": "#0"},
				"south": {"uv": [0.875, 12, 1, 12.25], "texture": "#0"},
				"up": {"uv": [1, 11.875, 1.125, 12], "texture": "#0"},
				"down": {"uv": [1, 12.25, 1.125, 12.375], "texture": "#0"}
			}
		},
		{
			"from": [2.5, 15, 7.5],
			"to": [1.5, 17, 8.5],
			"faces": {
				"north": {"uv": [0.875, 12, 1, 12.25], "texture": "#0"},
				"south": {"uv": [0.875, 12, 1, 12.25], "texture": "#0"},
				"up": {"uv": [1, 11.875, 1.125, 12], "texture": "#0"},
				"down": {"uv": [1, 12.25, 1.125, 12.375], "texture": "#0"}
			}
		},
		{
			"from": [1.35, 1.85, 1.35],
			"to": [14.65, 4.15, 14.65],
			"faces": {
				"north": {"uv": [1.25, 1.5, 2.875, 1.75], "texture": "#0"},
				"east": {"uv": [1.25, 1.5, 2.875, 1.75], "texture": "#0"},
				"south": {"uv": [1.25, 1.5, 2.875, 1.75], "texture": "#0"},
				"west": {"uv": [1.25, 1.5, 2.875, 1.75], "texture": "#0"}
			}
		},
		{
			"from": [1.35, 8.85, 1.35],
			"to": [14.65, 11.15, 14.65],
			"faces": {
				"north": {"uv": [1.25, 1.5, 2.875, 1.75], "texture": "#0"},
				"east": {"uv": [1.25, 1.5, 2.875, 1.75], "texture": "#0"},
				"south": {"uv": [1.25, 1.5, 2.875, 1.75], "texture": "#0"},
				"west": {"uv": [1.25, 1.5, 2.875, 1.75], "texture": "#0"}
			}
		}
	],
	"gui_light": "front",
	"display": {
		"thirdperson_righthand": {
			"rotation": [75, 45, 0],
			"translation": [0, 2.5, 3.25],
			"scale": [0.375, 0.375, 0.375]
		},
		"thirdperson_lefthand": {
			"rotation": [75, 45, 0],
			"translation": [0, 2.5, 3.25],
			"scale": [0.375, 0.375, 0.375]
		},
		"firstperson_righthand": {
			"rotation": [0, 45, 0],
			"translation": [5.25, 2.75, 0],
			"scale": [0.4, 0.4, 0.4]
		},
		"firstperson_lefthand": {
			"rotation": [0, 45, 0],
			"translation": [5.25, 2.75, 0],
			"scale": [0.4, 0.4, 0.4]
		},
		"ground": {
			"translation": [0, 3, 0],
			"scale": [0.43555, 0.43555, 0.43555]
		},
		"gui": {
			"rotation": [30, 225, 0],
			"scale": [0.625, 0.625, 0.625]
		},
		"head": {
			"translation": [0, 12.75, 0],
			"scale": [0.79492, 0.79492, 0.79492]
		},
		"fixed": {
			"rotation": [-90, 0, 0],
			"translation": [0, 0, -15],
			"scale": [2.00195, 2.00195, 2.00195]
		}
	},
	"groups": [
		{
			"name": "group",
			"origin": [8, 8, 8],
			"color": 0,
			"children": [
				{
					"name": "group",
					"origin": [8, 8, 8],
					"color": 0,
					"children": [0, 1]
				},
				{
					"name": "group",
					"origin": [8, 8, 8],
					"color": 0,
					"children": [2, 3]
				},
				{
					"name": "group",
					"origin": [8, 8, 8],
					"color": 0,
					"children": [4, 5]
				},
				{
					"name": "group",
					"origin": [0, 0, 0],
					"color": 0,
					"children": [6, 7]
				}
			]
		}
	]
}