{
	"credit": "Made with Blockbench by ShizuArt",
	"textures": {
		"0": "custom/dekocrate/seche_linge",
		"particle": "custom/dekocrate/seche_linge"
	},
	"elements": [
		{
			"from": [16.5, 0, 7],
			"to": [18.5, 32, 9],
			"rotation": {"angle": 0, "axis": "y", "origin": [2, 0, 0]},
			"faces": {
				"north": {"uv": [0, 0, 1, 16], "texture": "#0"},
				"east": {"uv": [1, 0, 0, 16], "texture": "#0"},
				"south": {"uv": [0, 0, 1, 16], "texture": "#0"},
				"west": {"uv": [1, 0, 0, 16], "texture": "#0"},
				"up": {"uv": [13.5, 3.5, 12.5, 4.5], "texture": "#0"},
				"down": {"uv": [12.5, 3.5, 13.5, 4.5], "texture": "#0"}
			}
		},
		{
			"from": [16.45, 28.95, 6.95],
			"to": [18.55, 30.05, 9.05],
			"rotation": {"angle": 0, "axis": "y", "origin": [2, 0, 0]},
			"faces": {
				"north": {"uv": [1, 0, 2, 0.5], "texture": "#0"},
				"east": {"uv": [2, 0, 1, 0.5], "texture": "#0"},
				"south": {"uv": [1, 0, 2, 0.5], "texture": "#0"},
				"west": {"uv": [2, 0, 1, 0.5], "texture": "#0"}
			}
		},
		{
			"from": [-13.55, 28.95, 6.95],
			"to": [-11.45, 30.05, 9.05],
			"rotation": {"angle": 0, "axis": "y", "origin": [2, 0, 0]},
			"faces": {
				"north": {"uv": [1, 0, 2, 0.5], "texture": "#0"},
				"east": {"uv": [2, 0, 1, 0.5], "texture": "#0"},
				"south": {"uv": [1, 0, 2, 0.5], "texture": "#0"},
				"west": {"uv": [2, 0, 1, 0.5], "texture": "#0"}
			}
		},
		{
			"from": [-13.5, 0, 7],
			"to": [-11.5, 32, 9],
			"rotation": {"angle": 0, "axis": "y", "origin": [2, 0, 0]},
			"faces": {
				"north": {"uv": [0, 0, 1, 16], "texture": "#0"},
				"east": {"uv": [1, 0, 0, 16], "texture": "#0"},
				"south": {"uv": [0, 0, 1, 16], "texture": "#0"},
				"west": {"uv": [1, 0, 0, 16], "texture": "#0"},
				"up": {"uv": [13.5, 3.5, 12.5, 4.5], "texture": "#0"},
				"down": {"uv": [12.5, 3.5, 13.5, 4.5], "texture": "#0"}
			}
		},
		{
			"from": [-11.5, 29, 8],
			"to": [16.5, 30, 8],
			"rotation": {"angle": 0, "axis": "y", "origin": [2, 0, 0]},
			"faces": {
				"north": {"uv": [1, 0, 15, 0.5], "texture": "#0"},
				"south": {"uv": [1, 0, 15, 0.5], "texture": "#0"}
			}
		},
		{
			"from": [-1.16016, 24.09766, 7.02734],
			"to": [2.83984, 28.09766, 9.02734],
			"rotation": {"angle": 0, "axis": "z", "origin": [2.83984, 10.09766, 14.52734]},
			"faces": {
				"north": {"uv": [14.5, 3, 12.5, 1], "rotation": 180, "texture": "#0"},
				"south": {"uv": [14.5, 1, 12.5, 3], "texture": "#0"},
				"west": {"uv": [3, 8.25, 14.25, 11.75], "rotation": 180, "texture": "#0"},
				"up": {"uv": [12.5, 1, 14.5, 1.5], "rotation": 180, "texture": "#0"},
				"down": {"uv": [12.5, 2.5, 14.5, 3], "rotation": 180, "texture": "#0"}
			}
		},
		{
			"from": [2.83984, 24.09766, 7.02734],
			"to": [-1.16016, 28.09766, 9.02734],
			"rotation": {"angle": 0, "axis": "z", "origin": [17.33984, 10.09766, 14.52734]},
			"faces": {
				"north": {"uv": [12.5, 3, 14.5, 1], "rotation": 180, "texture": "#0"},
				"east": {"uv": [14.25, 8.25, 3, 11.75], "rotation": 180, "texture": "#0"},
				"south": {"uv": [12.5, 1, 14.5, 3], "texture": "#0"},
				"up": {"uv": [14.5, 1, 12.5, 1.5], "rotation": 180, "texture": "#0"},
				"down": {"uv": [14.5, 2.5, 12.5, 3], "rotation": 180, "texture": "#0"}
			}
		},
		{
			"from": [11.83984, 24.09766, 7.02734],
			"to": [15.83984, 28.09766, 9.02734],
			"rotation": {"angle": 0, "axis": "z", "origin": [15.83984, 10.09766, 14.52734]},
			"faces": {
				"north": {"uv": [12.5, 3, 14.5, 1], "rotation": 180, "texture": "#0"},
				"east": {"uv": [14.25, 8.25, 3, 11.75], "rotation": 180, "texture": "#0"},
				"south": {"uv": [12.5, 1, 14.5, 3], "texture": "#0"},
				"up": {"uv": [14.5, 1, 12.5, 1.5], "rotation": 180, "texture": "#0"},
				"down": {"uv": [14.5, 2.5, 12.5, 3], "rotation": 180, "texture": "#0"}
			}
		},
		{
			"from": [15.83984, 24.09766, 7.02734],
			"to": [11.83984, 28.09766, 9.02734],
			"rotation": {"angle": 0, "axis": "z", "origin": [1.33984, 10.09766, 14.52734]},
			"faces": {
				"north": {"uv": [14.5, 3, 12.5, 1], "rotation": 180, "texture": "#0"},
				"south": {"uv": [14.5, 1, 12.5, 3], "texture": "#0"},
				"west": {"uv": [3, 8.25, 14.25, 11.75], "rotation": 180, "texture": "#0"},
				"up": {"uv": [12.5, 1, 14.5, 1.5], "rotation": 180, "texture": "#0"},
				"down": {"uv": [12.5, 2.5, 14.5, 3], "rotation": 180, "texture": "#0"}
			}
		},
		{
			"from": [2.83984, 16.09766, 7.02734],
			"to": [11.83984, 28.09766, 9.02734],
			"rotation": {"angle": 0, "axis": "y", "origin": [27.33984, 17.78516, 7.02734]},
			"faces": {
				"north": {"uv": [7.5, 1, 12, 7], "texture": "#0"},
				"east": {"uv": [1.5, 1, 2.5, 7], "texture": "#0"},
				"south": {"uv": [3, 1, 7.5, 7], "texture": "#0"},
				"west": {"uv": [1.5, 1, 2.5, 7], "texture": "#0"},
				"up": {"uv": [7.5, 1, 12, 1.5], "texture": "#0"}
			}
		},
		{
			"from": [11.83984, 16.09766, 7.02734],
			"to": [2.83984, 28.09766, 9.02734],
			"rotation": {"angle": 0, "axis": "y", "origin": [27.33984, 17.78516, 7.02734]},
			"faces": {
				"north": {"uv": [7.5, 1, 12, 7], "texture": "#0"},
				"east": {"uv": [1.5, 1, 2.5, 7], "texture": "#0", "tintindex": 0},
				"south": {"uv": [3, 1, 7.5, 7], "texture": "#0"},
				"west": {"uv": [1.5, 1, 2.5, 7], "texture": "#0"},
				"up": {"uv": [7.5, 1, 12, 1.5], "texture": "#0"}
			}
		},
		{
			"from": [-0.125, 26.25, 6.75],
			"to": [1.125, 30, 9.25],
			"rotation": {"angle": 0, "axis": "y", "origin": [0, -2, -2]},
			"faces": {
				"north": {"uv": [12.5, 5, 13, 6.5], "texture": "#0"},
				"south": {"uv": [12.5, 5, 13, 6.5], "texture": "#0"},
				"up": {"uv": [13.5, 5, 14, 6], "texture": "#0"}
			}
		},
		{
			"from": [1.125, 26.25, 6.75],
			"to": [-0.125, 30, 9.25],
			"rotation": {"angle": 0, "axis": "y", "origin": [1.25, -2, -2]},
			"faces": {
				"north": {"uv": [12.5, 5, 13, 6.5], "texture": "#0"},
				"south": {"uv": [12.5, 5, 13, 6.5], "texture": "#0"},
				"up": {"uv": [13.5, 5, 14, 6], "texture": "#0"}
			}
		},
		{
			"from": [-10.125, 26.25, 6.75],
			"to": [-8.875, 30, 9.25],
			"rotation": {"angle": 0, "axis": "y", "origin": [0, -2, -2]},
			"faces": {
				"north": {"uv": [12.5, 5, 13, 6.5], "texture": "#0"},
				"south": {"uv": [12.5, 5, 13, 6.5], "texture": "#0"},
				"up": {"uv": [13.5, 5, 14, 6], "texture": "#0"}
			}
		},
		{
			"from": [-8.875, 26.25, 6.75],
			"to": [-10.125, 30, 9.25],
			"rotation": {"angle": 0, "axis": "y", "origin": [1.25, -2, -2]},
			"faces": {
				"north": {"uv": [12.5, 5, 13, 6.5], "texture": "#0"},
				"south": {"uv": [12.5, 5, 13, 6.5], "texture": "#0"},
				"up": {"uv": [13.5, 5, 14, 6], "texture": "#0"}
			}
		},
		{
			"from": [-4.125, 26.25, 6.75],
			"to": [-2.875, 30, 9.25],
			"rotation": {"angle": 0, "axis": "y", "origin": [0, -2, -2]},
			"faces": {
				"north": {"uv": [12.5, 5, 13, 6.5], "texture": "#0"},
				"south": {"uv": [12.5, 5, 13, 6.5], "texture": "#0"},
				"up": {"uv": [13.5, 5, 14, 6], "texture": "#0"}
			}
		},
		{
			"from": [-2.875, 26.25, 6.75],
			"to": [-4.125, 30, 9.25],
			"rotation": {"angle": 0, "axis": "y", "origin": [1.25, -2, -2]},
			"faces": {
				"north": {"uv": [12.5, 5, 13, 6.5], "texture": "#0"},
				"south": {"uv": [12.5, 5, 13, 6.5], "texture": "#0"},
				"up": {"uv": [13.5, 5, 14, 6], "texture": "#0"}
			}
		},
		{
			"from": [13.375, 26.25, 6.75],
			"to": [14.625, 30, 9.25],
			"rotation": {"angle": 0, "axis": "y", "origin": [0, -2, -2]},
			"faces": {
				"north": {"uv": [12.5, 5, 13, 6.5], "texture": "#0"},
				"south": {"uv": [12.5, 5, 13, 6.5], "texture": "#0"},
				"up": {"uv": [13.5, 5, 14, 6], "texture": "#0"}
			}
		},
		{
			"from": [14.625, 26.25, 6.75],
			"to": [13.375, 30, 9.25],
			"rotation": {"angle": 0, "axis": "y", "origin": [1.25, -2, -2]},
			"faces": {
				"north": {"uv": [12.5, 5, 13, 6.5], "texture": "#0"},
				"south": {"uv": [12.5, 5, 13, 6.5], "texture": "#0"},
				"up": {"uv": [13.5, 5, 14, 6], "texture": "#0"}
			}
		},
		{
			"from": [-10.5, 16, 7],
			"to": [-6.5, 28, 9],
			"rotation": {"angle": 0, "axis": "y", "origin": [2, 0, 0]},
			"faces": {
				"north": {"uv": [1.5, 8, 3.5, 14], "texture": "#0"},
				"east": {"uv": [4, 8, 4.5, 14], "texture": "#0"},
				"south": {"uv": [3.5, 8, 1.5, 14], "texture": "#0"},
				"west": {"uv": [3, 8, 3.5, 14], "texture": "#0"}
			}
		},
		{
			"from": [-6.5, 16, 7],
			"to": [-2.5, 28, 9],
			"rotation": {"angle": 0, "axis": "y", "origin": [15, 0, 0]},
			"faces": {
				"north": {"uv": [3.5, 8, 1.5, 14], "texture": "#0"},
				"east": {"uv": [3.5, 8, 3, 14], "texture": "#0"},
				"south": {"uv": [1.5, 8, 3.5, 14], "texture": "#0"},
				"west": {"uv": [4.5, 8, 4, 14], "texture": "#0"}
			}
		},
		{
			"from": [-2.5, 16, 7],
			"to": [-6.5, 28, 9],
			"rotation": {"angle": 0, "axis": "y", "origin": [2, 0, 0]},
			"faces": {
				"north": {"uv": [1.5, 8, 3.5, 14], "texture": "#0"},
				"east": {"uv": [4, 8, 4.5, 14], "texture": "#0"},
				"south": {"uv": [3.5, 8, 1.5, 14], "texture": "#0"},
				"west": {"uv": [3, 8, 3.5, 14], "texture": "#0"}
			}
		},
		{
			"from": [-6.5, 16, 7],
			"to": [-10.5, 28, 9],
			"rotation": {"angle": 0, "axis": "y", "origin": [15, 0, 0]},
			"faces": {
				"north": {"uv": [3.5, 8, 1.5, 14], "texture": "#0"},
				"east": {"uv": [3.5, 8, 3, 14], "texture": "#0"},
				"south": {"uv": [1.5, 8, 3.5, 14], "texture": "#0"},
				"west": {"uv": [4.5, 8, 4, 14], "texture": "#0"}
			}
		},
		{
			"from": [17.99, -0.51, 6.99],
			"to": [20.01, 4.51, 9.01],
			"rotation": {"angle": -22.5, "axis": "z", "origin": [19.5, 2.5, 8]},
			"faces": {
				"north": {"uv": [0, 0, 1, 2.5], "texture": "#0"},
				"east": {"uv": [1, 0, 0, 2.5], "texture": "#0"},
				"south": {"uv": [0, 0, 1, 2.5], "texture": "#0"},
				"west": {"uv": [1, 0, 0, 2.5], "texture": "#0"},
				"up": {"uv": [13.5, 3.5, 12.5, 4.5], "texture": "#0"},
				"down": {"uv": [12.5, 3.5, 13.5, 4.5], "texture": "#0"}
			}
		},
		{
			"from": [-13.93187, 4.99, 6.99],
			"to": [-11.91187, 10.01, 9.01],
			"rotation": {"angle": 22.5, "axis": "z", "origin": [0.5, 2.5, 8]},
			"faces": {
				"north": {"uv": [1, 0, 0, 2.5], "texture": "#0"},
				"east": {"uv": [0, 0, 1, 2.5], "texture": "#0"},
				"south": {"uv": [1, 0, 0, 2.5], "texture": "#0"},
				"west": {"uv": [0, 0, 1, 2.5], "texture": "#0"},
				"up": {"uv": [12.5, 3.5, 13.5, 4.5], "texture": "#0"},
				"down": {"uv": [13.5, 3.5, 12.5, 4.5], "texture": "#0"}
			}
		},
		{
			"from": [16.32762, 2.24462, 6.9],
			"to": [20.52762, 3.44462, 9.1],
			"rotation": {"angle": 0, "axis": "z", "origin": [17.76746, 1.84462, 8]},
			"faces": {
				"north": {"uv": [5, 7.5, 7, 8], "texture": "#0"},
				"east": {"uv": [5, 7.5, 5.5, 8], "texture": "#0"},
				"south": {"uv": [5, 7.5, 7, 8], "texture": "#0"},
				"west": {"uv": [5, 7.5, 5.5, 8], "texture": "#0"}
			}
		},
		{
			"from": [16.40762, 0.82462, 6.98],
			"to": [19.94762, 1.86462, 9.02],
			"rotation": {"angle": -22.5, "axis": "z", "origin": [17.76746, 1.84462, 8]},
			"faces": {
				"north": {"uv": [5, 7.5, 7, 8], "texture": "#0"},
				"east": {"uv": [5, 7.5, 5.5, 8], "texture": "#0"},
				"south": {"uv": [5, 7.5, 7, 8], "texture": "#0"},
				"west": {"uv": [5, 7.5, 5.5, 8], "texture": "#0"}
			}
		},
		{
			"from": [-15.52762, 2.24462, 6.9],
			"to": [-11.32762, 3.44462, 9.1],
			"rotation": {"angle": 0, "axis": "z", "origin": [-12.76746, 1.84462, 8]},
			"faces": {
				"north": {"uv": [7, 7.5, 5, 8], "texture": "#0"},
				"east": {"uv": [5.5, 7.5, 5, 8], "texture": "#0"},
				"south": {"uv": [7, 7.5, 5, 8], "texture": "#0"},
				"west": {"uv": [5.5, 7.5, 5, 8], "texture": "#0"}
			}
		},
		{
			"from": [-14.94762, 0.82462, 6.98],
			"to": [-11.40762, 1.86462, 9.02],
			"rotation": {"angle": 22.5, "axis": "z", "origin": [-12.76746, 1.84462, 8]},
			"faces": {
				"north": {"uv": [7, 7.5, 5, 8], "texture": "#0"},
				"east": {"uv": [5.5, 7.5, 5, 8], "texture": "#0"},
				"south": {"uv": [7, 7.5, 5, 8], "texture": "#0"},
				"west": {"uv": [5.5, 7.5, 5, 8], "texture": "#0"}
			}
		}
	],
	"gui_light": "front",
	"display": {
		"thirdperson_righthand": {
			"rotation": [75, 45, 0],
			"translation": [4.5, 4.5, 2.25],
			"scale": [0.27734, 0.27734, 0.27734]
		},
		"thirdperson_lefthand": {
			"rotation": [75, 45, 0],
			"translation": [1.5, 1.75, 3.25],
			"scale": [0.27734, 0.27734, 0.27734]
		},
		"firstperson_righthand": {
			"rotation": [0, 82.25, 0],
			"translation": [5.25, 0.5, -2],
			"scale": [0.4, 0.4, 0.4]
		},
		"firstperson_lefthand": {
			"rotation": [0, 82.25, 0],
			"translation": [5, 0.75, 4.5],
			"scale": [0.4, 0.4, 0.4]
		},
		"ground": {
			"translation": [1.25, 3, 0.25],
			"scale": [0.23828, 0.23828, 0.23828]
		},
		"gui": {
			"rotation": [30, 225, 0],
			"translation": [-1.25, -3, 0],
			"scale": [0.37109, 0.37109, 0.37109]
		},
		"head": {
			"translation": [6.75, -30.25, 0],
			"scale": [1.59961, 1.59961, 1.59961]
		},
		"fixed": {
			"rotation": [-90, 0, 0],
			"translation": [10.25, 0, -16],
			"scale": [2.00195, 2.00195, 2.00195]
		}
	},
	"groups": [
		{
			"name": "group",
			"origin": [8, 8, 8],
			"color": 0,
			"children": [
				{
					"name": "group",
					"origin": [8, 8, 8],
					"color": 0,
					"children": [0, 1, 2, 3]
				},
				{
					"name": "group",
					"origin": [8, 8, 8],
					"color": 0,
					"children": [4]
				},
				{
					"name": "group",
					"origin": [8, 8, 8],
					"color": 0,
					"children": [
						{
							"name": "group",
							"origin": [15.83984, 10.09766, 14.52734],
							"color": 0,
							"children": [5, 6]
						},
						{
							"name": "group",
							"origin": [15.83984, 10.09766, 14.52734],
							"color": 0,
							"children": [7, 8]
						},
						{
							"name": "group",
							"origin": [8, 8, 8],
							"color": 0,
							"children": [9, 10]
						}
					]
				},
				{
					"name": "group",
					"origin": [8, 8, 8],
					"color": 0,
					"children": [11, 12]
				},
				{
					"name": "group",
					"origin": [8, 8, 8],
					"color": 0,
					"children": [13, 14]
				},
				{
					"name": "group",
					"origin": [8, 8, 8],
					"color": 0,
					"children": [15, 16]
				},
				{
					"name": "group",
					"origin": [8, 8, 8],
					"color": 0,
					"children": [17, 18]
				},
				{
					"name": "group",
					"origin": [8, 8, 8],
					"color": 0,
					"children": [19, 20, 21, 22]
				},
				{
					"name": "group",
					"origin": [8, 8, 8],
					"color": 0,
					"children": [23, 24]
				},
				{
					"name": "group",
					"origin": [8, 8, 8],
					"color": 0,
					"children": [25, 26]
				},
				{
					"name": "group",
					"origin": [8, 8, 8],
					"color": 0,
					"children": [27, 28]
				}
			]
		}
	]
}