{
	"credit": "Made with Blockbench by ShizuArt",
	"textures": {
		"0": "custom/dekocrate/baquet2",
		"particle": "custom/dekocrate/baquet2"
	},
	"elements": [
		{
			"from": [4.5, 0, 4],
			"to": [11.5, 3, 11],
			"rotation": {"angle": 0, "axis": "x", "origin": [3.5, 14.5, 3.5]},
			"faces": {
				"north": {"uv": [12.375, 4, 13.25, 4.375], "rotation": 180, "texture": "#0", "tintindex": 0},
				"east": {"uv": [13.125, 4, 13.5, 4.875], "rotation": 90, "texture": "#0", "tintindex": 0},
				"south": {"uv": [12.375, 4.75, 13.25, 5.125], "texture": "#0", "tintindex": 0},
				"west": {"uv": [13.125, 4, 13.5, 4.875], "rotation": 270, "texture": "#0", "tintindex": 0},
				"up": {"uv": [12.375, 4, 13.25, 4.875], "texture": "#0", "tintindex": 0},
				"down": {"uv": [12.375, 4, 13.25, 4.875], "rotation": 180, "texture": "#0", "tintindex": 0}
			}
		},
		{
			"from": [4.5, 3, 4],
			"to": [11.5, 6, 11],
			"rotation": {"angle": 45, "axis": "y", "origin": [8, 4.5, 7.5]},
			"faces": {
				"north": {"uv": [12.375, 4, 13.25, 4.375], "rotation": 180, "texture": "#0", "tintindex": 0},
				"east": {"uv": [13.125, 4, 13.5, 4.875], "rotation": 90, "texture": "#0", "tintindex": 0},
				"south": {"uv": [12.375, 4.75, 13.25, 5.125], "texture": "#0", "tintindex": 0},
				"west": {"uv": [13.125, 4, 13.5, 4.875], "rotation": 270, "texture": "#0", "tintindex": 0},
				"up": {"uv": [12.375, 4, 13.25, 4.875], "texture": "#0", "tintindex": 0},
				"down": {"uv": [12.375, 4, 13.25, 4.875], "rotation": 180, "texture": "#0", "tintindex": 0}
			}
		}
	],
	"gui_light": "front",
	"display": {
		"thirdperson_righthand": {
			"rotation": [75, 45, 0],
			"translation": [0, 2, 3.25],
			"scale": [0.375, 0.375, 0.375]
		},
		"thirdperson_lefthand": {
			"rotation": [75, 45, 0],
			"translation": [0, 2.5, 3.25],
			"scale": [0.375, 0.375, 0.375]
		},
		"firstperson_righthand": {
			"rotation": [0, 45, 0],
			"translation": [5.25, 4, 0],
			"scale": [0.4, 0.4, 0.4]
		},
		"firstperson_lefthand": {
			"rotation": [0, 45, 0],
			"translation": [5.25, 4.25, 0],
			"scale": [0.4, 0.4, 0.4]
		},
		"ground": {
			"translation": [0, 3, 0],
			"scale": [0.43555, 0.43555, 0.43555]
		},
		"gui": {
			"rotation": [30, 225, 0],
			"translation": [-0.5, 7.75, 0],
			"scale": [1.34961, 1.34961, 1.34961]
		},
		"head": {
			"translation": [0, 12.75, 0],
			"scale": [0.79492, 0.79492, 0.79492]
		},
		"fixed": {
			"rotation": [-90, 0, 0],
			"translation": [0, 0, -17],
			"scale": [2.14, 2.14, 2.14]
		}
	},
	"groups": [
		{
			"name": "group",
			"origin": [8, 8, 8],
			"color": 0,
			"children": [
				{
					"name": "group",
					"origin": [8, 8, 8],
					"color": 0,
					"children": [0, 1]
				}
			]
		}
	]
}