{
	"credit": "Made with Blockbench by ShizuArt",
	"textures": {
		"1": "custom/dekocrate/baquet2"
	},
	"elements": [
		{
			"from": [-16, 14, 0],
			"to": [16, 16, 16],
			"faces": {
				"north": {"uv": [4.125, 10.5, 8.125, 10.625], "texture": "#1"},
				"east": {"uv": [4.125, 8.625, 4.25, 10.625], "rotation": 90, "texture": "#1"},
				"south": {"uv": [4.125, 8.625, 8.125, 8.75], "texture": "#1"},
				"west": {"uv": [4.125, 8.625, 4.25, 10.625], "rotation": 90, "texture": "#1"},
				"up": {"uv": [4.125, 8.625, 8.125, 10.625], "texture": "#1"},
				"down": {"uv": [4.125, 8.625, 8.125, 10.625], "texture": "#1"}
			}
		},
		{
			"from": [15, 0, 1.5],
			"to": [13, 13.58984, 14.5],
			"faces": {
				"north": {"uv": [5.75, 10.75, 5.875, 12.375], "texture": "#1"},
				"east": {"uv": [4.25, 10.75, 5.875, 12.375], "texture": "#1"},
				"south": {"uv": [5.75, 10.75, 5.875, 12.375], "texture": "#1"},
				"west": {"uv": [4.25, 10.75, 5.875, 12.375], "texture": "#1"},
				"up": {"uv": [4.25, 10.75, 5.875, 10.875], "rotation": 90, "texture": "#1"},
				"down": {"uv": [4.25, 12.25, 5.875, 12.375], "rotation": 90, "texture": "#1"}
			}
		},
		{
			"from": [13, 0, 1.5],
			"to": [15, 14, 14.5],
			"faces": {
				"north": {"uv": [5.75, 10.75, 5.875, 12.375], "texture": "#1"},
				"east": {"uv": [4.25, 10.75, 5.875, 12.375], "texture": "#1"},
				"south": {"uv": [5.75, 10.75, 5.875, 12.375], "texture": "#1"},
				"west": {"uv": [4.25, 10.75, 5.875, 12.375], "texture": "#1"},
				"down": {"uv": [4.25, 12.25, 5.875, 12.375], "rotation": 90, "texture": "#1"}
			}
		},
		{
			"from": [-15, 0, 1.5],
			"to": [-13, 14, 14.5],
			"faces": {
				"north": {"uv": [5.75, 10.75, 5.875, 12.375], "texture": "#1"},
				"east": {"uv": [4.25, 10.75, 5.875, 12.375], "texture": "#1"},
				"south": {"uv": [5.75, 10.75, 5.875, 12.375], "texture": "#1"},
				"west": {"uv": [4.25, 10.75, 5.875, 12.375], "texture": "#1"},
				"down": {"uv": [4.25, 12.25, 5.875, 12.375], "rotation": 90, "texture": "#1"}
			}
		},
		{
			"from": [-13, 0, 1.5],
			"to": [-15, 13.58984, 14.5],
			"faces": {
				"north": {"uv": [5.75, 10.75, 5.875, 12.375], "texture": "#1"},
				"east": {"uv": [4.25, 10.75, 5.875, 12.375], "texture": "#1"},
				"south": {"uv": [5.75, 10.75, 5.875, 12.375], "texture": "#1"},
				"west": {"uv": [4.25, 10.75, 5.875, 12.375], "texture": "#1"},
				"up": {"uv": [4.25, 10.75, 5.875, 10.875], "rotation": 90, "texture": "#1"},
				"down": {"uv": [4.25, 12.25, 5.875, 12.375], "rotation": 90, "texture": "#1"}
			}
		}
	],
	"display": {
		"thirdperson_righthand": {
			"rotation": [56.5, 45, 0],
			"translation": [4.25, 7.5, 0.25],
			"scale": [0.375, 0.375, 0.375]
		},
		"thirdperson_lefthand": {
			"rotation": [56.5, 45, 0],
			"translation": [0.5, 3.5, 2],
			"scale": [0.375, 0.375, 0.375]
		},
		"firstperson_righthand": {
			"rotation": [-180, 78.75, -180],
			"translation": [5.25, 2.75, 0],
			"scale": [0.4, 0.4, 0.4]
		},
		"firstperson_lefthand": {
			"rotation": [-180, 78.75, -180],
			"translation": [5.25, 2.75, 6],
			"scale": [0.4, 0.4, 0.4]
		},
		"ground": {
			"translation": [3.25, 6.25, 0],
			"scale": [0.3125, 0.3125, 0.3125]
		},
		"gui": {
			"rotation": [30, 225, 0],
			"translation": [-2, -1.25, 0],
			"scale": [0.43164, 0.43164, 0.43164]
		},
		"head": {
			"translation": [6.75, 12.75, 0],
			"scale": [0.79492, 0.79492, 0.79492]
		},
		"fixed": {
			"rotation": [-90, 0, 0],
			"translation": [0, 0, -16],
			"scale": [2.19, 2.19, 2.19]
		}
	},
	"groups": [
		{
			"name": "group",
			"origin": [8, 8, 8],
			"color": 0,
			"children": [
				{
					"name": "group",
					"origin": [8, 8, 8],
					"color": 0,
					"children": [0]
				},
				{
					"name": "group",
					"origin": [0, 0, 0],
					"color": 0,
					"children": [1, 2, 3, 4]
				}
			]
		}
	]
}