{
	"credit": "Made with Blockbench by ShizuArt",
	"textures": {
		"1": "custom/dekocrate/baquet2"
	},
	"elements": [
		{
			"from": [0.5, 8, 0.5],
			"to": [15.5, 10, 15.5],
			"faces": {
				"north": {"uv": [0, 14.75, 1.875, 14.875], "texture": "#1"},
				"east": {"uv": [1.75, 13, 1.875, 14.875], "rotation": 90, "texture": "#1"},
				"south": {"uv": [0, 13, 1.875, 13.125], "texture": "#1"},
				"west": {"uv": [1.75, 13, 1.875, 14.875], "rotation": 90, "texture": "#1"},
				"up": {"uv": [0, 13, 1.875, 14.875], "texture": "#1"},
				"down": {"uv": [0, 13, 1.875, 14.875], "texture": "#1"}
			}
		},
		{
			"from": [14.5, 0, 2],
			"to": [12.5, 7.89453, 14],
			"faces": {
				"north": {"uv": [1.875, 15, 2.125, 16], "texture": "#1"},
				"east": {"uv": [0.125, 15, 1.75, 16], "texture": "#1"},
				"south": {"uv": [1.875, 15, 2.125, 16], "texture": "#1"},
				"west": {"uv": [0.125, 15, 1.75, 16], "texture": "#1"},
				"up": {"uv": [1.375, 12.5, 1.625, 12.75], "texture": "#1"},
				"down": {"uv": [0.125, 15.875, 1.75, 16], "rotation": 90, "texture": "#1"}
			}
		},
		{
			"from": [12.5, 0, 2],
			"to": [14.5, 8, 14],
			"faces": {
				"north": {"uv": [1.875, 15, 2.125, 16], "texture": "#1"},
				"east": {"uv": [0.125, 15, 1.75, 16], "texture": "#1"},
				"south": {"uv": [1.875, 15, 2.125, 16], "texture": "#1"},
				"west": {"uv": [0.125, 15, 1.75, 16], "texture": "#1"},
				"up": {"uv": [1.375, 12.5, 1.625, 12.75], "texture": "#1"},
				"down": {"uv": [0.125, 15.875, 1.75, 16], "rotation": 90, "texture": "#1"}
			}
		},
		{
			"from": [3.5, 0, 2],
			"to": [1.5, 7.89453, 14],
			"faces": {
				"north": {"uv": [1.875, 15, 2.125, 16], "texture": "#1"},
				"east": {"uv": [0.125, 15, 1.75, 16], "texture": "#1"},
				"south": {"uv": [1.875, 15, 2.125, 16], "texture": "#1"},
				"west": {"uv": [0.125, 15, 1.75, 16], "texture": "#1"},
				"up": {"uv": [1.375, 12.5, 1.625, 12.75], "texture": "#1"},
				"down": {"uv": [0.125, 15.875, 1.75, 16], "rotation": 90, "texture": "#1"}
			}
		},
		{
			"from": [1.5, 0, 2],
			"to": [3.5, 8, 14],
			"faces": {
				"north": {"uv": [1.875, 15, 2.125, 16], "texture": "#1"},
				"east": {"uv": [0.125, 15, 1.75, 16], "texture": "#1"},
				"south": {"uv": [1.875, 15, 2.125, 16], "texture": "#1"},
				"west": {"uv": [0.125, 15, 1.75, 16], "texture": "#1"},
				"up": {"uv": [1.375, 12.5, 1.625, 12.75], "texture": "#1"},
				"down": {"uv": [0.125, 15.875, 1.75, 16], "rotation": 90, "texture": "#1"}
			}
		},
		{
			"from": [9.5, 8, 7.5],
			"to": [6.5, 10, 8.5],
			"faces": {
				"north": {"uv": [0.75, 13.75, 1.125, 13.875], "texture": "#1"},
				"east": {"uv": [0.75, 13.75, 1.125, 13.875], "texture": "#1"},
				"south": {"uv": [0.75, 13.75, 1.125, 13.875], "texture": "#1"},
				"west": {"uv": [0.75, 13.75, 1.125, 13.875], "texture": "#1"}
			}
		}
	],
	"gui_light": "front",
	"display": {
		"thirdperson_righthand": {
			"rotation": [75, 45, 0],
			"translation": [0, 2.5, 3.25],
			"scale": [0.375, 0.375, 0.375]
		},
		"thirdperson_lefthand": {
			"rotation": [75, 45, 0],
			"translation": [0, 2.5, 3.25],
			"scale": [0.375, 0.375, 0.375]
		},
		"firstperson_righthand": {
			"rotation": [-180, 74.5, -180],
			"translation": [5.25, 2.75, 0],
			"scale": [0.4, 0.4, 0.4]
		},
		"firstperson_lefthand": {
			"rotation": [-180, 74.5, -180],
			"translation": [5.25, 2.75, 0],
			"scale": [0.4, 0.4, 0.4]
		},
		"ground": {
			"translation": [0, 3, 0],
			"scale": [0.43555, 0.43555, 0.43555]
		},
		"gui": {
			"rotation": [30, 225, 0],
			"translation": [0, 1, 0],
			"scale": [0.66992, 0.66992, 0.66992]
		},
		"head": {
			"translation": [0, 12.75, 0],
			"scale": [0.79492, 0.79492, 0.79492]
		},
		"fixed": {
			"rotation": [-90, 0, 0],
			"translation": [0, 0, -20.75],
			"scale": [2.59, 2.59, 2.59]
		}
	},
	"groups": [
		{
			"name": "group",
			"origin": [8, 8, 8],
			"color": 0,
			"children": [
				{
					"name": "group",
					"origin": [8, 8, 8],
					"color": 0,
					"children": [0]
				},
				{
					"name": "group",
					"origin": [0, 0, 0],
					"color": 0,
					"children": [1, 2]
				},
				{
					"name": "group",
					"origin": [0, 0, 0],
					"color": 0,
					"children": [3, 4]
				},
				{
					"name": "group",
					"origin": [0, 0, 0],
					"color": 0,
					"children": [5]
				}
			]
		}
	]
}