{
	"credit": "Made with Blockbench by ShizuArt",
	"textures": {
		"1": "custom/dekocrate/baquet2"
	},
	"elements": [
		{
			"from": [1.5, 0, 1.5],
			"to": [14.5, 10, 14.5],
			"faces": {
				"north": {"uv": [7.125, 14.625, 8.75, 15.875], "texture": "#1"},
				"east": {"uv": [7.125, 14.625, 8.75, 15.875], "texture": "#1"},
				"south": {"uv": [7.125, 14.625, 8.75, 15.875], "texture": "#1"},
				"west": {"uv": [7.125, 14.625, 8.75, 15.875], "texture": "#1"},
				"down": {"uv": [2.5, 10.75, 4.125, 12.375], "texture": "#1"}
			}
		},
		{
			"from": [1.5, 0.50391, 14.5],
			"to": [14.5, 10, 1.5],
			"rotation": {"angle": 0, "axis": "y", "origin": [16, 0, 0]},
			"faces": {
				"north": {"uv": [8.75, 14.625, 7.125, 15.875], "texture": "#1"},
				"east": {"uv": [8.75, 14.625, 7.125, 15.875], "texture": "#1"},
				"south": {"uv": [8.75, 14.625, 7.125, 15.875], "texture": "#1"},
				"west": {"uv": [8.75, 14.625, 7.125, 15.875], "texture": "#1"},
				"down": {"uv": [4.125, 10.75, 2.5, 12.375], "texture": "#1"}
			}
		},
		{
			"from": [0, 10, 0],
			"to": [16, 12, 16],
			"rotation": {"angle": 0, "axis": "y", "origin": [8, 11, 8]},
			"faces": {
				"north": {"uv": [6.75, 13.875, 7, 15.875], "rotation": 90, "texture": "#1"},
				"east": {"uv": [4.625, 13.5, 6.625, 13.75], "texture": "#1"},
				"south": {"uv": [6.75, 13.875, 7, 15.875], "rotation": 90, "texture": "#1"},
				"west": {"uv": [4.625, 13.5, 6.625, 13.75], "texture": "#1"},
				"up": {"uv": [4.625, 13.875, 6.625, 15.875], "rotation": 90, "texture": "#1"},
				"down": {"uv": [4.625, 13.875, 6.625, 15.875], "rotation": 270, "texture": "#1"}
			}
		},
		{
			"from": [5, 10, 11],
			"to": [11, 12, 5],
			"rotation": {"angle": 0, "axis": "y", "origin": [8, 11, 8]},
			"faces": {
				"north": {"uv": [5.125, 14.5, 5.25, 15.25], "rotation": 90, "texture": "#1"},
				"east": {"uv": [5.25, 13.875, 6, 14], "texture": "#1"},
				"south": {"uv": [6, 14.5, 6.125, 15.25], "rotation": 90, "texture": "#1"},
				"west": {"uv": [5.25, 13.875, 6, 14], "texture": "#1"}
			}
		},
		{
			"from": [1.5, 5, 1.5],
			"to": [14.5, 5, 14.5],
			"rotation": {"angle": 0, "axis": "y", "origin": [-0.5, 0, 7.5]},
			"faces": {
				"up": {"uv": [10.5, 1.75, 12.125, 3.25], "texture": "#1"}
			}
		}
	],
	"gui_light": "front",
	"display": {
		"thirdperson_righthand": {
			"rotation": [56.5, 45, 0],
			"translation": [0, 3.5, 2.5],
			"scale": [0.375, 0.375, 0.375]
		},
		"thirdperson_lefthand": {
			"rotation": [56.5, 45, 0],
			"translation": [0, 3.5, 2.5],
			"scale": [0.375, 0.375, 0.375]
		},
		"firstperson_righthand": {
			"rotation": [-180, 78.75, -180],
			"translation": [5.25, 2.75, 0],
			"scale": [0.4, 0.4, 0.4]
		},
		"firstperson_lefthand": {
			"rotation": [-180, 78.75, -180],
			"translation": [5.25, 2.75, 0],
			"scale": [0.4, 0.4, 0.4]
		},
		"ground": {
			"translation": [0, 6.25, 0],
			"scale": [0.43555, 0.43555, 0.43555]
		},
		"gui": {
			"rotation": [30, 225, 0],
			"translation": [0, 0.5, 0],
			"scale": [0.625, 0.625, 0.625]
		},
		"head": {
			"translation": [0, 12.75, 0],
			"scale": [1.67, 1.67, 1.67]
		},
		"fixed": {
			"rotation": [-90, 0, 0],
			"translation": [0, 0, -16],
			"scale": [2.00195, 2.00195, 2.00195]
		}
	},
	"groups": [
		{
			"name": "group",
			"origin": [8, 8, 8],
			"color": 0,
			"children": [
				{
					"name": "group",
					"origin": [8, 8, 8],
					"color": 0,
					"children": [0, 1, 2]
				},
				{
					"name": "group",
					"origin": [8, 8, 8],
					"color": 0,
					"children": [3]
				},
				{
					"name": "group",
					"origin": [8, 8, 8],
					"color": 0,
					"children": [4]
				}
			]
		}
	]
}