{
	"credit": "MadewithBlockbench",
	"texture_size": [24, 24],
	"textures": {
		"0": "custom/schwert/bone_sword",
		"particle": "custom/schwert/bone_sword"
	},
	"elements": [
		{
			"from": [7.5, 1.35, 7.5],
			"to": [8.5, 4.425, 8.5],
			"rotation": {"angle": 0, "axis": "y", "origin": [8, 1.5, 8]},
			"faces": {
				"north": {"uv": [4.66667, 11.33333, 5.33333, 13.66667], "texture": "#0"},
				"east": {"uv": [5.33333, 11.33333, 4.66667, 13.66667], "texture": "#0"},
				"south": {"uv": [4.66667, 11.33333, 5.33333, 13.66667], "texture": "#0"},
				"west": {"uv": [5.33333, 11.33333, 4.66667, 13.66667], "texture": "#0"}
			}
		},
		{
			"from": [7.525, 0.7, 7.525],
			"to": [8.475, 5.25, 8.475],
			"rotation": {"angle": 0, "axis": "y", "origin": [8, 1.2, 8]},
			"faces": {
				"north": {"uv": [2, 11.33333, 2.66667, 14.33333], "texture": "#0"},
				"east": {"uv": [1.33333, 11.33333, 2, 14.33333], "texture": "#0"},
				"south": {"uv": [2, 11.33333, 1.33333, 14.33333], "texture": "#0"},
				"west": {"uv": [2.66667, 11.33333, 2, 14.33333], "texture": "#0"},
				"up": {"uv": [12, 13.33333, 11.33333, 12.66667], "texture": "#0"},
				"down": {"uv": [13.33333, 11.33333, 12.66667, 12], "texture": "#0"}
			}
		},
		{
			"from": [7.55, 5.45, 7.45],
			"to": [8.45, 6.9, 8.55],
			"rotation": {"angle": 0, "axis": "y", "origin": [8, 5.95, 8]},
			"faces": {
				"north": {"uv": [5.33333, 11.33333, 6, 12.33333], "texture": "#0"},
				"east": {"uv": [6, 11.33333, 6.66667, 12.33333], "texture": "#0"},
				"south": {"uv": [6.66667, 11.33333, 7.33333, 12.33333], "texture": "#0"},
				"west": {"uv": [7.33333, 11.33333, 8, 12.33333], "texture": "#0"},
				"up": {"uv": [12.66667, 13.33333, 12, 12.66667], "texture": "#0"},
				"down": {"uv": [13.33333, 12, 12.66667, 12.66667], "texture": "#0"}
			}
		},
		{
			"from": [8, 4.948, 3.482],
			"to": [8, 20.646, 12.506],
			"rotation": {"angle": 0, "axis": "y", "origin": [8, 6.8045, 7.994]},
			"faces": {
				"north": {"uv": [0, 0, 0, 11], "texture": "#0"},
				"east": {"uv": [0, 0, 6.33333, 11], "texture": "#0"},
				"south": {"uv": [0, 0, 0, 11], "texture": "#0"},
				"west": {"uv": [0, 0, 6.33333, 11], "texture": "#0"},
				"up": {"uv": [0, 6.33333, 0, 0], "texture": "#0"},
				"down": {"uv": [0, 0, 0, 6.33333], "texture": "#0"}
			}
		},
		{
			"from": [7.525, 6.9, 7.4],
			"to": [8.475, 7.95, 8.6],
			"rotation": {"angle": 0, "axis": "y", "origin": [8, 7.425, 8]},
			"faces": {
				"north": {"uv": [12.66667, 12.66667, 13.33333, 13.33333], "texture": "#0"},
				"east": {"uv": [15.33333, 0, 16, 0.66667], "texture": "#0"},
				"south": {"uv": [15.33333, 0.66667, 16, 1.33333], "texture": "#0"},
				"west": {"uv": [15.33333, 1.33333, 16, 2], "texture": "#0"},
				"up": {"uv": [16, 2.66667, 15.33333, 2], "texture": "#0"},
				"down": {"uv": [16, 2.66667, 15.33333, 3.33333], "texture": "#0"}
			}
		},
		{
			"from": [7.5, 7.95, 7.375],
			"to": [8.5, 9.1, 8.625],
			"rotation": {"angle": 0, "axis": "y", "origin": [8, 8.475, 8]},
			"faces": {
				"north": {"uv": [15.33333, 6, 16, 6.66667], "texture": "#0"},
				"east": {"uv": [8, 11.33333, 9, 12], "texture": "#0"},
				"south": {"uv": [15.33333, 6.66667, 16, 7.33333], "texture": "#0"},
				"west": {"uv": [9.33333, 11.33333, 10.33333, 12], "texture": "#0"},
				"up": {"uv": [11.33333, 12.33333, 10.66667, 11.33333], "texture": "#0"},
				"down": {"uv": [12, 11.33333, 11.33333, 12.33333], "texture": "#0"}
			}
		},
		{
			"from": [7.5, 10.2, 7.375],
			"to": [8.5, 11.35, 8.625],
			"rotation": {"angle": 0, "axis": "y", "origin": [8, 10.825, 8]},
			"faces": {
				"north": {"uv": [15.33333, 7.33333, 16, 8], "texture": "#0"},
				"east": {"uv": [8, 12, 9, 12.66667], "texture": "#0"},
				"south": {"uv": [15.33333, 8, 16, 8.66667], "texture": "#0"},
				"west": {"uv": [9.33333, 12, 10.33333, 12.66667], "texture": "#0"},
				"up": {"uv": [12.66667, 12.33333, 12, 11.33333], "texture": "#0"},
				"down": {"uv": [6, 12.66667, 5.33333, 13.66667], "texture": "#0"}
			}
		},
		{
			"from": [7.525, 11.35, 7.4],
			"to": [8.475, 12.4, 8.6],
			"rotation": {"angle": 0, "axis": "y", "origin": [8, 11.875, 8]},
			"faces": {
				"north": {"uv": [6, 13.33333, 6.66667, 14], "texture": "#0"},
				"east": {"uv": [14.66667, 5.33333, 15.33333, 6], "texture": "#0"},
				"south": {"uv": [6.66667, 13.33333, 7.33333, 14], "texture": "#0"},
				"west": {"uv": [14.66667, 6, 15.33333, 6.66667], "texture": "#0"},
				"up": {"uv": [8, 14, 7.33333, 13.33333], "texture": "#0"},
				"down": {"uv": [15.33333, 6.66667, 14.66667, 7.33333], "texture": "#0"}
			}
		},
		{
			"from": [7.55, 12.4, 7.45],
			"to": [8.45, 13.6, 8.55],
			"rotation": {"angle": 0, "axis": "y", "origin": [8, 13.35, 8]},
			"faces": {
				"north": {"uv": [8, 13.33333, 8.66667, 14], "texture": "#0"},
				"east": {"uv": [15.33333, 3.33333, 16, 4], "texture": "#0"},
				"south": {"uv": [15.33333, 4, 16, 4.66667], "texture": "#0"},
				"west": {"uv": [15.33333, 4.66667, 16, 5.33333], "texture": "#0"},
				"up": {"uv": [10.66667, 14, 10, 13.33333], "texture": "#0"},
				"down": {"uv": [16, 5.33333, 15.33333, 6], "texture": "#0"}
			}
		},
		{
			"from": [7.65, 13.6, 7.55],
			"to": [8.35, 14.55, 8.45],
			"rotation": {"angle": 0, "axis": "y", "origin": [8, 14.2, 8]},
			"faces": {
				"north": {"uv": [14, 7.33333, 14.33333, 8], "texture": "#0"},
				"east": {"uv": [10.66667, 13.33333, 11.33333, 14], "texture": "#0"},
				"south": {"uv": [8, 14, 8.33333, 14.66667], "texture": "#0"},
				"west": {"uv": [13.33333, 10.66667, 14, 11.33333], "texture": "#0"},
				"up": {"uv": [14.33333, 8.66667, 14, 8], "texture": "#0"},
				"down": {"uv": [9, 14, 8.66667, 14.66667], "texture": "#0"}
			}
		},
		{
			"from": [7.675, 14.10607, 7.54],
			"to": [8.325, 14.73107, 8.165],
			"rotation": {"angle": -45, "axis": "x", "origin": [8, 14.65607, 7.78713]},
			"faces": {
				"north": {"uv": [14, 8.66667, 14.33333, 9], "texture": "#0"},
				"east": {"uv": [9.33333, 14, 9.66667, 14.33333], "texture": "#0"},
				"south": {"uv": [14, 9.33333, 14.33333, 9.66667], "texture": "#0"},
				"west": {"uv": [10, 14, 10.33333, 14.33333], "texture": "#0"},
				"up": {"uv": [14.33333, 10.33333, 14, 10], "texture": "#0"},
				"down": {"uv": [11, 14, 10.66667, 14.33333], "texture": "#0"}
			}
		},
		{
			"from": [7.475, 9.1, 7.35],
			"to": [8.525, 10.25, 8.65],
			"rotation": {"angle": 0, "axis": "y", "origin": [8, 9.625, 8]},
			"faces": {
				"north": {"uv": [11.33333, 13.33333, 12, 14], "texture": "#0"},
				"east": {"uv": [0, 15, 1, 15.66667], "texture": "#0"},
				"south": {"uv": [13.33333, 11.33333, 14, 12], "texture": "#0"},
				"west": {"uv": [1.33333, 15, 2.33333, 15.66667], "texture": "#0"},
				"up": {"uv": [3.33333, 16, 2.66667, 15], "texture": "#0"},
				"down": {"uv": [4, 15, 3.33333, 16], "texture": "#0"}
			}
		},
		{
			"from": [7.5, 0, 8],
			"to": [8.5, 1, 9],
			"rotation": {"angle": -45, "axis": "x", "origin": [8, 0.5, 8.5]},
			"faces": {
				"north": {"uv": [14, 15.33333, 14.66667, 16], "texture": "#0"},
				"east": {"uv": [15.33333, 14, 16, 14.66667], "texture": "#0"},
				"south": {"uv": [14.66667, 15.33333, 15.33333, 16], "texture": "#0"},
				"west": {"uv": [15.33333, 14.66667, 16, 15.33333], "texture": "#0"},
				"up": {"uv": [16, 16, 15.33333, 15.33333], "texture": "#0"},
				"down": {"uv": [15.33333, 0, 14.66667, 0.66667], "texture": "#0"}
			}
		},
		{
			"from": [7.5, 0, 7],
			"to": [8.5, 1, 8],
			"rotation": {"angle": 45, "axis": "x", "origin": [8, 0.5, 7.5]},
			"faces": {
				"north": {"uv": [14.66667, 0.66667, 15.33333, 1.33333], "texture": "#0"},
				"east": {"uv": [14.66667, 1.33333, 15.33333, 2], "texture": "#0"},
				"south": {"uv": [14.66667, 2, 15.33333, 2.66667], "texture": "#0"},
				"west": {"uv": [2.66667, 14, 3.33333, 14.66667], "texture": "#0"},
				"up": {"uv": [15.33333, 3.33333, 14.66667, 2.66667], "texture": "#0"},
				"down": {"uv": [4, 14, 3.33333, 14.66667], "texture": "#0"}
			}
		},
		{
			"from": [7.5, 4.8, 8],
			"to": [8.5, 5.8, 9],
			"rotation": {"angle": -45, "axis": "x", "origin": [8, 5.3, 8.5]},
			"faces": {
				"north": {"uv": [14.66667, 3.33333, 15.33333, 4], "texture": "#0"},
				"east": {"uv": [4, 14, 4.66667, 14.66667], "texture": "#0"},
				"south": {"uv": [14.66667, 4, 15.33333, 4.66667], "texture": "#0"},
				"west": {"uv": [4.66667, 14, 5.33333, 14.66667], "texture": "#0"},
				"up": {"uv": [15.33333, 5.33333, 14.66667, 4.66667], "texture": "#0"},
				"down": {"uv": [6, 14, 5.33333, 14.66667], "texture": "#0"}
			}
		},
		{
			"from": [7.5, 4.8, 7],
			"to": [8.5, 5.8, 8],
			"rotation": {"angle": 45, "axis": "x", "origin": [8, 5.3, 7.5]},
			"faces": {
				"north": {"uv": [15.33333, 8.66667, 16, 9.33333], "texture": "#0"},
				"east": {"uv": [6, 14, 6.66667, 14.66667], "texture": "#0"},
				"south": {"uv": [15.33333, 9.33333, 16, 10], "texture": "#0"},
				"west": {"uv": [6.66667, 14, 7.33333, 14.66667], "texture": "#0"},
				"up": {"uv": [16, 10.66667, 15.33333, 10], "texture": "#0"},
				"down": {"uv": [8, 14, 7.33333, 14.66667], "texture": "#0"}
			}
		}
	],
	"gui_light": "front",
	"display": {
		"thirdperson_righthand": {
			"translation": [0, 4.25, 1.5],
			"scale": [1.23, 1.23, 1.23]
		},
		"thirdperson_lefthand": {
			"translation": [0, 4.25, 1.5],
			"scale": [1.23, 1.23, 1.23]
		},
		"firstperson_righthand": {
			"rotation": [16, 0, 0],
			"translation": [1, 5.5, 2]
		},
		"firstperson_lefthand": {
			"rotation": [16, 0, 0],
			"translation": [1, 5.5, 2]
		},
		"ground": {
			"rotation": [90, 90, 0],
			"translation": [0, -1.25, 0]
		},
		"gui": {
			"rotation": [-89, 45, 90],
			"translation": [0.75, -0.75, -1]
		},
		"head": {
			"scale": [0, 0, 0]
		},
		"fixed": {
			"rotation": [0, 90, 0],
			"translation": [0, 0.5, -1.25],
			"scale": [2.31, 2.31, 2.31]
		}
	},
	"groups": [
		{
			"name": "group",
			"origin": [9, 8, 9.0898],
			"color": 0,
			"children": [0, 1, 2, 3, 4, 5, 6, 7, 8, 9, 10, 11, 12, 13, 14, 15]
		}
	]
}