{
	"credit": "by Olarcyzm/Olarasy",
	"textures": {
		"0": "custom/schwert/gir",
		"particle": "custom/schwert/gir"
	},
	"elements": [
		{
			"from": [6.998, -14.202, -3.002],
			"to": [9.002, -12.198, 2.002],
			"rotation": {"angle": -45, "axis": "x", "origin": [0, -1, 0]},
			"faces": {
				"north": {"uv": [6.508, 0.758, 6.992, 1.242], "texture": "#0"},
				"east": {"uv": [4.008, 4.008, 5.242, 4.492], "texture": "#0"},
				"south": {"uv": [4.508, 6.508, 4.992, 6.992], "texture": "#0"},
				"west": {"uv": [4.508, 1.008, 5.742, 1.492], "texture": "#0"},
				"up": {"uv": [3.492, 5.242, 3.008, 4.008], "texture": "#0"},
				"down": {"uv": [4.992, 1.508, 4.508, 2.742], "texture": "#0"}
			}
		},
		{
			"from": [7, -5, 7.2],
			"to": [9, 0, 9.2],
			"rotation": {"angle": 22.5, "axis": "x", "origin": [0, -1, 0]},
			"faces": {
				"north": {"uv": [0.008, 5.008, 0.492, 6.242], "texture": "#0"},
				"east": {"uv": [0.508, 5.008, 0.992, 6.242], "texture": "#0"},
				"south": {"uv": [1.008, 5.008, 1.492, 6.242], "texture": "#0"},
				"west": {"uv": [1.508, 5.008, 1.992, 6.242], "texture": "#0"},
				"up": {"uv": [6.492, 6.992, 6.008, 6.508], "texture": "#0"},
				"down": {"uv": [6.992, 6.008, 6.508, 6.492], "texture": "#0"}
			}
		},
		{
			"from": [6.999, -12.001, 2.999],
			"to": [9.001, -6.999, 5.001],
			"rotation": {"angle": -22.5, "axis": "x", "origin": [0, 4, 0]},
			"faces": {
				"north": {"uv": [4.508, 2.758, 4.992, 3.992], "texture": "#0"},
				"east": {"uv": [3.508, 4.508, 3.992, 5.742], "texture": "#0"},
				"south": {"uv": [4.008, 4.508, 4.492, 5.742], "texture": "#0"},
				"west": {"uv": [4.508, 4.508, 4.992, 5.742], "texture": "#0"},
				"up": {"uv": [5.992, 6.992, 5.508, 6.508], "texture": "#0"},
				"down": {"uv": [6.992, 5.508, 6.508, 5.992], "texture": "#0"}
			}
		},
		{
			"from": [6.998, -5.002, 6.998],
			"to": [9.002, 15.002, 9.002],
			"rotation": {"angle": 0, "axis": "y", "origin": [0, 4, 0]},
			"faces": {
				"north": {"uv": [0.008, 0.008, 0.492, 4.992], "texture": "#0"},
				"east": {"uv": [0.508, 0.008, 0.992, 4.992], "texture": "#0"},
				"south": {"uv": [1.008, 0.008, 1.492, 4.992], "texture": "#0"},
				"west": {"uv": [1.508, 0.008, 1.992, 4.992], "texture": "#0"},
				"up": {"uv": [5.492, 6.992, 5.008, 6.508], "texture": "#0"},
				"down": {"uv": [6.992, 5.008, 6.508, 5.492], "texture": "#0"}
			}
		},
		{
			"from": [7.498, 14.998, 6.998],
			"to": [8.502, 20.002, 9.002],
			"rotation": {"angle": 0, "axis": "y", "origin": [0, 4, 0]},
			"faces": {
				"north": {"uv": [4.008, 6.508, 4.242, 7.742], "texture": "#0"},
				"east": {"uv": [5.508, 1.508, 5.992, 2.742], "texture": "#0"},
				"south": {"uv": [4.258, 6.508, 4.492, 7.742], "texture": "#0"},
				"west": {"uv": [5.992, 1.508, 5.508, 2.742], "texture": "#0"},
				"up": {"uv": [7.242, 0.992, 7.008, 0.508], "texture": "#0"},
				"down": {"uv": [0.992, 7.008, 0.758, 7.492], "texture": "#0"}
			}
		},
		{
			"from": [7.5, 18, -4.1],
			"to": [8.5, 26, -2.1],
			"rotation": {"angle": 45, "axis": "x", "origin": [0.5, 4, 0]},
			"faces": {
				"north": {"uv": [2.508, 5.508, 2.742, 7.492], "texture": "#0"},
				"east": {"uv": [3.008, 0.008, 3.492, 1.992], "texture": "#0"},
				"south": {"uv": [2.758, 5.508, 2.992, 7.492], "texture": "#0"},
				"west": {"uv": [3.492, 0.008, 3.008, 1.992], "texture": "#0"},
				"up": {"uv": [5.492, 4.492, 5.258, 4.008], "texture": "#0"},
				"down": {"uv": [6.242, 2.258, 6.008, 2.742], "texture": "#0"}
			}
		},
		{
			"from": [7.499, 18.599, 18.099],
			"to": [8.501, 23.601, 20.101],
			"rotation": {"angle": -45, "axis": "x", "origin": [0.5, 4, 16]},
			"faces": {
				"north": {"uv": [3.758, 6.508, 3.992, 7.742], "texture": "#0"},
				"east": {"uv": [5.008, 4.508, 5.492, 5.742], "texture": "#0"},
				"south": {"uv": [6.508, 3.758, 6.742, 4.992], "texture": "#0"},
				"west": {"uv": [5.492, 4.508, 5.008, 5.742], "texture": "#0"},
				"up": {"uv": [0.492, 7.492, 0.258, 7.008], "texture": "#0"},
				"down": {"uv": [0.742, 7.008, 0.508, 7.492], "texture": "#0"}
			}
		},
		{
			"from": [7.499, 22.549, -14.101],
			"to": [8.501, 29.551, -12.099],
			"rotation": {"angle": 45, "axis": "x", "origin": [0.5, 4, 0]},
			"faces": {
				"north": {"uv": [6.258, 2.258, 6.492, 3.992], "texture": "#0"},
				"east": {"uv": [3.508, 1.008, 3.992, 2.742], "texture": "#0"},
				"south": {"uv": [6.258, 4.008, 6.492, 5.742], "texture": "#0"},
				"west": {"uv": [3.992, 1.008, 3.508, 2.742], "texture": "#0"},
				"up": {"uv": [6.992, 4.242, 6.758, 3.758], "texture": "#0"},
				"down": {"uv": [6.992, 4.258, 6.758, 4.742], "texture": "#0"}
			}
		},
		{
			"from": [7.498, 23.798, 2.698],
			"to": [8.502, 29.802, 4.702],
			"rotation": {"angle": 0, "axis": "y", "origin": [0.5, 4, 0]},
			"faces": {
				"north": {"uv": [6.508, 2.258, 6.742, 3.742], "texture": "#0"},
				"east": {"uv": [4.008, 1.008, 4.492, 2.492], "texture": "#0"},
				"south": {"uv": [3.008, 6.508, 3.242, 7.992], "texture": "#0"},
				"west": {"uv": [4.492, 1.008, 4.008, 2.492], "texture": "#0"},
				"up": {"uv": [0.242, 7.492, 0.008, 7.008], "texture": "#0"},
				"down": {"uv": [7.242, 0.008, 7.008, 0.492], "texture": "#0"}
			}
		},
		{
			"from": [7.5, 27.55, -13.6],
			"to": [8.5, 29.55, -5.6],
			"rotation": {"angle": 45, "axis": "x", "origin": [0.5, 4, 0]},
			"faces": {
				"north": {"uv": [6.758, 2.758, 6.992, 3.242], "texture": "#0"},
				"east": {"uv": [3.508, 0.008, 5.492, 0.492], "texture": "#0"},
				"south": {"uv": [6.758, 3.258, 6.992, 3.742], "texture": "#0"},
				"west": {"uv": [5.492, 0.008, 3.508, 0.492], "texture": "#0"},
				"up": {"uv": [1.742, 8.242, 1.508, 6.258], "texture": "#0"},
				"down": {"uv": [1.992, 6.258, 1.758, 8.242], "texture": "#0"}
			}
		},
		{
			"from": [7.499, 21.049, 12.099],
			"to": [8.501, 26.051, 14.101],
			"rotation": {"angle": 0, "axis": "y", "origin": [0.5, 4, 0]},
			"faces": {
				"north": {"uv": [3.258, 6.508, 3.492, 7.742], "texture": "#0"},
				"east": {"uv": [5.008, 1.508, 5.492, 2.742], "texture": "#0"},
				"south": {"uv": [3.508, 6.508, 3.742, 7.742], "texture": "#0"},
				"west": {"uv": [5.492, 1.508, 5.008, 2.742], "texture": "#0"},
				"up": {"uv": [2.242, 7.242, 2.008, 6.758], "texture": "#0"},
				"down": {"uv": [2.492, 6.758, 2.258, 7.242], "texture": "#0"}
			}
		},
		{
			"from": [6.5, 14.6, 6.5],
			"to": [9.5, 15.6, 9.5],
			"rotation": {"angle": 0, "axis": "y", "origin": [0, 4, 0]},
			"faces": {
				"north": {"uv": [6.758, 1.758, 7.492, 1.992], "texture": "#0"},
				"east": {"uv": [6.758, 2.008, 7.492, 2.242], "texture": "#0"},
				"south": {"uv": [6.758, 2.258, 7.492, 2.492], "texture": "#0"},
				"west": {"uv": [6.758, 2.508, 7.492, 2.742], "texture": "#0"},
				"up": {"uv": [6.242, 0.742, 5.508, 0.008], "texture": "#0"},
				"down": {"uv": [6.242, 2.758, 5.508, 3.492], "texture": "#0"}
			}
		},
		{
			"from": [6.9, 9.9, 6.9],
			"to": [9.1, 14.1, 9.1],
			"rotation": {"angle": 0, "axis": "y", "origin": [0, 4, 0]},
			"faces": {
				"north": {"uv": [2.008, 0.008, 2.492, 0.992], "texture": "#0"},
				"east": {"uv": [2.508, 0.008, 2.992, 0.992], "texture": "#0"},
				"south": {"uv": [2.008, 2.758, 2.492, 3.742], "texture": "#0"},
				"west": {"uv": [2.508, 2.758, 2.992, 3.742], "texture": "#0"},
				"up": {"uv": [6.992, 6.992, 6.508, 6.508], "texture": "#0"},
				"down": {"uv": [7.242, 1.258, 6.758, 1.742], "texture": "#0"}
			}
		},
		{
			"from": [6.53587, 21.798, 6.53587],
			"to": [9.53987, 24.802, 9.53987],
			"rotation": {"angle": 0, "axis": "y", "origin": [8.03787, 23.3, 8.03787]},
			"faces": {
				"north": {"uv": [0, 0, 1.5, 1.5], "texture": "#0"},
				"east": {"uv": [0, 1.5, 1.5, 3], "texture": "#0"},
				"south": {"uv": [1.5, 0, 3, 1.5], "texture": "#0"},
				"west": {"uv": [3, 0, 4.5, 1.5], "texture": "#0"},
				"up": {"uv": [4.5, 3, 3, 1.5], "rotation": 270, "texture": "#0"},
				"down": {"uv": [3, 1.5, 1.5, 3], "rotation": 90, "texture": "#0"}
			}
		},
		{
			"name": "cube_outline",
			"from": [9.73787, 25, 9.73787],
			"to": [6.33787, 21.6, 6.33787],
			"rotation": {"angle": 0, "axis": "y", "origin": [8.03787, 23.3, 8.03787]},
			"faces": {
				"north": {"uv": [0, 4.5, 1.5, 6], "texture": "#0"},
				"east": {"uv": [0, 4.5, 1.5, 6], "texture": "#0"},
				"south": {"uv": [0, 4.5, 1.5, 6], "texture": "#0"},
				"west": {"uv": [0, 4.5, 1.5, 6], "texture": "#0"},
				"up": {"uv": [1.5, 6, 0, 4.5], "rotation": 270, "texture": "#0"},
				"down": {"uv": [1.5, 4.5, 0, 6], "rotation": 90, "texture": "#0"}
			}
		},
		{
			"from": [6.53587, 21.798, 6.53587],
			"to": [9.53987, 24.802, 9.53987],
			"rotation": {"angle": 22.5, "axis": "y", "origin": [8.03787, 23.3, 8.03787]},
			"faces": {
				"north": {"uv": [4.5, 0, 6, 1.5], "texture": "#0"},
				"east": {"uv": [4.5, 1.5, 6, 3], "texture": "#0"},
				"south": {"uv": [6, 0, 7.5, 1.5], "texture": "#0"},
				"west": {"uv": [7.5, 0, 9, 1.5], "texture": "#0"},
				"up": {"uv": [9, 3, 7.5, 1.5], "rotation": 270, "texture": "#0"},
				"down": {"uv": [7.5, 1.5, 6, 3], "rotation": 90, "texture": "#0"}
			}
		},
		{
			"name": "cube_outline",
			"from": [9.73787, 25, 9.73787],
			"to": [6.33787, 21.6, 6.33787],
			"rotation": {"angle": 22.5, "axis": "y", "origin": [8.03787, 23.3, 8.03787]},
			"faces": {
				"north": {"uv": [4.5, 4.5, 6, 6], "texture": "#0"},
				"east": {"uv": [4.5, 4.5, 6, 6], "texture": "#0"},
				"south": {"uv": [4.5, 4.5, 6, 6], "texture": "#0"},
				"west": {"uv": [4.5, 4.5, 6, 6], "texture": "#0"},
				"up": {"uv": [6, 6, 4.5, 4.5], "rotation": 270, "texture": "#0"},
				"down": {"uv": [6, 4.5, 4.5, 6], "rotation": 90, "texture": "#0"}
			}
		},
		{
			"from": [6.53587, 21.798, 6.53587],
			"to": [9.53987, 24.802, 9.53987],
			"rotation": {"angle": 45, "axis": "y", "origin": [8.03787, 23.3, 8.03787]},
			"faces": {
				"north": {"uv": [9, 0, 10.5, 1.5], "texture": "#0"},
				"east": {"uv": [9, 1.5, 10.5, 3], "texture": "#0"},
				"south": {"uv": [10.5, 0, 12, 1.5], "texture": "#0"},
				"west": {"uv": [12, 0, 13.5, 1.5], "texture": "#0"},
				"up": {"uv": [13.5, 3, 12, 1.5], "rotation": 270, "texture": "#0"},
				"down": {"uv": [12, 1.5, 10.5, 3], "rotation": 90, "texture": "#0"}
			}
		},
		{
			"name": "cube_outline",
			"from": [9.73787, 25, 9.73787],
			"to": [6.33787, 21.6, 6.33787],
			"rotation": {"angle": 45, "axis": "y", "origin": [8.03787, 23.3, 8.03787]},
			"faces": {
				"north": {"uv": [9, 4.5, 10.5, 6], "texture": "#0"},
				"east": {"uv": [9, 4.5, 10.5, 6], "texture": "#0"},
				"south": {"uv": [9, 4.5, 10.5, 6], "texture": "#0"},
				"west": {"uv": [9, 4.5, 10.5, 6], "texture": "#0"},
				"up": {"uv": [10.5, 6, 9, 4.5], "rotation": 270, "texture": "#0"},
				"down": {"uv": [10.5, 4.5, 9, 6], "rotation": 90, "texture": "#0"}
			}
		},
		{
			"from": [6.53587, 21.798, 6.53587],
			"to": [9.53987, 24.802, 9.53987],
			"rotation": {"angle": -22.5, "axis": "y", "origin": [8.03787, 23.3, 8.03787]},
			"faces": {
				"north": {"uv": [0, 7.5, 1.5, 9], "texture": "#0"},
				"east": {"uv": [1.5, 6, 3, 7.5], "texture": "#0"},
				"south": {"uv": [3, 6, 4.5, 7.5], "texture": "#0"},
				"west": {"uv": [0, 6, 1.5, 7.5], "texture": "#0"},
				"up": {"uv": [4.5, 9, 3, 7.5], "rotation": 180, "texture": "#0"},
				"down": {"uv": [3, 7.5, 1.5, 9], "rotation": 180, "texture": "#0"}
			}
		},
		{
			"name": "cube_outline",
			"from": [9.73787, 25, 9.73787],
			"to": [6.33787, 21.6, 6.33787],
			"rotation": {"angle": -22.5, "axis": "y", "origin": [8.03787, 23.3, 8.03787]},
			"faces": {
				"north": {"uv": [0, 10.5, 1.5, 12], "texture": "#0"},
				"east": {"uv": [0, 10.5, 1.5, 12], "texture": "#0"},
				"south": {"uv": [0, 10.5, 1.5, 12], "texture": "#0"},
				"west": {"uv": [0, 10.5, 1.5, 12], "texture": "#0"},
				"up": {"uv": [1.5, 12, 0, 10.5], "rotation": 180, "texture": "#0"},
				"down": {"uv": [1.5, 10.5, 0, 12], "rotation": 180, "texture": "#0"}
			}
		}
	],
	"display": {
		"thirdperson_righthand": {
			"rotation": [-3, 0, 0],
			"translation": [0, -1.75, 1.5],
			"scale": [0.86, 0.86, 0.86]
		},
		"thirdperson_lefthand": {
			"rotation": [-3, 0, 0],
			"translation": [0, -1.75, 1.5],
			"scale": [0.86, 0.86, 0.86]
		},
		"firstperson_righthand": {
			"rotation": [-2.97, 6, -0.33],
			"translation": [0, -0.5, 0],
			"scale": [0.66, 0.66, 0.66]
		},
		"firstperson_lefthand": {
			"rotation": [2.97, 6, -0.33],
			"translation": [0, -0.5, 0],
			"scale": [0.66, 0.66, 0.66]
		},
		"ground": {
			"rotation": [0, 0, 90],
			"scale": [0.83, 0.83, 0.83]
		},
		"gui": {
			"rotation": [-90, -52, -90],
			"translation": [-0.5, -1, 0],
			"scale": [0.67, 0.67, 0.67]
		},
		"fixed": {
			"rotation": [0, 90, 0],
			"translation": [0, 0, -1.25],
			"scale": [2.03, 2.03, 2.03]
		}
	},
	"groups": [
		0,
		1,
		2,
		3,
		4,
		5,
		6,
		7,
		8,
		9,
		10,
		11,
		12,
		{
			"name": "1",
			"origin": [8.25, 24.25, 8.25],
			"color": 0,
			"children": [13, 14]
		},
		{
			"name": "2",
			"origin": [8.25, 24.25, 8.25],
			"color": 0,
			"children": [15, 16]
		},
		{
			"name": "3",
			"origin": [8.25, 24.25, 8.25],
			"color": 0,
			"children": [17, 18]
		},
		{
			"name": "4",
			"origin": [8.25, 24.25, 8.25],
			"color": 0,
			"children": [19, 20]
		}
	]
}