{
	"credit": "Made with Blockbench",
	"texture_size": [32, 32],
	"textures": {
		"0": "custom/schwert/lichtschwert",
		"particle": "custom/schwert/lichtschwert"
	},
	"elements": [
		{
			"from": [6.5, 1, 5.5],
			"to": [10.5, 4, 9.5],
			"rotation": {"angle": 0, "axis": "y", "origin": [6.5, -3, 7.5]},
			"faces": {
				"north": {"uv": [8.5, 10, 10.5, 11.5], "texture": "#0"},
				"east": {"uv": [10.5, 9.5, 12.5, 11], "texture": "#0"},
				"south": {"uv": [10.5, 11, 12.5, 12.5], "texture": "#0"},
				"west": {"uv": [11.5, 7, 13.5, 8.5], "texture": "#0"},
				"up": {"uv": [12, 2, 10, 0], "texture": "#0"},
				"down": {"uv": [12, 2, 10, 4], "texture": "#0"}
			}
		},
		{
			"from": [8, 2, 5],
			"to": [11, 5, 10],
			"rotation": {"angle": 0, "axis": "y", "origin": [6, -3, 7]},
			"faces": {
				"north": {"uv": [8.5, 11.5, 10, 13], "texture": "#0"},
				"east": {"uv": [10, 4, 12.5, 5.5], "texture": "#0"},
				"south": {"uv": [12, 0, 13.5, 1.5], "texture": "#0"},
				"west": {"uv": [10, 5.5, 12.5, 7], "texture": "#0"},
				"up": {"uv": [8.5, 12.5, 7, 10], "texture": "#0"},
				"down": {"uv": [11.5, 7, 10, 9.5], "texture": "#0"}
			}
		},
		{
			"from": [7, 5, 9],
			"to": [10, 31, 9],
			"rotation": {"angle": 0, "axis": "y", "origin": [7, 5, 7]},
			"faces": {
				"north": {"uv": [0, 0, 1.5, 13], "texture": "#0", "tintindex": 0},
				"east": {"uv": [0, 0, 0, 13], "texture": "#0"},
				"south": {"uv": [14.5, 0, 16, 6], "texture": "#0"},
				"west": {"uv": [0, 0, 0, 13], "texture": "#0"},
				"up": {"uv": [1.5, 0, 0, 0], "texture": "#0"},
				"down": {"uv": [1.5, 0, 0, 0], "texture": "#0"}
			}
		},
		{
			"from": [7, 4, 6],
			"to": [10, 5, 9],
			"rotation": {"angle": 0, "axis": "y", "origin": [7, 6, 7]},
			"faces": {
				"north": {"uv": [14.5, 12, 16, 12.5], "texture": "#0"},
				"east": {"uv": [14.5, 15, 16, 15.5], "texture": "#0"},
				"south": {"uv": [14.5, 13, 16, 13.5], "texture": "#0"},
				"west": {"uv": [14.5, 14, 16, 14.5], "texture": "#0"},
				"up": {"uv": [1.5, 0, 0, 0], "texture": "#0"},
				"down": {"uv": [1.5, 0, 0, 0], "texture": "#0"}
			}
		},
		{
			"from": [6.999, 5, 6],
			"to": [6.999, 31, 9],
			"rotation": {"angle": 0, "axis": "y", "origin": [6.999, 18, 7.5]},
			"faces": {
				"north": {"uv": [0, 0, 0, 13], "texture": "#0", "tintindex": 0},
				"east": {"uv": [0, 0, 1.5, 13], "texture": "#0"},
				"south": {"uv": [0, 0, 0, 13], "texture": "#0"},
				"west": {"uv": [14.5, 0, 16, 8], "texture": "#0"},
				"up": {"uv": [1.5, 0, 0, 0], "rotation": 90, "texture": "#0"},
				"down": {"uv": [1.5, 0, 0, 0], "rotation": 270, "texture": "#0"}
			}
		},
		{
			"from": [10, 5, 6],
			"to": [10, 31, 9],
			"rotation": {"angle": 0, "axis": "y", "origin": [10, 18, 7.5]},
			"faces": {
				"north": {"uv": [0, 0, 0, 13], "texture": "#0", "tintindex": 0},
				"east": {"uv": [14.5, 0, 16, 9], "texture": "#0"},
				"south": {"uv": [0, 0, 0, 13], "texture": "#0"},
				"west": {"uv": [0, 0, 1.5, 13], "texture": "#0"},
				"up": {"uv": [1.5, 0, 0, 0], "rotation": 270, "texture": "#0"},
				"down": {"uv": [1.5, 0, 0, 0], "rotation": 90, "texture": "#0"}
			}
		},
		{
			"from": [7, 5, 5.999],
			"to": [10, 31, 5.999],
			"rotation": {"angle": 0, "axis": "y", "origin": [10, 5, 7.999]},
			"faces": {
				"north": {"uv": [14.5, 0, 16, 9.5], "texture": "#0", "tintindex": 0},
				"east": {"uv": [0, 0, 0, 13], "texture": "#0"},
				"south": {"uv": [0, 0, 1.5, 13], "texture": "#0"},
				"west": {"uv": [0, 0, 0, 13], "texture": "#0"},
				"up": {"uv": [1.5, 0, 0, 0], "rotation": 180, "texture": "#0"},
				"down": {"uv": [1.5, 0, 0, 0], "rotation": 180, "texture": "#0"}
			}
		},
		{
			"from": [7.001, 30.999, 6],
			"to": [10.001, 30.999, 9],
			"rotation": {"angle": 0, "axis": "x", "origin": [10.001, 28.999, 0]},
			"faces": {
				"north": {"uv": [1.5, 0, 0, 0], "texture": "#0", "tintindex": 0},
				"east": {"uv": [0, 0, 0, 1.5], "rotation": 270, "texture": "#0"},
				"south": {"uv": [1.5, 0, 0, 0], "rotation": 180, "texture": "#0"},
				"west": {"uv": [0, 0, 0, 1.5], "rotation": 90, "texture": "#0"},
				"up": {"uv": [14.5, 0, 16, 1.5], "rotation": 180, "texture": "#0"},
				"down": {"uv": [0, 0, 1.5, 1.5], "texture": "#0"}
			}
		},
		{
			"from": [7.75, 5, 6.75],
			"to": [9.25, 30, 8.25],
			"rotation": {"angle": 0, "axis": "y", "origin": [6.75, 5, 6.25]},
			"faces": {
				"north": {"uv": [3, 0, 4, 12.5], "texture": "#0"},
				"east": {"uv": [4, 0, 4.75, 12.5], "texture": "#0"},
				"south": {"uv": [5, 0, 6, 12.5], "texture": "#0"},
				"west": {"uv": [6, 0, 7, 12.5], "texture": "#0"},
				"up": {"uv": [12.5, 9.5, 11.5, 8.5], "texture": "#0"},
				"down": {"uv": [13, 3, 12, 4], "texture": "#0"}
			}
		},
		{
			"from": [7, -8, 6],
			"to": [10, 2, 9],
			"rotation": {"angle": 0, "axis": "y", "origin": [8.5, -3, 7.5]},
			"faces": {
				"north": {"uv": [7, 0, 8.5, 5], "texture": "#0"},
				"east": {"uv": [7, 5, 8.5, 10], "texture": "#0"},
				"south": {"uv": [8.5, 0, 10, 5], "texture": "#0"},
				"west": {"uv": [8.5, 5, 10, 10], "texture": "#0"},
				"up": {"uv": [13.5, 3, 12, 1.5], "texture": "#0"},
				"down": {"uv": [4.5, 12.5, 3, 14], "texture": "#0"}
			}
		}
	],
	"gui_light": "front",
	"display": {
		"thirdperson_righthand": {
			"rotation": [0, 55, 0],
			"translation": [0, 5, 2],
			"scale": [0.65, 0.65, 0.65]
		},
		"thirdperson_lefthand": {
			"rotation": [0, 55, 0],
			"translation": [0, 5, 2],
			"scale": [0.65, 0.65, 0.65]
		},
		"firstperson_righthand": {
			"rotation": [-13, 17, -13],
			"translation": [1.75, 5, -1.25],
			"scale": [0.65, 0.65, 0.65]
		},
		"firstperson_lefthand": {
			"rotation": [-28, 114, 12],
			"translation": [1.75, 5, -1.25],
			"scale": [0.65, 0.65, 0.65]
		},
		"ground": {
			"rotation": [-44, 0, 0],
			"translation": [0, 4.75, 0],
			"scale": [0.5, 0.5, 0.5]
		},
		"gui": {
			"rotation": [0, -16, -45],
			"translation": [-1.5, -1, 0],
			"scale": [0.5, 0.5, 0.5]
		},
		"head": {
			"rotation": [90, 0, 0]
		}
	}
}