{
	"credit": "Made with Blockbench",
	"texture_size": [64, 64],
	"textures": {
		"0": "custom/schwert/poison_sickle",
		"particle": "custom/schwert/poison_sickle"
	},
	"elements": [
		{
			"from": [7.27, -1, 7.27],
			"to": [8.73, 0.46, 8.73],
			"rotation": {"angle": 45, "axis": "x", "origin": [8, -0.27, 8]},
			"faces": {
				"north": {"uv": [1.75, 6, 2.125, 6.375], "rotation": 180, "texture": "#0"},
				"east": {"uv": [2.625, 6, 2.25, 6.375], "texture": "#0"},
				"south": {"uv": [1.75, 6, 2.125, 6.375], "texture": "#0"},
				"west": {"uv": [2.75, 6, 3.125, 6.375], "texture": "#0"},
				"up": {"uv": [2.125, 6.375, 1.75, 6], "texture": "#0"},
				"down": {"uv": [2.125, 6, 1.75, 6.375], "rotation": 180, "texture": "#0"}
			}
		},
		{
			"from": [7.5, 0, 7.5],
			"to": [8.5, 18, 8.5],
			"rotation": {"angle": 0, "axis": "y", "origin": [7.5, 0, 7.5]},
			"faces": {
				"north": {"uv": [5.5, 0, 5.75, 4.5], "texture": "#0"},
				"east": {"uv": [0, 5.5, 0.25, 10], "texture": "#0"},
				"south": {"uv": [0.25, 5.5, 0.5, 10], "texture": "#0"},
				"west": {"uv": [0.5, 5.5, 0.75, 10], "texture": "#0"},
				"up": {"uv": [6.5, 2.25, 6.25, 2], "texture": "#0"},
				"down": {"uv": [6.5, 5, 6.25, 5.25], "texture": "#0"}
			}
		},
		{
			"from": [7.35, 1.6, 7.35],
			"to": [8.65, 2.9, 8.65],
			"rotation": {"angle": 0, "axis": "y", "origin": [7.35, 1.6, 8.65]},
			"faces": {
				"north": {"uv": [6.25, 4.5, 6.5625, 4.8125], "texture": "#0"},
				"east": {"uv": [6.25, 4.5, 6.5625, 4.8125], "texture": "#0"},
				"south": {"uv": [6.25, 4.5, 6.5625, 4.8125], "texture": "#0"},
				"west": {"uv": [6.25, 4.5, 6.5625, 4.8125], "texture": "#0"},
				"up": {"uv": [6.5625, 4.8125, 6.25, 4.5], "texture": "#0"},
				"down": {"uv": [6.5625, 4.5, 6.25, 4.8125], "texture": "#0"}
			}
		},
		{
			"from": [7.35, 10.5, 7.35],
			"to": [8.65, 11.8, 8.65],
			"rotation": {"angle": 0, "axis": "y", "origin": [7.35, 1.6, 8.65]},
			"faces": {
				"north": {"uv": [6.25, 4.5, 6.5625, 4.8125], "texture": "#0"},
				"east": {"uv": [6.25, 4.5, 6.5625, 4.8125], "texture": "#0"},
				"south": {"uv": [6.25, 4.5, 6.5625, 4.8125], "texture": "#0"},
				"west": {"uv": [6.25, 4.5, 6.5625, 4.8125], "texture": "#0"},
				"up": {"uv": [6.5625, 4.8125, 6.25, 4.5], "texture": "#0"},
				"down": {"uv": [6.5625, 4.5, 6.25, 4.8125], "texture": "#0"}
			}
		},
		{
			"from": [7.27, 17.5, 7.27],
			"to": [8.73, 18.96, 8.73],
			"rotation": {"angle": 45, "axis": "x", "origin": [8, 18.23, 8]},
			"faces": {
				"north": {"uv": [6.25, 1, 6.625, 1.375], "texture": "#0"},
				"east": {"uv": [6.25, 1.5, 6.625, 1.875], "rotation": 90, "texture": "#0"},
				"south": {"uv": [6.625, 1.375, 6.25, 1], "texture": "#0"},
				"west": {"uv": [6.25, 1.5, 6.625, 1.875], "texture": "#0"},
				"up": {"uv": [6.625, 1, 6.25, 1.375], "texture": "#0"},
				"down": {"uv": [6.625, 1, 6.25, 1.375], "texture": "#0"}
			}
		},
		{
			"from": [7.1678, 18.48, 6.0278],
			"to": [8.8322, 21.2844, 8.8322],
			"rotation": {"angle": 45, "axis": "x", "origin": [8, 19.3122, 8]},
			"faces": {
				"north": {"uv": [5.75, 2.75, 6.1875, 3.4375], "texture": "#0"},
				"east": {"uv": [5.5, 4.5, 6.1875, 5.1875], "rotation": 90, "texture": "#0"},
				"south": {"uv": [3.5, 5.75, 3.9375, 6.4375], "texture": "#0"},
				"west": {"uv": [1, 5.75, 1.6875, 6.4375], "texture": "#0"},
				"up": {"uv": [6.1875, 4.1875, 5.75, 3.5], "texture": "#0"},
				"down": {"uv": [4.4375, 5.75, 4, 6.4375], "texture": "#0"}
			}
		},
		{
			"from": [7.5, 20.5, 1.5],
			"to": [8.5, 21.5, 12.5],
			"rotation": {"angle": 0, "axis": "x", "origin": [8, 20, 8]},
			"faces": {
				"north": {"uv": [6.25, 5.5, 6.5, 5.75], "texture": "#0"},
				"east": {"uv": [0.75, 5.5, 3.5, 5.75], "texture": "#0"},
				"south": {"uv": [2.75, 6.5, 3, 6.75], "texture": "#0"},
				"west": {"uv": [3.5, 5.5, 6.25, 5.75], "texture": "#0"},
				"up": {"uv": [6, 2.75, 5.75, 0], "texture": "#0"},
				"down": {"uv": [1, 5.75, 0.75, 8.5], "texture": "#0"}
			}
		},
		{
			"from": [8, 14.5, -5.5],
			"to": [8, 25.5, 16.5],
			"rotation": {"angle": 0, "axis": "x", "origin": [8.5, 19, 8]},
			"faces": {
				"east": {"uv": [0, 0, 5.5, 2.75], "texture": "#0"},
				"west": {"uv": [0, 2.75, 5.5, 5.5], "texture": "#0"}
			}
		},
		{
			"from": [7.75, 18.81598, -1.96612],
			"to": [8.25, 19.81598, 5.03388],
			"rotation": {"angle": -22.5, "axis": "x", "origin": [8.25, 19.31598, -2.46612]},
			"faces": {
				"north": {"uv": [4, 6.5, 4.125, 6.75], "texture": "#0"},
				"east": {"uv": [5.5, 5.25, 7.25, 5.5], "texture": "#0"},
				"south": {"uv": [4.25, 6.5, 4.375, 6.75], "texture": "#0"},
				"west": {"uv": [1.75, 5.75, 3.5, 6], "texture": "#0"},
				"up": {"uv": [4.625, 7.5, 4.5, 5.75], "texture": "#0"},
				"down": {"uv": [4.875, 5.75, 4.75, 7.5], "texture": "#0"}
			}
		},
		{
			"from": [7.75, 21.83939, 4.07507],
			"to": [8.25, 23.83939, 5.07507],
			"rotation": {"angle": 22.5, "axis": "x", "origin": [8, 22.83939, 4.57507]},
			"faces": {
				"north": {"uv": [3.5, 6.5, 3.625, 7], "texture": "#0"},
				"east": {"uv": [3.25, 6, 3.5, 6.5], "texture": "#0"},
				"south": {"uv": [3.75, 6.5, 3.875, 7], "texture": "#0"},
				"west": {"uv": [5.5, 6, 5.75, 6.5], "texture": "#0"},
				"up": {"uv": [6.625, 4.5, 6.5, 4.25], "texture": "#0"},
				"down": {"uv": [5.125, 6.5, 5, 6.75], "texture": "#0"}
			}
		},
		{
			"from": [7.75, 16.85405, -2.61626],
			"to": [8.25, 19.85405, -1.61626],
			"rotation": {"angle": 22.5, "axis": "x", "origin": [8, 18.85405, -2.11626]},
			"faces": {
				"north": {"uv": [6.5, 2, 6.625, 2.75], "texture": "#0"},
				"east": {"uv": [6, 0.75, 6.25, 1.5], "texture": "#0"},
				"south": {"uv": [2.5, 6.5, 2.625, 7.25], "texture": "#0"},
				"west": {"uv": [6, 1.5, 6.25, 2.25], "texture": "#0"},
				"up": {"uv": [6.625, 5.25, 6.5, 5], "texture": "#0"},
				"down": {"uv": [5.375, 6.5, 5.25, 6.75], "texture": "#0"}
			}
		},
		{
			"from": [7.5, 19.58579, 11.70711],
			"to": [8.5, 20.58579, 14.70711],
			"rotation": {"angle": 45, "axis": "x", "origin": [8, 20.08579, 13.20711]},
			"faces": {
				"north": {"uv": [3, 6.5, 3.25, 6.75], "texture": "#0"},
				"east": {"uv": [5.75, 4.25, 6.5, 4.5], "texture": "#0"},
				"south": {"uv": [3.25, 6.5, 3.5, 6.75], "texture": "#0"},
				"west": {"uv": [5, 5.75, 5.75, 6], "texture": "#0"},
				"up": {"uv": [6, 6.5, 5.75, 5.75], "texture": "#0"},
				"down": {"uv": [6.25, 0, 6, 0.75], "texture": "#0"}
			}
		}
	],
	"gui_light": "front",
	"display": {
		"thirdperson_righthand": {
			"translation": [0, -0.75, 1.5]
		},
		"thirdperson_lefthand": {
			"translation": [0, -0.5, 1.5]
		},
		"firstperson_righthand": {
			"rotation": [-7.25, 0, 0],
			"translation": [3.5, -1.5, 0],
			"scale": [0.90625, 0.90625, 0.90625]
		},
		"firstperson_lefthand": {
			"rotation": [-7.25, 0, 0],
			"translation": [3.5, -1.5, 0],
			"scale": [0.90625, 0.90625, 0.90625]
		},
		"ground": {
			"rotation": [-60, 0, 0],
			"scale": [0.5, 0.5, 0.5]
		},
		"gui": {
			"rotation": [90, -135, 90],
			"translation": [-4.25, -2.5, 0],
			"scale": [0.7, 0.7, 0.7]
		},
		"head": {
			"scale": [0, 0, 0]
		},
		"fixed": {
			"rotation": [90, -45, 90],
			"translation": [8, -10.5, -2],
			"scale": [1.94805, 1.94805, 1.94805]
		}
	}
}