{
	"credit": "Made with Blockbench",
	"texture_size": [32, 32],
	"textures": {
		"0": "custom/schwert/poison_trident",
		"particle": "custom/schwert/poison_trident"
	},
	"elements": [
		{
			"from": [7.27, -1, 7.27],
			"to": [8.73, 0.46, 8.73],
			"rotation": {"angle": 45, "axis": "x", "origin": [8, -0.27, 8]},
			"faces": {
				"north": {"uv": [8, 4.75, 8.75, 4], "texture": "#0"},
				"east": {"uv": [9.5, 1, 10.25, 1.75], "rotation": 90, "texture": "#0"},
				"south": {"uv": [8, 4, 8.75, 4.75], "texture": "#0"},
				"west": {"uv": [9, 8.25, 9.75, 7.5], "rotation": 90, "texture": "#0"},
				"up": {"uv": [8, 4.75, 8.75, 4], "texture": "#0"},
				"down": {"uv": [8.75, 4, 8, 4.75], "rotation": 180, "texture": "#0"}
			}
		},
		{
			"from": [7.5, 0, 7.5],
			"to": [8.5, 18, 8.5],
			"rotation": {"angle": 0, "axis": "y", "origin": [7.5, 0, 7.5]},
			"faces": {
				"north": {"uv": [0, 7, 0.5, 16], "texture": "#0"},
				"east": {"uv": [7, 0, 7.5, 9], "texture": "#0"},
				"south": {"uv": [6, 0, 6.5, 9], "texture": "#0"},
				"west": {"uv": [6.5, 0, 7, 9], "texture": "#0"},
				"up": {"uv": [10, 7.5, 9.5, 7], "rotation": 180, "texture": "#0"},
				"down": {"uv": [10, 10.5, 9.5, 11], "rotation": 180, "texture": "#0"}
			}
		},
		{
			"from": [7.75, 18, 10.5],
			"to": [8.25, 25, 11.5],
			"rotation": {"angle": 0, "axis": "y", "origin": [7.75, 20.5, 11]},
			"faces": {
				"north": {"uv": [6, 9, 6.25, 12.5], "texture": "#0"},
				"east": {"uv": [1, 8, 1.5, 11.5], "texture": "#0"},
				"south": {"uv": [9, 4, 9.25, 7.5], "texture": "#0"},
				"west": {"uv": [0.5, 8, 1, 11.5], "texture": "#0"},
				"up": {"uv": [4.75, 11.5, 4.5, 11], "rotation": 180, "texture": "#0"},
				"down": {"uv": [5.25, 11, 5, 11.5], "rotation": 180, "texture": "#0"}
			}
		},
		{
			"from": [7.75, 21, 7.5],
			"to": [8.25, 29, 8.5],
			"rotation": {"angle": 0, "axis": "y", "origin": [7.75, 23.5, 8]},
			"faces": {
				"north": {"uv": [8.5, 8, 8.75, 12], "texture": "#0"},
				"east": {"uv": [7.5, 1, 8, 5], "texture": "#0"},
				"south": {"uv": [3, 8, 3.25, 12], "texture": "#0"},
				"west": {"uv": [3.5, 7, 4, 11], "texture": "#0"},
				"up": {"uv": [11.75, 0.5, 11.5, 0], "rotation": 180, "texture": "#0"},
				"down": {"uv": [0.75, 11.5, 0.5, 12], "rotation": 180, "texture": "#0"}
			}
		},
		{
			"from": [7.75, 16.64645, 9.93934],
			"to": [8.25, 18.64645, 10.93934],
			"rotation": {"angle": 45, "axis": "x", "origin": [8, 17.64645, 10.43934]},
			"faces": {
				"north": {"uv": [1.5, 11, 1.75, 12], "texture": "#0"},
				"east": {"uv": [10, 10, 10.5, 11], "texture": "#0"},
				"south": {"uv": [10.5, 10.5, 10.75, 11.5], "texture": "#0"},
				"west": {"uv": [10, 9, 10.5, 10], "texture": "#0"},
				"up": {"uv": [5.75, 11.5, 5.5, 11], "rotation": 180, "texture": "#0"},
				"down": {"uv": [11.25, 9, 11, 9.5], "rotation": 180, "texture": "#0"}
			}
		},
		{
			"from": [7.75, 24.85355, 10.43934],
			"to": [8.25, 25.85355, 11.43934],
			"rotation": {"angle": 45, "axis": "x", "origin": [8, 25.35355, 10.43934]},
			"faces": {
				"north": {"uv": [11, 9.5, 11.25, 10], "texture": "#0"},
				"east": {"uv": [4, 11, 4.5, 11.5], "texture": "#0"},
				"south": {"uv": [9.5, 11, 9.75, 11.5], "texture": "#0"},
				"west": {"uv": [3.5, 11, 4, 11.5], "texture": "#0"},
				"up": {"uv": [10.25, 11.5, 10, 11], "rotation": 180, "texture": "#0"},
				"down": {"uv": [11.25, 10, 11, 10.5], "rotation": 180, "texture": "#0"}
			}
		},
		{
			"from": [7.75, 25, 10.08579],
			"to": [8.25, 28, 11.08579],
			"rotation": {"angle": 0, "axis": "x", "origin": [8, 26, 10.58579]},
			"faces": {
				"north": {"uv": [10.5, 9, 10.75, 10.5], "texture": "#0"},
				"east": {"uv": [7, 9, 7.5, 10.5], "texture": "#0"},
				"south": {"uv": [9, 10.5, 9.25, 12], "texture": "#0"},
				"west": {"uv": [6.5, 9, 7, 10.5], "texture": "#0"},
				"up": {"uv": [11.25, 11, 11, 10.5], "rotation": 180, "texture": "#0"},
				"down": {"uv": [11.25, 11, 11, 11.5], "rotation": 180, "texture": "#0"}
			}
		},
		{
			"from": [7.27, 17.5, 7.27],
			"to": [8.73, 18.96, 8.73],
			"rotation": {"angle": 45, "axis": "x", "origin": [8, 18.23, 8]},
			"faces": {
				"north": {"uv": [9.5, 5, 10.25, 5.75], "texture": "#0"},
				"east": {"uv": [9.5, 6, 10.25, 6.75], "rotation": 90, "texture": "#0"},
				"south": {"uv": [9.5, 3.75, 10.25, 3], "texture": "#0"},
				"west": {"uv": [9.5, 4, 10.25, 4.75], "texture": "#0"},
				"up": {"uv": [8.25, 10.25, 7.5, 9.5], "rotation": 180, "texture": "#0"},
				"down": {"uv": [9.75, 10.25, 9, 9.5], "rotation": 180, "texture": "#0"}
			}
		},
		{
			"from": [7.1678, 18.48, 6.0278],
			"to": [8.8322, 21.2844, 8.8322],
			"rotation": {"angle": 45, "axis": "x", "origin": [8, 19.3122, 8]},
			"faces": {
				"north": {"uv": [7.5, 8, 8.375, 9.375], "texture": "#0"},
				"east": {"uv": [7.5, 6.5, 8.875, 7.875], "rotation": 90, "texture": "#0"},
				"south": {"uv": [2, 8, 2.875, 9.375], "texture": "#0"},
				"west": {"uv": [7.5, 5, 8.875, 6.375], "texture": "#0"},
				"up": {"uv": [9.375, 2.375, 8.5, 1], "rotation": 180, "texture": "#0"},
				"down": {"uv": [9.375, 2.5, 8.5, 3.875], "rotation": 180, "texture": "#0"}
			}
		},
		{
			"from": [7.35, 1.6, 7.35],
			"to": [8.65, 2.9, 8.65],
			"rotation": {"angle": 0, "axis": "y", "origin": [7.35, 1.6, 8.65]},
			"faces": {
				"north": {"uv": [10.5, 0, 11.125, 0.625], "texture": "#0"},
				"east": {"uv": [10.5, 0, 11.125, 0.625], "texture": "#0"},
				"south": {"uv": [10.5, 0, 11.125, 0.625], "texture": "#0"},
				"west": {"uv": [10.5, 0, 11.125, 0.625], "texture": "#0"},
				"up": {"uv": [11.125, 0.625, 10.5, 0], "rotation": 180, "texture": "#0"},
				"down": {"uv": [11.125, 0, 10.5, 0.625], "rotation": 180, "texture": "#0"}
			}
		},
		{
			"from": [7.35, 10.6, 7.35],
			"to": [8.65, 11.9, 8.65],
			"rotation": {"angle": 0, "axis": "y", "origin": [7.35, 10.6, 8.65]},
			"faces": {
				"north": {"uv": [10.5, 0, 11.125, 0.625], "texture": "#0"},
				"east": {"uv": [10.5, 0, 11.125, 0.625], "texture": "#0"},
				"south": {"uv": [10.5, 0, 11.125, 0.625], "texture": "#0"},
				"west": {"uv": [10.5, 0, 11.125, 0.625], "texture": "#0"},
				"up": {"uv": [11.125, 0.625, 10.5, 0], "rotation": 180, "texture": "#0"},
				"down": {"uv": [11.125, 0, 10.5, 0.625], "rotation": 180, "texture": "#0"}
			}
		},
		{
			"from": [7.5, 19.1, 5],
			"to": [8.5, 21.1, 11],
			"rotation": {"angle": 0, "axis": "y", "origin": [8.5, 0, 10]},
			"faces": {
				"north": {"uv": [10, 8, 10.5, 9], "texture": "#0"},
				"east": {"uv": [7.5, 0, 10.5, 1], "texture": "#0"},
				"south": {"uv": [10, 7, 10.5, 8], "texture": "#0"},
				"west": {"uv": [0.5, 7, 3.5, 8], "texture": "#0"},
				"up": {"uv": [8.5, 4, 8, 1], "rotation": 180, "texture": "#0"},
				"down": {"uv": [2, 8, 1.5, 11], "rotation": 180, "texture": "#0"}
			}
		},
		{
			"from": [8, 21, 6],
			"to": [8, 32, 10],
			"rotation": {"angle": 0, "axis": "y", "origin": [8, 16, 10]},
			"faces": {
				"north": {"uv": [0, 0, 0, 5.5], "texture": "#0"},
				"east": {"uv": [4, 5.5, 6, 11], "texture": "#0"},
				"south": {"uv": [0, 0, 0, 5.5], "texture": "#0"},
				"west": {"uv": [4, 5.5, 6, 11], "texture": "#0"},
				"up": {"uv": [0, 2, 0, 0], "rotation": 180, "texture": "#0"},
				"down": {"uv": [0, 0, 0, 2], "rotation": 180, "texture": "#0"}
			}
		},
		{
			"from": [8, 16, 9],
			"to": [8, 30, 13],
			"rotation": {"angle": 0, "axis": "y", "origin": [8, 11, 13]},
			"faces": {
				"north": {"uv": [0, 0, 0, 7], "texture": "#0"},
				"east": {"uv": [2, 0, 4, 7], "texture": "#0"},
				"south": {"uv": [0, 0, 0, 7], "texture": "#0"},
				"west": {"uv": [4, 0, 2, 7], "texture": "#0"},
				"up": {"uv": [0, 2, 0, 0], "rotation": 180, "texture": "#0"},
				"down": {"uv": [0, 0, 0, 2], "rotation": 180, "texture": "#0"}
			}
		},
		{
			"from": [8, 16, 3],
			"to": [8, 30, 7],
			"rotation": {"angle": 0, "axis": "y", "origin": [8, 11, 3]},
			"faces": {
				"north": {"uv": [0, 0, 0, 7], "texture": "#0"},
				"east": {"uv": [4, 0, 2, 7], "texture": "#0"},
				"south": {"uv": [0, 0, 0, 7], "texture": "#0"},
				"west": {"uv": [2, 0, 4, 7], "texture": "#0"},
				"up": {"uv": [0, 0, 0, 2], "rotation": 180, "texture": "#0"},
				"down": {"uv": [0, 2, 0, 0], "rotation": 180, "texture": "#0"}
			}
		},
		{
			"from": [7.75, 18, 4.5],
			"to": [8.25, 25, 5.5],
			"rotation": {"angle": 0, "axis": "y", "origin": [7.75, 20.5, 5]},
			"faces": {
				"north": {"uv": [9.25, 4, 9, 7.5], "texture": "#0"},
				"east": {"uv": [1.5, 8, 1, 11.5], "texture": "#0"},
				"south": {"uv": [6.25, 9, 6, 12.5], "texture": "#0"},
				"west": {"uv": [1, 8, 0.5, 11.5], "texture": "#0"},
				"up": {"uv": [4.75, 11, 4.5, 11.5], "rotation": 180, "texture": "#0"},
				"down": {"uv": [5.25, 11.5, 5, 11], "rotation": 180, "texture": "#0"}
			}
		},
		{
			"from": [7.75, 16.64645, 5.06066],
			"to": [8.25, 18.64645, 6.06066],
			"rotation": {"angle": -45, "axis": "x", "origin": [8, 17.64645, 5.56066]},
			"faces": {
				"north": {"uv": [10.75, 10.5, 10.5, 11.5], "texture": "#0"},
				"east": {"uv": [10.5, 10, 10, 11], "texture": "#0"},
				"south": {"uv": [1.75, 11, 1.5, 12], "texture": "#0"},
				"west": {"uv": [10.5, 9, 10, 10], "texture": "#0"},
				"up": {"uv": [5.75, 11, 5.5, 11.5], "rotation": 180, "texture": "#0"},
				"down": {"uv": [11.25, 9.5, 11, 9], "rotation": 180, "texture": "#0"}
			}
		},
		{
			"from": [7.75, 25, 4.91421],
			"to": [8.25, 28, 5.91421],
			"rotation": {"angle": 0, "axis": "x", "origin": [8, 26, 5.41421]},
			"faces": {
				"north": {"uv": [9.25, 10.5, 9, 12], "texture": "#0"},
				"east": {"uv": [7.5, 9, 7, 10.5], "texture": "#0"},
				"south": {"uv": [10.75, 9, 10.5, 10.5], "texture": "#0"},
				"west": {"uv": [7, 9, 6.5, 10.5], "texture": "#0"},
				"up": {"uv": [11.25, 10.5, 11, 11], "rotation": 180, "texture": "#0"},
				"down": {"uv": [11.25, 11.5, 11, 11], "rotation": 180, "texture": "#0"}
			}
		},
		{
			"from": [7.75, 24.85355, 4.56066],
			"to": [8.25, 25.85355, 5.56066],
			"rotation": {"angle": -45, "axis": "x", "origin": [8, 25.35355, 5.56066]},
			"faces": {
				"north": {"uv": [9.75, 11, 9.5, 11.5], "texture": "#0"},
				"east": {"uv": [4.5, 11, 4, 11.5], "texture": "#0"},
				"south": {"uv": [11.25, 9.5, 11, 10], "texture": "#0"},
				"west": {"uv": [4, 11, 3.5, 11.5], "texture": "#0"},
				"up": {"uv": [10.25, 11, 10, 11.5], "rotation": 180, "texture": "#0"},
				"down": {"uv": [11.25, 10.5, 11, 10], "rotation": 180, "texture": "#0"}
			}
		}
	],
	"gui_light": "front",
	"display": {
		"thirdperson_righthand": {
			"translation": [0, -0.75, 1.5]
		},
		"thirdperson_lefthand": {
			"translation": [0, -0.75, 1.5]
		},
		"firstperson_righthand": {
			"rotation": [-31, 0, 0],
			"translation": [5.5, 0, 0.5],
			"scale": [0.89063, 0.89063, 0.89063]
		},
		"firstperson_lefthand": {
			"rotation": [-31, 0, 0],
			"translation": [5.5, 0, 0.5],
			"scale": [0.89063, 0.89063, 0.89063]
		},
		"ground": {
			"rotation": [60, 0, 0],
			"translation": [0, -1, -2.75],
			"scale": [0.5, 0.5, 0.5]
		},
		"gui": {
			"rotation": [90, -135, 90],
			"translation": [-3.25, -3.25, 0],
			"scale": [0.6, 0.6, 0.6]
		},
		"head": {
			"scale": [0, 0, 0]
		},
		"fixed": {
			"rotation": [90, -45, 90],
			"translation": [9.25, -9.5, -2],
			"scale": [2.32305, 2.32305, 2.32305]
		}
	}
}