{
	"credit": "Made with Blockbench",
	"texture_size": [32, 32],
	"textures": {
		"0": "custom/schwert/poison_sword",
		"particle": "custom/schwert/poison_sword"
	},
	"elements": [
		{
			"from": [7.5, 0, 7.5],
			"to": [8.5, 7, 8.5],
			"rotation": {"angle": 0, "axis": "y", "origin": [8.5, 0, 8.5]},
			"faces": {
				"north": {"uv": [8, 7, 8.5, 10.5], "texture": "#0"},
				"east": {"uv": [8.5, 4, 9, 7.5], "texture": "#0"},
				"south": {"uv": [7, 7, 7.5, 10.5], "texture": "#0"},
				"west": {"uv": [7.5, 7, 8, 10.5], "texture": "#0"},
				"up": {"uv": [9.5, 7.5, 9, 7], "rotation": 180, "texture": "#0"},
				"down": {"uv": [8, 10.5, 7.5, 11], "rotation": 180, "texture": "#0"}
			}
		},
		{
			"from": [7.75, 9.6, 7],
			"to": [8.25, 27.6, 9],
			"rotation": {"angle": 0, "axis": "y", "origin": [8.25, 9.6, 9]},
			"faces": {
				"north": {"uv": [6.5, 4, 6.75, 13], "texture": "#0"},
				"east": {"uv": [5, 0, 6, 9], "texture": "#0"},
				"south": {"uv": [6, 4, 6.25, 13], "texture": "#0"},
				"west": {"uv": [4, 0, 5, 9], "texture": "#0"},
				"up": {"uv": [11.25, 1.5, 11, 0.5], "rotation": 180, "texture": "#0"},
				"down": {"uv": [11.25, 1.5, 11, 2.5], "rotation": 180, "texture": "#0"}
			}
		},
		{
			"from": [8, 9.6, 6],
			"to": [8, 30.225, 10],
			"rotation": {"angle": 0, "axis": "y", "origin": [8, 9.6, 7]},
			"faces": {
				"east": {"uv": [2, 0.875, 4, 11.25], "texture": "#0"},
				"west": {"uv": [0, 0.875, 2, 11.25], "texture": "#0"}
			}
		},
		{
			"from": [7.615, 26.92669, 6.9],
			"to": [8.385, 28.46669, 8.44],
			"rotation": {"angle": -45, "axis": "x", "origin": [8, 28.02669, 8]},
			"faces": {
				"north": {"uv": [10.5, 6, 10.875, 6.75], "texture": "#0"},
				"east": {"uv": [10, 10, 10.75, 10.75], "texture": "#0"},
				"south": {"uv": [5.5, 10.5, 5.875, 11.25], "texture": "#0"},
				"west": {"uv": [10.75, 9, 10, 9.75], "texture": "#0"},
				"up": {"uv": [7.375, 11.25, 7, 10.5], "rotation": 180, "texture": "#0"},
				"down": {"uv": [10.875, 7, 10.5, 7.75], "rotation": 180, "texture": "#0"}
			}
		},
		{
			"from": [7.5, 8.17825, 9.38737],
			"to": [8.5, 9.17825, 13.38737],
			"rotation": {"angle": 0, "axis": "x", "origin": [8, 8.67825, 9.88737]},
			"faces": {
				"north": {"uv": [10.5, 8, 11, 8.5], "texture": "#0"},
				"east": {"uv": [9, 4.5, 11, 5], "texture": "#0"},
				"south": {"uv": [8, 10.5, 8.5, 11], "texture": "#0"},
				"west": {"uv": [4, 9, 6, 9.5], "texture": "#0"},
				"up": {"uv": [9.5, 7, 9, 5], "rotation": 180, "texture": "#0"},
				"down": {"uv": [9, 9, 8.5, 11], "rotation": 180, "texture": "#0"}
			}
		},
		{
			"from": [7.5, 8.38536, 12.88737],
			"to": [8.5, 9.38536, 14.88737],
			"rotation": {"angle": -45, "axis": "x", "origin": [8, 8.88536, 13.38737]},
			"faces": {
				"north": {"uv": [11, 0, 11.5, 0.5], "texture": "#0"},
				"east": {"uv": [4, 10.5, 5, 11], "texture": "#0"},
				"south": {"uv": [10.5, 8.5, 11, 9], "texture": "#0"},
				"west": {"uv": [10, 4, 11, 4.5], "texture": "#0"},
				"up": {"uv": [5.5, 11.5, 5, 10.5], "rotation": 180, "texture": "#0"},
				"down": {"uv": [11, 5, 10.5, 6], "rotation": 180, "texture": "#0"}
			}
		},
		{
			"from": [7.27, -1, 7.27],
			"to": [8.73, 0.46, 8.73],
			"rotation": {"angle": -45, "axis": "x", "origin": [8, -0.27, 8]},
			"faces": {
				"north": {"uv": [5, 9.5, 5.75, 10.25], "texture": "#0"},
				"east": {"uv": [9.5, 5, 10.25, 5.75], "texture": "#0"},
				"south": {"uv": [9, 9.75, 9.75, 9], "texture": "#0"},
				"west": {"uv": [4.75, 9.5, 4, 10.25], "texture": "#0"},
				"up": {"uv": [10.25, 6, 9.5, 6.75], "rotation": 180, "texture": "#0"},
				"down": {"uv": [10.25, 7, 9.5, 7.75], "rotation": 180, "texture": "#0"}
			}
		},
		{
			"from": [7.27, 6, 7.27],
			"to": [8.73, 7.46, 8.73],
			"rotation": {"angle": -45, "axis": "x", "origin": [8, 6.73, 8]},
			"faces": {
				"north": {"uv": [10, 1, 10.75, 1.75], "texture": "#0"},
				"east": {"uv": [10, 2, 10.75, 2.75], "texture": "#0"},
				"south": {"uv": [9.5, 8, 10.25, 8.75], "texture": "#0"},
				"west": {"uv": [10.75, 0, 10, 0.75], "texture": "#0"},
				"up": {"uv": [10.75, 3.75, 10, 3], "rotation": 180, "texture": "#0"},
				"down": {"uv": [9.75, 10, 9, 10.75], "rotation": 180, "texture": "#0"}
			}
		},
		{
			"from": [7.1678, 6.98, 7.1678],
			"to": [8.8322, 9.7844, 9.9722],
			"rotation": {"angle": -45, "axis": "x", "origin": [8, 7.8122, 8]},
			"faces": {
				"north": {"uv": [9, 0, 9.875, 1.375], "texture": "#0"},
				"east": {"uv": [7, 5.5, 8.375, 6.875], "texture": "#0"},
				"south": {"uv": [8.5, 7.5, 9.375, 8.875], "texture": "#0"},
				"west": {"uv": [8.375, 4, 7, 5.375], "texture": "#0"},
				"up": {"uv": [9.875, 2.875, 9, 1.5], "rotation": 180, "texture": "#0"},
				"down": {"uv": [9.875, 3, 9, 4.375], "rotation": 180, "texture": "#0"}
			}
		},
		{
			"from": [8, 8.6, 9.8],
			"to": [8, 12.6, 15.8],
			"rotation": {"angle": 0, "axis": "y", "origin": [8, 8.6, 11.8]},
			"faces": {
				"east": {"uv": [6, 2, 9, 4], "texture": "#0"},
				"west": {"uv": [9, 2, 6, 4], "texture": "#0"}
			}
		},
		{
			"from": [7.5, 8.17825, 2.61263],
			"to": [8.5, 9.17825, 6.61263],
			"rotation": {"angle": 0, "axis": "x", "origin": [8, 8.67825, 6.11263]},
			"faces": {
				"north": {"uv": [8.5, 10.5, 8, 11], "texture": "#0"},
				"east": {"uv": [11, 4.5, 9, 5], "texture": "#0"},
				"south": {"uv": [11, 8, 10.5, 8.5], "texture": "#0"},
				"west": {"uv": [6, 9, 4, 9.5], "texture": "#0"},
				"up": {"uv": [9.5, 5, 9, 7], "rotation": 180, "texture": "#0"},
				"down": {"uv": [9, 11, 8.5, 9], "rotation": 180, "texture": "#0"}
			}
		},
		{
			"from": [7.5, 8.38536, 1.11263],
			"to": [8.5, 9.38536, 3.11263],
			"rotation": {"angle": 45, "axis": "x", "origin": [8, 8.88536, 2.61263]},
			"faces": {
				"north": {"uv": [11, 8.5, 10.5, 9], "texture": "#0"},
				"east": {"uv": [5, 10.5, 4, 11], "texture": "#0"},
				"south": {"uv": [11.5, 0, 11, 0.5], "texture": "#0"},
				"west": {"uv": [11, 4, 10, 4.5], "texture": "#0"},
				"up": {"uv": [5.5, 10.5, 5, 11.5], "rotation": 180, "texture": "#0"},
				"down": {"uv": [11, 6, 10.5, 5], "rotation": 180, "texture": "#0"}
			}
		},
		{
			"from": [8, 8.6, 0.2],
			"to": [8, 12.6, 6.2],
			"rotation": {"angle": 0, "axis": "y", "origin": [8, 8.6, 4.2]},
			"faces": {
				"east": {"uv": [9, 2, 6, 4], "texture": "#0"},
				"west": {"uv": [6, 2, 9, 4], "texture": "#0"}
			}
		},
		{
			"from": [7.4, 0.9, 7.4],
			"to": [8.6, 2.1, 8.6],
			"rotation": {"angle": 0, "axis": "y", "origin": [7.4, 0, 7.4]},
			"faces": {
				"north": {"uv": [7, 9.5, 7.5, 10], "texture": "#0"},
				"east": {"uv": [7, 9.5, 7.5, 10], "texture": "#0"},
				"south": {"uv": [7, 9.5, 7.5, 10], "texture": "#0"},
				"west": {"uv": [7, 9.5, 7.5, 10], "texture": "#0"},
				"up": {"uv": [7, 9.5, 7.5, 10], "texture": "#0"},
				"down": {"uv": [7, 9.5, 7.5, 10], "texture": "#0"}
			}
		},
		{
			"from": [7.4, 4.8, 7.4],
			"to": [8.6, 6, 8.6],
			"rotation": {"angle": 0, "axis": "y", "origin": [7.4, 0, 7.4]},
			"faces": {
				"north": {"uv": [7, 9.5, 7.5, 10], "texture": "#0"},
				"east": {"uv": [7, 9.5, 7.5, 10], "texture": "#0"},
				"south": {"uv": [7, 9.5, 7.5, 10], "texture": "#0"},
				"west": {"uv": [7, 9.5, 7.5, 10], "texture": "#0"},
				"up": {"uv": [7, 9.5, 7.5, 10], "texture": "#0"},
				"down": {"uv": [7, 9.5, 7.5, 10], "texture": "#0"}
			}
		}
	],
	"gui_light": "front",
	"display": {
		"thirdperson_righthand": {
			"translation": [0, 2.5, 1.5]
		},
		"thirdperson_lefthand": {
			"translation": [0, 2.5, 1.75]
		},
		"firstperson_righthand": {
			"translation": [0.75, 0.75, 0],
			"scale": [0.73047, 0.73047, 0.73047]
		},
		"firstperson_lefthand": {
			"translation": [0.75, 0.75, 0],
			"scale": [0.73047, 0.73047, 0.73047]
		},
		"ground": {
			"rotation": [60, 0, 0],
			"translation": [0, -0.75, -2],
			"scale": [0.5, 0.5, 0.5]
		},
		"gui": {
			"rotation": [90, -135, 90],
			"translation": [-2.5, -2.75, 0],
			"scale": [0.6, 0.6, 0.6]
		},
		"head": {
			"scale": [0, 0, 0]
		},
		"fixed": {
			"rotation": [90, -45, 90],
			"translation": [9.25, -10, -2],
			"scale": [1.94805, 1.94805, 1.94805]
		}
	}
}