{
	"credit": "Made with Blockbench",
	"texture_size": [64, 64],
	"textures": {
		"4": "custom/schwert/slicer"
	},
	"elements": [
		{
			"from": [6, 24, 7.5],
			"to": [7, 30, 8.5],
			"faces": {
				"north": {"uv": [5.25, 3, 5.5, 4.5], "texture": "#4"},
				"east": {"uv": [5.5, 3, 5.75, 4.5], "texture": "#4"},
				"south": {"uv": [5, 5.5, 5.25, 7], "texture": "#4"},
				"west": {"uv": [5.25, 5.5, 5.5, 7], "texture": "#4"},
				"up": {"uv": [6.5, 2, 6.25, 1.75], "texture": "#4"},
				"down": {"uv": [6.5, 2, 6.25, 2.25], "texture": "#4"}
			}
		},
		{
			"from": [5, 12, 7.5],
			"to": [6, 30, 8.5],
			"faces": {
				"north": {"uv": [3, 3, 3.25, 7.5], "texture": "#4"},
				"east": {"uv": [3.25, 3, 3.5, 7.5], "texture": "#4"},
				"south": {"uv": [3.5, 3, 3.75, 7.5], "texture": "#4"},
				"west": {"uv": [2, 3.75, 2.25, 8.25], "texture": "#4"},
				"up": {"uv": [6.5, 2.5, 6.25, 2.25], "texture": "#4"},
				"down": {"uv": [6.5, 3.25, 6.25, 3.5], "texture": "#4"}
			}
		},
		{
			"from": [7, 25, 7.5],
			"to": [8, 30, 8.5],
			"faces": {
				"north": {"uv": [0, 5.75, 0.25, 7], "texture": "#4"},
				"east": {"uv": [0.25, 5.75, 0.5, 7], "texture": "#4"},
				"south": {"uv": [0.5, 5.75, 0.75, 7], "texture": "#4"},
				"west": {"uv": [0.75, 5.75, 1, 7], "texture": "#4"},
				"up": {"uv": [6.5, 3.75, 6.25, 3.5], "texture": "#4"},
				"down": {"uv": [6.5, 3.75, 6.25, 4], "texture": "#4"}
			}
		},
		{
			"from": [8, 25, 7.5],
			"to": [9, 29, 8.5],
			"faces": {
				"north": {"uv": [5.75, 3.25, 6, 4.25], "texture": "#4"},
				"east": {"uv": [5.5, 5.75, 5.75, 6.75], "texture": "#4"},
				"south": {"uv": [5.75, 5.75, 6, 6.75], "texture": "#4"},
				"west": {"uv": [6, 0, 6.25, 1], "texture": "#4"},
				"up": {"uv": [4.25, 6.5, 4, 6.25], "texture": "#4"},
				"down": {"uv": [6.5, 4, 6.25, 4.25], "texture": "#4"}
			}
		},
		{
			"from": [7, 24, 7],
			"to": [9, 25, 9],
			"faces": {
				"north": {"uv": [6, 4.75, 6.5, 5], "texture": "#4"},
				"east": {"uv": [6, 5, 6.5, 5.25], "texture": "#4"},
				"south": {"uv": [6, 5.25, 6.5, 5.5], "texture": "#4"},
				"west": {"uv": [6, 5.75, 6.5, 6], "texture": "#4"},
				"up": {"uv": [1.5, 6.5, 1, 6], "texture": "#4"},
				"down": {"uv": [6.5, 1, 6, 1.5], "texture": "#4"}
			}
		},
		{
			"from": [9, 24, 7.5],
			"to": [10, 28, 8.5],
			"faces": {
				"north": {"uv": [1.5, 6, 1.75, 7], "texture": "#4"},
				"east": {"uv": [6, 1.5, 6.25, 2.5], "texture": "#4"},
				"south": {"uv": [1.75, 6, 2, 7], "texture": "#4"},
				"west": {"uv": [6, 3.25, 6.25, 4.25], "texture": "#4"},
				"up": {"uv": [4.5, 6.5, 4.25, 6.25], "texture": "#4"},
				"down": {"uv": [4.75, 6.25, 4.5, 6.5], "texture": "#4"}
			}
		},
		{
			"from": [6, 12, 7],
			"to": [10, 24, 9],
			"faces": {
				"north": {"uv": [0, 0, 1, 3], "texture": "#4"},
				"east": {"uv": [1, 3, 1.5, 6], "texture": "#4"},
				"south": {"uv": [1, 0, 2, 3], "texture": "#4"},
				"west": {"uv": [1.5, 3, 2, 6], "texture": "#4"},
				"up": {"uv": [1, 5.25, 0, 4.75], "texture": "#4"},
				"down": {"uv": [6, 0, 5, 0.5], "texture": "#4"}
			}
		},
		{
			"from": [10, 12, 7.5],
			"to": [11, 27, 8.5],
			"faces": {
				"north": {"uv": [2.25, 3.75, 2.5, 7.5], "texture": "#4"},
				"east": {"uv": [2.5, 3.75, 2.75, 7.5], "texture": "#4"},
				"south": {"uv": [2.75, 3.75, 3, 7.5], "texture": "#4"},
				"west": {"uv": [3.75, 4.5, 4, 8.25], "texture": "#4"},
				"up": {"uv": [5, 6.5, 4.75, 6.25], "texture": "#4"},
				"down": {"uv": [6.25, 6.25, 6, 6.5], "texture": "#4"}
			}
		},
		{
			"from": [2, 10, 6],
			"to": [14, 12, 10],
			"faces": {
				"north": {"uv": [3, 2, 6, 2.5], "texture": "#4"},
				"east": {"uv": [5, 0.5, 6, 1], "texture": "#4"},
				"south": {"uv": [3, 2.5, 6, 3], "texture": "#4"},
				"west": {"uv": [5, 1, 6, 1.5], "texture": "#4"},
				"up": {"uv": [5, 1, 2, 0], "texture": "#4"},
				"down": {"uv": [5, 1, 2, 2], "texture": "#4"}
			}
		},
		{
			"from": [6, 3, 7],
			"to": [10, 10, 9],
			"faces": {
				"north": {"uv": [2, 2, 3, 3.75], "texture": "#4"},
				"east": {"uv": [4, 4.5, 4.5, 6.25], "texture": "#4"},
				"south": {"uv": [0, 3, 1, 4.75], "texture": "#4"},
				"west": {"uv": [4.5, 4.5, 5, 6.25], "texture": "#4"},
				"up": {"uv": [6, 2, 5, 1.5], "texture": "#4"},
				"down": {"uv": [6, 4.5, 5, 5], "texture": "#4"}
			}
		},
		{
			"from": [5, 2, 6.5],
			"to": [11, 3, 9.5],
			"faces": {
				"north": {"uv": [5.5, 5.5, 7, 5.75], "texture": "#4"},
				"east": {"uv": [6, 2.75, 6.75, 3], "texture": "#4"},
				"south": {"uv": [5.75, 3, 7.25, 3.25], "texture": "#4"},
				"west": {"uv": [6, 4.5, 6.75, 4.75], "texture": "#4"},
				"up": {"uv": [5.25, 3.75, 3.75, 3], "texture": "#4"},
				"down": {"uv": [5.25, 3.75, 3.75, 4.5], "texture": "#4"}
			}
		},
		{
			"from": [6, 1, 7],
			"to": [10, 2, 9],
			"faces": {
				"north": {"uv": [5.75, 4.25, 6.75, 4.5], "texture": "#4"},
				"east": {"uv": [6, 6, 6.5, 6.25], "texture": "#4"},
				"south": {"uv": [6, 2.5, 7, 2.75], "texture": "#4"},
				"west": {"uv": [6.25, 0, 6.75, 0.25], "texture": "#4"},
				"up": {"uv": [6, 5.5, 5, 5], "texture": "#4"},
				"down": {"uv": [1, 5.25, 0, 5.75], "texture": "#4"}
			}
		},
		{
			"from": [7, 0, 7.5],
			"to": [9, 1, 8.5],
			"faces": {
				"north": {"uv": [6.25, 0.25, 6.75, 0.5], "texture": "#4"},
				"east": {"uv": [6.25, 6.25, 6.5, 6.5], "texture": "#4"},
				"south": {"uv": [6.25, 0.5, 6.75, 0.75], "texture": "#4"},
				"west": {"uv": [1, 6.5, 1.25, 6.75], "texture": "#4"},
				"up": {"uv": [6.75, 1, 6.25, 0.75], "texture": "#4"},
				"down": {"uv": [6.75, 1.5, 6.25, 1.75], "texture": "#4"}
			}
		}
	],
	"display": {
		"thirdperson_righthand": {
			"rotation": [0, 90, 0],
			"translation": [0, 0, 1.5],
			"scale": [0.25, 0.25, 0.25]
		},
		"thirdperson_lefthand": {
			"rotation": [0, 90, 0],
			"translation": [0, -0.5, 1.5],
			"scale": [0.25, 0.25, 0.25]
		},
		"firstperson_righthand": {
			"rotation": [-25, 90, 0],
			"translation": [3.25, 0, 0],
			"scale": [0.5, 0.5, 0.5]
		},
		"firstperson_lefthand": {
			"rotation": [-25, -90, 0],
			"translation": [3, 0, 0],
			"scale": [0.5, 0.5, 0.5]
		},
		"ground": {
			"rotation": [90, 0, 0],
			"translation": [0, -2.5, -3.5],
			"scale": [0.5, 0.5, 0.5]
		},
		"gui": {
			"rotation": [0, 0, -45],
			"translation": [-2, -2.5, 0],
			"scale": [0.5, 0.5, 0.5]
		},
		"fixed": {
			"rotation": [0, 0, 45],
			"translation": [3.5, -2, 0],
			"scale": [0.5, 0.5, 0.5]
		}
	},
	"groups": [
		{
			"name": "Knife",
			"origin": [8, 8, 8],
			"color": 0,
			"children": [0, 1, 2, 3, 4, 5, 6, 7, 8, 9, 10, 11, 12]
		}
	]
}