{
	"credit": "Made with Blockbench",
	"texture_size": [32, 32],
	"textures": {
		"0": "custom/schwert/schwert",
		"particle": "custom/schwert/schwert"
	},
	"elements": [
		{
			"from": [8.4, 0, 8],
			"to": [10, 1.4, 9.4],
			"faces": {
				"north": {"uv": [4.5, 4.5, 5.25, 5.25], "texture": "#0"},
				"east": {"uv": [5, 0, 5.75, 0.75], "texture": "#0"},
				"south": {"uv": [5, 1, 5.75, 1.75], "texture": "#0"},
				"west": {"uv": [5, 2, 5.75, 2.75], "texture": "#0"},
				"up": {"uv": [5.75, 3.75, 5, 3], "texture": "#0"},
				"down": {"uv": [6.25, 4, 5.5, 4.75], "texture": "#0"}
			}
		},
		{
			"from": [8.8, 0.5, 7.7],
			"to": [9.5, 1.1, 8.3],
			"faces": {
				"north": {"uv": [8.5, 1.5, 8.75, 1.75], "texture": "#0"},
				"east": {"uv": [2, 8.5, 2.25, 8.75], "texture": "#0"},
				"south": {"uv": [8.5, 2, 8.75, 2.25], "texture": "#0"},
				"west": {"uv": [2.5, 8.5, 2.75, 8.75], "texture": "#0"},
				"up": {"uv": [8.75, 2.75, 8.5, 2.5], "texture": "#0"},
				"down": {"uv": [3.25, 8.5, 3, 8.75], "texture": "#0"}
			}
		},
		{
			"from": [8.6, 6.6, 7.7],
			"to": [9.8, 7.2, 8.3],
			"faces": {
				"north": {"uv": [8.5, 0.5, 9, 0.75], "texture": "#0"},
				"east": {"uv": [1.5, 9, 1.75, 9.25], "texture": "#0"},
				"south": {"uv": [1, 8.5, 1.5, 8.75], "texture": "#0"},
				"west": {"uv": [9, 1.5, 9.25, 1.75], "texture": "#0"},
				"up": {"uv": [9, 1.25, 8.5, 1], "texture": "#0"},
				"down": {"uv": [2, 8.5, 1.5, 8.75], "texture": "#0"}
			}
		},
		{
			"from": [8.8, 0.5, 9.1],
			"to": [9.5, 1.1, 9.7],
			"faces": {
				"north": {"uv": [8.5, 3, 8.75, 3.25], "texture": "#0"},
				"east": {"uv": [3.5, 8.5, 3.75, 8.75], "texture": "#0"},
				"south": {"uv": [8.5, 3.5, 8.75, 3.75], "texture": "#0"},
				"west": {"uv": [4, 8.5, 4.25, 8.75], "texture": "#0"},
				"up": {"uv": [8.75, 4.25, 8.5, 4], "texture": "#0"},
				"down": {"uv": [4.75, 8.5, 4.5, 8.75], "texture": "#0"}
			}
		},
		{
			"from": [8.6, 6.6, 9.1],
			"to": [9.9, 7.2, 9.7],
			"faces": {
				"north": {"uv": [3.5, 7.5, 4.25, 7.75], "texture": "#0"},
				"east": {"uv": [0.5, 9, 0.75, 9.25], "texture": "#0"},
				"south": {"uv": [7.5, 3.5, 8.25, 3.75], "texture": "#0"},
				"west": {"uv": [9, 0.5, 9.25, 0.75], "texture": "#0"},
				"up": {"uv": [8.25, 4.25, 7.5, 4], "texture": "#0"},
				"down": {"uv": [5.25, 7.5, 4.5, 7.75], "texture": "#0"}
			}
		},
		{
			"from": [9.7, 0.5, 8.4],
			"to": [10.3, 1.1, 9.1],
			"faces": {
				"north": {"uv": [8.5, 4.5, 8.75, 4.75], "texture": "#0"},
				"east": {"uv": [5, 8.5, 5.25, 8.75], "texture": "#0"},
				"south": {"uv": [8.5, 5, 8.75, 5.25], "texture": "#0"},
				"west": {"uv": [5.5, 8.5, 5.75, 8.75], "texture": "#0"},
				"up": {"uv": [8.75, 5.75, 8.5, 5.5], "texture": "#0"},
				"down": {"uv": [6.25, 8.5, 6, 8.75], "texture": "#0"}
			}
		},
		{
			"from": [9.7, 6.6, 8.1],
			"to": [10.3, 7.2, 9.2],
			"faces": {
				"north": {"uv": [1, 9, 1.25, 9.25], "texture": "#0"},
				"east": {"uv": [8, 8, 8.5, 8.25], "texture": "#0"},
				"south": {"uv": [9, 1, 9.25, 1.25], "texture": "#0"},
				"west": {"uv": [0, 8.5, 0.5, 8.75], "texture": "#0"},
				"up": {"uv": [8.75, 0.5, 8.5, 0], "texture": "#0"},
				"down": {"uv": [0.75, 8.5, 0.5, 9], "texture": "#0"}
			}
		},
		{
			"from": [8.1, 0.5, 8.4],
			"to": [8.7, 1.1, 9.1],
			"faces": {
				"north": {"uv": [8.5, 6, 8.75, 6.25], "texture": "#0"},
				"east": {"uv": [6.5, 8.5, 6.75, 8.75], "texture": "#0"},
				"south": {"uv": [8.5, 6.5, 8.75, 6.75], "texture": "#0"},
				"west": {"uv": [7, 8.5, 7.25, 8.75], "texture": "#0"},
				"up": {"uv": [8.75, 7.25, 8.5, 7], "texture": "#0"},
				"down": {"uv": [7.75, 8.5, 7.5, 8.75], "texture": "#0"}
			}
		},
		{
			"from": [8.1, 6.6, 8.1],
			"to": [8.7, 7.2, 9.4],
			"faces": {
				"north": {"uv": [0, 9, 0.25, 9.25], "texture": "#0"},
				"east": {"uv": [1, 7.5, 1.75, 7.75], "texture": "#0"},
				"south": {"uv": [9, 0, 9.25, 0.25], "texture": "#0"},
				"west": {"uv": [2, 7.5, 2.75, 7.75], "texture": "#0"},
				"up": {"uv": [7.75, 3.25, 7.5, 2.5], "texture": "#0"},
				"down": {"uv": [3.25, 7.5, 3, 8.25], "texture": "#0"}
			}
		},
		{
			"from": [8.6, 1.4, 8.1],
			"to": [9.8, 7.2, 9.3],
			"faces": {
				"north": {"uv": [4, 0, 4.5, 3], "texture": "#0"},
				"east": {"uv": [4, 3, 4.5, 6], "texture": "#0"},
				"south": {"uv": [0, 4.5, 0.5, 7.5], "texture": "#0"},
				"west": {"uv": [4.5, 0, 5, 3], "texture": "#0"},
				"up": {"uv": [5.5, 4.5, 5, 4], "texture": "#0"},
				"down": {"uv": [7, 4, 6.5, 4.5], "texture": "#0"}
			}
		},
		{
			"from": [8.6, 7.2, 8.1],
			"to": [9.8, 7.4, 9.3],
			"faces": {
				"north": {"uv": [7.5, 4.5, 8, 4.75], "texture": "#0"},
				"east": {"uv": [7.5, 5, 8, 5.25], "texture": "#0"},
				"south": {"uv": [5.5, 7.5, 6, 7.75], "texture": "#0"},
				"west": {"uv": [7.5, 5.5, 8, 5.75], "texture": "#0"},
				"up": {"uv": [5, 7, 4.5, 6.5], "texture": "#0"},
				"down": {"uv": [7, 4.5, 6.5, 5], "texture": "#0"}
			}
		},
		{
			"from": [9.8, 7.2, 8.1],
			"to": [11, 7.4, 9.3],
			"faces": {
				"north": {"uv": [6, 7.5, 6.5, 7.75], "texture": "#0"},
				"east": {"uv": [7.5, 6, 8, 6.25], "texture": "#0"},
				"south": {"uv": [6.5, 7.5, 7, 7.75], "texture": "#0"},
				"west": {"uv": [7.5, 6.5, 8, 6.75], "texture": "#0"},
				"up": {"uv": [5.5, 7, 5, 6.5], "texture": "#0"},
				"down": {"uv": [6, 6.5, 5.5, 7], "texture": "#0"}
			}
		},
		{
			"from": [9.8, 7.2, 9.3],
			"to": [11, 7.4, 10.5],
			"faces": {
				"north": {"uv": [7, 7.5, 7.5, 7.75], "texture": "#0"},
				"east": {"uv": [7.5, 7, 8, 7.25], "texture": "#0"},
				"south": {"uv": [7.5, 7.5, 8, 7.75], "texture": "#0"},
				"west": {"uv": [0, 8, 0.5, 8.25], "texture": "#0"},
				"up": {"uv": [6.5, 7, 6, 6.5], "texture": "#0"},
				"down": {"uv": [7, 6.5, 6.5, 7], "texture": "#0"}
			}
		},
		{
			"from": [8.6, 7.2, 9.3],
			"to": [9.8, 7.4, 10.5],
			"faces": {
				"north": {"uv": [8, 0, 8.5, 0.25], "texture": "#0"},
				"east": {"uv": [0.5, 8, 1, 8.25], "texture": "#0"},
				"south": {"uv": [8, 0.5, 8.5, 0.75], "texture": "#0"},
				"west": {"uv": [1, 8, 1.5, 8.25], "texture": "#0"},
				"up": {"uv": [4, 7.5, 3.5, 7], "texture": "#0"},
				"down": {"uv": [4.5, 7, 4, 7.5], "texture": "#0"}
			}
		},
		{
			"from": [7.4, 7.2, 9.3],
			"to": [8.6, 7.4, 10.5],
			"faces": {
				"north": {"uv": [8, 1, 8.5, 1.25], "texture": "#0"},
				"east": {"uv": [1.5, 8, 2, 8.25], "texture": "#0"},
				"south": {"uv": [8, 1.5, 8.5, 1.75], "texture": "#0"},
				"west": {"uv": [2, 8, 2.5, 8.25], "texture": "#0"},
				"up": {"uv": [7.5, 4.5, 7, 4], "texture": "#0"},
				"down": {"uv": [5, 7, 4.5, 7.5], "texture": "#0"}
			}
		},
		{
			"from": [7.4, 7.2, 8.1],
			"to": [8.6, 7.4, 9.3],
			"faces": {
				"north": {"uv": [8, 2, 8.5, 2.25], "texture": "#0"},
				"east": {"uv": [2.5, 8, 3, 8.25], "texture": "#0"},
				"south": {"uv": [8, 2.5, 8.5, 2.75], "texture": "#0"},
				"west": {"uv": [8, 3, 8.5, 3.25], "texture": "#0"},
				"up": {"uv": [7.5, 5, 7, 4.5], "texture": "#0"},
				"down": {"uv": [5.5, 7, 5, 7.5], "texture": "#0"}
			}
		},
		{
			"from": [7.5, 7.4, 7.2],
			"to": [8.3, 7.6, 10.2],
			"faces": {
				"north": {"uv": [7, 8, 7.5, 8.25], "texture": "#0"},
				"east": {"uv": [6, 2.5, 7.5, 2.75], "texture": "#0"},
				"south": {"uv": [8, 7, 8.5, 7.25], "texture": "#0"},
				"west": {"uv": [6, 3, 7.5, 3.25], "texture": "#0"},
				"up": {"uv": [2, 6, 1.5, 4.5], "texture": "#0"},
				"down": {"uv": [2.5, 4.5, 2, 6], "texture": "#0"}
			}
		},
		{
			"from": [10.1, 7.4, 7.2],
			"to": [10.9, 7.6, 10.2],
			"faces": {
				"north": {"uv": [7.5, 8, 8, 8.25], "texture": "#0"},
				"east": {"uv": [6, 3.5, 7.5, 3.75], "texture": "#0"},
				"south": {"uv": [8, 7.5, 8.5, 7.75], "texture": "#0"},
				"west": {"uv": [5.5, 6, 7, 6.25], "texture": "#0"},
				"up": {"uv": [3, 6, 2.5, 4.5], "texture": "#0"},
				"down": {"uv": [5, 3, 4.5, 4.5], "texture": "#0"}
			}
		},
		{
			"from": [7.5, 7.4, 7],
			"to": [10.9, 7.6, 7.2],
			"faces": {
				"north": {"uv": [5.5, 5, 7.25, 5.25], "texture": "#0"},
				"east": {"uv": [8.5, 7.5, 8.75, 7.75], "texture": "#0"},
				"south": {"uv": [5.5, 5.5, 7.25, 5.75], "texture": "#0"},
				"west": {"uv": [8, 8.5, 8.25, 8.75], "texture": "#0"},
				"up": {"uv": [7.75, 0.25, 6, 0], "texture": "#0"},
				"down": {"uv": [7.75, 0.5, 6, 0.75], "texture": "#0"}
			}
		},
		{
			"from": [7.5, 7.4, 10.2],
			"to": [10.9, 7.6, 10.4],
			"faces": {
				"north": {"uv": [6, 1, 7.75, 1.25], "texture": "#0"},
				"east": {"uv": [8.5, 8, 8.75, 8.25], "texture": "#0"},
				"south": {"uv": [1.5, 6, 3.25, 6.25], "texture": "#0"},
				"west": {"uv": [8.5, 8.5, 8.75, 8.75], "texture": "#0"},
				"up": {"uv": [7.75, 1.75, 6, 1.5], "texture": "#0"},
				"down": {"uv": [7.75, 2, 6, 2.25], "texture": "#0"}
			}
		},
		{
			"from": [7.4, 7.2, 6.9],
			"to": [8.6, 7.4, 8.1],
			"faces": {
				"north": {"uv": [3.5, 8, 4, 8.25], "texture": "#0"},
				"east": {"uv": [4, 8, 4.5, 8.25], "texture": "#0"},
				"south": {"uv": [4.5, 8, 5, 8.25], "texture": "#0"},
				"west": {"uv": [8, 4.5, 8.5, 4.75], "texture": "#0"},
				"up": {"uv": [6, 7.5, 5.5, 7], "texture": "#0"},
				"down": {"uv": [6.5, 7, 6, 7.5], "texture": "#0"}
			}
		},
		{
			"from": [8.6, 7.2, 6.9],
			"to": [9.8, 7.4, 8.1],
			"faces": {
				"north": {"uv": [5, 8, 5.5, 8.25], "texture": "#0"},
				"east": {"uv": [8, 5, 8.5, 5.25], "texture": "#0"},
				"south": {"uv": [5.5, 8, 6, 8.25], "texture": "#0"},
				"west": {"uv": [8, 5.5, 8.5, 5.75], "texture": "#0"},
				"up": {"uv": [7.5, 6.5, 7, 6], "texture": "#0"},
				"down": {"uv": [7, 7, 6.5, 7.5], "texture": "#0"}
			}
		},
		{
			"from": [9.8, 7.2, 6.9],
			"to": [11, 7.4, 8.1],
			"faces": {
				"north": {"uv": [6, 8, 6.5, 8.25], "texture": "#0"},
				"east": {"uv": [8, 6, 8.5, 6.25], "texture": "#0"},
				"south": {"uv": [6.5, 8, 7, 8.25], "texture": "#0"},
				"west": {"uv": [8, 6.5, 8.5, 6.75], "texture": "#0"},
				"up": {"uv": [7.5, 7, 7, 6.5], "texture": "#0"},
				"down": {"uv": [7.5, 7, 7, 7.5], "texture": "#0"}
			}
		},
		{
			"from": [8.8, 7.5, 7.8],
			"to": [9.6, 15.8, 9.6],
			"faces": {
				"north": {"uv": [2, 0, 2.5, 4.25], "texture": "#0"},
				"east": {"uv": [0, 0, 1, 4.25], "texture": "#0"},
				"south": {"uv": [2.5, 0, 3, 4.25], "texture": "#0"},
				"west": {"uv": [1, 0, 2, 4.25], "texture": "#0"},
				"up": {"uv": [5, 6.5, 4.5, 5.5], "texture": "#0"},
				"down": {"uv": [5.5, 5.5, 5, 6.5], "texture": "#0"}
			}
		},
		{
			"from": [8.8, 15.75, 8.3],
			"to": [9.6, 21.05, 9.6],
			"faces": {
				"north": {"uv": [0.5, 4.5, 1, 7.25], "texture": "#0"},
				"east": {"uv": [3, 0, 3.75, 2.75], "texture": "#0"},
				"south": {"uv": [1, 4.5, 1.5, 7.25], "texture": "#0"},
				"west": {"uv": [3, 3, 3.75, 5.75], "texture": "#0"},
				"up": {"uv": [4, 6.75, 3.5, 6], "texture": "#0"},
				"down": {"uv": [4.5, 6, 4, 6.75], "texture": "#0"}
			}
		},
		{
			"from": [8.8, 21, 8.8],
			"to": [9.6, 22.3, 9.6],
			"faces": {
				"north": {"uv": [1.5, 6.5, 2, 7.25], "texture": "#0"},
				"east": {"uv": [2, 6.5, 2.5, 7.25], "texture": "#0"},
				"south": {"uv": [2.5, 6.5, 3, 7.25], "texture": "#0"},
				"west": {"uv": [3, 6.5, 3.5, 7.25], "texture": "#0"},
				"up": {"uv": [0.5, 8, 0, 7.5], "texture": "#0"},
				"down": {"uv": [1, 7.5, 0.5, 8], "texture": "#0"}
			}
		}
	],
	"display": {
		"thirdperson_righthand": {
			"translation": [-1, 1.75, 0.75],
			"scale": [0.81, 0.85, 0.82]
		},
		"thirdperson_lefthand": {
			"translation": [2.25, 5.25, 0],
			"scale": [1.76, 1.69, 1.63]
		},
		"firstperson_righthand": {
			"rotation": [-24, 0, 0],
			"translation": [2, 2.5, 0]
		},
		"firstperson_lefthand": {
			"rotation": [-23, 0, 0],
			"translation": [4, 2.5, 0]
		},
		"ground": {
			"translation": [0, 5.5, 0]
		},
		"gui": {
			"rotation": [0, 0, -32],
			"translation": [-1.5, -1.5, 0],
			"scale": [0.78, 0.78, 0.76]
		},
		"head": {
			"rotation": [-24, -15, 107],
			"translation": [13.25, 2.75, 1.75],
			"scale": [1.81, 1.74, 1.69]
		},
		"fixed": {
			"rotation": [0, 0, 44],
			"translation": [0.75, -3, 0]
		}
	}
}