{
	"credit": "by Olarcyzm/Olarasy",
	"texture_size": [32, 32],
	"textures": {
		"0": "custom/schwert/warden_sense",
		"particle": "custom/schwert/warden_sense"
	},
	"elements": [
		{
			"from": [7, -0.1, 7],
			"to": [8, 10.9, 8],
			"rotation": {"angle": 0, "axis": "y", "origin": [7.55, 8.36439, 6.78984]},
			"faces": {
				"north": {"uv": [0.016, 0.016, 0.484, 5.484], "texture": "#0"},
				"east": {"uv": [0.516, 0.016, 0.984, 5.484], "texture": "#0"},
				"south": {"uv": [1.016, 0.016, 1.484, 5.484], "texture": "#0"},
				"west": {"uv": [1.516, 0.016, 1.984, 5.484], "texture": "#0"},
				"up": {"uv": [5.984, 5.484, 5.516, 5.016], "texture": "#0"},
				"down": {"uv": [6.984, 4.516, 6.516, 4.984], "texture": "#0"}
			}
		},
		{
			"from": [6.91, 4.91, 6.91],
			"to": [8.09, 11.09, 8.09],
			"rotation": {"angle": 0, "axis": "y", "origin": [7.55, 8.36439, 6.78984]},
			"faces": {
				"north": {"uv": [4.516, 6.016, 4.984, 8.984], "texture": "#0"},
				"east": {"uv": [6.516, 1.516, 6.984, 4.484], "texture": "#0"},
				"south": {"uv": [6.016, 6.516, 6.484, 9.484], "texture": "#0"},
				"west": {"uv": [6.516, 6.516, 6.984, 9.484], "texture": "#0"},
				"up": {"uv": [10.984, 4.984, 10.516, 4.516], "texture": "#0"},
				"down": {"uv": [5.484, 10.516, 5.016, 10.984], "texture": "#0"}
			}
		},
		{
			"from": [7, -3.48491, 3.78468],
			"to": [8, 0.51509, 4.78468],
			"rotation": {"angle": -22.5, "axis": "x", "origin": [7.55, 8.36439, 6.78984]},
			"faces": {
				"north": {"uv": [7.516, 6.516, 7.984, 8.484], "texture": "#0"},
				"east": {"uv": [0.016, 8.016, 0.484, 9.984], "texture": "#0"},
				"south": {"uv": [8.016, 0.016, 8.484, 1.984], "texture": "#0"},
				"west": {"uv": [0.516, 8.016, 0.984, 9.984], "texture": "#0"},
				"up": {"uv": [10.984, 4.484, 10.516, 4.016], "texture": "#0"},
				"down": {"uv": [4.984, 10.516, 4.516, 10.984], "texture": "#0"}
			}
		},
		{
			"from": [6.8, -4.3464, 12.95781],
			"to": [8.3, -1.3464, 15.95781],
			"rotation": {"angle": 22.5, "axis": "x", "origin": [7.55, 8.36439, 6.78984]},
			"faces": {
				"north": {"uv": [5.516, 2.016, 6.484, 3.484], "texture": "#0"},
				"east": {"uv": [2.016, 2.016, 3.484, 3.484], "texture": "#0"},
				"south": {"uv": [5.516, 3.516, 6.484, 4.984], "texture": "#0"},
				"west": {"uv": [3.484, 2.016, 2.016, 3.484], "texture": "#0"},
				"up": {"uv": [5.984, 6.984, 5.016, 5.516], "texture": "#0"},
				"down": {"uv": [4.484, 6.016, 3.516, 7.484], "texture": "#0"}
			}
		},
		{
			"from": [7.599, -1.3474, 13.95681],
			"to": [7.601, 0.6546, 14.95881],
			"rotation": {"angle": 22.5, "axis": "x", "origin": [7.55, 8.36439, 6.78984]},
			"faces": {
				"north": {"uv": [0.016, 0.016, 0.016, 0.984], "texture": "#0"},
				"east": {"uv": [0.016, 10.016, 0.484, 10.984], "texture": "#0"},
				"south": {"uv": [0.016, 0.016, 0.016, 0.984], "texture": "#0"},
				"west": {"uv": [10.016, 0.016, 10.484, 0.984], "texture": "#0"},
				"up": {"uv": [0.016, 0.484, 0.016, 0.016], "texture": "#0"},
				"down": {"uv": [0.016, 0.016, 0.016, 0.484], "texture": "#0"}
			}
		},
		{
			"from": [7.599, -0.3474, 14.95681],
			"to": [7.601, 3.6546, 15.95881],
			"rotation": {"angle": 22.5, "axis": "x", "origin": [7.55, 8.36439, 6.78984]},
			"faces": {
				"north": {"uv": [0.016, 0.016, 0.016, 1.984], "texture": "#0"},
				"east": {"uv": [1.016, 8.016, 1.484, 9.984], "texture": "#0"},
				"south": {"uv": [0.016, 0.016, 0.016, 1.984], "texture": "#0"},
				"west": {"uv": [1.516, 8.016, 1.984, 9.984], "texture": "#0"},
				"up": {"uv": [0.016, 0.484, 0.016, 0.016], "texture": "#0"},
				"down": {"uv": [0.016, 0.016, 0.016, 0.484], "texture": "#0"}
			}
		},
		{
			"from": [7.599, -3.3474, 15.95681],
			"to": [7.601, -0.3454, 16.95881],
			"rotation": {"angle": 22.5, "axis": "x", "origin": [7.55, 8.36439, 6.78984]},
			"faces": {
				"north": {"uv": [0.016, 0.016, 0.016, 1.484], "texture": "#0"},
				"east": {"uv": [3.016, 9.016, 3.484, 10.484], "texture": "#0"},
				"south": {"uv": [0.016, 0.016, 0.016, 1.484], "texture": "#0"},
				"west": {"uv": [4.516, 9.016, 4.984, 10.484], "texture": "#0"},
				"up": {"uv": [0.016, 0.484, 0.016, 0.016], "texture": "#0"},
				"down": {"uv": [0.016, 0.016, 0.016, 0.484], "texture": "#0"}
			}
		},
		{
			"from": [7.599, -2.3474, 16.95681],
			"to": [7.601, 0.6546, 17.95881],
			"rotation": {"angle": 22.5, "axis": "x", "origin": [7.55, 8.36439, 6.78984]},
			"faces": {
				"north": {"uv": [0.016, 0.016, 0.016, 1.484], "texture": "#0"},
				"east": {"uv": [9.016, 5.016, 9.484, 6.484], "texture": "#0"},
				"south": {"uv": [0.016, 0.016, 0.016, 1.484], "texture": "#0"},
				"west": {"uv": [9.016, 6.516, 9.484, 7.984], "texture": "#0"},
				"up": {"uv": [0.016, 0.484, 0.016, 0.016], "texture": "#0"},
				"down": {"uv": [0.016, 0.016, 0.016, 0.484], "texture": "#0"}
			}
		},
		{
			"from": [7, 14.75796, 4.356],
			"to": [8, 20.75796, 5.356],
			"rotation": {"angle": 22.5, "axis": "x", "origin": [7.55, 8.36439, 6.78984]},
			"faces": {
				"north": {"uv": [2.016, 5.516, 2.484, 8.484], "texture": "#0"},
				"east": {"uv": [5.016, 2.516, 5.484, 5.484], "texture": "#0"},
				"south": {"uv": [2.516, 5.516, 2.984, 8.484], "texture": "#0"},
				"west": {"uv": [3.016, 5.516, 3.484, 8.484], "texture": "#0"},
				"up": {"uv": [10.484, 3.984, 10.016, 3.516], "texture": "#0"},
				"down": {"uv": [10.484, 4.016, 10.016, 4.484], "texture": "#0"}
			}
		},
		{
			"from": [7.35, 18.75796, -0.644],
			"to": [7.6, 20.75796, 4.356],
			"rotation": {"angle": 22.5, "axis": "x", "origin": [7.55, 8.36439, 6.78984]},
			"faces": {
				"north": {"uv": [1.516, 5.516, 1.984, 6.484], "texture": "#0"},
				"east": {"uv": [2.016, 0.016, 4.484, 0.984], "texture": "#0"},
				"south": {"uv": [3.516, 9.516, 3.984, 10.484], "texture": "#0"},
				"west": {"uv": [2.016, 1.016, 4.484, 1.984], "texture": "#0"},
				"up": {"uv": [7.484, 3.984, 7.016, 1.516], "texture": "#0"},
				"down": {"uv": [7.484, 4.016, 7.016, 6.484], "texture": "#0"}
			}
		},
		{
			"from": [7.549, 18.75696, 5.355],
			"to": [7.551, 20.75896, 9.357],
			"rotation": {"angle": 22.5, "axis": "x", "origin": [7.55, 8.36439, 6.78984]},
			"faces": {
				"north": {"uv": [0.016, 0.016, 0.016, 0.984], "texture": "#0"},
				"east": {"uv": [4.516, 0.016, 6.484, 0.984], "texture": "#0"},
				"south": {"uv": [0.016, 0.016, 0.016, 0.984], "texture": "#0"},
				"west": {"uv": [4.516, 1.016, 6.484, 1.984], "texture": "#0"},
				"up": {"uv": [0.016, 1.984, 0.016, 0.016], "texture": "#0"},
				"down": {"uv": [0.016, 0.016, 0.016, 1.984], "texture": "#0"}
			}
		},
		{
			"from": [7.549, 20.75696, 7.355],
			"to": [7.551, 21.75896, 11.357],
			"rotation": {"angle": 22.5, "axis": "x", "origin": [7.55, 8.36439, 6.78984]},
			"faces": {
				"north": {"uv": [0.016, 0.016, 0.016, 0.484], "texture": "#0"},
				"east": {"uv": [8.016, 3.016, 9.984, 3.484], "texture": "#0"},
				"south": {"uv": [0.016, 0.016, 0.016, 0.484], "texture": "#0"},
				"west": {"uv": [8.016, 3.516, 9.984, 3.984], "texture": "#0"},
				"up": {"uv": [0.016, 1.984, 0.016, 0.016], "texture": "#0"},
				"down": {"uv": [0.016, 0.016, 0.016, 1.984], "texture": "#0"}
			}
		},
		{
			"from": [7.549, 19.75696, 9.355],
			"to": [7.551, 20.75896, 13.357],
			"rotation": {"angle": 22.5, "axis": "x", "origin": [7.55, 8.36439, 6.78984]},
			"faces": {
				"north": {"uv": [0.016, 0.016, 0.016, 0.484], "texture": "#0"},
				"east": {"uv": [8.016, 4.016, 9.984, 4.484], "texture": "#0"},
				"south": {"uv": [0.016, 0.016, 0.016, 0.484], "texture": "#0"},
				"west": {"uv": [8.016, 4.516, 9.984, 4.984], "texture": "#0"},
				"up": {"uv": [0.016, 1.984, 0.016, 0.016], "texture": "#0"},
				"down": {"uv": [0.016, 0.016, 0.016, 1.984], "texture": "#0"}
			}
		},
		{
			"from": [7.35, 17.75796, -0.644],
			"to": [7.6, 18.75796, 2.356],
			"rotation": {"angle": 22.5, "axis": "x", "origin": [7.55, 8.36439, 6.78984]},
			"faces": {
				"north": {"uv": [10.016, 4.516, 10.484, 4.984], "texture": "#0"},
				"east": {"uv": [8.516, 1.516, 9.984, 1.984], "texture": "#0"},
				"south": {"uv": [5.516, 10.016, 5.984, 10.484], "texture": "#0"},
				"west": {"uv": [2.016, 8.516, 3.484, 8.984], "texture": "#0"},
				"up": {"uv": [8.984, 6.484, 8.516, 5.016], "texture": "#0"},
				"down": {"uv": [8.984, 6.516, 8.516, 7.984], "texture": "#0"}
			}
		},
		{
			"from": [7.35, 17.75796, -3.644],
			"to": [7.6, 18.75796, -0.644],
			"rotation": {"angle": 22.5, "axis": "x", "origin": [7.55, 8.36439, 6.78984]},
			"faces": {
				"north": {"uv": [10.016, 5.516, 10.484, 5.984], "texture": "#0"},
				"east": {"uv": [8.516, 8.016, 9.984, 8.484], "texture": "#0"},
				"south": {"uv": [6.016, 10.016, 6.484, 10.484], "texture": "#0"},
				"west": {"uv": [8.516, 8.516, 9.984, 8.984], "texture": "#0"},
				"up": {"uv": [7.984, 9.984, 7.516, 8.516], "texture": "#0"},
				"down": {"uv": [9.484, 0.016, 9.016, 1.484], "texture": "#0"}
			}
		},
		{
			"from": [7.35, 18.75796, -2.644],
			"to": [7.6, 19.75796, -0.644],
			"rotation": {"angle": 22.5, "axis": "x", "origin": [7.55, 8.36439, 6.78984]},
			"faces": {
				"north": {"uv": [10.016, 10.016, 10.484, 10.484], "texture": "#0"},
				"east": {"uv": [9.516, 6.516, 10.484, 6.984], "texture": "#0"},
				"south": {"uv": [10.516, 0.016, 10.984, 0.484], "texture": "#0"},
				"west": {"uv": [9.516, 7.016, 10.484, 7.484], "texture": "#0"},
				"up": {"uv": [8.484, 10.484, 8.016, 9.516], "texture": "#0"},
				"down": {"uv": [9.984, 9.016, 9.516, 9.984], "texture": "#0"}
			}
		},
		{
			"from": [7.35, 15.75796, -4.644],
			"to": [7.6, 17.75796, -1.644],
			"rotation": {"angle": 22.5, "axis": "x", "origin": [7.55, 8.36439, 6.78984]},
			"faces": {
				"north": {"uv": [4.016, 9.516, 4.484, 10.484], "texture": "#0"},
				"east": {"uv": [3.516, 5.016, 4.984, 5.984], "texture": "#0"},
				"south": {"uv": [5.016, 9.516, 5.484, 10.484], "texture": "#0"},
				"west": {"uv": [0.016, 5.516, 1.484, 6.484], "texture": "#0"},
				"up": {"uv": [2.484, 10.484, 2.016, 9.016], "texture": "#0"},
				"down": {"uv": [2.984, 9.016, 2.516, 10.484], "texture": "#0"}
			}
		},
		{
			"from": [7.35, 13.75796, -5.644],
			"to": [7.6, 14.75796, -4.644],
			"rotation": {"angle": 22.5, "axis": "x", "origin": [7.55, 8.36439, 6.78984]},
			"faces": {
				"north": {"uv": [10.516, 2.516, 10.984, 2.984], "texture": "#0"},
				"east": {"uv": [3.016, 10.516, 3.484, 10.984], "texture": "#0"},
				"south": {"uv": [10.516, 3.016, 10.984, 3.484], "texture": "#0"},
				"west": {"uv": [3.516, 10.516, 3.984, 10.984], "texture": "#0"},
				"up": {"uv": [10.984, 3.984, 10.516, 3.516], "texture": "#0"},
				"down": {"uv": [4.484, 10.516, 4.016, 10.984], "texture": "#0"}
			}
		},
		{
			"from": [7.35, 14.75796, -5.644],
			"to": [7.6, 15.75796, -3.644],
			"rotation": {"angle": 22.5, "axis": "x", "origin": [7.55, 8.36439, 6.78984]},
			"faces": {
				"north": {"uv": [10.016, 6.016, 10.484, 6.484], "texture": "#0"},
				"east": {"uv": [9.516, 5.016, 10.484, 5.484], "texture": "#0"},
				"south": {"uv": [7.516, 10.016, 7.984, 10.484], "texture": "#0"},
				"west": {"uv": [5.516, 9.516, 6.484, 9.984], "texture": "#0"},
				"up": {"uv": [9.984, 6.484, 9.516, 5.516], "texture": "#0"},
				"down": {"uv": [6.984, 9.516, 6.516, 10.484], "texture": "#0"}
			}
		},
		{
			"from": [7.35, 15.75796, -5.644],
			"to": [7.6, 16.75796, -4.644],
			"rotation": {"angle": 22.5, "axis": "x", "origin": [7.55, 8.36439, 6.78984]},
			"faces": {
				"north": {"uv": [10.016, 7.516, 10.484, 7.984], "texture": "#0"},
				"east": {"uv": [10.016, 8.016, 10.484, 8.484], "texture": "#0"},
				"south": {"uv": [10.016, 8.516, 10.484, 8.984], "texture": "#0"},
				"west": {"uv": [10.016, 9.016, 10.484, 9.484], "texture": "#0"},
				"up": {"uv": [9.984, 10.484, 9.516, 10.016], "texture": "#0"},
				"down": {"uv": [10.484, 9.516, 10.016, 9.984], "texture": "#0"}
			}
		},
		{
			"from": [6.9, 10.36143, 4.93423],
			"to": [8.1, 12.56143, 6.13423],
			"rotation": {"angle": 45, "axis": "x", "origin": [7.55, 8.36439, 6.78984]},
			"faces": {
				"north": {"uv": [0.516, 10.016, 0.984, 10.984], "texture": "#0"},
				"east": {"uv": [1.016, 10.016, 1.484, 10.984], "texture": "#0"},
				"south": {"uv": [10.016, 1.016, 10.484, 1.984], "texture": "#0"},
				"west": {"uv": [1.516, 10.016, 1.984, 10.984], "texture": "#0"},
				"up": {"uv": [10.984, 5.484, 10.516, 5.016], "texture": "#0"},
				"down": {"uv": [5.984, 10.516, 5.516, 10.984], "texture": "#0"}
			}
		},
		{
			"from": [7, 10.35153, 5.10702],
			"to": [8, 14.35153, 6.10702],
			"rotation": {"angle": 45, "axis": "x", "origin": [7.55, 8.36439, 6.78984]},
			"faces": {
				"north": {"uv": [7.516, 2.516, 7.984, 4.484], "texture": "#0"},
				"east": {"uv": [3.516, 7.516, 3.984, 9.484], "texture": "#0"},
				"south": {"uv": [4.016, 7.516, 4.484, 9.484], "texture": "#0"},
				"west": {"uv": [7.516, 4.516, 7.984, 6.484], "texture": "#0"},
				"up": {"uv": [9.984, 7.984, 9.516, 7.516], "texture": "#0"},
				"down": {"uv": [10.484, 2.016, 10.016, 2.484], "texture": "#0"}
			}
		},
		{
			"from": [6.999, 10.04621, 11.77598],
			"to": [8.001, 13.04821, 12.77798],
			"rotation": {"angle": -45, "axis": "x", "origin": [7.55, 8.36439, 6.78984]},
			"faces": {
				"north": {"uv": [8.016, 5.016, 8.484, 6.484], "texture": "#0"},
				"east": {"uv": [8.016, 6.516, 8.484, 7.984], "texture": "#0"},
				"south": {"uv": [8.016, 8.016, 8.484, 9.484], "texture": "#0"},
				"west": {"uv": [8.516, 0.016, 8.984, 1.484], "texture": "#0"},
				"up": {"uv": [10.484, 2.984, 10.016, 2.516], "texture": "#0"},
				"down": {"uv": [10.484, 3.016, 10.016, 3.484], "texture": "#0"}
			}
		},
		{
			"from": [6.799, 18.75696, 3.355],
			"to": [8.301, 21.75896, 6.357],
			"rotation": {"angle": 22.5, "axis": "x", "origin": [7.55, 8.36439, 6.78984]},
			"faces": {
				"north": {"uv": [6.016, 5.016, 6.984, 6.484], "texture": "#0"},
				"east": {"uv": [3.516, 2.016, 4.984, 3.484], "texture": "#0"},
				"south": {"uv": [0.016, 6.516, 0.984, 7.984], "texture": "#0"},
				"west": {"uv": [3.516, 3.516, 4.984, 4.984], "texture": "#0"},
				"up": {"uv": [7.484, 1.484, 6.516, 0.016], "texture": "#0"},
				"down": {"uv": [1.984, 6.516, 1.016, 7.984], "texture": "#0"}
			}
		},
		{
			"from": [7.549, 17.75696, 6.355],
			"to": [7.551, 18.75896, 10.357],
			"rotation": {"angle": 22.5, "axis": "x", "origin": [7.55, 8.36439, 6.78984]},
			"faces": {
				"north": {"uv": [0.016, 0.016, 0.016, 0.484], "texture": "#0"},
				"east": {"uv": [8.016, 2.016, 9.984, 2.484], "texture": "#0"},
				"south": {"uv": [0.016, 0.016, 0.016, 0.484], "texture": "#0"},
				"west": {"uv": [8.016, 2.516, 9.984, 2.984], "texture": "#0"},
				"up": {"uv": [0.016, 1.984, 0.016, 0.016], "texture": "#0"},
				"down": {"uv": [0.016, 0.016, 0.016, 1.984], "texture": "#0"}
			}
		},
		{
			"from": [7.35, 16.75796, -1.644],
			"to": [7.6, 17.75796, -0.644],
			"rotation": {"angle": 22.5, "axis": "x", "origin": [7.55, 8.36439, 6.78984]},
			"faces": {
				"north": {"uv": [10.516, 0.516, 10.984, 0.984], "texture": "#0"},
				"east": {"uv": [10.516, 1.016, 10.984, 1.484], "texture": "#0"},
				"south": {"uv": [10.516, 1.516, 10.984, 1.984], "texture": "#0"},
				"west": {"uv": [2.016, 10.516, 2.484, 10.984], "texture": "#0"},
				"up": {"uv": [10.984, 2.484, 10.516, 2.016], "texture": "#0"},
				"down": {"uv": [2.984, 10.516, 2.516, 10.984], "texture": "#0"}
			}
		},
		{
			"name": "cube_outline",
			"from": [8.4, -1.2464, 16.05781],
			"to": [6.7, -4.4464, 12.85781],
			"rotation": {"angle": 22.5, "axis": "x", "origin": [7.55, 8.36439, 6.78984]},
			"faces": {
				"north": {"uv": [10.532, 5.532, 11.5, 7], "rotation": 180, "texture": "#0"},
				"east": {"uv": [10.532, 5.532, 12, 7], "rotation": 180, "texture": "#0"},
				"south": {"uv": [10.532, 5.532, 11.5, 7], "rotation": 180, "texture": "#0"},
				"west": {"uv": [10.532, 5.532, 12, 7], "rotation": 180, "texture": "#0"},
				"up": {"uv": [11.5, 5.532, 10.532, 7], "rotation": 180, "texture": "#0"},
				"down": {"uv": [11.5, 7, 10.532, 5.532], "rotation": 180, "texture": "#0"}
			}
		},
		{
			"name": "cube_outline",
			"from": [8.4, 21.85796, 6.456],
			"to": [6.7, 18.65796, 3.256],
			"rotation": {"angle": 22.5, "axis": "x", "origin": [7.55, 8.36439, 6.78984]},
			"faces": {
				"north": {"uv": [10.532, 5.532, 11.5, 7], "rotation": 180, "texture": "#0"},
				"east": {"uv": [10.532, 5.532, 12, 7], "rotation": 180, "texture": "#0"},
				"south": {"uv": [10.532, 5.532, 11.5, 7], "rotation": 180, "texture": "#0"},
				"west": {"uv": [10.532, 5.532, 12, 7], "rotation": 180, "texture": "#0"},
				"up": {"uv": [11.5, 5.532, 10.532, 7], "rotation": 180, "texture": "#0"},
				"down": {"uv": [11.5, 7, 10.532, 5.532], "rotation": 180, "texture": "#0"}
			}
		},
		{
			"from": [8.5, -6.98491, 3.78468],
			"to": [8.5, -2.98491, 4.78468],
			"rotation": {"angle": -22.5, "axis": "x", "origin": [7.55, 8.36439, 6.78984]},
			"faces": {
				"north": {"uv": [0.016, 0.016, 0.016, 1.484], "texture": "#0"},
				"east": {"uv": [9.016, 9.016, 9.484, 10.984], "texture": "#0"},
				"south": {"uv": [0.016, 0.016, 0.016, 1.484], "texture": "#0"},
				"west": {"uv": [11.516, 9.016, 11.484, 8.984], "texture": "#0"},
				"up": {"uv": [0.016, 0.484, 0.016, 0.016], "texture": "#0"},
				"down": {"uv": [0.016, 0.016, 0.016, 0.484], "texture": "#0"}
			}
		},
		{
			"from": [6.6, -6.98491, 3.78468],
			"to": [6.6, -2.98491, 4.78468],
			"rotation": {"angle": -22.5, "axis": "x", "origin": [7.55, 8.36439, 6.78984]},
			"faces": {
				"north": {"uv": [0.016, 0.016, 0.016, 1.484], "texture": "#0"},
				"east": {"uv": [11.516, 9.016, 11.484, 8.984], "texture": "#0"},
				"south": {"uv": [0.016, 0.016, 0.016, 1.484], "texture": "#0"},
				"west": {"uv": [8.516, 9.016, 8.984, 10.984], "texture": "#0"},
				"up": {"uv": [0.016, 0.484, 0.016, 0.016], "texture": "#0"},
				"down": {"uv": [0.016, 0.016, 0.016, 0.484], "texture": "#0"}
			}
		},
		{
			"from": [8.599, 17.64084, 12.33143],
			"to": [8.601, 18.64284, 15.33343],
			"rotation": {"angle": -22.5, "axis": "x", "origin": [7.55, 8.36439, 6.78984]},
			"faces": {
				"north": {"uv": [11.468, 8.968, 11.468, 8.968], "rotation": 180, "texture": "#0"},
				"east": {"uv": [11.016, 2.016, 11.484, 3.484], "rotation": 90, "texture": "#0"},
				"south": {"uv": [11.468, 9, 11.468, 9], "texture": "#0"},
				"west": {"uv": [11.516, 9.016, 11.484, 8.984], "rotation": 270, "texture": "#0"},
				"up": {"uv": [11.5, 9, 11.5, 9], "texture": "#0"},
				"down": {"uv": [11.5, 9, 11.5, 9], "rotation": 180, "texture": "#0"}
			}
		},
		{
			"from": [8.598, 16.63984, 13.33043],
			"to": [8.602, 19.64384, 14.33443],
			"rotation": {"angle": -22.5, "axis": "x", "origin": [7.55, 8.36439, 6.78984]},
			"faces": {
				"north": {"uv": [11.5, 9, 11.5, 9], "texture": "#0"},
				"east": {"uv": [11.016, 2.016, 11.484, 3.484], "texture": "#0"},
				"south": {"uv": [11.5, 9, 11.5, 9], "texture": "#0"},
				"west": {"uv": [11.516, 9.016, 11.484, 8.984], "texture": "#0"},
				"up": {"uv": [11.468, 8.968, 11.468, 8.968], "texture": "#0"},
				"down": {"uv": [11.468, 9, 11.468, 9], "texture": "#0"}
			}
		},
		{
			"from": [6.499, 17.64084, 12.33143],
			"to": [6.501, 18.64284, 15.33343],
			"rotation": {"angle": -22.5, "axis": "x", "origin": [7.55, 8.36439, 6.78984]},
			"faces": {
				"north": {"uv": [11.468, 8.968, 11.468, 8.968], "rotation": 180, "texture": "#0"},
				"east": {"uv": [11.516, 8.984, 11.484, 9.016], "rotation": 270, "texture": "#0"},
				"south": {"uv": [11.468, 9, 11.468, 9], "texture": "#0"},
				"west": {"uv": [11.016, 3.484, 11.484, 2.016], "rotation": 90, "texture": "#0"},
				"up": {"uv": [11.5, 9, 11.5, 9], "texture": "#0"},
				"down": {"uv": [11.5, 9, 11.5, 9], "rotation": 180, "texture": "#0"}
			}
		},
		{
			"from": [6.498, 16.63984, 13.33043],
			"to": [6.502, 19.64384, 14.33443],
			"rotation": {"angle": -22.5, "axis": "x", "origin": [7.55, 8.36439, 6.78984]},
			"faces": {
				"north": {"uv": [11.5, 9, 11.5, 9], "texture": "#0"},
				"east": {"uv": [11.484, 9.016, 11.516, 8.984], "texture": "#0"},
				"south": {"uv": [11.5, 9, 11.5, 9], "texture": "#0"},
				"west": {"uv": [11.484, 2.016, 11.016, 3.484], "texture": "#0"},
				"up": {"uv": [11.468, 8.968, 11.468, 8.968], "texture": "#0"},
				"down": {"uv": [11.468, 9, 11.468, 9], "texture": "#0"}
			}
		}
	],
	"display": {
		"thirdperson_righthand": {
			"rotation": [9, 0, 0],
			"translation": [0, -1.75, 1.5]
		},
		"thirdperson_lefthand": {
			"rotation": [9, 0, 0],
			"translation": [0, -1.75, 1.5]
		},
		"firstperson_righthand": {
			"rotation": [-2.97, 6, -0.33],
			"translation": [0, -0.5, 0],
			"scale": [0.66, 0.66, 0.66]
		},
		"firstperson_lefthand": {
			"rotation": [2.97, 6, -0.33],
			"translation": [0, -0.5, 0],
			"scale": [0.66, 0.66, 0.66]
		},
		"ground": {
			"rotation": [0, 0, 90]
		},
		"gui": {
			"rotation": [-90, -63.5, -90],
			"translation": [-0.5, -1, 0],
			"scale": [0.92, 0.92, 0.92]
		},
		"head": {
			"rotation": [-43, 0, 0],
			"translation": [0, 0, 55.5],
			"scale": [4, 4, 4]
		},
		"fixed": {
			"rotation": [0, 90, 0],
			"translation": [0, 0, -1.25],
			"scale": [2.03, 2.03, 2.03]
		}
	},
	"groups": [
		0,
		1,
		2,
		3,
		4,
		5,
		6,
		7,
		8,
		9,
		10,
		11,
		12,
		13,
		14,
		15,
		16,
		17,
		18,
		19,
		20,
		21,
		22,
		23,
		24,
		25,
		26,
		27,
		28,
		29,
		{
			"name": "group",
			"origin": [8.6, 20.09266, 9.55468],
			"color": 0,
			"children": [30, 31, 32, 33]
		}
	]
}