{
	"credit": "Made with Blockbench",
	"textures": {
		"0": "custom/deko2/plankton",
		"particle": "custom/deko2/plankton"
	},
	"elements": [
		{
			"from": [7.2, 0, 8.25],
			"to": [8.1, 1.4, 8.9],
			"rotation": {"angle": 0, "axis": "y", "origin": [6.1, 0, 8.25]},
			"faces": {
				"north": {"uv": [8, 4, 9, 5.5], "texture": "#0"},
				"east": {"uv": [10, 1, 10.5, 2.5], "texture": "#0"},
				"south": {"uv": [8, 6, 9, 7.5], "texture": "#0"},
				"west": {"uv": [2, 10, 2.5, 11.5], "texture": "#0"},
				"up": {"uv": [11, 5.5, 10, 5], "texture": "#0"},
				"down": {"uv": [11, 6, 10, 6.5], "texture": "#0"}
			}
		},
		{
			"from": [6.6, 2.5, 8.25],
			"to": [7.5, 4.6, 8.9],
			"rotation": {"angle": 0, "axis": "y", "origin": [5.5, 3.2, 8.25]},
			"faces": {
				"north": {"uv": [6, 2, 7, 4], "texture": "#0"},
				"east": {"uv": [9, 0, 9.5, 2], "texture": "#0"},
				"south": {"uv": [7, 2, 8, 4], "texture": "#0"},
				"west": {"uv": [9, 2, 9.5, 4], "texture": "#0"},
				"up": {"uv": [9, 10.5, 8, 10], "texture": "#0"},
				"down": {"uv": [11, 8, 10, 8.5], "texture": "#0"}
			}
		},
		{
			"from": [7.3, 6, 8.55],
			"to": [8.2, 8.1, 8.7],
			"rotation": {"angle": 0, "axis": "y", "origin": [6.2, 6.7, 8.25]},
			"faces": {
				"north": {"uv": [5, 7, 6, 9], "texture": "#0"},
				"east": {"uv": [5, 9, 5.5, 11], "texture": "#0"},
				"south": {"uv": [6, 7, 7, 9], "texture": "#0"},
				"west": {"uv": [6, 9, 6.5, 11], "texture": "#0"},
				"up": {"uv": [11, 10.5, 10, 10], "texture": "#0"},
				"down": {"uv": [1, 11, 0, 11.5], "texture": "#0"}
			}
		},
		{
			"from": [6.5, 8.1, 8.55],
			"to": [7.4, 9, 8.7],
			"rotation": {"angle": 0, "axis": "y", "origin": [5.4, 8.8, 8.25]},
			"faces": {
				"north": {"uv": [6, 4, 7, 5], "texture": "#0"},
				"east": {"uv": [11, 1, 11.5, 2], "texture": "#0"},
				"south": {"uv": [0, 10, 1, 11], "texture": "#0"},
				"west": {"uv": [11, 2, 11.5, 3], "texture": "#0"},
				"up": {"uv": [12, 3.5, 11, 3], "texture": "#0"},
				"down": {"uv": [5, 11, 4, 11.5], "texture": "#0"}
			}
		},
		{
			"from": [9.7, 8.1, 8.55],
			"to": [10.6, 9, 8.7],
			"rotation": {"angle": 0, "axis": "y", "origin": [8.6, 8.8, 8.25]},
			"faces": {
				"north": {"uv": [10, 0, 11, 1], "texture": "#0"},
				"east": {"uv": [11, 4, 11.5, 5], "texture": "#0"},
				"south": {"uv": [1, 10, 2, 11], "texture": "#0"},
				"west": {"uv": [5, 11, 5.5, 12], "texture": "#0"},
				"up": {"uv": [12, 5.5, 11, 5], "texture": "#0"},
				"down": {"uv": [7, 11, 6, 11.5], "texture": "#0"}
			}
		},
		{
			"from": [8.9, 6, 8.55],
			"to": [9.8, 8.1, 8.7],
			"rotation": {"angle": 0, "axis": "y", "origin": [7.8, 6.7, 8.25]},
			"faces": {
				"north": {"uv": [7, 6, 8, 8], "texture": "#0"},
				"east": {"uv": [9, 6, 9.5, 8], "texture": "#0"},
				"south": {"uv": [8, 2, 9, 4], "texture": "#0"},
				"west": {"uv": [9, 8, 9.5, 10], "texture": "#0"},
				"up": {"uv": [12, 0.5, 11, 0], "texture": "#0"},
				"down": {"uv": [2, 11, 1, 11.5], "texture": "#0"}
			}
		},
		{
			"from": [9.6, 2.5, 8.25],
			"to": [10.5, 4.6, 8.9],
			"rotation": {"angle": 0, "axis": "y", "origin": [8.5, 3.2, 8.25]},
			"faces": {
				"north": {"uv": [4, 7, 5, 9], "texture": "#0"},
				"east": {"uv": [4, 9, 4.5, 11], "texture": "#0"},
				"south": {"uv": [7, 4, 8, 6], "texture": "#0"},
				"west": {"uv": [9, 4, 9.5, 6], "texture": "#0"},
				"up": {"uv": [10, 10.5, 9, 10], "texture": "#0"},
				"down": {"uv": [11, 9, 10, 9.5], "texture": "#0"}
			}
		},
		{
			"from": [7.2, 1.3, 7.65],
			"to": [9.9, 6.1, 9.6],
			"rotation": {"angle": 0, "axis": "y", "origin": [6.1, 1.3, 8.25]},
			"faces": {
				"north": {"uv": [0, 0, 2.5, 5], "texture": "#0"},
				"east": {"uv": [0, 5, 2, 10], "texture": "#0"},
				"south": {"uv": [3, 0, 5.5, 5], "texture": "#0"},
				"west": {"uv": [2, 5, 4, 10], "texture": "#0"},
				"up": {"uv": [6.5, 7, 4, 5], "texture": "#0"},
				"down": {"uv": [8.5, 0, 6, 2], "texture": "#0"}
			}
		},
		{
			"from": [9, 0, 8.25],
			"to": [9.9, 1.4, 8.9],
			"rotation": {"angle": 0, "axis": "y", "origin": [8, 0, 8.25]},
			"faces": {
				"north": {"uv": [7, 8, 8, 9.5], "texture": "#0"},
				"east": {"uv": [3, 10, 3.5, 11.5], "texture": "#0"},
				"south": {"uv": [8, 8, 9, 9.5], "texture": "#0"},
				"west": {"uv": [10, 3, 10.5, 4.5], "texture": "#0"},
				"up": {"uv": [8, 10.5, 7, 10], "texture": "#0"},
				"down": {"uv": [11, 7, 10, 7.5], "texture": "#0"}
			}
		}
	],
	"display": {
		"thirdperson_righthand": {
			"rotation": [75, 23, 0],
			"translation": [-1.25, 2, 5.75]
		},
		"thirdperson_lefthand": {
			"rotation": [75, 23, 0],
			"translation": [-1.25, 2, 5.75]
		},
		"firstperson_righthand": {
			"rotation": [0, 134, 0],
			"translation": [0, 8, 3.75]
		},
		"firstperson_lefthand": {
			"rotation": [0, 134, 0],
			"translation": [0, 8, 3.75]
		},
		"ground": {
			"translation": [0, 4.5, 0]
		},
		"gui": {
			"rotation": [0, -157, 0],
			"translation": [0.5, 4.25, 0]
		},
		"head": {
			"translation": [-1.25, 21.75, -3.25],
			"scale": [1.96, 1.96, 1.96]
		},
		"fixed": {
			"rotation": [-90, 0, 0],
			"translation": [-1.5, -3, -32],
			"scale": [4, 4, 4]
		}
	}
}