{
	"credit": "Made with Blockbench",
	"texture_size": [32, 32],
	"textures": {
		"0": "custom/deko2/schiggy",
		"particle": "custom/deko2/schiggy"
	},
	"elements": [
		{
			"from": [3.55, 0, 7],
			"to": [5.25, 2.5, 8.75],
			"rotation": {"angle": 0, "axis": "y", "origin": [3.5, 0, 7]},
			"faces": {
				"north": {"uv": [3, 8, 4, 9.25], "texture": "#0"},
				"east": {"uv": [8, 3.5, 9, 4.75], "texture": "#0"},
				"south": {"uv": [8, 5, 9, 6.25], "texture": "#0"},
				"west": {"uv": [7.5, 8, 8.5, 9.25], "texture": "#0"},
				"up": {"uv": [5.5, 7, 4.5, 6], "texture": "#0"},
				"down": {"uv": [10, 2.5, 9, 3.5], "texture": "#0"}
			}
		},
		{
			"from": [3.85, 2.5, 6.5],
			"to": [8.5, 6.5, 9.25],
			"rotation": {"angle": 0, "axis": "y", "origin": [3.5, 2.5, 7]},
			"faces": {
				"north": {"uv": [3, 0, 5.25, 2], "texture": "#0"},
				"east": {"uv": [4.5, 7, 6, 9], "texture": "#0"},
				"south": {"uv": [3, 2, 5.25, 4], "texture": "#0"},
				"west": {"uv": [6, 7, 7.5, 9], "texture": "#0"},
				"up": {"uv": [7.75, 5.5, 5.5, 4], "texture": "#0"},
				"down": {"uv": [7.75, 5.5, 5.5, 7], "texture": "#0"}
			}
		},
		{
			"from": [3.85, 6.15, 6.1],
			"to": [8.5, 9.55, 9.45],
			"rotation": {"angle": -22.5, "axis": "x", "origin": [3.4, 6.15, 7]},
			"faces": {
				"north": {"uv": [3, 4, 5.25, 5.75], "texture": "#0"},
				"east": {"uv": [2.5, 6, 4.25, 7.75], "texture": "#0"},
				"south": {"uv": [0, 5, 2.25, 6.75], "texture": "#0"},
				"west": {"uv": [0, 7, 1.75, 8.75], "texture": "#0"},
				"up": {"uv": [7.75, 1.75, 5.5, 0], "texture": "#0"},
				"down": {"uv": [7.75, 2, 5.5, 3.75], "texture": "#0"}
			}
		},
		{
			"from": [3.5, 2.15, 8.75],
			"to": [8.85, 6.85, 10.5],
			"rotation": {"angle": 0, "axis": "y", "origin": [3.5, 2.5, 9.25]},
			"faces": {
				"north": {"uv": [0, 0, 2.75, 2.25], "texture": "#0"},
				"east": {"uv": [8, 1, 9, 3.25], "texture": "#0"},
				"south": {"uv": [0, 2.5, 2.75, 4.75], "texture": "#0"},
				"west": {"uv": [2, 8, 3, 10.25], "texture": "#0"},
				"up": {"uv": [10.25, 8, 7.5, 7], "texture": "#0"},
				"down": {"uv": [10.75, 0, 8, 1], "texture": "#0"}
			}
		},
		{
			"from": [3.55, 0, 7.5],
			"to": [4.3, 0.25, 8.25],
			"rotation": {"angle": 22.5, "axis": "y", "origin": [2.3, 0, 7.5]},
			"faces": {
				"north": {"uv": [8, 9.5, 8.5, 9.75], "texture": "#0"},
				"east": {"uv": [9.5, 8, 10, 8.25], "texture": "#0"},
				"south": {"uv": [8.5, 9.5, 9, 9.75], "texture": "#0"},
				"west": {"uv": [9.5, 8.5, 10, 8.75], "texture": "#0"},
				"up": {"uv": [3, 5.5, 2.5, 5], "texture": "#0"},
				"down": {"uv": [3, 5.5, 2.5, 6], "texture": "#0"}
			}
		},
		{
			"from": [4.75, 0, 7.5],
			"to": [5.5, 0.25, 8.25],
			"rotation": {"angle": 22.5, "axis": "y", "origin": [3.5, 0, 7.5]},
			"faces": {
				"north": {"uv": [10, 1.5, 10.5, 1.75], "texture": "#0"},
				"east": {"uv": [10, 2, 10.5, 2.25], "texture": "#0"},
				"south": {"uv": [10, 2.5, 10.5, 2.75], "texture": "#0"},
				"west": {"uv": [10, 3, 10.5, 3.25], "texture": "#0"},
				"up": {"uv": [4.5, 8.5, 4, 8], "texture": "#0"},
				"down": {"uv": [8.5, 6.5, 8, 7], "texture": "#0"}
			}
		},
		{
			"from": [4.4, 0, 7.95],
			"to": [5.15, 0.25, 8.7],
			"rotation": {"angle": 45, "axis": "y", "origin": [3.15, 0, 7.95]},
			"faces": {
				"north": {"uv": [9, 9.5, 9.5, 9.75], "texture": "#0"},
				"east": {"uv": [9.5, 9, 10, 9.25], "texture": "#0"},
				"south": {"uv": [9.5, 9.5, 10, 9.75], "texture": "#0"},
				"west": {"uv": [10, 1, 10.5, 1.25], "texture": "#0"},
				"up": {"uv": [2.5, 7.5, 2, 7], "texture": "#0"},
				"down": {"uv": [2.5, 7.5, 2, 8], "texture": "#0"}
			}
		},
		{
			"from": [8.15, 0, 7.95],
			"to": [8.9, 0.25, 8.7],
			"rotation": {"angle": 45, "axis": "y", "origin": [6.9, 0, 7.95]},
			"faces": {
				"north": {"uv": [10, 6.5, 10.5, 6.75], "texture": "#0"},
				"east": {"uv": [7.5, 10, 8, 10.25], "texture": "#0"},
				"south": {"uv": [8, 10, 8.5, 10.25], "texture": "#0"},
				"west": {"uv": [10, 8, 10.5, 8.25], "texture": "#0"},
				"up": {"uv": [10, 5, 9.5, 4.5], "texture": "#0"},
				"down": {"uv": [10, 5, 9.5, 5.5], "texture": "#0"}
			}
		},
		{
			"from": [7, 0, 7.5],
			"to": [7.75, 0.25, 8.25],
			"rotation": {"angle": 22.5, "axis": "y", "origin": [5.75, 0, 7.5]},
			"faces": {
				"north": {"uv": [10, 4.5, 10.5, 4.75], "texture": "#0"},
				"east": {"uv": [10, 5, 10.5, 5.25], "texture": "#0"},
				"south": {"uv": [10, 5.5, 10.5, 5.75], "texture": "#0"},
				"west": {"uv": [10, 6, 10.5, 6.25], "texture": "#0"},
				"up": {"uv": [9.5, 6.5, 9, 6], "texture": "#0"},
				"down": {"uv": [9.5, 6.5, 9, 7], "texture": "#0"}
			}
		},
		{
			"from": [7.1, 0, 7],
			"to": [8.8, 2.5, 8.75],
			"rotation": {"angle": 0, "axis": "y", "origin": [7.25, 0, 7]},
			"faces": {
				"north": {"uv": [8.5, 8, 9.5, 9.25], "texture": "#0"},
				"east": {"uv": [0, 9, 1, 10.25], "texture": "#0"},
				"south": {"uv": [1, 9, 2, 10.25], "texture": "#0"},
				"west": {"uv": [9, 1, 10, 2.25], "texture": "#0"},
				"up": {"uv": [10, 4.5, 9, 3.5], "texture": "#0"},
				"down": {"uv": [5, 9, 4, 10], "texture": "#0"}
			}
		},
		{
			"from": [8.2, 0, 7.5],
			"to": [8.95, 0.25, 8.25],
			"rotation": {"angle": 22.5, "axis": "y", "origin": [6.95, 0, 7.5]},
			"faces": {
				"north": {"uv": [10, 3.5, 10.5, 3.75], "texture": "#0"},
				"east": {"uv": [4, 10, 4.5, 10.25], "texture": "#0"},
				"south": {"uv": [10, 4, 10.5, 4.25], "texture": "#0"},
				"west": {"uv": [4.5, 10, 5, 10.25], "texture": "#0"},
				"up": {"uv": [4.5, 9, 4, 8.5], "texture": "#0"},
				"down": {"uv": [9, 6.5, 8.5, 7], "texture": "#0"}
			}
		},
		{
			"from": [3, 4, 6.25],
			"to": [4, 6.75, 7.25],
			"rotation": {"angle": 45, "axis": "x", "origin": [2.75, 4.5, 6.25]},
			"faces": {
				"north": {"uv": [9, 4.5, 9.5, 6], "texture": "#0"},
				"east": {"uv": [5, 9, 5.5, 10.5], "texture": "#0"},
				"south": {"uv": [5.5, 9, 6, 10.5], "texture": "#0"},
				"west": {"uv": [6, 9, 6.5, 10.5], "texture": "#0"},
				"up": {"uv": [10, 6, 9.5, 5.5], "texture": "#0"},
				"down": {"uv": [10, 6, 9.5, 6.5], "texture": "#0"}
			}
		},
		{
			"from": [8.35, 4, 6.25],
			"to": [9.35, 6.75, 7.25],
			"rotation": {"angle": 45, "axis": "x", "origin": [8.1, 4.5, 6.25]},
			"faces": {
				"north": {"uv": [6.5, 9, 7, 10.5], "texture": "#0"},
				"east": {"uv": [7, 9, 7.5, 10.5], "texture": "#0"},
				"south": {"uv": [3, 9.5, 3.5, 11], "texture": "#0"},
				"west": {"uv": [3.5, 9.5, 4, 11], "texture": "#0"},
				"up": {"uv": [10, 7, 9.5, 6.5], "texture": "#0"},
				"down": {"uv": [8, 9.5, 7.5, 10], "texture": "#0"}
			}
		}
	],
	"display": {
		"thirdperson_righthand": {
			"rotation": [83, 28, 0],
			"translation": [0.25, 1.25, 4.25],
			"scale": [0.75, 0.75, 0.75]
		},
		"thirdperson_lefthand": {
			"rotation": [83, 28, 0],
			"translation": [-1, 0.25, 4.25],
			"scale": [0.75, 0.75, 0.75]
		},
		"firstperson_righthand": {
			"rotation": [0, 113, 0],
			"translation": [1.5, 5.5, 0]
		},
		"firstperson_lefthand": {
			"rotation": [0, 113, 0],
			"translation": [1.5, 5.5, 3.25]
		},
		"ground": {
			"translation": [0, 4.5, 0]
		},
		"gui": {
			"rotation": [0, -144, 0],
			"translation": [-1.25, 3.25, 0]
		},
		"head": {
			"translation": [2, 14.25, -1.5]
		},
		"fixed": {
			"rotation": [-90, 0, 0],
			"translation": [7.25, 0, -32],
			"scale": [4, 4, 4]
		}
	}
}