{
	"credit": "Made with Blockbench",
	"ambientocclusion": false,
	"texture_size": [32, 32],
	"textures": {
		"2": "custom/hacke/axt"
	},
	"elements": [
		{
			"name": "hielo de ...",
			"from": [-7.1, 14.6, 7.79],
			"to": [-6.4, 15.3, 8.21],
			"rotation": {"angle": -45, "axis": "z", "origin": [8, 8, 8]},
			"faces": {
				"north": {"uv": [11.5, 5.5, 11.75, 5.75], "texture": "#2"},
				"east": {"uv": [6, 11.5, 6.25, 11.75], "texture": "#2"},
				"south": {"uv": [11.5, 6, 11.75, 6.25], "texture": "#2"},
				"west": {"uv": [6.5, 11.5, 6.75, 11.75], "texture": "#2"},
				"up": {"uv": [11.75, 6.75, 11.5, 6.5], "texture": "#2"},
				"down": {"uv": [7.25, 11.5, 7, 11.75], "texture": "#2"}
			}
		},
		{
			"name": "hielo del ... 2",
			"from": [2, 20.2, 7.8],
			"to": [3, 23.3, 8.2],
			"faces": {
				"north": {"uv": [5.5, 7, 6, 8.5], "texture": "#2"},
				"east": {"uv": [0.5, 10, 0.75, 11.5], "texture": "#2"},
				"south": {"uv": [6.5, 7, 7, 8.5], "texture": "#2"},
				"west": {"uv": [2, 10, 2.25, 11.5], "texture": "#2"},
				"up": {"uv": [11.5, 8.75, 11, 8.5], "texture": "#2"},
				"down": {"uv": [11.5, 9.5, 11, 9.75], "texture": "#2"}
			}
		},
		{
			"name": "hielo del ... 3",
			"from": [7.1, 18.7, 7.79],
			"to": [8.1, 21.6, 8.21],
			"rotation": {"angle": 22.5, "axis": "z", "origin": [8, 8, 8]},
			"faces": {
				"north": {"uv": [7, 7, 7.5, 8.5], "texture": "#2"},
				"east": {"uv": [2.5, 10, 2.75, 11.5], "texture": "#2"},
				"south": {"uv": [0, 7.5, 0.5, 9], "texture": "#2"},
				"west": {"uv": [4, 10, 4.25, 11.5], "texture": "#2"},
				"up": {"uv": [11.5, 10.25, 11, 10], "texture": "#2"},
				"down": {"uv": [11, 11, 10.5, 11.25], "texture": "#2"}
			}
		},
		{
			"name": "hielo del ... 4",
			"from": [-2.3, 11.3, 7.78],
			"to": [-1.3, 12.4, 8.2],
			"rotation": {"angle": -45, "axis": "z", "origin": [8, 8, 8]},
			"faces": {
				"north": {"uv": [7.5, 2.5, 8, 3], "texture": "#2"},
				"east": {"uv": [11, 11, 11.25, 11.5], "texture": "#2"},
				"south": {"uv": [5, 8, 5.5, 8.5], "texture": "#2"},
				"west": {"uv": [0.5, 11.5, 0.75, 12], "texture": "#2"},
				"up": {"uv": [12, 0.75, 11.5, 0.5], "texture": "#2"},
				"down": {"uv": [1.5, 11.5, 1, 11.75], "texture": "#2"}
			}
		},
		{
			"name": "hielo del ... 5",
			"from": [3.7, 17.5, 7.81],
			"to": [4.5, 18.3, 8.19],
			"faces": {
				"north": {"uv": [6, 8, 6.5, 8.5], "texture": "#2"},
				"east": {"uv": [11.5, 1, 11.75, 1.5], "texture": "#2"},
				"south": {"uv": [7, 8.5, 7.5, 9], "texture": "#2"},
				"west": {"uv": [1.5, 11.5, 1.75, 12], "texture": "#2"},
				"up": {"uv": [12, 1.75, 11.5, 1.5], "texture": "#2"},
				"down": {"uv": [2.5, 11.5, 2, 11.75], "texture": "#2"}
			}
		},
		{
			"name": "Element",
			"from": [8.1, 19.45, 7.79],
			"to": [9.1, 21.6, 8.21],
			"rotation": {"angle": 22.5, "axis": "z", "origin": [8, 8, 8]},
			"faces": {
				"north": {"uv": [9.5, 6, 10, 7], "texture": "#2"},
				"east": {"uv": [11, 0.5, 11.25, 1.5], "texture": "#2"},
				"south": {"uv": [9.5, 7, 10, 8], "texture": "#2"},
				"west": {"uv": [11, 2.5, 11.25, 3.5], "texture": "#2"},
				"up": {"uv": [12, 2.25, 11.5, 2], "texture": "#2"},
				"down": {"uv": [3, 11.5, 2.5, 11.75], "texture": "#2"}
			}
		},
		{
			"name": "Element",
			"from": [-4, 13.5, 7.81],
			"to": [-2.5, 17.2, 8.19],
			"rotation": {"angle": -45, "axis": "z", "origin": [8, 8, 8]},
			"faces": {
				"north": {"uv": [5, 5, 5.75, 6.75], "texture": "#2"},
				"east": {"uv": [0, 10, 0.25, 11.75], "texture": "#2"},
				"south": {"uv": [2, 5.5, 2.75, 7.25], "texture": "#2"},
				"west": {"uv": [10, 0, 10.25, 1.75], "texture": "#2"},
				"up": {"uv": [11.75, 7.75, 11, 7.5], "texture": "#2"},
				"down": {"uv": [11.75, 8, 11, 8.25], "texture": "#2"}
			}
		},
		{
			"name": "Element",
			"from": [3.7, 18.3, 7.8],
			"to": [4.7, 21.1, 8.2],
			"faces": {
				"north": {"uv": [0.5, 7.5, 1, 9], "texture": "#2"},
				"east": {"uv": [4.5, 10, 4.75, 11.5], "texture": "#2"},
				"south": {"uv": [7.5, 1, 8, 2.5], "texture": "#2"},
				"west": {"uv": [10, 6, 10.25, 7.5], "texture": "#2"},
				"up": {"uv": [12, 2.75, 11.5, 2.5], "texture": "#2"},
				"down": {"uv": [3.5, 11.5, 3, 11.75], "texture": "#2"}
			}
		},
		{
			"name": "Element",
			"from": [3, 20.2, 7.78],
			"to": [5, 23.3, 8.22],
			"faces": {
				"north": {"uv": [3, 4.5, 4, 6], "texture": "#2"},
				"east": {"uv": [7, 10, 7.25, 11.5], "texture": "#2"},
				"south": {"uv": [5, 0, 6, 1.5], "texture": "#2"},
				"west": {"uv": [7.5, 10, 7.75, 11.5], "texture": "#2"},
				"up": {"uv": [12, 3.75, 11, 3.5], "texture": "#2"},
				"down": {"uv": [12, 4, 11, 4.25], "texture": "#2"}
			}
		},
		{
			"name": "Element",
			"from": [5, 21.9, 7.5],
			"to": [6.7, 23.2, 8.5],
			"faces": {
				"north": {"uv": [0, 9, 0.75, 9.75], "texture": "#2"},
				"east": {"uv": [10, 2, 10.5, 2.75], "texture": "#2"},
				"south": {"uv": [9, 0, 9.75, 0.75], "texture": "#2"},
				"west": {"uv": [8, 10, 8.5, 10.75], "texture": "#2"},
				"up": {"uv": [10.75, 8, 10, 7.5], "texture": "#2"},
				"down": {"uv": [9.25, 10, 8.5, 10.5], "texture": "#2"}
			}
		},
		{
			"name": "Element",
			"from": [10.6, 22.3, 7.7],
			"to": [11.6, 23.3, 8.3],
			"faces": {
				"north": {"uv": [11, 4.5, 11.5, 5], "texture": "#2"},
				"east": {"uv": [11.5, 3, 11.75, 3.5], "texture": "#2"},
				"south": {"uv": [11, 5, 11.5, 5.5], "texture": "#2"},
				"west": {"uv": [3.5, 11.5, 3.75, 12], "texture": "#2"},
				"up": {"uv": [4.5, 11.75, 4, 11.5], "texture": "#2"},
				"down": {"uv": [5, 11.5, 4.5, 11.75], "texture": "#2"}
			}
		},
		{
			"name": "Element",
			"from": [15.4, 18.8, 7.7],
			"to": [16.3, 20.4, 8.3],
			"rotation": {"angle": 22.5, "axis": "z", "origin": [8, 8, 8]},
			"faces": {
				"north": {"uv": [10, 9, 10.5, 9.75], "texture": "#2"},
				"east": {"uv": [8, 11, 8.25, 11.75], "texture": "#2"},
				"south": {"uv": [9.5, 10, 10, 10.75], "texture": "#2"},
				"west": {"uv": [9.5, 11, 9.75, 11.75], "texture": "#2"},
				"up": {"uv": [12, 4.75, 11.5, 4.5], "texture": "#2"},
				"down": {"uv": [5.5, 11.5, 5, 11.75], "texture": "#2"}
			}
		},
		{
			"name": "Element",
			"from": [5.4, 20.8, 7.8],
			"to": [6.4, 23.7, 8.2],
			"rotation": {"angle": -22.5, "axis": "z", "origin": [8, 8, 8]},
			"faces": {
				"north": {"uv": [2, 7.5, 2.5, 9], "texture": "#2"},
				"east": {"uv": [10, 10, 10.25, 11.5], "texture": "#2"},
				"south": {"uv": [2.5, 7.5, 3, 9], "texture": "#2"},
				"west": {"uv": [10.5, 0, 10.75, 1.5], "texture": "#2"},
				"up": {"uv": [12, 5.25, 11.5, 5], "texture": "#2"},
				"down": {"uv": [6, 11.5, 5.5, 11.75], "texture": "#2"}
			}
		},
		{
			"name": "Element",
			"from": [9.2, 21.9, 7.5],
			"to": [10.9, 23.2, 8.5],
			"faces": {
				"north": {"uv": [9, 1, 9.75, 1.75], "texture": "#2"},
				"east": {"uv": [1, 10.5, 1.5, 11.25], "texture": "#2"},
				"south": {"uv": [2, 9, 2.75, 9.75], "texture": "#2"},
				"west": {"uv": [1.5, 10.5, 2, 11.25], "texture": "#2"},
				"up": {"uv": [11.25, 2, 10.5, 1.5], "texture": "#2"},
				"down": {"uv": [11.25, 2, 10.5, 2.5], "texture": "#2"}
			}
		},
		{
			"name": "Element",
			"from": [6.6, 21.6, 7.2],
			"to": [9.3, 23.3, 8.8],
			"faces": {
				"north": {"uv": [7, 3, 8.25, 3.75], "texture": "#2"},
				"east": {"uv": [9, 2, 9.75, 2.75], "texture": "#2"},
				"south": {"uv": [4, 7, 5.25, 7.75], "texture": "#2"},
				"west": {"uv": [4, 9, 4.75, 9.75], "texture": "#2"},
				"up": {"uv": [8.25, 4.75, 7, 4], "texture": "#2"},
				"down": {"uv": [8.25, 5, 7, 5.75], "texture": "#2"}
			}
		},
		{
			"name": "mango",
			"from": [7.1, 17.7, 7.4],
			"to": [8.9, 21.6, 8.6],
			"rotation": {"angle": 0, "axis": "y", "origin": [8.2, 9.1, 8]},
			"faces": {
				"north": {"uv": [3, 0, 4, 2], "texture": "#2"},
				"east": {"uv": [6, 6, 6.5, 8], "texture": "#2"},
				"south": {"uv": [1, 3, 2, 5], "texture": "#2"},
				"west": {"uv": [1, 6.5, 1.5, 8.5], "texture": "#2"},
				"up": {"uv": [10.5, 8.5, 9.5, 8], "texture": "#2"},
				"down": {"uv": [10.5, 8.5, 9.5, 9], "texture": "#2"}
			}
		},
		{
			"name": "Element",
			"from": [9.92, 18.26, 7.51],
			"to": [10.82, 19.86, 8.49],
			"rotation": {"angle": 22.5, "axis": "z", "origin": [14.1, 11.8, 8]},
			"faces": {
				"north": {"uv": [10.5, 2.5, 11, 3.25], "texture": "#2"},
				"east": {"uv": [3, 10.5, 3.5, 11.25], "texture": "#2"},
				"south": {"uv": [3.5, 10.5, 4, 11.25], "texture": "#2"},
				"west": {"uv": [10.5, 3.5, 11, 4.25], "texture": "#2"},
				"up": {"uv": [6, 11.5, 5.5, 11], "texture": "#2"},
				"down": {"uv": [6.5, 11, 6, 11.5], "texture": "#2"}
			}
		},
		{
			"name": "Element",
			"from": [7.7, 15.3, 7.3],
			"to": [9.4, 17.3, 8.7],
			"rotation": {"angle": 0, "axis": "y", "origin": [9.3, 9.8, 8]},
			"faces": {
				"north": {"uv": [3, 7.5, 3.75, 8.5], "texture": "#2"},
				"east": {"uv": [7.5, 6, 8.25, 7], "texture": "#2"},
				"south": {"uv": [7.5, 7, 8.25, 8], "texture": "#2"},
				"west": {"uv": [8, 0, 8.75, 1], "texture": "#2"},
				"up": {"uv": [7.75, 9.75, 7, 9], "texture": "#2"},
				"down": {"uv": [8.75, 9, 8, 9.75], "texture": "#2"}
			}
		},
		{
			"name": "Element",
			"from": [8, 3.3, 7.3],
			"to": [9.6, 8.3, 8.7],
			"rotation": {"angle": 0, "axis": "y", "origin": [8.6, 9.8, 8]},
			"faces": {
				"north": {"uv": [2, 3, 2.75, 5.5], "texture": "#2"},
				"east": {"uv": [3, 2, 3.75, 4.5], "texture": "#2"},
				"south": {"uv": [4, 0, 4.75, 2.5], "texture": "#2"},
				"west": {"uv": [4, 2.5, 4.75, 5], "texture": "#2"},
				"up": {"uv": [9.75, 9.75, 9, 9], "texture": "#2"},
				"down": {"uv": [1.75, 9.5, 1, 10.25], "texture": "#2"}
			}
		},
		{
			"name": "Element",
			"from": [10.4, 18.8, 7.5],
			"to": [11.9, 20.1, 8.5],
			"rotation": {"angle": 22.5, "axis": "z", "origin": [14.3, 11.8, 8]},
			"faces": {
				"north": {"uv": [3, 9.5, 3.75, 10.25], "texture": "#2"},
				"east": {"uv": [10.5, 4.5, 11, 5.25], "texture": "#2"},
				"south": {"uv": [9.5, 3, 10.25, 3.75], "texture": "#2"},
				"west": {"uv": [5, 10.5, 5.5, 11.25], "texture": "#2"},
				"up": {"uv": [6.25, 11, 5.5, 10.5], "texture": "#2"},
				"down": {"uv": [11.25, 5.5, 10.5, 6], "texture": "#2"}
			}
		},
		{
			"name": "Element",
			"from": [10.1, 2.6, 7.29],
			"to": [12, 4.2, 8.71],
			"rotation": {"angle": -22.5, "axis": "z", "origin": [8.6, 9.8, 8]},
			"faces": {
				"north": {"uv": [8, 1, 9, 1.75], "texture": "#2"},
				"east": {"uv": [9.5, 4, 10.25, 4.75], "texture": "#2"},
				"south": {"uv": [8, 2, 9, 2.75], "texture": "#2"},
				"west": {"uv": [5, 9.5, 5.75, 10.25], "texture": "#2"},
				"up": {"uv": [5, 8.75, 4, 8], "texture": "#2"},
				"down": {"uv": [8.5, 8, 7.5, 8.75], "texture": "#2"}
			}
		},
		{
			"name": "Element",
			"from": [6.8, 6.2, 7.31],
			"to": [7.7, 7.8, 8.69],
			"rotation": {"angle": 22.5, "axis": "z", "origin": [8.6, 9.8, 8]},
			"faces": {
				"north": {"uv": [10.5, 6, 11, 6.75], "texture": "#2"},
				"east": {"uv": [9.5, 5, 10.25, 5.75], "texture": "#2"},
				"south": {"uv": [6.5, 10.5, 7, 11.25], "texture": "#2"},
				"west": {"uv": [6, 9.5, 6.75, 10.25], "texture": "#2"},
				"up": {"uv": [11, 8.75, 10.5, 8], "texture": "#2"},
				"down": {"uv": [9, 10.5, 8.5, 11.25], "texture": "#2"}
			}
		},
		{
			"name": "Element",
			"from": [10.1, 4.2, 7.29],
			"to": [11, 5.1, 8.71],
			"rotation": {"angle": -22.5, "axis": "z", "origin": [8.6, 9.8, 8]},
			"faces": {
				"north": {"uv": [11, 6, 11.5, 6.5], "texture": "#2"},
				"east": {"uv": [10.5, 7, 11.25, 7.5], "texture": "#2"},
				"south": {"uv": [11, 6.5, 11.5, 7], "texture": "#2"},
				"west": {"uv": [10.5, 9, 11.25, 9.5], "texture": "#2"},
				"up": {"uv": [9.5, 11.25, 9, 10.5], "texture": "#2"},
				"down": {"uv": [11, 9.5, 10.5, 10.25], "texture": "#2"}
			}
		},
		{
			"name": "Element",
			"from": [7.69, 8.3, 7.3],
			"to": [9.5, 10.4, 8.7],
			"rotation": {"angle": 0, "axis": "y", "origin": [8.7, 9.8, 8]},
			"faces": {
				"north": {"uv": [6.5, 6, 7.5, 7], "texture": "#2"},
				"east": {"uv": [1, 8.5, 1.75, 9.5], "texture": "#2"},
				"south": {"uv": [7, 0, 8, 1], "texture": "#2"},
				"west": {"uv": [3, 8.5, 3.75, 9.5], "texture": "#2"},
				"up": {"uv": [9.5, 3.75, 8.5, 3], "texture": "#2"},
				"down": {"uv": [9.5, 4, 8.5, 4.75], "texture": "#2"}
			}
		},
		{
			"name": "Element",
			"from": [7.6, 8.9, 7.2],
			"to": [9.6, 14.2, 8.8],
			"rotation": {"angle": 0, "axis": "y", "origin": [8.7, 11.8, 8]},
			"faces": {
				"north": {"uv": [0, 0, 1, 2.75], "texture": "#2"},
				"east": {"uv": [2, 0, 2.75, 2.75], "texture": "#2"},
				"south": {"uv": [1, 0, 2, 2.75], "texture": "#2"},
				"west": {"uv": [0, 3, 0.75, 5.75], "texture": "#2"},
				"up": {"uv": [6, 9.25, 5, 8.5], "texture": "#2"},
				"down": {"uv": [9.5, 5, 8.5, 5.75], "texture": "#2"}
			}
		},
		{
			"name": "Element",
			"from": [7.7, 12.4, 7.3],
			"to": [9.5, 15.3, 8.7],
			"rotation": {"angle": 0, "axis": "y", "origin": [9.3, 9.8, 8]},
			"faces": {
				"north": {"uv": [1, 5, 2, 6.5], "texture": "#2"},
				"east": {"uv": [6, 3, 6.75, 4.5], "texture": "#2"},
				"south": {"uv": [5, 1.5, 6, 3], "texture": "#2"},
				"west": {"uv": [6, 4.5, 6.75, 6], "texture": "#2"},
				"up": {"uv": [7, 9.25, 6, 8.5], "texture": "#2"},
				"down": {"uv": [9.5, 6, 8.5, 6.75], "texture": "#2"}
			}
		},
		{
			"name": "Element",
			"from": [7.7, 7.3, 7.4],
			"to": [9.3, 11.3, 8.6],
			"rotation": {"angle": 0, "axis": "y", "origin": [8.6, 9.8, 8]},
			"faces": {
				"north": {"uv": [5, 3, 5.75, 5], "texture": "#2"},
				"east": {"uv": [1.5, 6.5, 2, 8.5], "texture": "#2"},
				"south": {"uv": [4, 5, 4.75, 7], "texture": "#2"},
				"west": {"uv": [7, 1, 7.5, 3], "texture": "#2"},
				"up": {"uv": [11.25, 11, 10.5, 10.5], "texture": "#2"},
				"down": {"uv": [11.75, 0, 11, 0.5], "texture": "#2"}
			}
		}
	],
	"display": {
		"thirdperson_righthand": {
			"rotation": [0, -90, 0],
			"translation": [0.1, -3.45, 0.9],
			"scale": [1.1, 0.72305, 1.1]
		},
		"thirdperson_lefthand": {
			"rotation": [16, 91, 0],
			"translation": [0, -5, 1],
			"scale": [1.2, 0.83281, 1.2]
		},
		"firstperson_righthand": {
			"rotation": [0, -87, 7],
			"translation": [0, -4.25, 1.5],
			"scale": [1.2, 1.2, 1.2]
		},
		"firstperson_lefthand": {
			"rotation": [0, 95, 4],
			"translation": [0, -6, 1.5],
			"scale": [1.2, 1.2, 1.2]
		},
		"ground": {
			"translation": [0, -1, 0],
			"scale": [0.4, 0.4, 0.4]
		},
		"gui": {
			"rotation": [0, -180, 31],
			"translation": [-2.5, -2.75, -1],
			"scale": [0.7, 0.7, 0.7]
		},
		"head": {
			"rotation": [0, 0, 135],
			"translation": [6.5, -10.5, 4.25],
			"scale": [1.5, 1.5, 1.5]
		},
		"fixed": {
			"rotation": [0, 0, 45],
			"translation": [4.25, -3.75, -1],
			"scale": [0.8, 0.8, 0.8]
		}
	},
	"groups": [
		{
			"name": "leviathan axe",
			"origin": [8, 8, 8],
			"color": 0,
			"children": [
				{
					"name": "cabeza",
					"origin": [8, 8, 8],
					"color": 0,
					"children": [
						{
							"name": "hielo",
							"origin": [8, 8, 8],
							"color": 0,
							"children": [0, 1, 2, 3, 4]
						},
						5,
						6,
						7,
						8,
						9,
						10,
						11,
						12,
						13,
						14
					]
				},
				{
					"name": "mango",
					"origin": [8, 8, 8],
					"color": 0,
					"children": [15, 16, 17, 18, 19, 20, 21, 22, 23, 24, 25, 26]
				}
			]
		}
	]
}