{
	"credit": "MadewithBlockbench",
	"texture_size": [24, 24],
	"textures": {
		"0": "custom/hacke/bone_hoe",
		"particle": "custom/hacke/bone_hoe"
	},
	"elements": [
		{
			"from": [7.5, 0, 7.5],
			"to": [8.5, 12, 8.5],
			"rotation": {"angle": 0, "axis": "y", "origin": [7.5, 0, 7.5]},
			"faces": {
				"north": {"uv": [0, 4.66667, 0.66667, 12], "texture": "#0"},
				"east": {"uv": [0.66667, 4.66667, 0, 12], "texture": "#0"},
				"south": {"uv": [0, 4.66667, 0.66667, 12], "texture": "#0"},
				"west": {"uv": [0.66667, 4.66667, 0, 12], "texture": "#0"},
				"up": {"uv": [0.66667, 4.66667, 0, 4], "texture": "#0"},
				"down": {"uv": [0.66667, 4, 0, 4.66667], "texture": "#0"}
			}
		},
		{
			"from": [7.4, 7.5, 7.4],
			"to": [8.6, 11, 8.6],
			"rotation": {"angle": 0, "axis": "y", "origin": [7.5, 8, 7.5]},
			"faces": {
				"north": {"uv": [4.66667, 0, 5.33333, 2.33333], "texture": "#0"},
				"east": {"uv": [5.33333, 0, 4.66667, 2.33333], "texture": "#0"},
				"south": {"uv": [4.66667, 0, 5.33333, 2.33333], "texture": "#0"},
				"west": {"uv": [5.33333, 0, 4.66667, 2.33333], "texture": "#0"},
				"up": {"uv": [4.66667, 3, 4, 2.33333], "texture": "#0"},
				"down": {"uv": [4, 2.33333, 3.33333, 3], "texture": "#0"}
			}
		},
		{
			"from": [5.6, 10.19914, 2.74022],
			"to": [10.4, 10.19914, 8.44022],
			"rotation": {"angle": 0, "axis": "x", "origin": [8, 9.44914, 5.71522]},
			"faces": {
				"north": {"uv": [0, 0, 3.33333, 0], "texture": "#0"},
				"east": {"uv": [0, 0, 3.66667, 0], "texture": "#0"},
				"south": {"uv": [0, 0, 3.33333, 0], "texture": "#0"},
				"west": {"uv": [0, 0, 3.66667, 0], "texture": "#0"},
				"up": {"uv": [3.33333, 3.66667, 0, 0], "texture": "#0"},
				"down": {"uv": [3.33333, 0, 0, 3.66667], "texture": "#0"}
			}
		}
	],
	"gui_light": "front",
	"display": {
		"thirdperson_righthand": {
			"translation": [0, 6, 1.75],
			"scale": [1.47, 1.47, 1.47]
		},
		"thirdperson_lefthand": {
			"translation": [0, 6, 1.75],
			"scale": [1.47, 1.47, 1.47]
		},
		"firstperson_righthand": {
			"rotation": [-12, 0, -8],
			"translation": [2.75, 6.5, 0.5],
			"scale": [1, 1, 1.25]
		},
		"firstperson_lefthand": {
			"rotation": [-12, 0, -8],
			"translation": [2.75, 6.5, 0.5],
			"scale": [1, 1, 1.25]
		},
		"ground": {
			"rotation": [90, 90, 0],
			"translation": [0, -1.25, 2.5]
		},
		"gui": {
			"rotation": [-90, 45, 90],
			"translation": [-1.75, 2, 0],
			"scale": [1.22, 1.22, 1.22]
		},
		"head": {
			"scale": [0, 0, 0]
		},
		"fixed": {
			"rotation": [0, -90, 0],
			"translation": [0, 6.75, -1.25],
			"scale": [2.31, 2.31, 2.31]
		}
	},
	"groups": [
		{
			"name": "group",
			"origin": [8, 8, 8],
			"color": 0,
			"children": [0, 1, 2]
		}
	]
}