{
	"credit": "MadewithBlockbench",
	"textures": {
		"0": "custom/hacke/bone_pickaxe",
		"particle": "custom/hacke/bone_pickaxe"
	},
	"elements": [
		{
			"from": [7.35, 7.1, 7.4],
			"to": [8.65, 9.9, 8.6],
			"rotation": {"angle": 0, "axis": "y", "origin": [7.5, 0, 7.5]},
			"faces": {
				"north": {"uv": [16, 12, 14.5, 15], "texture": "#0"},
				"east": {"uv": [14.5, 13, 13.5, 16], "texture": "#0"},
				"south": {"uv": [14.5, 12, 16, 15], "texture": "#0"},
				"west": {"uv": [13.5, 13, 14.5, 16], "texture": "#0"},
				"up": {"uv": [10.5, 10, 9, 9], "texture": "#0"},
				"down": {"uv": [16, 15, 14.5, 16], "texture": "#0"}
			}
		},
		{
			"from": [7.45, 7.7, 5.9],
			"to": [8.55, 9, 7.5],
			"rotation": {"angle": 22.5, "axis": "x", "origin": [8, 7.975, 8]},
			"faces": {
				"north": {"uv": [10, 1, 11, 2.5], "texture": "#0"},
				"east": {"uv": [9, 3, 10.5, 4.5], "texture": "#0"},
				"south": {"uv": [9, 10, 10, 11.5], "texture": "#0"},
				"west": {"uv": [9, 5, 10.5, 6.5], "texture": "#0"},
				"up": {"uv": [11, 11.5, 10, 10], "texture": "#0"},
				"down": {"uv": [1, 11, 0, 12.5], "texture": "#0"}
			}
		},
		{
			"from": [7.5, 8.16894, 4.16174],
			"to": [8.5, 9.46894, 6.76174],
			"rotation": {"angle": -22.5, "axis": "x", "origin": [8, 8.81894, 5.96174]},
			"faces": {
				"north": {"uv": [5, 11, 6, 12.5], "texture": "#0"},
				"east": {"uv": [4, 6, 6.5, 7.5], "texture": "#0"},
				"south": {"uv": [11, 5, 12, 6.5], "texture": "#0"},
				"west": {"uv": [6, 4, 8.5, 5.5], "texture": "#0"},
				"up": {"uv": [9, 8.5, 8, 6], "texture": "#0"},
				"down": {"uv": [10, 0, 9, 2.5], "texture": "#0"}
			}
		},
		{
			"from": [7.5, 8.16894, 9.23826],
			"to": [8.5, 9.46894, 11.83826],
			"rotation": {"angle": 22.5, "axis": "x", "origin": [8, 8.81894, 10.03826]},
			"faces": {
				"north": {"uv": [12, 5, 11, 6.5], "texture": "#0"},
				"east": {"uv": [6.5, 6, 4, 7.5], "texture": "#0"},
				"south": {"uv": [6, 11, 5, 12.5], "texture": "#0"},
				"west": {"uv": [8.5, 4, 6, 5.5], "texture": "#0"},
				"up": {"uv": [9, 6, 8, 8.5], "texture": "#0"},
				"down": {"uv": [10, 2.5, 9, 0], "texture": "#0"}
			}
		},
		{
			"from": [7.45, 7.7, 8.5],
			"to": [8.55, 9, 10.1],
			"rotation": {"angle": -22.5, "axis": "x", "origin": [8, 7.975, 8]},
			"faces": {
				"north": {"uv": [10, 10, 9, 11.5], "texture": "#0"},
				"east": {"uv": [10.5, 3, 9, 4.5], "texture": "#0"},
				"south": {"uv": [11, 1, 10, 2.5], "texture": "#0"},
				"west": {"uv": [10.5, 5, 9, 6.5], "texture": "#0"},
				"up": {"uv": [11, 10, 10, 11.5], "texture": "#0"},
				"down": {"uv": [1, 12.5, 0, 11], "texture": "#0"}
			}
		},
		{
			"from": [7.5, 0, 7.5],
			"to": [8.5, 11, 8.5],
			"rotation": {"angle": 0, "axis": "y", "origin": [7.5, 0, 7.5]},
			"faces": {
				"north": {"uv": [0, 0, 1, 11], "texture": "#0"},
				"east": {"uv": [1, 0, 2, 11], "texture": "#0"},
				"south": {"uv": [2, 0, 1, 11], "texture": "#0"},
				"west": {"uv": [1, 0, 0, 11], "texture": "#0"},
				"up": {"uv": [7, 12, 6, 11], "texture": "#0"},
				"down": {"uv": [8, 11, 7, 12], "texture": "#0"}
			}
		}
	],
	"gui_light": "front",
	"display": {
		"thirdperson_righthand": {
			"translation": [0, 6, 1.75],
			"scale": [1.47, 1.47, 1.47]
		},
		"thirdperson_lefthand": {
			"translation": [0, 6, 1.75],
			"scale": [1.47, 1.47, 1.47]
		},
		"firstperson_righthand": {
			"rotation": [-12, 0, 0],
			"translation": [1.75, 6, -0.75],
			"scale": [1, 1, 1.25]
		},
		"firstperson_lefthand": {
			"rotation": [-12, 0, 0],
			"translation": [1.75, 6, -0.75],
			"scale": [1, 1, 1.25]
		},
		"ground": {
			"rotation": [90, 90, 0],
			"translation": [0, -1.25, 3]
		},
		"gui": {
			"rotation": [-90, 45, 90],
			"translation": [-1.75, 2, 0],
			"scale": [1.22, 1.22, 1.22]
		},
		"head": {
			"scale": [0, 0, 0]
		},
		"fixed": {
			"rotation": [0, -90, 0],
			"translation": [0, 6.75, -1.25],
			"scale": [2.31, 2.31, 2.31]
		}
	},
	"groups": [
		{
			"name": "group",
			"origin": [8, 8, 8],
			"color": 0,
			"children": [0, 1, 2, 3, 4, 5]
		}
	]
}