{
	"credit": "Made with Blockbench",
	"texture_size": [64, 64],
	"textures": {
		"2": "custom/hacke/farmerhacke",
		"particle": "custom/hacke/farmerhacke"
	},
	"elements": [
		{
			"from": [14.5, 24.1, 7],
			"to": [18.5, 27.1, 9],
			"rotation": {"angle": -22.5, "axis": "z", "origin": [14.5, 26.1, 8]},
			"faces": {
				"north": {"uv": [3.5, 0, 4.5, 0.75], "texture": "#2"},
				"east": {"uv": [2, 6.25, 2.5, 7], "texture": "#2"},
				"south": {"uv": [3.5, 0.75, 4.5, 1.5], "texture": "#2"},
				"up": {"uv": [4.5, 2, 3.5, 1.5], "texture": "#2"},
				"down": {"uv": [6.5, 4.25, 5.5, 4.75], "texture": "#2"}
			}
		},
		{
			"from": [17.8, 25.2, 7],
			"to": [21.8, 28.2, 9],
			"rotation": {"angle": -45, "axis": "z", "origin": [14.5, 26.1, 8]},
			"faces": {
				"north": {"uv": [3.5, 0, 4.5, 0.75], "texture": "#2"},
				"east": {"uv": [2, 6.25, 2.5, 7], "texture": "#2"},
				"south": {"uv": [3.5, 0.75, 4.5, 1.5], "texture": "#2"},
				"up": {"uv": [4.5, 2, 3.5, 1.5], "texture": "#2"},
				"down": {"uv": [6.5, 4.25, 5.5, 4.75], "texture": "#2"}
			}
		},
		{
			"from": [-2.5, 24.1, 7],
			"to": [1.5, 27.1, 9],
			"rotation": {"angle": 22.5, "axis": "z", "origin": [1.5, 26.1, 8]},
			"faces": {
				"north": {"uv": [4.5, 4.5, 5.5, 5.25], "texture": "#2"},
				"south": {"uv": [4.75, 3.5, 5.75, 4.25], "texture": "#2"},
				"west": {"uv": [6.5, 0, 7, 0.75], "texture": "#2"},
				"up": {"uv": [6.25, 6.5, 5.25, 6], "texture": "#2"},
				"down": {"uv": [7, 5.25, 6, 5.75], "texture": "#2"}
			}
		},
		{
			"from": [17.5, 24.4, 7],
			"to": [20.5, 28.4, 9],
			"rotation": {"angle": -22.5, "axis": "z", "origin": [1.5, 26.1, 8]},
			"faces": {
				"north": {"uv": [4.5, 4.5, 5.5, 5.25], "rotation": 90, "texture": "#2"},
				"east": {"uv": [7, 5.25, 6, 5.75], "rotation": 270, "texture": "#2"},
				"south": {"uv": [4.75, 3.5, 5.75, 4.25], "rotation": 270, "texture": "#2"},
				"west": {"uv": [6.25, 6.5, 5.25, 6], "rotation": 270, "texture": "#2"},
				"down": {"uv": [6.5, 0, 7, 0.75], "rotation": 270, "texture": "#2"}
			}
		},
		{
			"from": [-4.5, 24.6, 7.25],
			"to": [-2.5, 26.35, 8.75],
			"rotation": {"angle": 22.5, "axis": "z", "origin": [1.5, 26.1, 8]},
			"faces": {
				"north": {"uv": [3.5, 7, 4, 7.4375], "texture": "#2"},
				"south": {"uv": [4, 7, 4.5, 7.4375], "texture": "#2"},
				"west": {"uv": [7.25, 1, 7.625, 1.4375], "texture": "#2"},
				"up": {"uv": [7.5, 5.625, 7, 5.25], "texture": "#2"},
				"down": {"uv": [6, 7, 5.5, 7.375], "texture": "#2"}
			}
		},
		{
			"from": [-6.1, 26.85, 7.25],
			"to": [-4.1, 28.6, 8.75],
			"rotation": {"angle": 45, "axis": "z", "origin": [1.5, 26.1, 8]},
			"faces": {
				"north": {"uv": [4.5, 7, 5, 7.4375], "texture": "#2"},
				"south": {"uv": [5, 7, 5.5, 7.4375], "texture": "#2"},
				"west": {"uv": [7.25, 1.5, 7.625, 1.9375], "texture": "#2"},
				"up": {"uv": [7.5, 6.125, 7, 5.75], "texture": "#2"},
				"down": {"uv": [6.5, 7, 6, 7.375], "texture": "#2"}
			}
		},
		{
			"from": [1, 23.75, 6.5],
			"to": [15, 27.75, 9.5],
			"rotation": {"angle": 0, "axis": "y", "origin": [8, 20.25, 8]},
			"faces": {
				"north": {"uv": [0, 0, 3.5, 1], "texture": "#2"},
				"east": {"uv": [5.25, 0, 6, 1], "texture": "#2"},
				"south": {"uv": [0, 1, 3.5, 2], "texture": "#2"},
				"west": {"uv": [2, 5.25, 2.75, 6.25], "texture": "#2"},
				"up": {"uv": [5.5, 2.75, 2, 2], "texture": "#2"},
				"down": {"uv": [5.5, 2.75, 2, 3.5], "texture": "#2"}
			}
		},
		{
			"from": [7, -1.25, 7],
			"to": [9, 23.75, 9],
			"rotation": {"angle": 0, "axis": "y", "origin": [0, 34.25, 0]},
			"faces": {
				"north": {"uv": [0, 2, 0.5, 8.25], "texture": "#2"},
				"east": {"uv": [0.5, 2, 1, 8.25], "texture": "#2"},
				"south": {"uv": [1, 2, 1.5, 8.25], "texture": "#2"},
				"west": {"uv": [1.5, 2, 2, 8.25], "texture": "#2"},
				"down": {"uv": [6.25, 6.5, 5.75, 7], "texture": "#2"}
			}
		},
		{
			"from": [6.5, 18.75, 6.5],
			"to": [9.5, 20.75, 9.5],
			"rotation": {"angle": 0, "axis": "y", "origin": [8, 35.75, 8]},
			"faces": {
				"north": {"uv": [4.25, 6.5, 5, 7], "texture": "#2"},
				"east": {"uv": [6.5, 4.25, 7.25, 4.75], "texture": "#2"},
				"south": {"uv": [6.5, 4.75, 7.25, 5.25], "texture": "#2"},
				"west": {"uv": [5, 6.5, 5.75, 7], "texture": "#2"},
				"up": {"uv": [4.5, 6, 3.75, 5.25], "texture": "#2"},
				"down": {"uv": [5.25, 5.25, 4.5, 6], "texture": "#2"}
			}
		},
		{
			"from": [6.5, 2.75, 6.5],
			"to": [9.5, 4.75, 9.5],
			"rotation": {"angle": 0, "axis": "y", "origin": [8, 19.75, 8]},
			"faces": {
				"north": {"uv": [6.75, 2, 7.5, 2.5], "texture": "#2"},
				"east": {"uv": [6.75, 3.25, 7.5, 3.75], "texture": "#2"},
				"south": {"uv": [6.75, 3.75, 7.5, 4.25], "texture": "#2"},
				"west": {"uv": [6.75, 6.25, 7.5, 6.75], "texture": "#2"},
				"up": {"uv": [6, 6, 5.25, 5.25], "texture": "#2"},
				"down": {"uv": [6.25, 1, 5.5, 1.75], "texture": "#2"}
			}
		},
		{
			"from": [6.5, -0.25, 6.5],
			"to": [9.5, 1.75, 9.5],
			"rotation": {"angle": 0, "axis": "y", "origin": [8, 16.75, 8]},
			"faces": {
				"north": {"uv": [6.75, 6.75, 7.5, 7.25], "texture": "#2"},
				"east": {"uv": [7, 0, 7.75, 0.5], "texture": "#2"},
				"south": {"uv": [7, 0.5, 7.75, 1], "texture": "#2"},
				"west": {"uv": [2, 7, 2.75, 7.5], "texture": "#2"},
				"up": {"uv": [6.25, 2.5, 5.5, 1.75], "texture": "#2"},
				"down": {"uv": [6.25, 2.5, 5.5, 3.25], "texture": "#2"}
			}
		},
		{
			"from": [6, 21.75, 6.5],
			"to": [10, 23.75, 9.5],
			"rotation": {"angle": 0, "axis": "y", "origin": [8, 35.75, 8]},
			"faces": {
				"north": {"uv": [6.25, 1, 7.25, 1.5], "texture": "#2"},
				"east": {"uv": [7, 2.5, 7.75, 3], "texture": "#2"},
				"south": {"uv": [6.25, 1.5, 7.25, 2], "texture": "#2"},
				"west": {"uv": [2.75, 7, 3.5, 7.5], "texture": "#2"},
				"down": {"uv": [3.75, 5.25, 2.75, 6], "texture": "#2"}
			}
		}
	],
	"gui_light": "front",
	"display": {
		"thirdperson_righthand": {
			"rotation": [20, 91, 0],
			"translation": [0, 0.5, 1.75],
			"scale": [0.5, 0.35, 0.35]
		},
		"thirdperson_lefthand": {
			"rotation": [-10, 90, 0],
			"translation": [0, 5.5, 0.5],
			"scale": [0.7, 0.7, 0.7]
		},
		"firstperson_righthand": {
			"rotation": [11, -97, 32],
			"translation": [2.75, -3, -0.75],
			"scale": [0.6, 0.6, 0.6]
		},
		"firstperson_lefthand": {
			"rotation": [20, 90, 0],
			"translation": [2.75, 2.25, -0.75],
			"scale": [0.6, 0.6, 0.6]
		},
		"ground": {
			"rotation": [0, 0, -45],
			"translation": [0, -0.5, 0],
			"scale": [0.3, 0.3, 0.3]
		},
		"gui": {
			"rotation": [0, 0, -45],
			"translation": [-2.75, -3.5, -0.75],
			"scale": [0.575, 0.575, 0.575]
		},
		"head": {
			"rotation": [0, 0, 45],
			"translation": [14, 3.5, 0.75],
			"scale": [0.6, 0.6, 0.6]
		},
		"fixed": {
			"rotation": [0, -180, -45],
			"translation": [2.25, -2.25, -0.75],
			"scale": [0.55, 0.55, 0.55]
		}
	},
	"groups": [
		{
			"name": "pickaxe",
			"origin": [8, 8, 8],
			"color": 0,
			"children": [0, 1, 2, 3, 4, 5, 6, 7, 8, 9, 10, 11]
		}
	]
}