{
	"credit": "Made with Blockbench",
	"texture_size": [32, 32],
	"textures": {
		"0": "custom/hacke/minerhacke",
		"particle": "custom/hacke/minerhacke"
	},
	"elements": [
		{
			"from": [14.5, 22.1, 7],
			"to": [18.5, 25.1, 9],
			"rotation": {"angle": -22.5, "axis": "z", "origin": [14.5, 24.1, 8]},
			"faces": {
				"north": {"uv": [4, 8, 6, 9.5], "texture": "#0"},
				"east": {"uv": [8, 11.5, 9, 13], "texture": "#0"},
				"south": {"uv": [6, 8, 8, 9.5], "texture": "#0"},
				"up": {"uv": [11, 12, 9, 11], "texture": "#0"},
				"down": {"uv": [13, 10, 11, 11], "texture": "#0"}
			}
		},
		{
			"from": [17.5, 20.85, 7],
			"to": [21.5, 23.85, 9],
			"rotation": {"angle": -22.5, "axis": "z", "origin": [14.5, 24.1, 8]},
			"faces": {
				"north": {"uv": [9, 9.5, 11, 11], "texture": "#0"},
				"east": {"uv": [12.5, 5.5, 13.5, 7], "texture": "#0"},
				"south": {"uv": [10, 7, 12, 8.5], "texture": "#0"},
				"up": {"uv": [14, 1, 12, 0], "texture": "#0"},
				"down": {"uv": [14, 1, 12, 2], "texture": "#0"}
			}
		},
		{
			"from": [-2.5, 22.1, 7],
			"to": [1.5, 25.1, 9],
			"rotation": {"angle": 22.5, "axis": "z", "origin": [1.5, 24.1, 8]},
			"faces": {
				"north": {"uv": [8, 8, 10, 9.5], "texture": "#0"},
				"south": {"uv": [4, 9.5, 6, 11], "texture": "#0"},
				"west": {"uv": [9, 12, 10, 13.5], "texture": "#0"},
				"up": {"uv": [13, 12, 11, 11], "texture": "#0"},
				"down": {"uv": [8, 11.5, 6, 12.5], "texture": "#0"}
			}
		},
		{
			"from": [-5.75, 20.85, 7],
			"to": [-1.75, 23.85, 9],
			"rotation": {"angle": 22.5, "axis": "z", "origin": [1.5, 24.1, 8]},
			"faces": {
				"north": {"uv": [4, 11, 6, 12.5], "texture": "#0"},
				"south": {"uv": [11, 4, 13, 5.5], "texture": "#0"},
				"west": {"uv": [7, 12.5, 8, 14], "texture": "#0"},
				"up": {"uv": [14, 3, 12, 2], "texture": "#0"},
				"down": {"uv": [14, 3, 12, 4], "texture": "#0"}
			}
		},
		{
			"from": [1, 21.75, 6.5],
			"to": [15, 25.75, 9.5],
			"rotation": {"angle": 0, "axis": "y", "origin": [8, 18.25, 8]},
			"faces": {
				"north": {"uv": [0, 0, 7, 2], "texture": "#0"},
				"east": {"uv": [6, 9.5, 7.5, 11.5], "texture": "#0"},
				"south": {"uv": [0, 2, 7, 4], "texture": "#0"},
				"west": {"uv": [7.5, 9.5, 9, 11.5], "texture": "#0"},
				"up": {"uv": [11, 5.5, 4, 4], "texture": "#0"},
				"down": {"uv": [11, 5.5, 4, 7], "texture": "#0"}
			}
		},
		{
			"from": [7, -2.25, 7],
			"to": [9, 21.75, 9],
			"rotation": {"angle": 0, "axis": "y", "origin": [0, 32.25, 0]},
			"faces": {
				"north": {"uv": [0, 4, 1, 16], "texture": "#0"},
				"east": {"uv": [1, 4, 2, 16], "texture": "#0"},
				"south": {"uv": [2, 4, 3, 16], "texture": "#0"},
				"west": {"uv": [3, 4, 4, 16], "texture": "#0"},
				"down": {"uv": [10, 7, 9, 8], "texture": "#0"}
			}
		},
		{
			"from": [6.75, -0.25, 6.75],
			"to": [9.25, 1.75, 9.25],
			"rotation": {"angle": 0, "axis": "y", "origin": [8, 16.75, 8]},
			"faces": {
				"north": {"uv": [13, 9.5, 14.25, 10.5], "texture": "#0"},
				"east": {"uv": [10, 13, 11.25, 14], "texture": "#0"},
				"south": {"uv": [13, 10.5, 14.25, 11.5], "texture": "#0"},
				"west": {"uv": [11.5, 13, 12.75, 14], "texture": "#0"},
				"up": {"uv": [13.25, 8.25, 12, 7], "texture": "#0"}
			}
		},
		{
			"from": [6.5, 18.75, 6.5],
			"to": [9.5, 20.75, 9.5],
			"rotation": {"angle": 0, "axis": "y", "origin": [8, 35.75, 8]},
			"faces": {
				"north": {"uv": [10, 12, 11.5, 13], "texture": "#0"},
				"east": {"uv": [11.5, 12, 13, 13], "texture": "#0"},
				"south": {"uv": [4, 12.5, 5.5, 13.5], "texture": "#0"},
				"west": {"uv": [5.5, 12.5, 7, 13.5], "texture": "#0"},
				"up": {"uv": [12.5, 7, 11, 5.5], "texture": "#0"},
				"down": {"uv": [12.5, 8.5, 11, 10], "texture": "#0"}
			}
		},
		{
			"from": [3.25, 25.5, 6.5],
			"to": [12.5, 27.25, 9.5],
			"rotation": {"angle": 0, "axis": "y", "origin": [8, 18.25, 8]},
			"faces": {
				"north": {"uv": [7, 3, 11.625, 3.875], "texture": "#0"},
				"east": {"uv": [12.5, 8.5, 14, 9.375], "texture": "#0"},
				"south": {"uv": [4, 7, 8.625, 7.875], "texture": "#0"},
				"west": {"uv": [13, 4, 14.5, 4.875], "texture": "#0"},
				"up": {"uv": [11.625, 1.5, 7, 0], "texture": "#0"},
				"down": {"uv": [11.625, 1.5, 7, 3], "texture": "#0"}
			}
		}
	],
	"gui_light": "front",
	"display": {
		"thirdperson_righthand": {
			"rotation": [32, -90, 0],
			"translation": [0, 2.5, 4.5],
			"scale": [0.51, 0.51, 0.51]
		},
		"thirdperson_lefthand": {
			"rotation": [-10, 90, 0],
			"translation": [0, 5.5, 0.5],
			"scale": [0.7, 0.7, 0.7]
		},
		"firstperson_righthand": {
			"rotation": [20, -90, 0],
			"translation": [2.75, 2.25, -0.75],
			"scale": [0.6, 0.6, 0.6]
		},
		"firstperson_lefthand": {
			"rotation": [20, 90, 0],
			"translation": [2.75, 2.25, -0.75],
			"scale": [0.6, 0.6, 0.6]
		},
		"ground": {
			"rotation": [0, 0, -45],
			"translation": [0, -1.75, 0],
			"scale": [0.3, 0.3, 0.3]
		},
		"gui": {
			"rotation": [0, 0, -45],
			"translation": [-2, -2.5, -0.75],
			"scale": [0.575, 0.575, 0.575]
		},
		"head": {
			"rotation": [0, 0, 45],
			"translation": [14, 3.5, 0.75],
			"scale": [0.6, 0.6, 0.6]
		},
		"fixed": {
			"rotation": [0, -180, -45],
			"translation": [2.5, -2.25, -0.75],
			"scale": [0.55, 0.55, 0.55]
		}
	},
	"groups": [
		{
			"name": "pickaxe",
			"origin": [8, 8, 8],
			"color": 0,
			"children": [0, 1, 2, 3, 4, 5, 6, 7]
		},
		8
	]
}