{
	"credit": "by w11shes",
	"texture_size": [8, 8],
	"textures": {
		"0": "custom/hacke/demonic_pickaxe",
		"1": "custom/hacke/demonic_particle",
		"particle": "custom/hacke/demonic_pickaxe"
	},
	"elements": [
		{
			"from": [6, 0.7, 6.5],
			"to": [10, 2.7, 9.5],
			"rotation": {"angle": 0, "axis": "y", "origin": [0, 8, 0]},
			"faces": {
				"north": {"uv": [10, 4.5, 12, 5.5], "texture": "#0"},
				"east": {"uv": [7, 11.5, 8.5, 12.5], "texture": "#0"},
				"south": {"uv": [10, 4.5, 12, 5.5], "texture": "#0"},
				"west": {"uv": [7, 11.5, 8.5, 12.5], "texture": "#0"},
				"up": {"uv": [11, 10.5, 9, 9], "texture": "#0"},
				"down": {"uv": [7, 9.5, 5, 11], "texture": "#0"}
			}
		},
		{
			"from": [4.25, -6.05, 8],
			"to": [11.25, 0.95, 8.05],
			"rotation": {"angle": 45, "axis": "z", "origin": [8, -2.3, 8]},
			"faces": {
				"north": {"uv": [0, 3.5, 3.5, 7], "texture": "#0"},
				"south": {"uv": [3.5, 3.5, 0, 7], "texture": "#0"}
			}
		},
		{
			"from": [7, 2.7, 7],
			"to": [9, 11.7, 9],
			"rotation": {"angle": -45, "axis": "y", "origin": [8, -1, 8]},
			"faces": {
				"north": {"uv": [9, 5.5, 8, 10], "texture": "#0"},
				"east": {"uv": [8, 5.5, 9, 10], "texture": "#0"},
				"south": {"uv": [9, 5.5, 8, 10], "texture": "#0"},
				"west": {"uv": [8, 5.5, 9, 10], "texture": "#0"}
			}
		},
		{
			"from": [7, 10.6, 5.5],
			"to": [13, 16.6, 10.5],
			"rotation": {"angle": 45, "axis": "z", "origin": [8, 11.6, 8]},
			"faces": {
				"north": {"uv": [5.5, 0, 8.5, 3], "texture": "#0"},
				"east": {"uv": [0, 7, 2.5, 10], "texture": "#0"},
				"south": {"uv": [8.5, 0, 5.5, 3], "texture": "#0"},
				"west": {"uv": [2.5, 7, 5, 10], "texture": "#0"},
				"up": {"uv": [10, 5.5, 7, 3], "texture": "#0"},
				"down": {"uv": [8, 7, 5, 9.5], "texture": "#0"}
			}
		},
		{
			"from": [15, 15.77157, 10.5],
			"to": [9, 9.77157, 5.5],
			"rotation": {"angle": 45, "axis": "z", "origin": [8, 8.77157, -6]},
			"faces": {
				"north": {"uv": [8.5, 3, 5.5, 0], "texture": "#0"},
				"east": {"uv": [2.5, 10, 5, 7], "texture": "#0"},
				"south": {"uv": [5.5, 3, 8.5, 0], "texture": "#0"},
				"west": {"uv": [0, 10, 2.5, 7], "texture": "#0"},
				"up": {"uv": [5, 7, 8, 9.5], "texture": "#0"},
				"down": {"uv": [7, 5.5, 10, 3], "texture": "#0"}
			}
		},
		{
			"from": [6, 16.6, 6.5],
			"to": [10, 19.6, 9.5],
			"rotation": {"angle": 0, "axis": "y", "origin": [0, 10, 0]},
			"faces": {
				"north": {"uv": [0, 10, 2, 11.5], "texture": "#0"},
				"south": {"uv": [2, 10, 0, 11.5], "texture": "#0"},
				"west": {"uv": [9, 10.5, 10.5, 12], "texture": "#0"}
			}
		},
		{
			"from": [12, 15.6, 6.48],
			"to": [18, 18.6, 9.52],
			"rotation": {"angle": 45, "axis": "z", "origin": [8, 11.6, 8]},
			"faces": {
				"north": {"uv": [8.5, 0, 11.5, 1.5], "texture": "#0"},
				"east": {"uv": [10.5, 10.5, 12, 12], "texture": "#0"},
				"south": {"uv": [11.5, 0, 8.5, 1.5], "texture": "#0"},
				"west": {"uv": [4, 11, 5.5, 12.5], "texture": "#0"},
				"up": {"uv": [11.5, 3, 8.5, 1.5], "texture": "#0"},
				"down": {"uv": [12, 5.5, 9, 7], "texture": "#0"}
			}
		},
		{
			"from": [12, 18.6, 6.48],
			"to": [15, 21.6, 9.52],
			"rotation": {"angle": 45, "axis": "z", "origin": [8, 11.6, 8]},
			"faces": {
				"north": {"uv": [5.5, 11, 7, 12.5], "texture": "#0"},
				"east": {"uv": [11, 7, 12.5, 8.5], "texture": "#0"},
				"south": {"uv": [7, 11, 5.5, 12.5], "texture": "#0"},
				"west": {"uv": [11, 8.5, 12.5, 10], "texture": "#0"},
				"up": {"uv": [1.5, 13, 0, 11.5], "texture": "#0"}
			}
		},
		{
			"from": [4.5, 22.94924, 7.98],
			"to": [11.5, 29.94924, 8.03],
			"rotation": {"angle": 45, "axis": "z", "origin": [8, 26.44924, 8.005]},
			"faces": {
				"north": {"uv": [3.5, 3.5, 7, 7], "texture": "#0"},
				"south": {"uv": [7, 3.5, 3.5, 7], "texture": "#0"}
			}
		},
		{
			"from": [1.87868, 14.54975, 6.48],
			"to": [5.87868, 17.54975, 9.52],
			"rotation": {"angle": -45, "axis": "z", "origin": [5.87868, 16.54975, 5.5]},
			"faces": {
				"north": {"uv": [2, 10, 4, 11.5], "texture": "#0"},
				"south": {"uv": [4, 10, 2, 11.5], "texture": "#0"},
				"west": {"uv": [11.5, 0, 13, 1.5], "texture": "#0"},
				"up": {"uv": [12, 4.5, 10, 3], "texture": "#0"},
				"down": {"uv": [9, 10, 7, 11.5], "texture": "#0"}
			}
		},
		{
			"from": [-0.3, 17, 6.46],
			"to": [2.7, 19, 9.54],
			"faces": {
				"north": {"uv": [12, 3, 13.5, 4], "texture": "#0"},
				"south": {"uv": [13.5, 3, 12, 4], "texture": "#0"},
				"west": {"uv": [12, 4, 13.5, 5], "texture": "#0"},
				"up": {"uv": [3, 13, 1.5, 11.5], "texture": "#0"},
				"down": {"uv": [13, 1.5, 11.5, 3], "texture": "#0"}
			}
		},
		{
			"from": [-5.3, 11, 8],
			"to": [4.7, 18, 8.05],
			"faces": {
				"north": {"uv": [0.5, 0, 5.5, 3.5], "texture": "#0"},
				"south": {"uv": [5.5, 0, 0.5, 3.5], "texture": "#0"}
			}
		},
		{
			"from": [-1.3, 14, 7.5],
			"to": [4.7, 18, 8.5],
			"faces": {
				"north": {"uv": [0.5, 0, 3.5, 2], "texture": "#0"},
				"south": {"uv": [3.5, 0, 0.5, 2], "texture": "#0"},
				"west": {"uv": [3, 0, 3.5, 2], "texture": "#0"},
				"up": {"uv": [3.5, 0, 0.5, 0.5], "texture": "#0"},
				"down": {"uv": [3.5, 1.5, 0.5, 2], "texture": "#0"}
			}
		},
		{
			"from": [11.3, 14, 7.5],
			"to": [17.3, 18, 8.5],
			"rotation": {"angle": 0, "axis": "y", "origin": [16, 0, 0]},
			"faces": {
				"north": {"uv": [3.5, 0, 0.5, 2], "texture": "#0"},
				"east": {"uv": [3.5, 0, 3, 2], "texture": "#0"},
				"south": {"uv": [0.5, 0, 3.5, 2], "texture": "#0"},
				"up": {"uv": [0.5, 0, 3.5, 0.5], "texture": "#0"},
				"down": {"uv": [0.5, 1.5, 3.5, 2], "texture": "#0"}
			}
		},
		{
			"from": [11.3, 11, 8],
			"to": [21.3, 18, 8.05],
			"rotation": {"angle": 0, "axis": "y", "origin": [16, 0, 0]},
			"faces": {
				"north": {"uv": [5.5, 0, 0.5, 3.5], "texture": "#0"},
				"south": {"uv": [0.5, 0, 5.5, 3.5], "texture": "#0"}
			}
		},
		{
			"from": [-2.28284, 18.08183, 8],
			"to": [1.71716, 22.08183, 8.05],
			"rotation": {"angle": -45, "axis": "z", "origin": [-0.28284, 20.08183, 8.025]},
			"faces": {
				"north": {"uv": [9, 7, 11, 9], "texture": "#0"},
				"south": {"uv": [11, 7, 9, 9], "texture": "#0"}
			}
		},
		{
			"from": [10.12132, 14.54975, 6.48],
			"to": [14.12132, 17.54975, 9.52],
			"rotation": {"angle": 45, "axis": "z", "origin": [10.12132, 16.54975, 5.5]},
			"faces": {
				"north": {"uv": [4, 10, 2, 11.5], "texture": "#0"},
				"east": {"uv": [13, 0, 11.5, 1.5], "texture": "#0"},
				"south": {"uv": [2, 10, 4, 11.5], "texture": "#0"},
				"up": {"uv": [10, 4.5, 12, 3], "texture": "#0"},
				"down": {"uv": [7, 10, 9, 11.5], "texture": "#0"}
			}
		},
		{
			"from": [13.3, 17, 6.46],
			"to": [16.3, 19, 9.54],
			"rotation": {"angle": 0, "axis": "y", "origin": [16, 0, 0]},
			"faces": {
				"north": {"uv": [13.5, 3, 12, 4], "texture": "#0"},
				"east": {"uv": [13.5, 4, 12, 5], "texture": "#0"},
				"south": {"uv": [12, 3, 13.5, 4], "texture": "#0"},
				"up": {"uv": [1.5, 13, 3, 11.5], "texture": "#0"},
				"down": {"uv": [11.5, 1.5, 13, 3], "texture": "#0"}
			}
		},
		{
			"from": [14.28284, 18.08183, 8],
			"to": [18.28284, 22.08183, 8.05],
			"rotation": {"angle": 45, "axis": "z", "origin": [16.28284, 20.08183, 8.025]},
			"faces": {
				"north": {"uv": [11, 7, 9, 9], "texture": "#0"},
				"south": {"uv": [9, 7, 11, 9], "texture": "#0"}
			}
		},
		{
			"from": [7.5, 13, 7.5],
			"to": [8.5, 16, 8.5],
			"rotation": {"angle": 0, "axis": "y", "origin": [0, 10, 8]},
			"faces": {
				"north": {"uv": [13.5, 0, 14.5, 1], "texture": "#0"},
				"east": {"uv": [13.5, 0, 14.5, 1], "texture": "#0"},
				"south": {"uv": [13.5, 0, 14.5, 1], "texture": "#0"},
				"west": {"uv": [13.5, 0, 14.5, 1], "texture": "#0"}
			}
		},
		{
			"from": [7.79289, 16, 7.48],
			"to": [8.5, 16.70711, 8.52],
			"rotation": {"angle": 45, "axis": "z", "origin": [8.5, 16, 8.5]},
			"faces": {
				"north": {"uv": [13.5, 1, 14.5, 2], "texture": "#0"},
				"east": {"uv": [13.5, 1, 14.5, 2], "texture": "#0"},
				"south": {"uv": [13.5, 1, 14.5, 2], "texture": "#0"},
				"up": {"uv": [13.5, 1, 14.5, 2], "texture": "#0"}
			}
		},
		{
			"from": [7.79289, 12.29289, 7.48],
			"to": [8.5, 13, 8.52],
			"rotation": {"angle": -45, "axis": "z", "origin": [8.5, 13, 8.52]},
			"faces": {
				"north": {"uv": [13.5, 2, 14.5, 1], "texture": "#0"},
				"east": {"uv": [13.5, 2, 14.5, 1], "texture": "#0"},
				"south": {"uv": [13.5, 2, 14.5, 1], "texture": "#0"},
				"down": {"uv": [13.5, 2, 14.5, 1], "texture": "#0"}
			}
		},
		{
			"from": [8.41421, 14.08579, 9],
			"to": [6.41421, 12.08579, 7],
			"rotation": {"angle": 45, "axis": "z", "origin": [6, 14.5, 5]},
			"faces": {
				"north": {"uv": [13.5, 2, 14.5, 3], "texture": "#0"},
				"east": {"uv": [13.5, 2, 14.5, 3], "texture": "#0"},
				"south": {"uv": [13.5, 2, 14.5, 3], "texture": "#0"},
				"west": {"uv": [13.5, 2, 14.5, 3], "texture": "#0"},
				"up": {"uv": [13.5, 2, 14.5, 3], "texture": "#0"},
				"down": {"uv": [13.5, 2, 14.5, 3], "texture": "#0"}
			}
		},
		{
			"from": [9.21421, 14.88579, 9.3],
			"to": [5.61421, 11.28579, 6.7],
			"rotation": {"angle": 45, "axis": "z", "origin": [6, 14.5, 5]},
			"faces": {
				"north": {"uv": [13.5, 3, 14.5, 4], "texture": "#0"},
				"east": {"uv": [13.5, 3, 14.5, 4], "texture": "#0"},
				"south": {"uv": [13.5, 3, 14.5, 4], "texture": "#0"},
				"west": {"uv": [13.5, 3, 14.5, 4], "texture": "#0"},
				"up": {"uv": [13.5, 3, 14.5, 4], "texture": "#0"},
				"down": {"uv": [13.5, 3, 14.5, 4], "texture": "#0"}
			}
		},
		{
			"from": [1.55, 17.1, 4.45],
			"to": [2.15, 17.7, 5.05],
			"shade": false,
			"rotation": {"angle": 0, "axis": "y", "origin": [0, 20, 0]},
			"faces": {
				"north": {"uv": [0, 14, 2, 16], "texture": "#0"},
				"east": {"uv": [0, 14, 2, 16], "texture": "#0"},
				"south": {"uv": [0, 14, 2, 16], "texture": "#0"},
				"west": {"uv": [0, 14, 2, 16], "texture": "#0"},
				"up": {"uv": [0, 14, 2, 16], "texture": "#0"},
				"down": {"uv": [0, 14, 2, 16], "texture": "#0"}
			}
		},
		{
			"from": [2.4, 17.95, 5.3],
			"to": [1.3, 16.85, 4.2],
			"shade": false,
			"rotation": {"angle": 0, "axis": "y", "origin": [0, 20, 0]},
			"faces": {
				"north": {"uv": [2, 14, 4, 16], "texture": "#0"},
				"east": {"uv": [2, 14, 4, 16], "texture": "#0"},
				"south": {"uv": [2, 14, 4, 16], "texture": "#0"},
				"west": {"uv": [2, 14, 4, 16], "texture": "#0"},
				"up": {"uv": [2, 14, 4, 16], "texture": "#0"},
				"down": {"uv": [2, 14, 4, 16], "texture": "#0"}
			}
		},
		{
			"from": [2.49436, 16.74384, 3.9],
			"to": [3.19436, 17.44384, 4.6],
			"shade": false,
			"rotation": {"angle": 0, "axis": "y", "origin": [0, 20, 0]},
			"faces": {
				"north": {"uv": [0, 12, 2, 14], "texture": "#0"},
				"east": {"uv": [0, 12, 2, 14], "texture": "#0"},
				"south": {"uv": [0, 12, 2, 14], "texture": "#0"},
				"west": {"uv": [0, 12, 2, 14], "texture": "#0"},
				"up": {"uv": [0, 12, 2, 14], "texture": "#0"},
				"down": {"uv": [0, 12, 2, 14], "texture": "#0"}
			}
		},
		{
			"from": [3.49436, 17.74384, 4.9],
			"to": [2.19436, 16.44384, 3.6],
			"shade": false,
			"rotation": {"angle": 0, "axis": "y", "origin": [0, 20, 0]},
			"faces": {
				"north": {"uv": [2, 12, 4, 14], "texture": "#0"},
				"east": {"uv": [2, 12, 4, 14], "texture": "#0"},
				"south": {"uv": [2, 12, 4, 14], "texture": "#0"},
				"west": {"uv": [2, 12, 4, 14], "texture": "#0"},
				"up": {"uv": [2, 12, 4, 14], "texture": "#0"},
				"down": {"uv": [2, 12, 4, 14], "texture": "#0"}
			}
		},
		{
			"from": [3.34219, 16.25, 3.25],
			"to": [4.34219, 17.25, 4.25],
			"shade": false,
			"rotation": {"angle": 0, "axis": "y", "origin": [0, 20, 0]},
			"faces": {
				"north": {"uv": [0, 10, 2, 12], "texture": "#0"},
				"east": {"uv": [0, 10, 2, 12], "texture": "#0"},
				"south": {"uv": [0, 10, 2, 12], "texture": "#0"},
				"west": {"uv": [0, 10, 2, 12], "texture": "#0"},
				"up": {"uv": [0, 10, 2, 12], "texture": "#0"},
				"down": {"uv": [0, 10, 2, 12], "texture": "#0"}
			}
		},
		{
			"from": [4.59219, 17.5, 4.5],
			"to": [3.09219, 16, 3],
			"shade": false,
			"rotation": {"angle": 0, "axis": "y", "origin": [0, 20, 0]},
			"faces": {
				"north": {"uv": [2, 10, 4, 12], "texture": "#0"},
				"east": {"uv": [2, 10, 4, 12], "texture": "#0"},
				"south": {"uv": [2, 10, 4, 12], "texture": "#0"},
				"west": {"uv": [2, 10, 4, 12], "texture": "#0"},
				"up": {"uv": [2, 10, 4, 12], "texture": "#0"},
				"down": {"uv": [2, 10, 4, 12], "texture": "#0"}
			}
		},
		{
			"from": [4.34668, 15.9, 3.25],
			"to": [5.34668, 16.9, 4.25],
			"shade": false,
			"rotation": {"angle": 0, "axis": "y", "origin": [0, 20, 0]},
			"faces": {
				"north": {"uv": [0, 8, 2, 10], "rotation": 90, "texture": "#0"},
				"east": {"uv": [0, 8, 2, 10], "rotation": 270, "texture": "#0"},
				"south": {"uv": [0, 8, 2, 10], "rotation": 270, "texture": "#0"},
				"west": {"uv": [0, 8, 2, 10], "rotation": 270, "texture": "#0"},
				"up": {"uv": [0, 8, 2, 10], "rotation": 270, "texture": "#0"},
				"down": {"uv": [0, 8, 2, 10], "rotation": 270, "texture": "#0"}
			}
		},
		{
			"from": [5.59668, 17.157, 4.5],
			"to": [4.09668, 15.657, 3],
			"shade": false,
			"rotation": {"angle": 0, "axis": "y", "origin": [0, 20, 0]},
			"faces": {
				"north": {"uv": [2, 8, 4, 10], "rotation": 90, "texture": "#0"},
				"east": {"uv": [2, 8, 4, 10], "rotation": 270, "texture": "#0"},
				"south": {"uv": [2, 8, 4, 10], "rotation": 270, "texture": "#0"},
				"west": {"uv": [2, 8, 4, 10], "rotation": 270, "texture": "#0"},
				"up": {"uv": [2, 8, 4, 10], "rotation": 270, "texture": "#0"},
				"down": {"uv": [2, 8, 4, 10], "rotation": 270, "texture": "#0"}
			}
		},
		{
			"from": [5.35, 15.55, 4],
			"to": [6.35, 16.55, 5],
			"shade": false,
			"rotation": {"angle": 0, "axis": "y", "origin": [0, 20, 0]},
			"faces": {
				"north": {"uv": [0, 6, 2, 8], "texture": "#0"},
				"east": {"uv": [0, 6, 2, 8], "texture": "#0"},
				"south": {"uv": [0, 6, 2, 8], "texture": "#0"},
				"west": {"uv": [0, 6, 2, 8], "texture": "#0"},
				"up": {"uv": [0, 6, 2, 8], "texture": "#0"},
				"down": {"uv": [0, 6, 2, 8], "texture": "#0"}
			}
		},
		{
			"from": [6.6, 16.8, 5.25],
			"to": [5.1, 15.3, 3.75],
			"shade": false,
			"rotation": {"angle": 0, "axis": "y", "origin": [0, 20, 0]},
			"faces": {
				"north": {"uv": [2, 6, 4, 8], "texture": "#0"},
				"east": {"uv": [2, 6, 4, 8], "texture": "#0"},
				"south": {"uv": [2, 6, 4, 8], "texture": "#0"},
				"west": {"uv": [2, 6, 4, 8], "texture": "#0"},
				"up": {"uv": [2, 6, 4, 8], "texture": "#0"},
				"down": {"uv": [2, 6, 4, 8], "texture": "#0"}
			}
		},
		{
			"from": [6.51809, 15.38568, 4.9],
			"to": [7.21809, 16.08568, 5.6],
			"shade": false,
			"rotation": {"angle": 0, "axis": "y", "origin": [0, 20, 0]},
			"faces": {
				"north": {"uv": [0, 4, 2, 6], "texture": "#0"},
				"east": {"uv": [0, 4, 2, 6], "texture": "#0"},
				"south": {"uv": [0, 4, 2, 6], "texture": "#0"},
				"west": {"uv": [0, 4, 2, 6], "texture": "#0"},
				"up": {"uv": [0, 4, 2, 6], "texture": "#0"},
				"down": {"uv": [0, 4, 2, 6], "texture": "#0"}
			}
		},
		{
			"from": [7.51809, 16.38568, 5.9],
			"to": [6.21809, 15.08568, 4.6],
			"shade": false,
			"rotation": {"angle": 0, "axis": "y", "origin": [0, 20, 0]},
			"faces": {
				"north": {"uv": [2, 4, 4, 6], "texture": "#0"},
				"east": {"uv": [2, 4, 4, 6], "texture": "#0"},
				"south": {"uv": [2, 4, 4, 6], "texture": "#0"},
				"west": {"uv": [2, 4, 4, 6], "texture": "#0"},
				"up": {"uv": [2, 4, 4, 6], "texture": "#0"},
				"down": {"uv": [2, 4, 4, 6], "texture": "#0"}
			}
		},
		{
			"from": [7.58, 15.15, 5.45],
			"to": [8.18, 15.75, 6.05],
			"shade": false,
			"rotation": {"angle": 0, "axis": "y", "origin": [0, 20, 0]},
			"faces": {
				"north": {"uv": [0, 2, 2, 4], "texture": "#0"},
				"east": {"uv": [0, 2, 2, 4], "texture": "#0"},
				"south": {"uv": [0, 2, 2, 4], "texture": "#0"},
				"west": {"uv": [0, 2, 2, 4], "texture": "#0"},
				"up": {"uv": [0, 2, 2, 4], "texture": "#0"},
				"down": {"uv": [0, 2, 2, 4], "texture": "#0"}
			}
		},
		{
			"from": [8.43, 16, 6.3],
			"to": [7.33, 14.9, 5.2],
			"shade": false,
			"rotation": {"angle": 0, "axis": "y", "origin": [0, 20, 0]},
			"faces": {
				"north": {"uv": [2, 2, 4, 4], "texture": "#0"},
				"east": {"uv": [2, 2, 4, 4], "texture": "#0"},
				"south": {"uv": [2, 2, 4, 4], "texture": "#0"},
				"west": {"uv": [2, 2, 4, 4], "texture": "#0"},
				"up": {"uv": [2, 2, 4, 4], "texture": "#0"},
				"down": {"uv": [2, 2, 4, 4], "texture": "#0"}
			}
		},
		{
			"from": [1.55, 11.3, 4.45],
			"to": [2.15, 11.9, 5.05],
			"shade": false,
			"rotation": {"angle": 0, "axis": "y", "origin": [0, -4, 0]},
			"faces": {
				"north": {"uv": [4, 16, 6, 14], "texture": "#0"},
				"east": {"uv": [4, 16, 6, 14], "texture": "#0"},
				"south": {"uv": [4, 16, 6, 14], "texture": "#0"},
				"west": {"uv": [4, 16, 6, 14], "texture": "#0"},
				"up": {"uv": [4, 16, 6, 14], "texture": "#0"},
				"down": {"uv": [4, 16, 6, 14], "texture": "#0"}
			}
		},
		{
			"from": [2.4, 12.15, 5.3],
			"to": [1.3, 11.05, 4.2],
			"shade": false,
			"rotation": {"angle": 0, "axis": "y", "origin": [0, -4, 0]},
			"faces": {
				"north": {"uv": [6, 16, 8, 14], "texture": "#0"},
				"east": {"uv": [6, 16, 8, 14], "texture": "#0"},
				"south": {"uv": [6, 16, 8, 14], "texture": "#0"},
				"west": {"uv": [6, 16, 8, 14], "texture": "#0"},
				"up": {"uv": [6, 16, 8, 14], "texture": "#0"},
				"down": {"uv": [6, 16, 8, 14], "texture": "#0"}
			}
		},
		{
			"from": [2.49436, 11.55616, 3.9],
			"to": [3.19436, 12.25616, 4.6],
			"shade": false,
			"rotation": {"angle": 0, "axis": "y", "origin": [0, -4, 0]},
			"faces": {
				"north": {"uv": [4, 14, 6, 12], "texture": "#0"},
				"east": {"uv": [4, 14, 6, 12], "texture": "#0"},
				"south": {"uv": [4, 14, 6, 12], "texture": "#0"},
				"west": {"uv": [4, 14, 6, 12], "texture": "#0"},
				"up": {"uv": [4, 14, 6, 12], "texture": "#0"},
				"down": {"uv": [4, 14, 6, 12], "texture": "#0"}
			}
		},
		{
			"from": [3.49436, 12.55616, 4.9],
			"to": [2.19436, 11.25616, 3.6],
			"shade": false,
			"rotation": {"angle": 0, "axis": "y", "origin": [0, -4, 0]},
			"faces": {
				"north": {"uv": [6, 14, 8, 12], "texture": "#0"},
				"east": {"uv": [6, 14, 8, 12], "texture": "#0"},
				"south": {"uv": [6, 14, 8, 12], "texture": "#0"},
				"west": {"uv": [6, 14, 8, 12], "texture": "#0"},
				"up": {"uv": [6, 14, 8, 12], "texture": "#0"},
				"down": {"uv": [6, 14, 8, 12], "texture": "#0"}
			}
		},
		{
			"from": [3.34219, 11.75, 3.25],
			"to": [4.34219, 12.75, 4.25],
			"shade": false,
			"rotation": {"angle": 0, "axis": "y", "origin": [0, -4, 0]},
			"faces": {
				"north": {"uv": [4, 12, 6, 10], "texture": "#0"},
				"east": {"uv": [4, 12, 6, 10], "texture": "#0"},
				"south": {"uv": [4, 12, 6, 10], "texture": "#0"},
				"west": {"uv": [4, 12, 6, 10], "texture": "#0"},
				"up": {"uv": [4, 12, 6, 10], "texture": "#0"},
				"down": {"uv": [4, 12, 6, 10], "texture": "#0"}
			}
		},
		{
			"from": [4.59219, 13, 4.5],
			"to": [3.09219, 11.5, 3],
			"shade": false,
			"rotation": {"angle": 0, "axis": "y", "origin": [0, -4, 0]},
			"faces": {
				"north": {"uv": [6, 12, 8, 10], "texture": "#0"},
				"east": {"uv": [6, 12, 8, 10], "texture": "#0"},
				"south": {"uv": [6, 12, 8, 10], "texture": "#0"},
				"west": {"uv": [6, 12, 8, 10], "texture": "#0"},
				"up": {"uv": [6, 12, 8, 10], "texture": "#0"},
				"down": {"uv": [6, 12, 8, 10], "texture": "#0"}
			}
		},
		{
			"from": [4.34668, 12.1, 3.25],
			"to": [5.34668, 13.1, 4.25],
			"shade": false,
			"rotation": {"angle": 0, "axis": "y", "origin": [0, -4, 0]},
			"faces": {
				"north": {"uv": [6, 8, 4, 10], "rotation": 90, "texture": "#0"},
				"east": {"uv": [6, 8, 4, 10], "rotation": 270, "texture": "#0"},
				"south": {"uv": [6, 8, 4, 10], "rotation": 270, "texture": "#0"},
				"west": {"uv": [6, 8, 4, 10], "rotation": 270, "texture": "#0"},
				"up": {"uv": [6, 8, 4, 10], "rotation": 270, "texture": "#0"},
				"down": {"uv": [6, 8, 4, 10], "rotation": 270, "texture": "#0"}
			}
		},
		{
			"from": [5.59668, 13.343, 4.5],
			"to": [4.09668, 11.843, 3],
			"shade": false,
			"rotation": {"angle": 0, "axis": "y", "origin": [0, -4, 0]},
			"faces": {
				"north": {"uv": [8, 8, 6, 10], "rotation": 90, "texture": "#0"},
				"east": {"uv": [8, 8, 6, 10], "rotation": 270, "texture": "#0"},
				"south": {"uv": [8, 8, 6, 10], "rotation": 270, "texture": "#0"},
				"west": {"uv": [8, 8, 6, 10], "rotation": 270, "texture": "#0"},
				"up": {"uv": [8, 8, 6, 10], "rotation": 270, "texture": "#0"},
				"down": {"uv": [8, 8, 6, 10], "rotation": 270, "texture": "#0"}
			}
		},
		{
			"from": [5.35, 12.45, 4],
			"to": [6.35, 13.45, 5],
			"shade": false,
			"rotation": {"angle": 0, "axis": "y", "origin": [0, -4, 0]},
			"faces": {
				"north": {"uv": [4, 8, 6, 6], "texture": "#0"},
				"east": {"uv": [4, 8, 6, 6], "texture": "#0"},
				"south": {"uv": [4, 8, 6, 6], "texture": "#0"},
				"west": {"uv": [4, 8, 6, 6], "texture": "#0"},
				"up": {"uv": [4, 8, 6, 6], "texture": "#0"},
				"down": {"uv": [4, 8, 6, 6], "texture": "#0"}
			}
		},
		{
			"from": [6.6, 13.7, 5.25],
			"to": [5.1, 12.2, 3.75],
			"shade": false,
			"rotation": {"angle": 0, "axis": "y", "origin": [0, -4, 0]},
			"faces": {
				"north": {"uv": [6, 8, 8, 6], "texture": "#0"},
				"east": {"uv": [6, 8, 8, 6], "texture": "#0"},
				"south": {"uv": [6, 8, 8, 6], "texture": "#0"},
				"west": {"uv": [6, 8, 8, 6], "texture": "#0"},
				"up": {"uv": [6, 8, 8, 6], "texture": "#0"},
				"down": {"uv": [6, 8, 8, 6], "texture": "#0"}
			}
		},
		{
			"from": [6.51809, 12.91432, 4.9],
			"to": [7.21809, 13.61432, 5.6],
			"shade": false,
			"rotation": {"angle": 0, "axis": "y", "origin": [0, -4, 0]},
			"faces": {
				"north": {"uv": [4, 6, 6, 4], "texture": "#0"},
				"east": {"uv": [4, 6, 6, 4], "texture": "#0"},
				"south": {"uv": [4, 6, 6, 4], "texture": "#0"},
				"west": {"uv": [4, 6, 6, 4], "texture": "#0"},
				"up": {"uv": [4, 6, 6, 4], "texture": "#0"},
				"down": {"uv": [4, 6, 6, 4], "texture": "#0"}
			}
		},
		{
			"from": [7.51809, 13.91432, 5.9],
			"to": [6.21809, 12.61432, 4.6],
			"shade": false,
			"rotation": {"angle": 0, "axis": "y", "origin": [0, -4, 0]},
			"faces": {
				"north": {"uv": [6, 6, 8, 4], "texture": "#0"},
				"east": {"uv": [6, 6, 8, 4], "texture": "#0"},
				"south": {"uv": [6, 6, 8, 4], "texture": "#0"},
				"west": {"uv": [6, 6, 8, 4], "texture": "#0"},
				"up": {"uv": [6, 6, 8, 4], "texture": "#0"},
				"down": {"uv": [6, 6, 8, 4], "texture": "#0"}
			}
		},
		{
			"from": [7.58, 13.25, 5.45],
			"to": [8.18, 13.85, 6.05],
			"shade": false,
			"rotation": {"angle": 0, "axis": "y", "origin": [0, -4, 0]},
			"faces": {
				"north": {"uv": [4, 4, 6, 2], "texture": "#0"},
				"east": {"uv": [4, 4, 6, 2], "texture": "#0"},
				"south": {"uv": [4, 4, 6, 2], "texture": "#0"},
				"west": {"uv": [4, 4, 6, 2], "texture": "#0"},
				"up": {"uv": [4, 4, 6, 2], "texture": "#0"},
				"down": {"uv": [4, 4, 6, 2], "texture": "#0"}
			}
		},
		{
			"from": [8.43, 14.1, 6.3],
			"to": [7.33, 13, 5.2],
			"shade": false,
			"rotation": {"angle": 0, "axis": "y", "origin": [0, -4, 0]},
			"faces": {
				"north": {"uv": [6, 4, 8, 2], "texture": "#0"},
				"east": {"uv": [6, 4, 8, 2], "texture": "#0"},
				"south": {"uv": [6, 4, 8, 2], "texture": "#0"},
				"west": {"uv": [6, 4, 8, 2], "texture": "#0"},
				"up": {"uv": [6, 4, 8, 2], "texture": "#0"},
				"down": {"uv": [6, 4, 8, 2], "texture": "#0"}
			}
		},
		{
			"from": [13.85, 12.3, 4.45],
			"to": [14.45, 12.9, 5.05],
			"shade": false,
			"rotation": {"angle": 0, "axis": "y", "origin": [16, -4, 0]},
			"faces": {
				"north": {"uv": [10, 16, 8, 14], "texture": "#0"},
				"east": {"uv": [10, 16, 8, 14], "texture": "#0"},
				"south": {"uv": [10, 16, 8, 14], "texture": "#0"},
				"west": {"uv": [10, 16, 8, 14], "texture": "#0"},
				"up": {"uv": [10, 16, 8, 14], "texture": "#0"},
				"down": {"uv": [10, 16, 8, 14], "texture": "#0"}
			}
		},
		{
			"from": [14.7, 13.15, 5.3],
			"to": [13.6, 12.05, 4.2],
			"shade": false,
			"rotation": {"angle": 0, "axis": "y", "origin": [16, -4, 0]},
			"faces": {
				"north": {"uv": [12, 16, 10, 14], "texture": "#0"},
				"east": {"uv": [12, 16, 10, 14], "texture": "#0"},
				"south": {"uv": [12, 16, 10, 14], "texture": "#0"},
				"west": {"uv": [12, 16, 10, 14], "texture": "#0"},
				"up": {"uv": [12, 16, 10, 14], "texture": "#0"},
				"down": {"uv": [12, 16, 10, 14], "texture": "#0"}
			}
		},
		{
			"from": [12.80564, 12.55616, 3.9],
			"to": [13.50564, 13.25616, 4.6],
			"shade": false,
			"rotation": {"angle": 0, "axis": "y", "origin": [16, -4, 0]},
			"faces": {
				"north": {"uv": [10, 14, 8, 12], "texture": "#1"},
				"east": {"uv": [10, 14, 8, 12], "texture": "#1"},
				"south": {"uv": [10, 14, 8, 12], "texture": "#1"},
				"west": {"uv": [10, 14, 8, 12], "texture": "#1"},
				"up": {"uv": [10, 14, 8, 12], "texture": "#1"},
				"down": {"uv": [10, 14, 8, 12], "texture": "#1"}
			}
		},
		{
			"from": [13.80564, 13.55616, 4.9],
			"to": [12.50564, 12.25616, 3.6],
			"shade": false,
			"rotation": {"angle": 0, "axis": "y", "origin": [16, -4, 0]},
			"faces": {
				"north": {"uv": [12, 14, 10, 12], "texture": "#1"},
				"east": {"uv": [12, 14, 10, 12], "texture": "#1"},
				"south": {"uv": [12, 14, 10, 12], "texture": "#1"},
				"west": {"uv": [12, 14, 10, 12], "texture": "#1"},
				"up": {"uv": [12, 14, 10, 12], "texture": "#1"},
				"down": {"uv": [12, 14, 10, 12], "texture": "#1"}
			}
		},
		{
			"from": [11.65781, 12.75, 3.25],
			"to": [12.65781, 13.75, 4.25],
			"shade": false,
			"rotation": {"angle": 0, "axis": "y", "origin": [16, -4, 0]},
			"faces": {
				"north": {"uv": [10, 12, 8, 10], "texture": "#0"},
				"east": {"uv": [10, 12, 8, 10], "texture": "#0"},
				"south": {"uv": [10, 12, 8, 10], "texture": "#0"},
				"west": {"uv": [10, 12, 8, 10], "texture": "#0"},
				"up": {"uv": [10, 12, 8, 10], "texture": "#0"},
				"down": {"uv": [10, 12, 8, 10], "texture": "#0"}
			}
		},
		{
			"from": [12.90781, 14, 4.5],
			"to": [11.40781, 12.5, 3],
			"shade": false,
			"rotation": {"angle": 0, "axis": "y", "origin": [16, -4, 0]},
			"faces": {
				"north": {"uv": [12, 12, 10, 10], "texture": "#0"},
				"east": {"uv": [12, 12, 10, 10], "texture": "#0"},
				"south": {"uv": [12, 12, 10, 10], "texture": "#0"},
				"west": {"uv": [12, 12, 10, 10], "texture": "#0"},
				"up": {"uv": [12, 12, 10, 10], "texture": "#0"},
				"down": {"uv": [12, 12, 10, 10], "texture": "#0"}
			}
		},
		{
			"from": [10.65332, 13.1, 3.25],
			"to": [11.65332, 14.1, 4.25],
			"shade": false,
			"rotation": {"angle": 0, "axis": "y", "origin": [16, -4, 0]},
			"faces": {
				"north": {"uv": [10, 10, 8, 8], "rotation": 90, "texture": "#0"},
				"east": {"uv": [10, 10, 8, 8], "rotation": 270, "texture": "#0"},
				"south": {"uv": [10, 10, 8, 8], "rotation": 270, "texture": "#0"},
				"west": {"uv": [10, 10, 8, 8], "rotation": 270, "texture": "#0"},
				"up": {"uv": [10, 10, 8, 8], "rotation": 270, "texture": "#0"},
				"down": {"uv": [10, 10, 8, 8], "rotation": 270, "texture": "#0"}
			}
		},
		{
			"from": [11.90332, 14.343, 4.5],
			"to": [10.40332, 12.843, 3],
			"shade": false,
			"rotation": {"angle": 0, "axis": "y", "origin": [16, -4, 0]},
			"faces": {
				"north": {"uv": [12, 10, 10, 8], "rotation": 90, "texture": "#0"},
				"east": {"uv": [12, 10, 10, 8], "rotation": 270, "texture": "#0"},
				"south": {"uv": [12, 10, 10, 8], "rotation": 270, "texture": "#0"},
				"west": {"uv": [12, 10, 10, 8], "rotation": 270, "texture": "#0"},
				"up": {"uv": [12, 10, 10, 8], "rotation": 270, "texture": "#0"},
				"down": {"uv": [12, 10, 10, 8], "rotation": 270, "texture": "#0"}
			}
		},
		{
			"from": [9.65, 13.45, 4],
			"to": [10.65, 14.45, 5],
			"shade": false,
			"rotation": {"angle": 0, "axis": "y", "origin": [16, -4, 0]},
			"faces": {
				"north": {"uv": [10, 8, 8, 6], "texture": "#0"},
				"east": {"uv": [10, 8, 8, 6], "texture": "#0"},
				"south": {"uv": [10, 8, 8, 6], "texture": "#0"},
				"west": {"uv": [10, 8, 8, 6], "texture": "#0"},
				"up": {"uv": [10, 8, 8, 6], "texture": "#0"},
				"down": {"uv": [10, 8, 8, 6], "texture": "#0"}
			}
		},
		{
			"from": [10.9, 14.7, 5.25],
			"to": [9.4, 13.2, 3.75],
			"shade": false,
			"rotation": {"angle": 0, "axis": "y", "origin": [16, -4, 0]},
			"faces": {
				"north": {"uv": [12, 8, 10, 6], "texture": "#0"},
				"east": {"uv": [12, 8, 10, 6], "texture": "#0"},
				"south": {"uv": [12, 8, 10, 6], "texture": "#0"},
				"west": {"uv": [12, 8, 10, 6], "texture": "#0"},
				"up": {"uv": [12, 8, 10, 6], "texture": "#0"},
				"down": {"uv": [12, 8, 10, 6], "texture": "#0"}
			}
		},
		{
			"from": [8.78191, 13.91432, 4.9],
			"to": [9.48191, 14.61432, 5.6],
			"shade": false,
			"rotation": {"angle": 0, "axis": "y", "origin": [16, -4, 0]},
			"faces": {
				"north": {"uv": [10, 6, 8, 4], "texture": "#0"},
				"east": {"uv": [10, 6, 8, 4], "texture": "#0"},
				"south": {"uv": [10, 6, 8, 4], "texture": "#0"},
				"west": {"uv": [10, 6, 8, 4], "texture": "#0"},
				"up": {"uv": [10, 6, 8, 4], "texture": "#0"},
				"down": {"uv": [10, 6, 8, 4], "texture": "#0"}
			}
		},
		{
			"from": [9.78191, 14.91432, 5.9],
			"to": [8.48191, 13.61432, 4.6],
			"shade": false,
			"rotation": {"angle": 0, "axis": "y", "origin": [16, -4, 0]},
			"faces": {
				"north": {"uv": [12, 6, 10, 4], "texture": "#0"},
				"east": {"uv": [12, 6, 10, 4], "texture": "#0"},
				"south": {"uv": [12, 6, 10, 4], "texture": "#0"},
				"west": {"uv": [12, 6, 10, 4], "texture": "#0"},
				"up": {"uv": [12, 6, 10, 4], "texture": "#0"},
				"down": {"uv": [12, 6, 10, 4], "texture": "#0"}
			}
		},
		{
			"from": [7.82, 14.25, 5.45],
			"to": [8.42, 14.85, 6.05],
			"shade": false,
			"rotation": {"angle": 0, "axis": "y", "origin": [16, -4, 0]},
			"faces": {
				"north": {"uv": [10, 4, 8, 2], "texture": "#0"},
				"east": {"uv": [10, 4, 8, 2], "texture": "#0"},
				"south": {"uv": [10, 4, 8, 2], "texture": "#0"},
				"west": {"uv": [10, 4, 8, 2], "texture": "#0"},
				"up": {"uv": [10, 4, 8, 2], "texture": "#0"},
				"down": {"uv": [10, 4, 8, 2], "texture": "#0"}
			}
		},
		{
			"from": [8.67, 15.1, 6.3],
			"to": [7.57, 14, 5.2],
			"shade": false,
			"rotation": {"angle": 0, "axis": "y", "origin": [16, -4, 0]},
			"faces": {
				"north": {"uv": [12, 4, 10, 2], "texture": "#0"},
				"east": {"uv": [12, 4, 10, 2], "texture": "#0"},
				"south": {"uv": [12, 4, 10, 2], "texture": "#0"},
				"west": {"uv": [12, 4, 10, 2], "texture": "#0"},
				"up": {"uv": [12, 4, 10, 2], "texture": "#0"},
				"down": {"uv": [12, 4, 10, 2], "texture": "#0"}
			}
		},
		{
			"from": [13.85, 17.1, 10.95],
			"to": [14.45, 17.7, 11.55],
			"shade": false,
			"rotation": {"angle": 0, "axis": "y", "origin": [16, 20, 16]},
			"faces": {
				"north": {"uv": [12, 14, 14, 16], "texture": "#0"},
				"east": {"uv": [12, 14, 14, 16], "texture": "#0"},
				"south": {"uv": [12, 14, 14, 16], "texture": "#0"},
				"west": {"uv": [12, 14, 14, 16], "texture": "#0"},
				"up": {"uv": [14, 16, 12, 14], "texture": "#0"},
				"down": {"uv": [14, 16, 12, 14], "texture": "#0"}
			}
		},
		{
			"from": [14.7, 17.95, 11.8],
			"to": [13.6, 16.85, 10.7],
			"shade": false,
			"rotation": {"angle": 0, "axis": "y", "origin": [16, 20, 16]},
			"faces": {
				"north": {"uv": [14, 14, 16, 16], "texture": "#0"},
				"east": {"uv": [14, 14, 16, 16], "texture": "#0"},
				"south": {"uv": [14, 14, 16, 16], "texture": "#0"},
				"west": {"uv": [14, 14, 16, 16], "texture": "#0"},
				"up": {"uv": [16, 16, 14, 14], "texture": "#0"},
				"down": {"uv": [16, 16, 14, 14], "texture": "#0"}
			}
		},
		{
			"from": [12.80564, 16.74384, 11.4],
			"to": [13.50564, 17.44384, 12.1],
			"shade": false,
			"rotation": {"angle": 0, "axis": "y", "origin": [16, 20, 16]},
			"faces": {
				"north": {"uv": [12, 12, 14, 14], "texture": "#0"},
				"east": {"uv": [12, 12, 14, 14], "texture": "#0"},
				"south": {"uv": [12, 12, 14, 14], "texture": "#0"},
				"west": {"uv": [12, 12, 14, 14], "texture": "#0"},
				"up": {"uv": [14, 14, 12, 12], "texture": "#0"},
				"down": {"uv": [14, 14, 12, 12], "texture": "#0"}
			}
		},
		{
			"from": [13.80564, 17.74384, 12.4],
			"to": [12.50564, 16.44384, 11.1],
			"shade": false,
			"rotation": {"angle": 0, "axis": "y", "origin": [16, 20, 16]},
			"faces": {
				"north": {"uv": [14, 12, 16, 14], "texture": "#0"},
				"east": {"uv": [14, 12, 16, 14], "texture": "#0"},
				"south": {"uv": [14, 12, 16, 14], "texture": "#0"},
				"west": {"uv": [14, 12, 16, 14], "texture": "#0"},
				"up": {"uv": [16, 14, 14, 12], "texture": "#0"},
				"down": {"uv": [16, 14, 14, 12], "texture": "#0"}
			}
		},
		{
			"from": [11.65781, 16.25, 11.75],
			"to": [12.65781, 17.25, 12.75],
			"shade": false,
			"rotation": {"angle": 0, "axis": "y", "origin": [16, 20, 16]},
			"faces": {
				"north": {"uv": [12, 10, 14, 12], "texture": "#0"},
				"east": {"uv": [12, 10, 14, 12], "texture": "#0"},
				"south": {"uv": [12, 10, 14, 12], "texture": "#0"},
				"west": {"uv": [12, 10, 14, 12], "texture": "#0"},
				"up": {"uv": [14, 12, 12, 10], "texture": "#0"},
				"down": {"uv": [14, 12, 12, 10], "texture": "#0"}
			}
		},
		{
			"from": [12.90781, 17.5, 13],
			"to": [11.40781, 16, 11.5],
			"shade": false,
			"rotation": {"angle": 0, "axis": "y", "origin": [16, 20, 16]},
			"faces": {
				"north": {"uv": [14, 10, 16, 12], "texture": "#0"},
				"east": {"uv": [14, 10, 16, 12], "texture": "#0"},
				"south": {"uv": [14, 10, 16, 12], "texture": "#0"},
				"west": {"uv": [14, 10, 16, 12], "texture": "#0"},
				"up": {"uv": [16, 12, 14, 10], "texture": "#0"},
				"down": {"uv": [16, 12, 14, 10], "texture": "#0"}
			}
		},
		{
			"from": [10.65332, 15.9, 11.75],
			"to": [11.65332, 16.9, 12.75],
			"shade": false,
			"rotation": {"angle": 0, "axis": "y", "origin": [16, 20, 16]},
			"faces": {
				"north": {"uv": [12, 8, 14, 10], "rotation": 270, "texture": "#0"},
				"east": {"uv": [12, 8, 14, 10], "rotation": 270, "texture": "#0"},
				"south": {"uv": [12, 8, 14, 10], "rotation": 90, "texture": "#0"},
				"west": {"uv": [12, 8, 14, 10], "rotation": 270, "texture": "#0"},
				"up": {"uv": [14, 10, 12, 8], "rotation": 270, "texture": "#0"},
				"down": {"uv": [14, 10, 12, 8], "rotation": 270, "texture": "#0"}
			}
		},
		{
			"from": [11.90332, 17.157, 13],
			"to": [10.40332, 15.657, 11.5],
			"shade": false,
			"rotation": {"angle": 0, "axis": "y", "origin": [16, 20, 16]},
			"faces": {
				"north": {"uv": [14, 8, 16, 10], "rotation": 270, "texture": "#0"},
				"east": {"uv": [14, 8, 16, 10], "rotation": 270, "texture": "#0"},
				"south": {"uv": [14, 8, 16, 10], "rotation": 90, "texture": "#0"},
				"west": {"uv": [14, 8, 16, 10], "rotation": 270, "texture": "#0"},
				"up": {"uv": [16, 10, 14, 8], "rotation": 270, "texture": "#0"},
				"down": {"uv": [16, 10, 14, 8], "rotation": 270, "texture": "#0"}
			}
		},
		{
			"from": [9.65, 15.55, 11],
			"to": [10.65, 16.55, 12],
			"shade": false,
			"rotation": {"angle": 0, "axis": "y", "origin": [16, 20, 16]},
			"faces": {
				"north": {"uv": [12, 6, 14, 8], "texture": "#0"},
				"east": {"uv": [12, 6, 14, 8], "texture": "#0"},
				"south": {"uv": [12, 6, 14, 8], "texture": "#0"},
				"west": {"uv": [12, 6, 14, 8], "texture": "#0"},
				"up": {"uv": [14, 8, 12, 6], "texture": "#0"},
				"down": {"uv": [14, 8, 12, 6], "texture": "#0"}
			}
		},
		{
			"from": [10.9, 16.8, 12.25],
			"to": [9.4, 15.3, 10.75],
			"shade": false,
			"rotation": {"angle": 0, "axis": "y", "origin": [16, 20, 16]},
			"faces": {
				"north": {"uv": [14, 6, 16, 8], "texture": "#0"},
				"east": {"uv": [14, 6, 16, 8], "texture": "#0"},
				"south": {"uv": [14, 6, 16, 8], "texture": "#0"},
				"west": {"uv": [14, 6, 16, 8], "texture": "#0"},
				"up": {"uv": [16, 8, 14, 6], "texture": "#0"},
				"down": {"uv": [16, 8, 14, 6], "texture": "#0"}
			}
		},
		{
			"from": [8.78191, 15.38568, 10.4],
			"to": [9.48191, 16.08568, 11.1],
			"shade": false,
			"rotation": {"angle": 0, "axis": "y", "origin": [16, 20, 16]},
			"faces": {
				"north": {"uv": [12, 4, 14, 6], "texture": "#0"},
				"east": {"uv": [12, 4, 14, 6], "texture": "#0"},
				"south": {"uv": [12, 4, 14, 6], "texture": "#0"},
				"west": {"uv": [12, 4, 14, 6], "texture": "#0"},
				"up": {"uv": [14, 6, 12, 4], "texture": "#0"},
				"down": {"uv": [14, 6, 12, 4], "texture": "#0"}
			}
		},
		{
			"from": [9.78191, 16.38568, 11.4],
			"to": [8.48191, 15.08568, 10.1],
			"shade": false,
			"rotation": {"angle": 0, "axis": "y", "origin": [16, 20, 16]},
			"faces": {
				"north": {"uv": [14, 4, 16, 6], "texture": "#0"},
				"east": {"uv": [14, 4, 16, 6], "texture": "#0"},
				"south": {"uv": [14, 4, 16, 6], "texture": "#0"},
				"west": {"uv": [14, 4, 16, 6], "texture": "#0"},
				"up": {"uv": [16, 6, 14, 4], "texture": "#0"},
				"down": {"uv": [16, 6, 14, 4], "texture": "#0"}
			}
		},
		{
			"from": [7.82, 15.15, 9.95],
			"to": [8.42, 15.75, 10.55],
			"shade": false,
			"rotation": {"angle": 0, "axis": "y", "origin": [16, 20, 16]},
			"faces": {
				"north": {"uv": [12, 2, 14, 4], "texture": "#0"},
				"east": {"uv": [12, 2, 14, 4], "texture": "#0"},
				"south": {"uv": [12, 2, 14, 4], "texture": "#0"},
				"west": {"uv": [12, 2, 14, 4], "texture": "#0"},
				"up": {"uv": [14, 4, 12, 2], "texture": "#0"},
				"down": {"uv": [14, 4, 12, 2], "texture": "#0"}
			}
		},
		{
			"from": [8.67, 16, 10.8],
			"to": [7.57, 14.9, 9.7],
			"shade": false,
			"rotation": {"angle": 0, "axis": "y", "origin": [16, 20, 16]},
			"faces": {
				"north": {"uv": [14, 2, 16, 4], "texture": "#0"},
				"east": {"uv": [14, 2, 16, 4], "texture": "#0"},
				"south": {"uv": [14, 2, 16, 4], "texture": "#0"},
				"west": {"uv": [14, 2, 16, 4], "texture": "#0"},
				"up": {"uv": [16, 4, 14, 2], "texture": "#0"},
				"down": {"uv": [16, 4, 14, 2], "texture": "#0"}
			}
		},
		{
			"from": [13.85, 11.3, 10.95],
			"to": [14.45, 11.9, 11.55],
			"shade": false,
			"rotation": {"angle": 0, "axis": "y", "origin": [16, -4, 16]},
			"faces": {
				"north": {"uv": [8, 16, 10, 14], "texture": "#0"},
				"east": {"uv": [8, 16, 10, 14], "texture": "#0"},
				"south": {"uv": [8, 16, 10, 14], "texture": "#0"},
				"west": {"uv": [8, 16, 10, 14], "texture": "#0"},
				"up": {"uv": [10, 14, 8, 16], "texture": "#0"},
				"down": {"uv": [10, 14, 8, 16], "texture": "#0"}
			}
		},
		{
			"from": [14.7, 12.15, 11.8],
			"to": [13.6, 11.05, 10.7],
			"shade": false,
			"rotation": {"angle": 0, "axis": "y", "origin": [16, -4, 16]},
			"faces": {
				"north": {"uv": [10, 16, 12, 14], "texture": "#0"},
				"east": {"uv": [10, 16, 12, 14], "texture": "#0"},
				"south": {"uv": [10, 16, 12, 14], "texture": "#0"},
				"west": {"uv": [10, 16, 12, 14], "texture": "#0"},
				"up": {"uv": [12, 14, 10, 16], "texture": "#0"},
				"down": {"uv": [12, 14, 10, 16], "texture": "#0"}
			}
		},
		{
			"from": [12.80564, 11.55616, 11.4],
			"to": [13.50564, 12.25616, 12.1],
			"shade": false,
			"rotation": {"angle": 0, "axis": "y", "origin": [16, -4, 16]},
			"faces": {
				"north": {"uv": [8, 14, 10, 12], "texture": "#0"},
				"east": {"uv": [8, 14, 10, 12], "texture": "#0"},
				"south": {"uv": [8, 14, 10, 12], "texture": "#0"},
				"west": {"uv": [8, 14, 10, 12], "texture": "#0"},
				"up": {"uv": [10, 12, 8, 14], "texture": "#0"},
				"down": {"uv": [10, 12, 8, 14], "texture": "#0"}
			}
		},
		{
			"from": [13.80564, 12.55616, 12.4],
			"to": [12.50564, 11.25616, 11.1],
			"shade": false,
			"rotation": {"angle": 0, "axis": "y", "origin": [16, -4, 16]},
			"faces": {
				"north": {"uv": [10, 14, 12, 12], "texture": "#0"},
				"east": {"uv": [10, 14, 12, 12], "texture": "#0"},
				"south": {"uv": [10, 14, 12, 12], "texture": "#0"},
				"west": {"uv": [10, 14, 12, 12], "texture": "#0"},
				"up": {"uv": [12, 12, 10, 14], "texture": "#0"},
				"down": {"uv": [12, 12, 10, 14], "texture": "#0"}
			}
		},
		{
			"from": [11.65781, 11.75, 11.75],
			"to": [12.65781, 12.75, 12.75],
			"shade": false,
			"rotation": {"angle": 0, "axis": "y", "origin": [16, -4, 16]},
			"faces": {
				"north": {"uv": [8, 12, 10, 10], "texture": "#0"},
				"east": {"uv": [8, 12, 10, 10], "texture": "#0"},
				"south": {"uv": [8, 12, 10, 10], "texture": "#0"},
				"west": {"uv": [8, 12, 10, 10], "texture": "#0"},
				"up": {"uv": [10, 10, 8, 12], "texture": "#0"},
				"down": {"uv": [10, 10, 8, 12], "texture": "#0"}
			}
		},
		{
			"from": [12.90781, 13, 13],
			"to": [11.40781, 11.5, 11.5],
			"shade": false,
			"rotation": {"angle": 0, "axis": "y", "origin": [16, -4, 16]},
			"faces": {
				"north": {"uv": [10, 12, 12, 10], "texture": "#0"},
				"east": {"uv": [10, 12, 12, 10], "texture": "#0"},
				"south": {"uv": [10, 12, 12, 10], "texture": "#0"},
				"west": {"uv": [10, 12, 12, 10], "texture": "#0"},
				"up": {"uv": [12, 10, 10, 12], "texture": "#0"},
				"down": {"uv": [12, 10, 10, 12], "texture": "#0"}
			}
		},
		{
			"from": [10.65332, 12.1, 11.75],
			"to": [11.65332, 13.1, 12.75],
			"shade": false,
			"rotation": {"angle": 0, "axis": "y", "origin": [16, -4, 16]},
			"faces": {
				"north": {"uv": [10, 8, 8, 10], "rotation": 270, "texture": "#0"},
				"east": {"uv": [10, 8, 8, 10], "rotation": 270, "texture": "#0"},
				"south": {"uv": [10, 8, 8, 10], "rotation": 90, "texture": "#0"},
				"west": {"uv": [10, 8, 8, 10], "rotation": 270, "texture": "#0"},
				"up": {"uv": [8, 10, 10, 8], "rotation": 270, "texture": "#0"},
				"down": {"uv": [8, 10, 10, 8], "rotation": 270, "texture": "#0"}
			}
		},
		{
			"from": [11.90332, 13.343, 13],
			"to": [10.40332, 11.843, 11.5],
			"shade": false,
			"rotation": {"angle": 0, "axis": "y", "origin": [16, -4, 16]},
			"faces": {
				"north": {"uv": [12, 8, 10, 10], "rotation": 270, "texture": "#0"},
				"east": {"uv": [12, 8, 10, 10], "rotation": 270, "texture": "#0"},
				"south": {"uv": [12, 8, 10, 10], "rotation": 90, "texture": "#0"},
				"west": {"uv": [12, 8, 10, 10], "rotation": 270, "texture": "#0"},
				"up": {"uv": [10, 10, 12, 8], "rotation": 270, "texture": "#0"},
				"down": {"uv": [10, 10, 12, 8], "rotation": 270, "texture": "#0"}
			}
		},
		{
			"from": [9.65, 12.45, 11],
			"to": [10.65, 13.45, 12],
			"shade": false,
			"rotation": {"angle": 0, "axis": "y", "origin": [16, -4, 16]},
			"faces": {
				"north": {"uv": [8, 8, 10, 6], "texture": "#0"},
				"east": {"uv": [8, 8, 10, 6], "texture": "#0"},
				"south": {"uv": [8, 8, 10, 6], "texture": "#0"},
				"west": {"uv": [8, 8, 10, 6], "texture": "#0"},
				"up": {"uv": [10, 6, 8, 8], "texture": "#0"},
				"down": {"uv": [10, 6, 8, 8], "texture": "#0"}
			}
		},
		{
			"from": [10.9, 13.7, 12.25],
			"to": [9.4, 12.2, 10.75],
			"shade": false,
			"rotation": {"angle": 0, "axis": "y", "origin": [16, -4, 16]},
			"faces": {
				"north": {"uv": [10, 8, 12, 6], "texture": "#0"},
				"east": {"uv": [10, 8, 12, 6], "texture": "#0"},
				"south": {"uv": [10, 8, 12, 6], "texture": "#0"},
				"west": {"uv": [10, 8, 12, 6], "texture": "#0"},
				"up": {"uv": [12, 6, 10, 8], "texture": "#0"},
				"down": {"uv": [12, 6, 10, 8], "texture": "#0"}
			}
		},
		{
			"from": [8.78191, 12.91432, 10.4],
			"to": [9.48191, 13.61432, 11.1],
			"shade": false,
			"rotation": {"angle": 0, "axis": "y", "origin": [16, -4, 16]},
			"faces": {
				"north": {"uv": [8, 6, 10, 4], "texture": "#0"},
				"east": {"uv": [8, 6, 10, 4], "texture": "#0"},
				"south": {"uv": [8, 6, 10, 4], "texture": "#0"},
				"west": {"uv": [8, 6, 10, 4], "texture": "#0"},
				"up": {"uv": [10, 4, 8, 6], "texture": "#0"},
				"down": {"uv": [10, 4, 8, 6], "texture": "#0"}
			}
		},
		{
			"from": [9.78191, 13.91432, 11.4],
			"to": [8.48191, 12.61432, 10.1],
			"shade": false,
			"rotation": {"angle": 0, "axis": "y", "origin": [16, -4, 16]},
			"faces": {
				"north": {"uv": [10, 6, 12, 4], "texture": "#0"},
				"east": {"uv": [10, 6, 12, 4], "texture": "#0"},
				"south": {"uv": [10, 6, 12, 4], "texture": "#0"},
				"west": {"uv": [10, 6, 12, 4], "texture": "#0"},
				"up": {"uv": [12, 4, 10, 6], "texture": "#0"},
				"down": {"uv": [12, 4, 10, 6], "texture": "#0"}
			}
		},
		{
			"from": [7.82, 13.25, 9.95],
			"to": [8.42, 13.85, 10.55],
			"shade": false,
			"rotation": {"angle": 0, "axis": "y", "origin": [16, -4, 16]},
			"faces": {
				"north": {"uv": [8, 4, 10, 2], "texture": "#0"},
				"east": {"uv": [8, 4, 10, 2], "texture": "#0"},
				"south": {"uv": [8, 4, 10, 2], "texture": "#0"},
				"west": {"uv": [8, 4, 10, 2], "texture": "#0"},
				"up": {"uv": [10, 2, 8, 4], "texture": "#0"},
				"down": {"uv": [10, 2, 8, 4], "texture": "#0"}
			}
		},
		{
			"from": [8.67, 14.1, 10.8],
			"to": [7.57, 13, 9.7],
			"shade": false,
			"rotation": {"angle": 0, "axis": "y", "origin": [16, -4, 16]},
			"faces": {
				"north": {"uv": [10, 4, 12, 2], "texture": "#0"},
				"east": {"uv": [10, 4, 12, 2], "texture": "#0"},
				"south": {"uv": [10, 4, 12, 2], "texture": "#0"},
				"west": {"uv": [10, 4, 12, 2], "texture": "#0"},
				"up": {"uv": [12, 2, 10, 4], "texture": "#0"},
				"down": {"uv": [12, 2, 10, 4], "texture": "#0"}
			}
		},
		{
			"from": [1.55, 12.3, 10.95],
			"to": [2.15, 12.9, 11.55],
			"shade": false,
			"rotation": {"angle": 0, "axis": "y", "origin": [0, -4, 16]},
			"faces": {
				"north": {"uv": [6, 16, 4, 14], "texture": "#0"},
				"east": {"uv": [6, 16, 4, 14], "texture": "#0"},
				"south": {"uv": [6, 16, 4, 14], "texture": "#0"},
				"west": {"uv": [6, 16, 4, 14], "texture": "#0"},
				"up": {"uv": [4, 14, 6, 16], "texture": "#0"},
				"down": {"uv": [4, 14, 6, 16], "texture": "#0"}
			}
		},
		{
			"from": [2.4, 13.15, 11.8],
			"to": [1.3, 12.05, 10.7],
			"shade": false,
			"rotation": {"angle": 0, "axis": "y", "origin": [0, -4, 16]},
			"faces": {
				"north": {"uv": [8, 16, 6, 14], "texture": "#0"},
				"east": {"uv": [8, 16, 6, 14], "texture": "#0"},
				"south": {"uv": [8, 16, 6, 14], "texture": "#0"},
				"west": {"uv": [8, 16, 6, 14], "texture": "#0"},
				"up": {"uv": [6, 14, 8, 16], "texture": "#0"},
				"down": {"uv": [6, 14, 8, 16], "texture": "#0"}
			}
		},
		{
			"from": [2.49436, 12.55616, 11.4],
			"to": [3.19436, 13.25616, 12.1],
			"shade": false,
			"rotation": {"angle": 0, "axis": "y", "origin": [0, -4, 16]},
			"faces": {
				"north": {"uv": [6, 14, 4, 12], "texture": "#0"},
				"east": {"uv": [6, 14, 4, 12], "texture": "#0"},
				"south": {"uv": [6, 14, 4, 12], "texture": "#0"},
				"west": {"uv": [6, 14, 4, 12], "texture": "#0"},
				"up": {"uv": [4, 12, 6, 14], "texture": "#0"},
				"down": {"uv": [4, 12, 6, 14], "texture": "#0"}
			}
		},
		{
			"from": [3.49436, 13.55616, 12.4],
			"to": [2.19436, 12.25616, 11.1],
			"shade": false,
			"rotation": {"angle": 0, "axis": "y", "origin": [0, -4, 16]},
			"faces": {
				"north": {"uv": [8, 14, 6, 12], "texture": "#0"},
				"east": {"uv": [8, 14, 6, 12], "texture": "#0"},
				"south": {"uv": [8, 14, 6, 12], "texture": "#0"},
				"west": {"uv": [8, 14, 6, 12], "texture": "#0"},
				"up": {"uv": [6, 12, 8, 14], "texture": "#0"},
				"down": {"uv": [6, 12, 8, 14], "texture": "#0"}
			}
		},
		{
			"from": [3.34219, 12.75, 11.75],
			"to": [4.34219, 13.75, 12.75],
			"shade": false,
			"rotation": {"angle": 0, "axis": "y", "origin": [0, -4, 16]},
			"faces": {
				"north": {"uv": [6, 12, 4, 10], "texture": "#0"},
				"east": {"uv": [6, 12, 4, 10], "texture": "#0"},
				"south": {"uv": [6, 12, 4, 10], "texture": "#0"},
				"west": {"uv": [6, 12, 4, 10], "texture": "#0"},
				"up": {"uv": [4, 10, 6, 12], "texture": "#0"},
				"down": {"uv": [4, 10, 6, 12], "texture": "#0"}
			}
		},
		{
			"from": [4.59219, 14, 13],
			"to": [3.09219, 12.5, 11.5],
			"shade": false,
			"rotation": {"angle": 0, "axis": "y", "origin": [0, -4, 16]},
			"faces": {
				"north": {"uv": [8, 12, 6, 10], "texture": "#0"},
				"east": {"uv": [8, 12, 6, 10], "texture": "#0"},
				"south": {"uv": [8, 12, 6, 10], "texture": "#0"},
				"west": {"uv": [8, 12, 6, 10], "texture": "#0"},
				"up": {"uv": [6, 10, 8, 12], "texture": "#0"},
				"down": {"uv": [6, 10, 8, 12], "texture": "#0"}
			}
		},
		{
			"from": [4.34668, 13.1, 11.75],
			"to": [5.34668, 14.1, 12.75],
			"shade": false,
			"rotation": {"angle": 0, "axis": "y", "origin": [0, -4, 16]},
			"faces": {
				"north": {"uv": [6, 10, 4, 8], "rotation": 270, "texture": "#0"},
				"east": {"uv": [6, 10, 4, 8], "rotation": 270, "texture": "#0"},
				"south": {"uv": [6, 10, 4, 8], "rotation": 90, "texture": "#0"},
				"west": {"uv": [6, 10, 4, 8], "rotation": 270, "texture": "#0"},
				"up": {"uv": [4, 8, 6, 10], "rotation": 270, "texture": "#0"},
				"down": {"uv": [4, 8, 6, 10], "rotation": 270, "texture": "#0"}
			}
		},
		{
			"from": [5.59668, 14.343, 13],
			"to": [4.09668, 12.843, 11.5],
			"shade": false,
			"rotation": {"angle": 0, "axis": "y", "origin": [0, -4, 16]},
			"faces": {
				"north": {"uv": [8, 10, 6, 8], "rotation": 270, "texture": "#0"},
				"east": {"uv": [8, 10, 6, 8], "rotation": 270, "texture": "#0"},
				"south": {"uv": [8, 10, 6, 8], "rotation": 90, "texture": "#0"},
				"west": {"uv": [8, 10, 6, 8], "rotation": 270, "texture": "#0"},
				"up": {"uv": [6, 8, 8, 10], "rotation": 270, "texture": "#0"},
				"down": {"uv": [6, 8, 8, 10], "rotation": 270, "texture": "#0"}
			}
		},
		{
			"from": [5.35, 13.45, 11],
			"to": [6.35, 14.45, 12],
			"shade": false,
			"rotation": {"angle": 0, "axis": "y", "origin": [0, -4, 16]},
			"faces": {
				"north": {"uv": [6, 8, 4, 6], "texture": "#0"},
				"east": {"uv": [6, 8, 4, 6], "texture": "#0"},
				"south": {"uv": [6, 8, 4, 6], "texture": "#0"},
				"west": {"uv": [6, 8, 4, 6], "texture": "#0"},
				"up": {"uv": [4, 6, 6, 8], "texture": "#0"},
				"down": {"uv": [4, 6, 6, 8], "texture": "#0"}
			}
		},
		{
			"from": [6.6, 14.7, 12.25],
			"to": [5.1, 13.2, 10.75],
			"shade": false,
			"rotation": {"angle": 0, "axis": "y", "origin": [0, -4, 16]},
			"faces": {
				"north": {"uv": [8, 8, 6, 6], "texture": "#0"},
				"east": {"uv": [8, 8, 6, 6], "texture": "#0"},
				"south": {"uv": [8, 8, 6, 6], "texture": "#0"},
				"west": {"uv": [8, 8, 6, 6], "texture": "#0"},
				"up": {"uv": [6, 6, 8, 8], "texture": "#0"},
				"down": {"uv": [6, 6, 8, 8], "texture": "#0"}
			}
		},
		{
			"from": [6.51809, 13.91432, 10.4],
			"to": [7.21809, 14.61432, 11.1],
			"shade": false,
			"rotation": {"angle": 0, "axis": "y", "origin": [0, -4, 16]},
			"faces": {
				"north": {"uv": [6, 6, 4, 4], "texture": "#0"},
				"east": {"uv": [6, 6, 4, 4], "texture": "#0"},
				"south": {"uv": [6, 6, 4, 4], "texture": "#0"},
				"west": {"uv": [6, 6, 4, 4], "texture": "#0"},
				"up": {"uv": [4, 4, 6, 6], "texture": "#0"},
				"down": {"uv": [4, 4, 6, 6], "texture": "#0"}
			}
		},
		{
			"from": [7.51809, 14.91432, 11.4],
			"to": [6.21809, 13.61432, 10.1],
			"shade": false,
			"rotation": {"angle": 0, "axis": "y", "origin": [0, -4, 16]},
			"faces": {
				"north": {"uv": [8, 6, 6, 4], "texture": "#0"},
				"east": {"uv": [8, 6, 6, 4], "texture": "#0"},
				"south": {"uv": [8, 6, 6, 4], "texture": "#0"},
				"west": {"uv": [8, 6, 6, 4], "texture": "#0"},
				"up": {"uv": [6, 4, 8, 6], "texture": "#0"},
				"down": {"uv": [6, 4, 8, 6], "texture": "#0"}
			}
		},
		{
			"from": [7.58, 14.25, 9.95],
			"to": [8.18, 14.85, 10.55],
			"shade": false,
			"rotation": {"angle": 0, "axis": "y", "origin": [0, -4, 16]},
			"faces": {
				"north": {"uv": [6, 4, 4, 2], "texture": "#0"},
				"east": {"uv": [6, 4, 4, 2], "texture": "#0"},
				"south": {"uv": [6, 4, 4, 2], "texture": "#0"},
				"west": {"uv": [6, 4, 4, 2], "texture": "#0"},
				"up": {"uv": [4, 2, 6, 4], "texture": "#0"},
				"down": {"uv": [4, 2, 6, 4], "texture": "#0"}
			}
		},
		{
			"from": [8.43, 15.1, 10.8],
			"to": [7.33, 14, 9.7],
			"shade": false,
			"rotation": {"angle": 0, "axis": "y", "origin": [0, -4, 16]},
			"faces": {
				"north": {"uv": [8, 4, 6, 2], "texture": "#0"},
				"east": {"uv": [8, 4, 6, 2], "texture": "#0"},
				"south": {"uv": [8, 4, 6, 2], "texture": "#0"},
				"west": {"uv": [8, 4, 6, 2], "texture": "#0"},
				"up": {"uv": [6, 2, 8, 4], "texture": "#0"},
				"down": {"uv": [6, 2, 8, 4], "texture": "#0"}
			}
		}
	],
	"gui_light": "front",
	"display": {
		"thirdperson_righthand": {
			"rotation": [0, 90, 0],
			"translation": [0, -1.25, 1.5],
			"scale": [1.16, 1.13, 1.09]
		},
		"thirdperson_lefthand": {
			"rotation": [0, -90, 0],
			"translation": [0, -1.25, 1.5],
			"scale": [1.13, 1, 1]
		},
		"firstperson_righthand": {
			"rotation": [6.25, 90, 0],
			"translation": [4.25, 1, 0],
			"scale": [0.74, 0.7, 0.69]
		},
		"firstperson_lefthand": {
			"rotation": [6.25, -90, 0],
			"translation": [4.25, 1, 0],
			"scale": [0.76, 0.76, 0.74]
		},
		"ground": {
			"rotation": [0, 0, -45],
			"translation": [0, 6, 0],
			"scale": [0.73, 0.69, 0.7]
		},
		"gui": {
			"rotation": [180, 0, -135],
			"translation": [-1.5, -1.5, 0],
			"scale": [0.54102, 0.54102, 0.54102]
		},
		"head": {
			"translation": [0, -19, 0],
			"scale": [3.93, 2.77, 4]
		},
		"fixed": {
			"translation": [0, -4, -2.75],
			"scale": [1.4, 1.4, 1.4]
		}
	},
	"groups": [
		0,
		1,
		2,
		3,
		4,
		5,
		6,
		7,
		8,
		9,
		10,
		11,
		12,
		13,
		14,
		15,
		16,
		17,
		18,
		{
			"name": "crystal",
			"origin": [6, 4.5, -5],
			"color": 0,
			"children": [19, 20, 21, 22, 23]
		},
		{
			"name": "particles",
			"origin": [8, 8, 8],
			"color": 0,
			"children": [
				{
					"name": "particles1",
					"origin": [0, 0, 0],
					"color": 0,
					"children": [
						{
							"name": "particle1",
							"origin": [0, 0, 0],
							"color": 0,
							"children": [24, 25]
						},
						{
							"name": "particle2",
							"origin": [0, 0, 0],
							"color": 0,
							"children": [26, 27]
						},
						{
							"name": "particle3",
							"origin": [0, 0, 0],
							"color": 0,
							"children": [28, 29]
						},
						{
							"name": "particle4",
							"origin": [0, 0, 0],
							"color": 0,
							"children": [30, 31]
						},
						{
							"name": "particle5",
							"origin": [0, 0, 0],
							"color": 0,
							"children": [32, 33]
						},
						{
							"name": "particle6",
							"origin": [0, 0, 0],
							"color": 0,
							"children": [34, 35]
						},
						{
							"name": "particle7",
							"origin": [0, 0, 0],
							"color": 0,
							"children": [36, 37]
						}
					]
				},
				{
					"name": "particles2",
					"origin": [0, 0, 0],
					"color": 0,
					"children": [
						{
							"name": "particle1",
							"origin": [0, 0, 0],
							"color": 0,
							"children": [38, 39]
						},
						{
							"name": "particle2",
							"origin": [0, 0, 0],
							"color": 0,
							"children": [40, 41]
						},
						{
							"name": "particle3",
							"origin": [0, 0, 0],
							"color": 0,
							"children": [42, 43]
						},
						{
							"name": "particle4",
							"origin": [0, 0, 0],
							"color": 0,
							"children": [44, 45]
						},
						{
							"name": "particle5",
							"origin": [0, 0, 0],
							"color": 0,
							"children": [46, 47]
						},
						{
							"name": "particle6",
							"origin": [0, 0, 0],
							"color": 0,
							"children": [48, 49]
						},
						{
							"name": "particle7",
							"origin": [0, 0, 0],
							"color": 0,
							"children": [50, 51]
						}
					]
				},
				{
					"name": "particles3",
					"origin": [0, 0, 0],
					"color": 0,
					"children": [
						{
							"name": "particle1",
							"origin": [0, 0, 0],
							"color": 0,
							"children": [52, 53]
						},
						{
							"name": "particle2",
							"origin": [0, 0, 0],
							"color": 0,
							"children": [54, 55]
						},
						{
							"name": "particle3",
							"origin": [0, 0, 0],
							"color": 0,
							"children": [56, 57]
						},
						{
							"name": "particle4",
							"origin": [0, 0, 0],
							"color": 0,
							"children": [58, 59]
						},
						{
							"name": "particle5",
							"origin": [0, 0, 0],
							"color": 0,
							"children": [60, 61]
						},
						{
							"name": "particle6",
							"origin": [0, 0, 0],
							"color": 0,
							"children": [62, 63]
						},
						{
							"name": "particle7",
							"origin": [0, 0, 0],
							"color": 0,
							"children": [64, 65]
						}
					]
				},
				{
					"name": "particles4",
					"origin": [0, 0, 0],
					"color": 0,
					"children": [
						{
							"name": "particle1",
							"origin": [0, 0, 0],
							"color": 0,
							"children": [66, 67]
						},
						{
							"name": "particle2",
							"origin": [0, 0, 0],
							"color": 0,
							"children": [68, 69]
						},
						{
							"name": "particle3",
							"origin": [0, 0, 0],
							"color": 0,
							"children": [70, 71]
						},
						{
							"name": "particle4",
							"origin": [0, 0, 0],
							"color": 0,
							"children": [72, 73]
						},
						{
							"name": "particle5",
							"origin": [0, 0, 0],
							"color": 0,
							"children": [74, 75]
						},
						{
							"name": "particle6",
							"origin": [0, 0, 0],
							"color": 0,
							"children": [76, 77]
						},
						{
							"name": "particle7",
							"origin": [0, 0, 0],
							"color": 0,
							"children": [78, 79]
						}
					]
				},
				{
					"name": "particles5",
					"origin": [0, 0, 0],
					"color": 0,
					"children": [
						{
							"name": "particle1",
							"origin": [0, 0, 0],
							"color": 0,
							"children": [80, 81]
						},
						{
							"name": "particle2",
							"origin": [0, 0, 0],
							"color": 0,
							"children": [82, 83]
						},
						{
							"name": "particle3",
							"origin": [0, 0, 0],
							"color": 0,
							"children": [84, 85]
						},
						{
							"name": "particle4",
							"origin": [0, 0, 0],
							"color": 0,
							"children": [86, 87]
						},
						{
							"name": "particle5",
							"origin": [0, 0, 0],
							"color": 0,
							"children": [88, 89]
						},
						{
							"name": "particle6",
							"origin": [0, 0, 0],
							"color": 0,
							"children": [90, 91]
						},
						{
							"name": "particle7",
							"origin": [0, 0, 0],
							"color": 0,
							"children": [92, 93]
						}
					]
				},
				{
					"name": "particles6",
					"origin": [0, 0, 0],
					"color": 0,
					"children": [
						{
							"name": "particle1",
							"origin": [0, 0, 0],
							"color": 0,
							"children": [94, 95]
						},
						{
							"name": "particle2",
							"origin": [0, 0, 0],
							"color": 0,
							"children": [96, 97]
						},
						{
							"name": "particle3",
							"origin": [0, 0, 0],
							"color": 0,
							"children": [98, 99]
						},
						{
							"name": "particle4",
							"origin": [0, 0, 0],
							"color": 0,
							"children": [100, 101]
						},
						{
							"name": "particle5",
							"origin": [0, 0, 0],
							"color": 0,
							"children": [102, 103]
						},
						{
							"name": "particle6",
							"origin": [0, 0, 0],
							"color": 0,
							"children": [104, 105]
						},
						{
							"name": "particle7",
							"origin": [0, 0, 0],
							"color": 0,
							"children": [106, 107]
						}
					]
				}
			]
		}
	]
}