{
	"credit": "MadewithBlockbenchbyyungwilder",
	"texture_size": [32, 32],
	"textures": {
		"0": "custom/wither/wither_axe",
		"particle": "custom/wither/wither_axe"
	},
	"elements": [
		{
			"from": [7, 1, 7],
			"to": [9, 15, 9],
			"faces": {
				"north": {"uv": [0, 0, 1, 7], "texture": "#0"},
				"east": {"uv": [1, 0, 2, 7], "texture": "#0"},
				"south": {"uv": [0, 0, 1, 7], "texture": "#0"},
				"west": {"uv": [1, 0, 2, 7], "texture": "#0"},
				"up": {"uv": [5.5, 8, 4.5, 7], "texture": "#0"},
				"down": {"uv": [1.5, 10, 0.5, 11], "texture": "#0"}
			}
		},
		{
			"from": [7.41421, -1, 6.75],
			"to": [9.41421, 2, 9.25],
			"rotation": {"angle": 45, "axis": "z", "origin": [8.41421, 1, 8]},
			"faces": {
				"north": {"uv": [6, 8.5, 7, 10], "texture": "#0"},
				"east": {"uv": [2, 9, 3, 10.5], "texture": "#0"},
				"south": {"uv": [3, 9, 4, 10.5], "texture": "#0"},
				"west": {"uv": [4, 9, 5, 10.5], "texture": "#0"},
				"up": {"uv": [11, 4, 10, 3], "texture": "#0"},
				"down": {"uv": [11, 4, 10, 5], "texture": "#0"}
			}
		},
		{
			"from": [6.58579, -1, 6.875],
			"to": [8.58579, 2, 9.125],
			"rotation": {"angle": -45, "axis": "z", "origin": [7.58579, 1, 8]},
			"faces": {
				"north": {"uv": [5, 9, 6, 10.5], "texture": "#0"},
				"east": {"uv": [7, 9, 8, 10.5], "texture": "#0"},
				"south": {"uv": [8, 9, 9, 10.5], "texture": "#0"},
				"west": {"uv": [9, 9, 10, 10.5], "texture": "#0"},
				"up": {"uv": [7, 11, 6, 10], "texture": "#0"},
				"down": {"uv": [11, 6, 10, 7], "texture": "#0"}
			}
		},
		{
			"from": [6.75, 14.75, 6.75],
			"to": [11.25, 19.25, 9.25],
			"rotation": {"angle": 45, "axis": "z", "origin": [8, 16, 8]},
			"faces": {
				"north": {"uv": [2, 0, 4.5, 2.5], "texture": "#0"},
				"east": {"uv": [4.5, 2, 6, 4.5], "texture": "#0"},
				"south": {"uv": [4.5, 0, 2, 2.5], "texture": "#0"},
				"west": {"uv": [4.5, 4.5, 6, 7], "texture": "#0"},
				"up": {"uv": [4.5, 6.5, 2, 5], "texture": "#0"},
				"down": {"uv": [8.5, 2, 6, 3.5], "texture": "#0"}
			}
		},
		{
			"from": [6.5, 14.5, 6.5],
			"to": [11.5, 19.5, 9.5],
			"rotation": {"angle": 45, "axis": "z", "origin": [8, 16, 8]},
			"faces": {
				"north": {"uv": [2, 2.5, 4.5, 5], "texture": "#0"},
				"east": {"uv": [6, 3.5, 7.5, 6], "texture": "#0"},
				"south": {"uv": [4.5, 2.5, 2, 5], "texture": "#0"},
				"west": {"uv": [6, 6, 7.5, 8.5], "texture": "#0"},
				"up": {"uv": [4.5, 8, 2, 6.5], "texture": "#0"},
				"down": {"uv": [10, 3.5, 7.5, 5], "texture": "#0"}
			}
		},
		{
			"from": [9.5, 14.5, 7],
			"to": [13.5, 16.5, 9],
			"rotation": {"angle": 45, "axis": "z", "origin": [8, 16, 8]},
			"faces": {
				"north": {"uv": [7.5, 6, 9.5, 7], "texture": "#0"},
				"east": {"uv": [10, 7, 11, 8], "texture": "#0"},
				"south": {"uv": [7.5, 7, 9.5, 8], "texture": "#0"},
				"west": {"uv": [10, 8, 11, 9], "texture": "#0"},
				"up": {"uv": [4, 9, 2, 8], "texture": "#0"},
				"down": {"uv": [6, 8, 4, 9], "texture": "#0"}
			}
		},
		{
			"from": [9.5, 12.5, 7],
			"to": [11.5, 14.5, 9],
			"rotation": {"angle": 45, "axis": "z", "origin": [8, 16, 8]},
			"faces": {
				"north": {"uv": [10, 9, 11, 10], "texture": "#0"},
				"east": {"uv": [10, 10, 11, 11], "texture": "#0"},
				"south": {"uv": [10.5, 0, 11.5, 1], "texture": "#0"},
				"west": {"uv": [10.5, 1, 11.5, 2], "texture": "#0"},
				"up": {"uv": [2.5, 11.5, 1.5, 10.5], "texture": "#0"},
				"down": {"uv": [11.5, 2, 10.5, 3], "texture": "#0"}
			}
		},
		{
			"from": [4.5, 12.5, 7],
			"to": [6.5, 14.5, 9],
			"rotation": {"angle": -45, "axis": "z", "origin": [8, 16, 8]},
			"faces": {
				"north": {"uv": [2.5, 10.5, 3.5, 11.5], "texture": "#0"},
				"east": {"uv": [3.5, 10.5, 4.5, 11.5], "texture": "#0"},
				"south": {"uv": [4.5, 10.5, 5.5, 11.5], "texture": "#0"},
				"west": {"uv": [7, 10.5, 8, 11.5], "texture": "#0"},
				"up": {"uv": [9, 11.5, 8, 10.5], "texture": "#0"},
				"down": {"uv": [10, 10.5, 9, 11.5], "texture": "#0"}
			}
		},
		{
			"from": [2.5, 14.5, 7],
			"to": [6.5, 16.5, 9],
			"rotation": {"angle": -45, "axis": "z", "origin": [8, 16, 8]},
			"faces": {
				"north": {"uv": [7.5, 8, 9.5, 9], "texture": "#0"},
				"east": {"uv": [0.5, 11, 1.5, 12], "texture": "#0"},
				"south": {"uv": [8.5, 0, 10.5, 1], "texture": "#0"},
				"west": {"uv": [11, 3, 12, 4], "texture": "#0"},
				"up": {"uv": [10.5, 2, 8.5, 1], "texture": "#0"},
				"down": {"uv": [10.5, 2, 8.5, 3], "texture": "#0"}
			}
		},
		{
			"from": [9.42462, 15.85355, 7.5],
			"to": [17.42462, 17.85355, 8.5],
			"rotation": {"angle": 45, "axis": "z", "origin": [15.42462, 16.35355, 7.5]},
			"faces": {
				"north": {"uv": [4.5, 0, 8.5, 1], "texture": "#0"},
				"east": {"uv": [5.5, 7, 6, 8], "texture": "#0"},
				"south": {"uv": [4.5, 1, 8.5, 2], "texture": "#0"},
				"west": {"uv": [11, 6, 11.5, 7], "texture": "#0"},
				"up": {"uv": [11.5, 5.5, 7.5, 5], "texture": "#0"},
				"down": {"uv": [11.5, 5.5, 7.5, 6], "texture": "#0"}
			}
		},
		{
			"from": [15.42462, 17.85355, 7.5],
			"to": [17.42462, 23.85355, 8.5],
			"rotation": {"angle": 45, "axis": "z", "origin": [15.42462, 16.35355, 7.5]},
			"faces": {
				"north": {"uv": [0, 7, 1, 10], "texture": "#0"},
				"east": {"uv": [9.5, 6, 10, 9], "texture": "#0"},
				"south": {"uv": [1, 7, 2, 10], "texture": "#0"},
				"west": {"uv": [0, 10, 0.5, 13], "texture": "#0"},
				"up": {"uv": [12, 9, 11, 8.5], "texture": "#0"},
				"down": {"uv": [12, 9, 11, 9.5], "texture": "#0"}
			}
		},
		{
			"from": [16.42462, 21.85355, 7],
			"to": [18.42462, 22.85355, 9],
			"rotation": {"angle": 45, "axis": "z", "origin": [15.42462, 16.35355, 7.5]},
			"faces": {
				"north": {"uv": [8.5, 3, 9.5, 3.5], "texture": "#0"},
				"east": {"uv": [11, 7, 12, 7.5], "texture": "#0"},
				"south": {"uv": [11, 7.5, 12, 8], "texture": "#0"},
				"west": {"uv": [11, 8, 12, 8.5], "texture": "#0"},
				"up": {"uv": [12, 5, 11, 4], "texture": "#0"},
				"down": {"uv": [6.5, 11, 5.5, 12], "texture": "#0"}
			}
		},
		{
			"from": [16.42462, 19.85355, 7],
			"to": [18.42462, 20.85355, 9],
			"rotation": {"angle": 45, "axis": "z", "origin": [15.42462, 16.35355, 7.5]},
			"faces": {
				"north": {"uv": [8.5, 3, 9.5, 3.5], "texture": "#0"},
				"east": {"uv": [11, 7, 12, 7.5], "texture": "#0"},
				"south": {"uv": [11, 7.5, 12, 8], "texture": "#0"},
				"west": {"uv": [11, 8, 12, 8.5], "texture": "#0"},
				"up": {"uv": [12, 5, 11, 4], "texture": "#0"},
				"down": {"uv": [6.5, 11, 5.5, 12], "texture": "#0"}
			}
		},
		{
			"from": [13.3033, 14.43934, 7],
			"to": [15.3033, 15.43934, 9],
			"rotation": {"angle": -45, "axis": "z", "origin": [13.3033, 14.93934, 8]},
			"faces": {
				"north": {"uv": [8.5, 3.5, 9.5, 3], "texture": "#0"},
				"east": {"uv": [11, 7.5, 12, 7], "texture": "#0"},
				"south": {"uv": [11, 8, 12, 7.5], "texture": "#0"},
				"west": {"uv": [11, 8.5, 12, 8], "texture": "#0"},
				"up": {"uv": [6.5, 12, 5.5, 11], "texture": "#0"},
				"down": {"uv": [12, 4, 11, 5], "texture": "#0"}
			}
		},
		{
			"from": [13.3033, 12.43934, 7],
			"to": [15.3033, 13.43934, 9],
			"rotation": {"angle": -45, "axis": "z", "origin": [13.3033, 14.93934, 8]},
			"faces": {
				"north": {"uv": [8.5, 3.5, 9.5, 3], "texture": "#0"},
				"east": {"uv": [11, 7.5, 12, 7], "texture": "#0"},
				"south": {"uv": [11, 8, 12, 7.5], "texture": "#0"},
				"west": {"uv": [11, 8.5, 12, 8], "texture": "#0"},
				"up": {"uv": [6.5, 12, 5.5, 11], "texture": "#0"},
				"down": {"uv": [12, 4, 11, 5], "texture": "#0"}
			}
		},
		{
			"from": [-2.42462, 21.85355, 7],
			"to": [-0.42462, 22.85355, 9],
			"rotation": {"angle": -45, "axis": "z", "origin": [0.57538, 16.35355, 7.5]},
			"faces": {
				"north": {"uv": [9.5, 3, 8.5, 3.5], "texture": "#0"},
				"east": {"uv": [12, 8, 11, 8.5], "texture": "#0"},
				"south": {"uv": [12, 7.5, 11, 8], "texture": "#0"},
				"west": {"uv": [12, 7, 11, 7.5], "texture": "#0"},
				"up": {"uv": [11, 5, 12, 4], "texture": "#0"},
				"down": {"uv": [5.5, 11, 6.5, 12], "texture": "#0"}
			}
		},
		{
			"from": [-2.42462, 19.85355, 7],
			"to": [-0.42462, 20.85355, 9],
			"rotation": {"angle": -45, "axis": "z", "origin": [0.57538, 16.35355, 7.5]},
			"faces": {
				"north": {"uv": [9.5, 3, 8.5, 3.5], "texture": "#0"},
				"east": {"uv": [12, 8, 11, 8.5], "texture": "#0"},
				"south": {"uv": [12, 7.5, 11, 8], "texture": "#0"},
				"west": {"uv": [12, 7, 11, 7.5], "texture": "#0"},
				"up": {"uv": [11, 5, 12, 4], "texture": "#0"},
				"down": {"uv": [5.5, 11, 6.5, 12], "texture": "#0"}
			}
		},
		{
			"from": [-1.42462, 15.85355, 7.5],
			"to": [6.57538, 17.85355, 8.5],
			"rotation": {"angle": -45, "axis": "z", "origin": [0.57538, 16.35355, 7.5]},
			"faces": {
				"north": {"uv": [8.5, 0, 4.5, 1], "texture": "#0"},
				"east": {"uv": [11.5, 6, 11, 7], "texture": "#0"},
				"south": {"uv": [8.5, 1, 4.5, 2], "texture": "#0"},
				"west": {"uv": [6, 7, 5.5, 8], "texture": "#0"},
				"up": {"uv": [7.5, 5.5, 11.5, 5], "texture": "#0"},
				"down": {"uv": [7.5, 5.5, 11.5, 6], "texture": "#0"}
			}
		},
		{
			"from": [-1.42462, 17.85355, 7.5],
			"to": [0.57538, 23.85355, 8.5],
			"rotation": {"angle": -45, "axis": "z", "origin": [0.57538, 16.35355, 7.5]},
			"faces": {
				"north": {"uv": [1, 7, 0, 10], "texture": "#0"},
				"east": {"uv": [0.5, 10, 0, 13], "texture": "#0"},
				"south": {"uv": [2, 7, 1, 10], "texture": "#0"},
				"west": {"uv": [10, 6, 9.5, 9], "texture": "#0"},
				"up": {"uv": [11, 9, 12, 8.5], "texture": "#0"},
				"down": {"uv": [11, 9, 12, 9.5], "texture": "#0"}
			}
		},
		{
			"from": [0.6967, 12.43934, 7],
			"to": [2.6967, 13.43934, 9],
			"rotation": {"angle": 45, "axis": "z", "origin": [2.6967, 14.93934, 8]},
			"faces": {
				"north": {"uv": [9.5, 3.5, 8.5, 3], "texture": "#0"},
				"east": {"uv": [12, 8.5, 11, 8], "texture": "#0"},
				"south": {"uv": [12, 8, 11, 7.5], "texture": "#0"},
				"west": {"uv": [12, 7.5, 11, 7], "texture": "#0"},
				"up": {"uv": [5.5, 12, 6.5, 11], "texture": "#0"},
				"down": {"uv": [11, 4, 12, 5], "texture": "#0"}
			}
		},
		{
			"from": [0.6967, 14.43934, 7],
			"to": [2.6967, 15.43934, 9],
			"rotation": {"angle": 45, "axis": "z", "origin": [2.6967, 14.93934, 8]},
			"faces": {
				"north": {"uv": [9.5, 3.5, 8.5, 3], "texture": "#0"},
				"east": {"uv": [12, 8.5, 11, 8], "texture": "#0"},
				"south": {"uv": [12, 8, 11, 7.5], "texture": "#0"},
				"west": {"uv": [12, 7.5, 11, 7], "texture": "#0"},
				"up": {"uv": [5.5, 12, 6.5, 11], "texture": "#0"},
				"down": {"uv": [11, 4, 12, 5], "texture": "#0"}
			}
		}
	],
	"gui_light": "front",
	"display": {
		"thirdperson_righthand": {
			"rotation": [0, 90, 0],
			"translation": [0, 0.5, 1.5],
			"scale": [0.9, 0.9, 0.9]
		},
		"thirdperson_lefthand": {
			"rotation": [0, -90, 0],
			"translation": [0, 0.5, 1.5],
			"scale": [0.9, 0.9, 0.9]
		},
		"firstperson_righthand": {
			"rotation": [-20, 90, 0],
			"scale": [0.65, 0.65, 0.65]
		},
		"firstperson_lefthand": {
			"rotation": [-20, 90, 0],
			"scale": [0.65, 0.65, 0.65]
		},
		"ground": {
			"rotation": [45, 0, 0],
			"scale": [0.35, 0.35, 0.35]
		},
		"gui": {
			"rotation": [20, -20, -45],
			"translation": [-2.5, -2.5, 0],
			"scale": [0.65, 0.65, 0.65]
		},
		"head": {
			"rotation": [0, 0, -125],
			"translation": [-4, 14, 0]
		},
		"fixed": {
			"rotation": [0, 0, 45],
			"translation": [4, -4, -1],
			"scale": [0.8, 0.8, 0.8]
		}
	}
}