{
	"credit": "Made by Jeqo",
	"texture_size": [128, 128],
	"textures": {
		"0": "custom/wither/driftkart_blue",
		"particle": "custom/wither/driftkart_blue"
	},
	"elements": [
		{
			"from": [2, 0, -6],
			"to": [14, 3, 19],
			"rotation": {"angle": 0, "axis": "y", "origin": [8, 1.5, 6.5]},
			"faces": {
				"north": {"uv": [5, 3.875, 6.5, 4.25], "texture": "#0"},
				"east": {"uv": [4.25, 1.25, 7.375, 1.625], "texture": "#0"},
				"south": {"uv": [5, 4.25, 6.5, 4.625], "texture": "#0"},
				"west": {"uv": [4.25, 1.625, 7.375, 2], "texture": "#0"},
				"up": {"uv": [1.5, 3.125, 0, 0], "texture": "#0"},
				"down": {"uv": [3, 0, 1.5, 3.125], "texture": "#0"}
			}
		},
		{
			"from": [-2, 0, -1],
			"to": [2, 5, 4],
			"rotation": {"angle": 0, "axis": "y", "origin": [7, 0, 1]},
			"faces": {
				"north": {"uv": [0.5, 7, 1, 7.625], "texture": "#0"},
				"east": {"uv": [0, 6.375, 0.625, 7], "texture": "#0"},
				"south": {"uv": [2.25, 7, 2.75, 7.625], "texture": "#0"},
				"west": {"uv": [0.625, 6.375, 1.25, 7], "texture": "#0"},
				"up": {"uv": [7.5, 3.125, 7, 2.5], "texture": "#0"},
				"down": {"uv": [3.25, 7, 2.75, 7.625], "texture": "#0"}
			}
		},
		{
			"from": [14, 0, -1],
			"to": [18, 5, 4],
			"rotation": {"angle": 0, "axis": "y", "origin": [9, 0, 1]},
			"faces": {
				"north": {"uv": [3.25, 7, 3.75, 7.625], "texture": "#0"},
				"east": {"uv": [6.375, 2.625, 7, 3.25], "texture": "#0"},
				"south": {"uv": [7, 3.5, 7.5, 4.125], "texture": "#0"},
				"west": {"uv": [6.375, 5.25, 7, 5.875], "texture": "#0"},
				"up": {"uv": [7.5, 5.875, 7, 5.25], "texture": "#0"},
				"down": {"uv": [6, 7, 5.5, 7.625], "texture": "#0"}
			}
		},
		{
			"from": [-3, 0, 13],
			"to": [2, 7, 20],
			"rotation": {"angle": 0, "axis": "y", "origin": [7, 0, 26]},
			"faces": {
				"north": {"uv": [5.5, 0.375, 6.125, 1.25], "texture": "#0"},
				"east": {"uv": [0.75, 4.5, 1.625, 5.375], "texture": "#0"},
				"south": {"uv": [5.5, 2, 6.125, 2.875], "texture": "#0"},
				"west": {"uv": [1.625, 4.5, 2.5, 5.375], "texture": "#0"},
				"up": {"uv": [2.875, 6.5, 2.25, 5.625], "texture": "#0"},
				"down": {"uv": [3.5, 5.625, 2.875, 6.5], "texture": "#0"}
			}
		},
		{
			"from": [14, 0, 13],
			"to": [19, 7, 20],
			"rotation": {"angle": 0, "axis": "y", "origin": [9, 0, 26]},
			"faces": {
				"north": {"uv": [3.5, 5.625, 4.125, 6.5], "texture": "#0"},
				"east": {"uv": [2.5, 4.75, 3.375, 5.625], "texture": "#0"},
				"south": {"uv": [5.75, 5.25, 6.375, 6.125], "texture": "#0"},
				"west": {"uv": [3.375, 4.75, 4.25, 5.625], "texture": "#0"},
				"up": {"uv": [4.75, 6.75, 4.125, 5.875], "texture": "#0"},
				"down": {"uv": [5.375, 5.875, 4.75, 6.75], "texture": "#0"}
			}
		},
		{
			"from": [6, 9.54356, 5.11234],
			"to": [10, 10.54356, 6.11234],
			"rotation": {"angle": -22.5, "axis": "x", "origin": [9, 4.54356, 1.61234]},
			"faces": {
				"north": {"uv": [5, 4.625, 5.5, 4.75], "texture": "#0"},
				"east": {"uv": [4.125, 5.625, 4.25, 5.75], "texture": "#0"},
				"south": {"uv": [6.875, 0.875, 7.375, 1], "texture": "#0"},
				"west": {"uv": [4.125, 5.75, 4.25, 5.875], "texture": "#0"},
				"up": {"uv": [7.5, 3.25, 7, 3.125], "texture": "#0"},
				"down": {"uv": [7.5, 4.125, 7, 4.25], "texture": "#0"}
			}
		},
		{
			"from": [6, 11.54356, 5.11234],
			"to": [10, 12.54356, 6.11234],
			"rotation": {"angle": -22.5, "axis": "x", "origin": [9, 4.54356, 1.61234]},
			"faces": {
				"north": {"uv": [7.625, 1.125, 8.125, 1.25], "texture": "#0"},
				"east": {"uv": [5.625, 5.875, 5.75, 6], "texture": "#0"},
				"south": {"uv": [8, 4.25, 8.5, 4.375], "texture": "#0"},
				"west": {"uv": [5.625, 6, 5.75, 6.125], "texture": "#0"},
				"up": {"uv": [8.5, 4.5, 8, 4.375], "texture": "#0"},
				"down": {"uv": [8.625, 3, 8.125, 3.125], "texture": "#0"}
			}
		},
		{
			"from": [6, 7.54356, 5.11234],
			"to": [10, 8.54356, 6.11234],
			"rotation": {"angle": -22.5, "axis": "x", "origin": [9, 4.54356, 1.61234]},
			"faces": {
				"north": {"uv": [8.125, 3.125, 8.625, 3.25], "texture": "#0"},
				"east": {"uv": [4, 6.5, 4.125, 6.625], "texture": "#0"},
				"south": {"uv": [8.125, 5.375, 8.625, 5.5], "texture": "#0"},
				"west": {"uv": [6.5, 4.5, 6.625, 4.625], "texture": "#0"},
				"up": {"uv": [8.625, 5.625, 8.125, 5.5], "texture": "#0"},
				"down": {"uv": [8.625, 6.5, 8.125, 6.625], "texture": "#0"}
			}
		},
		{
			"from": [10, 7.54356, 5.11234],
			"to": [11, 12.54356, 6.11234],
			"rotation": {"angle": -22.5, "axis": "x", "origin": [9, 4.54356, 1.61234]},
			"faces": {
				"north": {"uv": [5.375, 7.875, 5.5, 8.5], "texture": "#0"},
				"east": {"uv": [4.75, 8.125, 4.875, 8.75], "texture": "#0"},
				"south": {"uv": [0.75, 8.25, 0.875, 8.875], "texture": "#0"},
				"west": {"uv": [8.375, 1.5, 8.5, 2.125], "texture": "#0"},
				"up": {"uv": [4.125, 6.75, 4, 6.625], "texture": "#0"},
				"down": {"uv": [7, 2.5, 6.875, 2.625], "texture": "#0"}
			}
		},
		{
			"from": [5, 7.54356, 5.11234],
			"to": [6, 12.54356, 6.11234],
			"rotation": {"angle": -22.5, "axis": "x", "origin": [4, 4.54356, 1.61234]},
			"faces": {
				"north": {"uv": [8.375, 2.125, 8.5, 2.75], "texture": "#0"},
				"east": {"uv": [8.375, 6.875, 8.5, 7.5], "texture": "#0"},
				"south": {"uv": [8, 8.375, 8.125, 9], "texture": "#0"},
				"west": {"uv": [8.125, 8.375, 8.25, 9], "texture": "#0"},
				"up": {"uv": [7, 6.75, 6.875, 6.625], "texture": "#0"},
				"down": {"uv": [7.5, 0.875, 7.375, 1], "texture": "#0"}
			}
		},
		{
			"from": [7, 7.70834, 0.88608],
			"to": [9, 8.70834, 3.88608],
			"rotation": {"angle": -22.5, "axis": "x", "origin": [9, 6.70834, -3.61392]},
			"faces": {
				"north": {"uv": [5.5, 4.625, 5.75, 4.75], "texture": "#0"},
				"east": {"uv": [7.5, 4.125, 7.875, 4.25], "texture": "#0"},
				"south": {"uv": [1, 7, 1.25, 7.125], "texture": "#0"},
				"west": {"uv": [7.75, 0.25, 8.125, 0.375], "texture": "#0"},
				"up": {"uv": [8.5, 8, 8.25, 7.625], "texture": "#0"},
				"down": {"uv": [8.5, 8, 8.25, 8.375], "texture": "#0"}
			}
		},
		{
			"from": [3, 3, 2],
			"to": [13, 5, 12],
			"rotation": {"angle": 0, "axis": "y", "origin": [8, 0, 4]},
			"faces": {
				"north": {"uv": [6.875, 0.375, 8.125, 0.625], "texture": "#0"},
				"east": {"uv": [6.875, 0.625, 8.125, 0.875], "texture": "#0"},
				"south": {"uv": [6.875, 2, 8.125, 2.25], "texture": "#0"},
				"west": {"uv": [6.875, 2.25, 8.125, 2.5], "texture": "#0"},
				"up": {"uv": [4.25, 4.75, 3, 3.5], "texture": "#0"},
				"down": {"uv": [5.5, 0, 4.25, 1.25], "texture": "#0"}
			}
		},
		{
			"from": [3.025, 2.92596, 12.37222],
			"to": [12.975, 16.92596, 14.37222],
			"rotation": {"angle": 22.5, "axis": "x", "origin": [8, 8.92596, 13.37222]},
			"faces": {
				"north": {"uv": [3, 0, 4.25, 1.75], "texture": "#0"},
				"east": {"uv": [1.75, 5.75, 2, 7.5], "texture": "#0"},
				"south": {"uv": [3, 1.75, 4.25, 3.5], "texture": "#0"},
				"west": {"uv": [2, 5.75, 2.25, 7.5], "texture": "#0"},
				"up": {"uv": [8.125, 6.375, 6.875, 6.125], "texture": "#0"},
				"down": {"uv": [8.125, 6.375, 6.875, 6.625], "texture": "#0"}
			}
		},
		{
			"from": [5, 3, 12],
			"to": [11, 8, 18],
			"rotation": {"angle": 0, "axis": "y", "origin": [15, 3, 14]},
			"faces": {
				"north": {"uv": [6.125, 0.375, 6.875, 1], "texture": "#0"},
				"east": {"uv": [6.125, 2, 6.875, 2.625], "texture": "#0"},
				"south": {"uv": [5.375, 6.125, 6.125, 6.75], "texture": "#0"},
				"west": {"uv": [6.125, 6.125, 6.875, 6.75], "texture": "#0"},
				"up": {"uv": [5, 5.875, 4.25, 5.125], "texture": "#0"},
				"down": {"uv": [5.75, 5.125, 5, 5.875], "texture": "#0"}
			}
		},
		{
			"from": [2, 3, 14],
			"to": [5, 6, 19],
			"rotation": {"angle": 0, "axis": "y", "origin": [10, 3, 14]},
			"faces": {
				"north": {"uv": [3.625, 8.125, 4, 8.5], "texture": "#0"},
				"east": {"uv": [7.5, 2.5, 8.125, 2.875], "texture": "#0"},
				"south": {"uv": [4, 8.125, 4.375, 8.5], "texture": "#0"},
				"west": {"uv": [7.5, 2.875, 8.125, 3.25], "texture": "#0"},
				"up": {"uv": [7.875, 4.125, 7.5, 3.5], "texture": "#0"},
				"down": {"uv": [4.875, 7.5, 4.5, 8.125], "texture": "#0"}
			}
		},
		{
			"from": [11, 3, 14],
			"to": [14, 6, 19],
			"rotation": {"angle": 0, "axis": "y", "origin": [6, 3, 14]},
			"faces": {
				"north": {"uv": [4.375, 8.125, 4.75, 8.5], "texture": "#0"},
				"east": {"uv": [7.5, 7, 8.125, 7.375], "texture": "#0"},
				"south": {"uv": [8.125, 5, 8.5, 5.375], "texture": "#0"},
				"west": {"uv": [7.5, 7.375, 8.125, 7.75], "texture": "#0"},
				"up": {"uv": [0.875, 8.25, 0.5, 7.625], "texture": "#0"},
				"down": {"uv": [2.625, 7.625, 2.25, 8.25], "texture": "#0"}
			}
		},
		{
			"from": [1.5, 5.41421, 20.82843],
			"to": [5.5, 9.41421, 26.82843],
			"rotation": {"angle": -45, "axis": "x", "origin": [3.5, 7.41421, 17.82843]},
			"faces": {
				"north": {"uv": [7.375, 4.5, 7.875, 5], "texture": "#0"},
				"east": {"uv": [2.25, 6.5, 3, 7], "texture": "#0"},
				"south": {"uv": [6, 7.375, 6.5, 7.875], "texture": "#0"},
				"west": {"uv": [3, 6.5, 3.75, 7], "texture": "#0"},
				"up": {"uv": [1.75, 7.125, 1.25, 6.375], "texture": "#0"},
				"down": {"uv": [7, 3.5, 6.5, 4.25], "texture": "#0"}
			}
		},
		{
			"from": [2.5, 6.41421, 14.82843],
			"to": [4.5, 8.41421, 20.82843],
			"rotation": {"angle": -45, "axis": "x", "origin": [3.5, 7.41421, 17.82843]},
			"faces": {
				"north": {"uv": [2.5, 4.5, 2.75, 4.75], "texture": "#0"},
				"east": {"uv": [3.625, 7.875, 4.375, 8.125], "texture": "#0"},
				"south": {"uv": [2.75, 4.5, 3, 4.75], "texture": "#0"},
				"west": {"uv": [7.875, 3.75, 8.625, 4], "texture": "#0"},
				"up": {"uv": [1.875, 8.625, 1.625, 7.875], "texture": "#0"},
				"down": {"uv": [2.125, 7.875, 1.875, 8.625], "texture": "#0"}
			}
		},
		{
			"from": [10.5, 5.41421, 20.82843],
			"to": [14.5, 9.41421, 26.82843],
			"rotation": {"angle": -45, "axis": "x", "origin": [12.5, 7.41421, 17.82843]},
			"faces": {
				"north": {"uv": [6.5, 7.375, 7, 7.875], "texture": "#0"},
				"east": {"uv": [6.625, 4.5, 7.375, 5], "texture": "#0"},
				"south": {"uv": [7, 7.375, 7.5, 7.875], "texture": "#0"},
				"west": {"uv": [3.75, 6.75, 4.5, 7.25], "texture": "#0"},
				"up": {"uv": [5, 7.5, 4.5, 6.75], "texture": "#0"},
				"down": {"uv": [5.5, 6.75, 5, 7.5], "texture": "#0"}
			}
		},
		{
			"from": [11.5, 6.41421, 14.82843],
			"to": [13.5, 8.41421, 20.82843],
			"rotation": {"angle": -45, "axis": "x", "origin": [12.5, 7.41421, 17.82843]},
			"faces": {
				"north": {"uv": [8.375, 0.625, 8.625, 0.875], "texture": "#0"},
				"east": {"uv": [6, 7.875, 6.75, 8.125], "texture": "#0"},
				"south": {"uv": [8.375, 2.75, 8.625, 3], "texture": "#0"},
				"west": {"uv": [6.75, 7.875, 7.5, 8.125], "texture": "#0"},
				"up": {"uv": [5.125, 8.625, 4.875, 7.875], "texture": "#0"},
				"down": {"uv": [5.375, 7.875, 5.125, 8.625], "texture": "#0"}
			}
		},
		{
			"from": [2, 1.85355, -7],
			"to": [14, 12.85355, -5],
			"rotation": {"angle": 45, "axis": "x", "origin": [8, 3.35355, -6.23223]},
			"faces": {
				"north": {"uv": [0, 3.125, 1.5, 4.5], "texture": "#0"},
				"east": {"uv": [0, 7, 0.25, 8.375], "texture": "#0"},
				"south": {"uv": [1.5, 3.125, 3, 4.5], "texture": "#0"},
				"west": {"uv": [0.25, 7, 0.5, 8.375], "texture": "#0"},
				"up": {"uv": [8.125, 5.25, 6.625, 5], "texture": "#0"},
				"down": {"uv": [7, 6.75, 5.5, 7], "texture": "#0"}
			}
		},
		{
			"from": [10, 0, 19],
			"to": [12, 3, 24],
			"rotation": {"angle": 0, "axis": "y", "origin": [8, 0, 9]},
			"faces": {
				"north": {"uv": [8.375, 0.25, 8.625, 0.625], "texture": "#0"},
				"east": {"uv": [4.875, 7.5, 5.5, 7.875], "texture": "#0"},
				"south": {"uv": [8.375, 1.125, 8.625, 1.5], "texture": "#0"},
				"west": {"uv": [7.5, 5.25, 8.125, 5.625], "texture": "#0"},
				"up": {"uv": [8.375, 2.375, 8.125, 1.75], "texture": "#0"},
				"down": {"uv": [8.375, 2.375, 8.125, 3], "texture": "#0"}
			}
		},
		{
			"from": [12.41421, -0.025, 22.17157],
			"to": [18.41421, 2.975, 24.17157],
			"rotation": {"angle": 45, "axis": "y", "origin": [15.41421, 1.475, 23.17157]},
			"faces": {
				"north": {"uv": [7.375, 1.25, 8.125, 1.625], "texture": "#0"},
				"east": {"uv": [0, 8.375, 0.25, 8.75], "texture": "#0"},
				"south": {"uv": [7.375, 1.625, 8.125, 2], "texture": "#0"},
				"west": {"uv": [0.25, 8.375, 0.5, 8.75], "texture": "#0"},
				"up": {"uv": [8.625, 5, 7.875, 4.75], "texture": "#0"},
				"down": {"uv": [8.625, 5.875, 7.875, 6.125], "texture": "#0"}
			}
		},
		{
			"from": [16, 0, 5],
			"to": [18, 5, 12],
			"rotation": {"angle": 0, "axis": "y", "origin": [11, 0, 6.5]},
			"faces": {
				"north": {"uv": [8.125, 1.125, 8.375, 1.75], "texture": "#0"},
				"east": {"uv": [0.875, 5.75, 1.75, 6.375], "texture": "#0"},
				"south": {"uv": [1.375, 8.125, 1.625, 8.75], "texture": "#0"},
				"west": {"uv": [5.75, 4.625, 6.625, 5.25], "texture": "#0"},
				"up": {"uv": [7.75, 8.625, 7.5, 7.75], "texture": "#0"},
				"down": {"uv": [8, 7.75, 7.75, 8.625], "texture": "#0"}
			}
		},
		{
			"from": [14, 0, 5],
			"to": [16, 2, 12],
			"rotation": {"angle": 0, "axis": "y", "origin": [8, 0, 6.5]},
			"faces": {
				"north": {"uv": [6.125, 2.625, 6.375, 2.875], "texture": "#0"},
				"east": {"uv": [3.625, 7.625, 4.5, 7.875], "texture": "#0"},
				"south": {"uv": [3.75, 6.5, 4, 6.75], "texture": "#0"},
				"west": {"uv": [7.75, 0, 8.625, 0.25], "texture": "#0"},
				"up": {"uv": [5.75, 8.5, 5.5, 7.625], "texture": "#0"},
				"down": {"uv": [6, 7.625, 5.75, 8.5], "texture": "#0"}
			}
		},
		{
			"from": [-2, 0, 5],
			"to": [0, 5, 12],
			"rotation": {"angle": 0, "axis": "y", "origin": [5, 0, 6.5]},
			"faces": {
				"north": {"uv": [0.875, 8.125, 1.125, 8.75], "texture": "#0"},
				"east": {"uv": [5.5, 2.875, 6.375, 3.5], "texture": "#0"},
				"south": {"uv": [1.125, 8.125, 1.375, 8.75], "texture": "#0"},
				"west": {"uv": [0, 5.75, 0.875, 6.375], "texture": "#0"},
				"up": {"uv": [2.875, 8.5, 2.625, 7.625], "texture": "#0"},
				"down": {"uv": [3.125, 7.625, 2.875, 8.5], "texture": "#0"}
			}
		},
		{
			"from": [0, 0, 5],
			"to": [2, 2, 12],
			"rotation": {"angle": 0, "axis": "y", "origin": [8, 0, 6.5]},
			"faces": {
				"north": {"uv": [2.25, 5.375, 2.5, 5.625], "texture": "#0"},
				"east": {"uv": [7.5, 5.625, 8.375, 5.875], "texture": "#0"},
				"south": {"uv": [5.375, 5.875, 5.625, 6.125], "texture": "#0"},
				"west": {"uv": [7.625, 0.875, 8.5, 1.125], "texture": "#0"},
				"up": {"uv": [3.375, 8.5, 3.125, 7.625], "texture": "#0"},
				"down": {"uv": [3.625, 7.625, 3.375, 8.5], "texture": "#0"}
			}
		},
		{
			"from": [4, 0, 19],
			"to": [6, 3, 24],
			"rotation": {"angle": 0, "axis": "y", "origin": [8, 0, 9]},
			"faces": {
				"north": {"uv": [2.125, 8.25, 2.375, 8.625], "texture": "#0"},
				"east": {"uv": [1, 7.5, 1.625, 7.875], "texture": "#0"},
				"south": {"uv": [2.375, 8.25, 2.625, 8.625], "texture": "#0"},
				"west": {"uv": [1.625, 7.5, 2.25, 7.875], "texture": "#0"},
				"up": {"uv": [8.25, 8.375, 8, 7.75], "texture": "#0"},
				"down": {"uv": [8.375, 0.25, 8.125, 0.875], "texture": "#0"}
			}
		},
		{
			"from": [-2.41421, -0.025, 22.17157],
			"to": [3.58579, 2.975, 24.17157],
			"rotation": {"angle": -45, "axis": "y", "origin": [0.58579, 1.475, 23.17157]},
			"faces": {
				"north": {"uv": [1, 7.125, 1.75, 7.5], "texture": "#0"},
				"east": {"uv": [8.125, 7.25, 8.375, 7.625], "texture": "#0"},
				"south": {"uv": [3.75, 7.25, 4.5, 7.625], "texture": "#0"},
				"west": {"uv": [0.5, 8.25, 0.75, 8.625], "texture": "#0"},
				"up": {"uv": [8.625, 4.25, 7.875, 4], "texture": "#0"},
				"down": {"uv": [8.625, 4.5, 7.875, 4.75], "texture": "#0"}
			}
		},
		{
			"from": [2, 0.025, 24],
			"to": [14, 2.975, 26],
			"rotation": {"angle": 0, "axis": "y", "origin": [8, 0, 18]},
			"faces": {
				"north": {"uv": [0.75, 5.375, 2.25, 5.75], "texture": "#0"},
				"east": {"uv": [7, 8.125, 7.25, 8.5], "texture": "#0"},
				"south": {"uv": [5.5, 0, 7, 0.375], "texture": "#0"},
				"west": {"uv": [7.25, 8.125, 7.5, 8.5], "texture": "#0"},
				"up": {"uv": [7.875, 6.125, 6.375, 5.875], "texture": "#0"},
				"down": {"uv": [8, 4.25, 6.5, 4.5], "texture": "#0"}
			}
		},
		{
			"from": [2, -0.13921, -7.83579],
			"to": [14, 2.83579, -5.83579],
			"rotation": {"angle": 0, "axis": "y", "origin": [8, -0.16421, -0.83579]},
			"faces": {
				"north": {"uv": [4.25, 4.75, 5.75, 5.125], "texture": "#0"},
				"east": {"uv": [6, 8.125, 6.25, 8.5], "texture": "#0"},
				"south": {"uv": [5, 3.5, 6.5, 3.875], "texture": "#0"},
				"west": {"uv": [8.125, 6.125, 8.375, 6.5], "texture": "#0"},
				"up": {"uv": [7.625, 1.25, 6.125, 1], "texture": "#0"},
				"down": {"uv": [7.875, 3.25, 6.375, 3.5], "texture": "#0"}
			}
		},
		{
			"from": [-2.41421, -0.16421, -6.00736],
			"to": [3.58579, 2.83579, -4.00736],
			"rotation": {"angle": 45, "axis": "y", "origin": [0.58579, 1.33579, -5.00736]},
			"faces": {
				"north": {"uv": [7, 6.625, 7.75, 7], "texture": "#0"},
				"east": {"uv": [6.75, 8.125, 7, 8.5], "texture": "#0"},
				"south": {"uv": [6.75, 7, 7.5, 7.375], "texture": "#0"},
				"west": {"uv": [8.125, 6.875, 8.375, 7.25], "texture": "#0"},
				"up": {"uv": [8.625, 3.5, 7.875, 3.25], "texture": "#0"},
				"down": {"uv": [8.625, 3.5, 7.875, 3.75], "texture": "#0"}
			}
		},
		{
			"from": [12.41421, -0.16421, -6.00736],
			"to": [18.41421, 2.83579, -4.00736],
			"rotation": {"angle": -45, "axis": "y", "origin": [15.41421, 1.33579, -5.00736]},
			"faces": {
				"north": {"uv": [7, 0, 7.75, 0.375], "texture": "#0"},
				"east": {"uv": [6.25, 8.125, 6.5, 8.5], "texture": "#0"},
				"south": {"uv": [6, 7, 6.75, 7.375], "texture": "#0"},
				"west": {"uv": [6.5, 8.125, 6.75, 8.5], "texture": "#0"},
				"up": {"uv": [8.5, 6.875, 7.75, 6.625], "texture": "#0"},
				"down": {"uv": [1.625, 7.875, 0.875, 8.125], "texture": "#0"}
			}
		}
	],
	"gui_light": "front",
	"display": {
		"thirdperson_righthand": {
			"rotation": [35.65, 77.75, 16.27],
			"translation": [0, 2.75, 1],
			"scale": [0.3, 0.3, 0.3]
		},
		"thirdperson_lefthand": {
			"rotation": [35.65, 77.75, 16.27],
			"translation": [0, 2.75, 1],
			"scale": [0.3, 0.3, 0.3]
		},
		"firstperson_righthand": {
			"rotation": [4.03, 67.59, 7.62],
			"translation": [1, 1, 0],
			"scale": [0.5, 0.5, 0.5]
		},
		"firstperson_lefthand": {
			"rotation": [4.03, 67.59, 7.62],
			"translation": [1, 1, 0],
			"scale": [0.5, 0.5, 0.5]
		},
		"ground": {
			"translation": [0, 2.5, 0],
			"scale": [0.25, 0.25, 0.25]
		},
		"gui": {
			"rotation": [-164.47, 33.53, -177.76],
			"translation": [-0.2, 0, 0],
			"scale": [0.5, 0.5, 0.5]
		},
		"head": {
			"translation": [0, -21.75, 0],
			"scale": [4, 4, 4]
		},
		"fixed": {
			"rotation": [-90, 0, 0],
			"translation": [0, 0, -31.75],
			"scale": [4, 4, 4]
		}
	},
	"groups": [
		{
			"name": "body",
			"origin": [0, 10.39026, -7.64466],
			"color": 0,
			"children": [
				0,
				{
					"name": "l_arm",
					"origin": [-8, 2.5, -7.5],
					"color": 0,
					"children": [1]
				},
				{
					"name": "r_arm",
					"origin": [8, 2.5, -7.5],
					"color": 0,
					"children": [2]
				},
				{
					"name": "l_leg",
					"origin": [-8.5, 3.5, 7.5],
					"color": 0,
					"children": [3]
				},
				{
					"name": "r_leg",
					"origin": [8.5, 3.5, 7.5],
					"color": 0,
					"children": [4]
				},
				{
					"name": "wheel",
					"origin": [0, 11.15563, -5.79691],
					"color": 0,
					"children": [5, 6, 7, 8, 9]
				},
				10,
				{
					"name": "seat",
					"origin": [0, 6.92492, 1.37745],
					"color": 0,
					"children": [11, 12]
				},
				{
					"name": "engine",
					"origin": [0, 7.52031, 9.257],
					"color": 0,
					"children": [13, 14, 15, 16, 17, 18, 19]
				},
				{
					"name": "shell",
					"origin": [0, 1.90675, 0.5783],
					"color": 0,
					"children": [20, 21, 22, 23, 24, 25, 26, 27, 28, 29, 30, 31, 32]
				},
				{
					"name": "mount",
					"origin": [0, 1, 1],
					"color": 0,
					"children": []
				}
			]
		},
		{
			"name": "hitbox",
			"origin": [0, 8, 0],
			"color": 0,
			"children": []
		}
	]
}