{
	"credit": "MadewithBlockbenchbyyungwilder",
	"texture_size": [32, 32],
	"textures": {
		"0": "custom/wither/wither_hoe",
		"particle": "custom/wither/wither_hoe"
	},
	"elements": [
		{
			"from": [7, 1, 7],
			"to": [9, 15, 9],
			"faces": {
				"north": {"uv": [0, 0, 1, 7], "texture": "#0"},
				"east": {"uv": [1, 0, 2, 7], "texture": "#0"},
				"south": {"uv": [0, 0, 1, 7], "texture": "#0"},
				"west": {"uv": [1, 0, 2, 7], "texture": "#0"},
				"up": {"uv": [10.5, 2, 9.5, 1], "texture": "#0"},
				"down": {"uv": [10.5, 2, 9.5, 3], "texture": "#0"}
			}
		},
		{
			"from": [7.41421, -1, 6.75],
			"to": [9.41421, 2, 9.25],
			"rotation": {"angle": 45, "axis": "z", "origin": [8.41421, 1, 8]},
			"faces": {
				"north": {"uv": [2, 9, 3, 10.5], "texture": "#0"},
				"east": {"uv": [3, 9, 4, 10.5], "texture": "#0"},
				"south": {"uv": [4, 9, 5, 10.5], "texture": "#0"},
				"west": {"uv": [9, 4.5, 10, 6], "texture": "#0"},
				"up": {"uv": [10.5, 4, 9.5, 3], "texture": "#0"},
				"down": {"uv": [11, 4, 10, 5], "texture": "#0"}
			}
		},
		{
			"from": [6.58579, -1, 6.875],
			"to": [8.58579, 2, 9.125],
			"rotation": {"angle": -45, "axis": "z", "origin": [7.58579, 1, 8]},
			"faces": {
				"north": {"uv": [5, 9, 6, 10.5], "texture": "#0"},
				"east": {"uv": [6, 9, 7, 10.5], "texture": "#0"},
				"south": {"uv": [7, 9, 8, 10.5], "texture": "#0"},
				"west": {"uv": [8, 9, 9, 10.5], "texture": "#0"},
				"up": {"uv": [11, 6, 10, 5], "texture": "#0"},
				"down": {"uv": [11, 7.5, 10, 8.5], "texture": "#0"}
			}
		},
		{
			"from": [6.75, 14.75, 6.75],
			"to": [11.25, 19.25, 9.25],
			"rotation": {"angle": 45, "axis": "z", "origin": [8, 16, 8]},
			"faces": {
				"north": {"uv": [2, 0, 4.5, 2.5], "texture": "#0"},
				"east": {"uv": [4.5, 0, 6, 2.5], "texture": "#0"},
				"south": {"uv": [4.5, 0, 2, 2.5], "texture": "#0"},
				"west": {"uv": [4.5, 2.5, 6, 5], "texture": "#0"},
				"up": {"uv": [4.5, 6.5, 2, 5], "texture": "#0"},
				"down": {"uv": [7, 5, 4.5, 6.5], "texture": "#0"}
			}
		},
		{
			"from": [6.5, 14.5, 6.5],
			"to": [11.5, 19.5, 9.5],
			"rotation": {"angle": 45, "axis": "z", "origin": [8, 16, 8]},
			"faces": {
				"north": {"uv": [2, 2.5, 4.5, 5], "texture": "#0"},
				"east": {"uv": [6, 0, 7.5, 2.5], "texture": "#0"},
				"south": {"uv": [4.5, 2.5, 2, 5], "texture": "#0"},
				"west": {"uv": [6, 2.5, 7.5, 5], "texture": "#0"},
				"up": {"uv": [4.5, 8, 2, 6.5], "texture": "#0"},
				"down": {"uv": [7, 6.5, 4.5, 8], "texture": "#0"}
			}
		},
		{
			"from": [9.5, 14.5, 7],
			"to": [13.5, 16.5, 9],
			"rotation": {"angle": 45, "axis": "z", "origin": [8, 16, 8]},
			"faces": {
				"north": {"uv": [7.5, 1.5, 9.5, 2.5], "texture": "#0"},
				"east": {"uv": [9, 10, 10, 11], "texture": "#0"},
				"south": {"uv": [7.5, 2.5, 9.5, 3.5], "texture": "#0"},
				"west": {"uv": [10, 10, 11, 11], "texture": "#0"},
				"up": {"uv": [9.5, 4.5, 7.5, 3.5], "texture": "#0"},
				"down": {"uv": [4, 8, 2, 9], "texture": "#0"}
			}
		},
		{
			"from": [13.53553, 17.41421, 6.4375],
			"to": [14.53553, 19.41421, 9.5625],
			"rotation": {"angle": 0, "axis": "z", "origin": [15.03553, 19.41421, 7.5]},
			"faces": {
				"north": {"uv": [7.5, 1.5, 8, 2.5], "texture": "#0"},
				"east": {"uv": [9, 10, 10, 11], "texture": "#0"},
				"south": {"uv": [9, 2.5, 9.5, 3.5], "texture": "#0"},
				"west": {"uv": [9, 10, 10, 11], "texture": "#0"},
				"up": {"uv": [8, 4.5, 7.5, 3.5], "texture": "#0"},
				"down": {"uv": [2.5, 8, 2, 9], "texture": "#0"}
			}
		},
		{
			"from": [9.5, 12.5, 7],
			"to": [11.5, 14.5, 9],
			"rotation": {"angle": 45, "axis": "z", "origin": [8, 16, 8]},
			"faces": {
				"north": {"uv": [0, 10.5, 1, 11.5], "texture": "#0"},
				"east": {"uv": [1, 10.5, 2, 11.5], "texture": "#0"},
				"south": {"uv": [10.5, 1, 11.5, 2], "texture": "#0"},
				"west": {"uv": [2, 10.5, 3, 11.5], "texture": "#0"},
				"up": {"uv": [11.5, 3, 10.5, 2], "texture": "#0"},
				"down": {"uv": [4, 10.5, 3, 11.5], "texture": "#0"}
			}
		},
		{
			"from": [4.5, 12.5, 7],
			"to": [6.5, 14.5, 9],
			"rotation": {"angle": -45, "axis": "z", "origin": [8, 16, 8]},
			"faces": {
				"north": {"uv": [10.5, 3, 11.5, 4], "texture": "#0"},
				"east": {"uv": [4, 10.5, 5, 11.5], "texture": "#0"},
				"south": {"uv": [5, 10.5, 6, 11.5], "texture": "#0"},
				"west": {"uv": [6, 10.5, 7, 11.5], "texture": "#0"},
				"up": {"uv": [11.5, 7, 10.5, 6], "texture": "#0"},
				"down": {"uv": [8, 10.5, 7, 11.5], "texture": "#0"}
			}
		},
		{
			"from": [2.5, 14.5, 7],
			"to": [6.5, 16.5, 9],
			"rotation": {"angle": -45, "axis": "z", "origin": [8, 16, 8]},
			"faces": {
				"north": {"uv": [4, 8, 6, 9], "texture": "#0"},
				"east": {"uv": [8, 10.5, 9, 11.5], "texture": "#0"},
				"south": {"uv": [6, 8, 8, 9], "texture": "#0"},
				"west": {"uv": [10.5, 8.5, 11.5, 9.5], "texture": "#0"},
				"up": {"uv": [10, 9, 8, 8], "texture": "#0"},
				"down": {"uv": [2, 8.5, 0, 9.5], "texture": "#0"}
			}
		},
		{
			"from": [15.53344, 15.91735, 6.525],
			"to": [18.53344, 16.91735, 9.475],
			"rotation": {"angle": -22.5, "axis": "z", "origin": [17.03344, 17.41735, 8]},
			"faces": {
				"north": {"uv": [7.5, 4.5, 9, 5], "texture": "#0"},
				"east": {"uv": [8.5, 7.5, 10, 8], "texture": "#0"},
				"south": {"uv": [9, 6, 10.5, 6.5], "texture": "#0"},
				"west": {"uv": [10.5, 7, 12, 7.5], "texture": "#0"},
				"up": {"uv": [8.5, 8, 7, 6.5], "texture": "#0"},
				"down": {"uv": [9, 0, 7.5, 1.5], "texture": "#0"}
			}
		},
		{
			"from": [11.53553, 16.41421, 6.5],
			"to": [15.53553, 18.41421, 9.5],
			"rotation": {"angle": 0, "axis": "y", "origin": [-0.02697, -1.08579, 0.5]},
			"faces": {
				"north": {"uv": [8.5, 6.5, 10.5, 7.5], "texture": "#0"},
				"east": {"uv": [9, 9, 10.5, 10], "texture": "#0"},
				"south": {"uv": [9, 0, 11, 1], "texture": "#0"},
				"west": {"uv": [0, 9.5, 1.5, 10.5], "texture": "#0"},
				"up": {"uv": [2, 8.5, 0, 7], "texture": "#0"},
				"down": {"uv": [9, 5, 7, 6.5], "texture": "#0"}
			}
		}
	],
	"gui_light": "front",
	"display": {
		"thirdperson_righthand": {
			"rotation": [0, 90, 0],
			"translation": [0, 0.5, 1.5],
			"scale": [0.9, 0.9, 0.9]
		},
		"thirdperson_lefthand": {
			"rotation": [0, -90, 0],
			"translation": [0, 0.5, 1.5],
			"scale": [0.9, 0.9, 0.9]
		},
		"firstperson_righthand": {
			"rotation": [-20, 90, 0],
			"scale": [0.65, 0.65, 0.65]
		},
		"firstperson_lefthand": {
			"rotation": [-20, 90, 0],
			"scale": [0.65, 0.65, 0.65]
		},
		"ground": {
			"rotation": [45, 0, 0],
			"scale": [0.35, 0.35, 0.35]
		},
		"gui": {
			"rotation": [20, -20, -45],
			"translation": [-2.5, -2.5, 0],
			"scale": [0.65, 0.65, 0.65]
		},
		"head": {
			"rotation": [0, 0, -125],
			"translation": [-4, 14, 0]
		},
		"fixed": {
			"rotation": [0, 0, 45],
			"translation": [4, -4, -1],
			"scale": [0.8, 0.8, 0.8]
		}
	}
}