{
	"credit": "MadewithBlockbenchbyyungwilder",
	"texture_size": [32, 32],
	"textures": {
		"0": "custom/wither/wither_pickaxe",
		"particle": "custom/wither/wither_pickaxe"
	},
	"elements": [
		{
			"from": [8, 19, 16],
			"to": [10, 22, 18],
			"rotation": {"angle": 0, "axis": "y", "origin": [10, 22, 16]},
			"faces": {
				"north": {"uv": [1, 1, 2, 2.5], "texture": "#0"},
				"east": {"uv": [0, 1, 1, 2.5], "texture": "#0"},
				"south": {"uv": [3, 1, 4, 2.5], "texture": "#0"},
				"west": {"uv": [2, 1, 3, 2.5], "texture": "#0"},
				"up": {"uv": [2, 1, 1, 0], "texture": "#0"},
				"down": {"uv": [3, 0, 2, 1], "texture": "#0"}
			}
		},
		{
			"from": [9, 20, -3],
			"to": [9, 25, -1],
			"rotation": {"angle": 0, "axis": "y", "origin": [9, 25, -1]},
			"faces": {
				"north": {"uv": [12, 0, 12, 2.5], "texture": "#0"},
				"east": {"uv": [11, 0, 12, 2.5], "texture": "#0"},
				"south": {"uv": [13, 0, 13, 2.5], "texture": "#0"},
				"west": {"uv": [12, 0, 13, 2.5], "texture": "#0"},
				"up": {"uv": [12, 0, 12, -1], "texture": "#0"},
				"down": {"uv": [12, -1, 12, 0], "texture": "#0"}
			}
		},
		{
			"from": [7, 17, 7],
			"to": [10, 21, 10],
			"rotation": {"angle": 0, "axis": "y", "origin": [8, 17, 9]},
			"faces": {
				"north": {"uv": [7.5, 14, 9, 16], "texture": "#0"},
				"east": {"uv": [6, 14, 7.5, 16], "texture": "#0"},
				"south": {"uv": [10.5, 14, 12, 16], "texture": "#0"},
				"west": {"uv": [9, 14, 10.5, 16], "texture": "#0"},
				"up": {"uv": [9, 14, 7.5, 12.5], "texture": "#0"},
				"down": {"uv": [10.5, 12.5, 9, 14], "texture": "#0"}
			}
		},
		{
			"from": [7, 0, 9],
			"to": [10, 3, 12],
			"rotation": {"angle": -45, "axis": "x", "origin": [9, 0, 9]},
			"faces": {
				"north": {"uv": [1.5, 14.5, 3, 16], "texture": "#0"},
				"east": {"uv": [0, 14.5, 1.5, 16], "texture": "#0"},
				"south": {"uv": [4.5, 14.5, 6, 16], "texture": "#0"},
				"west": {"uv": [3, 14.5, 4.5, 16], "texture": "#0"},
				"up": {"uv": [3, 14.5, 1.5, 13], "texture": "#0"},
				"down": {"uv": [4.5, 13, 3, 14.5], "texture": "#0"}
			}
		},
		{
			"from": [7, 23, 7],
			"to": [10, 26, 10],
			"rotation": {"angle": 0, "axis": "y", "origin": [9, 23, 7]},
			"faces": {
				"north": {"uv": [1.5, 1.5, 3, 3], "texture": "#0"},
				"east": {"uv": [0, 1.5, 1.5, 3], "texture": "#0"},
				"south": {"uv": [4.5, 1.5, 6, 3], "texture": "#0"},
				"west": {"uv": [3, 1.5, 4.5, 3], "texture": "#0"},
				"up": {"uv": [3, 1.5, 1.5, 0], "texture": "#0"},
				"down": {"uv": [4.5, 0, 3, 1.5], "texture": "#0"}
			}
		},
		{
			"from": [9, 25, 10],
			"to": [9, 27, 15],
			"rotation": {"angle": 0, "axis": "y", "origin": [9, 25, 11]},
			"faces": {
				"north": {"uv": [13.5, 0, 13.5, 1], "texture": "#0"},
				"east": {"uv": [11, 0, 13.5, 1], "texture": "#0"},
				"south": {"uv": [16, 0, 16, 1], "texture": "#0"},
				"west": {"uv": [13.5, 0, 16, 1], "texture": "#0"},
				"up": {"uv": [13.5, 0, 13.5, -2.5], "texture": "#0"},
				"down": {"uv": [13.5, -2.5, 13.5, 0], "texture": "#0"}
			}
		},
		{
			"from": [7, 6, 7],
			"to": [10, 15, 10],
			"rotation": {"angle": 0, "axis": "y", "origin": [9, 7, 9]},
			"faces": {
				"north": {"uv": [1.5, 8.5, 3, 13], "texture": "#0"},
				"east": {"uv": [0, 8.5, 1.5, 13], "texture": "#0"},
				"south": {"uv": [4.5, 8.5, 6, 13], "texture": "#0"},
				"west": {"uv": [3, 8.5, 4.5, 13], "texture": "#0"},
				"up": {"uv": [3, 8.5, 1.5, 7], "texture": "#0"},
				"down": {"uv": [4.5, 7, 3, 8.5], "texture": "#0"}
			}
		},
		{
			"from": [9, 18, 18],
			"to": [9, 23, 20],
			"rotation": {"angle": 0, "axis": "y", "origin": [9, 23, 18]},
			"faces": {
				"north": {"uv": [15, 0, 15, 2.5], "texture": "#0"},
				"east": {"uv": [14, 0, 15, 2.5], "texture": "#0"},
				"south": {"uv": [16, 0, 16, 2.5], "texture": "#0"},
				"west": {"uv": [15, 0, 16, 2.5], "texture": "#0"},
				"up": {"uv": [15, 0, 15, -1], "texture": "#0"},
				"down": {"uv": [15, -1, 15, 0], "texture": "#0"}
			}
		},
		{
			"from": [9, 20, 18],
			"to": [9, 25, 20],
			"rotation": {"angle": 0, "axis": "y", "origin": [9, 25, 18]},
			"faces": {
				"north": {"uv": [15, 0, 15, 2.5], "texture": "#0"},
				"east": {"uv": [14, 0, 15, 2.5], "texture": "#0"},
				"south": {"uv": [16, 0, 16, 2.5], "texture": "#0"},
				"west": {"uv": [15, 0, 16, 2.5], "texture": "#0"},
				"up": {"uv": [15, 0, 15, -1], "texture": "#0"},
				"down": {"uv": [15, -1, 15, 0], "texture": "#0"}
			}
		},
		{
			"from": [9, 24, 15],
			"to": [9, 26, 19],
			"rotation": {"angle": 0, "axis": "y", "origin": [9, 24, 16]},
			"faces": {
				"north": {"uv": [14, 0, 14, 1], "texture": "#0"},
				"east": {"uv": [12, 0, 14, 1], "texture": "#0"},
				"south": {"uv": [16, 0, 16, 1], "texture": "#0"},
				"west": {"uv": [14, 0, 16, 1], "texture": "#0"},
				"up": {"uv": [14, 0, 14, -2], "texture": "#0"},
				"down": {"uv": [14, -2, 14, 0], "texture": "#0"}
			}
		},
		{
			"from": [9, 24, -1],
			"to": [9, 26, 4],
			"rotation": {"angle": 0, "axis": "y", "origin": [9, 24, 0]},
			"faces": {
				"north": {"uv": [13.5, 0, 13.5, 1], "texture": "#0"},
				"east": {"uv": [11, 0, 13.5, 1], "texture": "#0"},
				"south": {"uv": [16, 0, 16, 1], "texture": "#0"},
				"west": {"uv": [13.5, 0, 16, 1], "texture": "#0"},
				"up": {"uv": [13.5, 0, 13.5, -2.5], "texture": "#0"},
				"down": {"uv": [13.5, -2.5, 13.5, 0], "texture": "#0"}
			}
		},
		{
			"from": [9, 25, 2],
			"to": [9, 27, 7],
			"rotation": {"angle": 0, "axis": "y", "origin": [9, 25, 3]},
			"faces": {
				"north": {"uv": [13.5, 0, 13.5, 1], "texture": "#0"},
				"east": {"uv": [11, 0, 13.5, 1], "texture": "#0"},
				"south": {"uv": [16, 0, 16, 1], "texture": "#0"},
				"west": {"uv": [13.5, 0, 16, 1], "texture": "#0"},
				"up": {"uv": [13.5, 0, 13.5, -2.5], "texture": "#0"},
				"down": {"uv": [13.5, -2.5, 13.5, 0], "texture": "#0"}
			}
		},
		{
			"from": [9, 26, 6],
			"to": [9, 28, 11],
			"rotation": {"angle": 0, "axis": "y", "origin": [9, 26, 7]},
			"faces": {
				"north": {"uv": [13.5, 0, 13.5, 1], "texture": "#0"},
				"east": {"uv": [11, 0, 13.5, 1], "texture": "#0"},
				"south": {"uv": [16, 0, 16, 1], "texture": "#0"},
				"west": {"uv": [13.5, 0, 16, 1], "texture": "#0"},
				"up": {"uv": [13.5, 0, 13.5, -2.5], "texture": "#0"},
				"down": {"uv": [13.5, -2.5, 13.5, 0], "texture": "#0"}
			}
		},
		{
			"from": [9, 24, -2],
			"to": [9, 26, 2],
			"rotation": {"angle": 0, "axis": "y", "origin": [9, 24, -2]},
			"faces": {
				"north": {"uv": [12, 8, 12, 9], "texture": "#0"},
				"east": {"uv": [10, 8, 12, 9], "texture": "#0"},
				"south": {"uv": [14, 8, 14, 9], "texture": "#0"},
				"west": {"uv": [12, 8, 14, 9], "texture": "#0"},
				"up": {"uv": [12, 8, 12, 6], "texture": "#0"},
				"down": {"uv": [12, 6, 12, 8], "texture": "#0"}
			}
		},
		{
			"from": [8, 22, 13],
			"to": [10, 24, 18],
			"rotation": {"angle": 0, "axis": "y", "origin": [9, 22, 14]},
			"faces": {
				"north": {"uv": [2.5, 2.5, 3.5, 3.5], "texture": "#0"},
				"east": {"uv": [0, 2.5, 2.5, 3.5], "texture": "#0"},
				"south": {"uv": [6, 2.5, 7, 3.5], "texture": "#0"},
				"west": {"uv": [3.5, 2.5, 6, 3.5], "texture": "#0"},
				"up": {"uv": [3.5, 2.5, 2.5, 0], "texture": "#0"},
				"down": {"uv": [4.5, 0, 3.5, 2.5], "texture": "#0"}
			}
		},
		{
			"from": [8, 23, 10],
			"to": [10, 25, 15],
			"rotation": {"angle": 0, "axis": "y", "origin": [9, 23, 11]},
			"faces": {
				"north": {"uv": [2.5, 2.5, 3.5, 3.5], "texture": "#0"},
				"east": {"uv": [0, 2.5, 2.5, 3.5], "texture": "#0"},
				"south": {"uv": [6, 2.5, 7, 3.5], "texture": "#0"},
				"west": {"uv": [3.5, 2.5, 6, 3.5], "texture": "#0"},
				"up": {"uv": [3.5, 2.5, 2.5, 0], "texture": "#0"},
				"down": {"uv": [4.5, 0, 3.5, 2.5], "texture": "#0"}
			}
		},
		{
			"from": [9, 18, -3],
			"to": [9, 23, -1],
			"rotation": {"angle": 0, "axis": "y", "origin": [9, 23, -1]},
			"faces": {
				"north": {"uv": [14, 0, 14, 2.5], "texture": "#0"},
				"east": {"uv": [13, 0, 14, 2.5], "texture": "#0"},
				"south": {"uv": [15, 0, 15, 2.5], "texture": "#0"},
				"west": {"uv": [14, 0, 15, 2.5], "texture": "#0"},
				"up": {"uv": [14, 0, 14, -1], "texture": "#0"},
				"down": {"uv": [14, -1, 14, 0], "texture": "#0"}
			}
		},
		{
			"from": [8, 19, -1],
			"to": [10, 22, 1],
			"rotation": {"angle": 0, "axis": "y", "origin": [10, 22, 1]},
			"faces": {
				"north": {"uv": [13, 1, 14, 2.5], "texture": "#0"},
				"east": {"uv": [12, 1, 13, 2.5], "texture": "#0"},
				"south": {"uv": [15, 1, 16, 2.5], "texture": "#0"},
				"west": {"uv": [14, 1, 15, 2.5], "texture": "#0"},
				"up": {"uv": [14, 1, 13, 0], "texture": "#0"},
				"down": {"uv": [15, 0, 14, 1], "texture": "#0"}
			}
		},
		{
			"from": [7.5, 17.94975, 7.53553],
			"to": [9.5, 21.94975, 10.53553],
			"rotation": {"angle": -45, "axis": "x", "origin": [10.5, 17, 8]},
			"faces": {
				"north": {"uv": [12.5, 14, 13.5, 16], "texture": "#0"},
				"east": {"uv": [11, 14, 12.5, 16], "texture": "#0"},
				"south": {"uv": [15, 14, 16, 16], "texture": "#0"},
				"west": {"uv": [13.5, 14, 15, 16], "texture": "#0"},
				"up": {"uv": [13.5, 14, 12.5, 12.5], "texture": "#0"},
				"down": {"uv": [14.5, 12.5, 13.5, 14], "texture": "#0"}
			}
		},
		{
			"from": [7.5, 17.94975, 6.22183],
			"to": [9.5, 21.94975, 9.22183],
			"rotation": {"angle": 45, "axis": "x", "origin": [8.5, 17, 9]},
			"faces": {
				"north": {"uv": [12.5, 14, 13.5, 16], "texture": "#0"},
				"east": {"uv": [11, 14, 12.5, 16], "texture": "#0"},
				"south": {"uv": [15, 14, 16, 16], "texture": "#0"},
				"west": {"uv": [13.5, 14, 15, 16], "texture": "#0"},
				"up": {"uv": [13.5, 14, 12.5, 12.5], "texture": "#0"},
				"down": {"uv": [14.5, 12.5, 13.5, 14], "texture": "#0"}
			}
		},
		{
			"from": [8, 14, 7],
			"to": [8, 18, 10],
			"rotation": {"angle": 0, "axis": "y", "origin": [9, 15, 8]},
			"faces": {
				"north": {"uv": [6.5, 6, 6.5, 8], "texture": "#0"},
				"east": {"uv": [5, 6, 6.5, 8], "texture": "#0"},
				"south": {"uv": [8, 6, 8, 8], "texture": "#0"},
				"west": {"uv": [6.5, 6, 8, 8], "texture": "#0"},
				"up": {"uv": [6.5, 6, 6.5, 4.5], "texture": "#0"},
				"down": {"uv": [6.5, 4.5, 6.5, 6], "texture": "#0"}
			}
		},
		{
			"from": [8, 19, 7],
			"to": [8, 23, 10],
			"rotation": {"angle": 0, "axis": "y", "origin": [9, 20, 8]},
			"faces": {
				"north": {"uv": [6.5, 6, 6.5, 8], "texture": "#0"},
				"east": {"uv": [5, 6, 6.5, 8], "texture": "#0"},
				"south": {"uv": [8, 6, 8, 8], "texture": "#0"},
				"west": {"uv": [6.5, 6, 8, 8], "texture": "#0"},
				"up": {"uv": [6.5, 6, 6.5, 4.5], "texture": "#0"},
				"down": {"uv": [6.5, 4.5, 6.5, 6], "texture": "#0"}
			}
		},
		{
			"from": [8, 14, 7],
			"to": [8, 18, 10],
			"rotation": {"angle": 0, "axis": "y", "origin": [9, 15, 8]},
			"faces": {
				"north": {"uv": [6.5, 6, 6.5, 8], "texture": "#0"},
				"east": {"uv": [5, 6, 6.5, 8], "texture": "#0"},
				"south": {"uv": [8, 6, 8, 8], "texture": "#0"},
				"west": {"uv": [6.5, 6, 8, 8], "texture": "#0"},
				"up": {"uv": [6.5, 6, 6.5, 4.5], "texture": "#0"},
				"down": {"uv": [6.5, 4.5, 6.5, 6], "texture": "#0"}
			}
		},
		{
			"from": [8, 2, 7],
			"to": [8, 6, 10],
			"rotation": {"angle": 0, "axis": "y", "origin": [9, 3, 8]},
			"faces": {
				"north": {"uv": [6.5, 6, 6.5, 8], "texture": "#0"},
				"east": {"uv": [5, 6, 6.5, 8], "texture": "#0"},
				"south": {"uv": [8, 6, 8, 8], "texture": "#0"},
				"west": {"uv": [6.5, 6, 8, 8], "texture": "#0"},
				"up": {"uv": [6.5, 6, 6.5, 4.5], "texture": "#0"},
				"down": {"uv": [6.5, 4.5, 6.5, 6], "texture": "#0"}
			}
		},
		{
			"from": [8, 23, 2],
			"to": [10, 25, 7],
			"rotation": {"angle": 0, "axis": "y", "origin": [9, 23, 3]},
			"faces": {
				"north": {"uv": [2.5, 2.5, 3.5, 3.5], "texture": "#0"},
				"east": {"uv": [0, 2.5, 2.5, 3.5], "texture": "#0"},
				"south": {"uv": [6, 2.5, 7, 3.5], "texture": "#0"},
				"west": {"uv": [3.5, 2.5, 6, 3.5], "texture": "#0"},
				"up": {"uv": [3.5, 2.5, 2.5, 0], "texture": "#0"},
				"down": {"uv": [4.5, 0, 3.5, 2.5], "texture": "#0"}
			}
		},
		{
			"from": [8, 22, -1],
			"to": [10, 24, 4],
			"rotation": {"angle": 0, "axis": "y", "origin": [9, 22, 0]},
			"faces": {
				"north": {"uv": [2.5, 2.5, 3.5, 3.5], "texture": "#0"},
				"east": {"uv": [0, 2.5, 2.5, 3.5], "texture": "#0"},
				"south": {"uv": [6, 2.5, 7, 3.5], "texture": "#0"},
				"west": {"uv": [3.5, 2.5, 6, 3.5], "texture": "#0"},
				"up": {"uv": [3.5, 2.5, 2.5, 0], "texture": "#0"},
				"down": {"uv": [4.5, 0, 3.5, 2.5], "texture": "#0"}
			}
		}
	],
	"gui_light": "front",
	"display": {
		"thirdperson_righthand": {
			"translation": [0, -3.75, 1.75],
			"scale": [0.9, 0.9, 0.9]
		},
		"thirdperson_lefthand": {
			"translation": [0, -3.25, 1.5],
			"scale": [0.9, 0.9, 0.9]
		},
		"firstperson_righthand": {
			"rotation": [-20, 0, 0],
			"scale": [0.65, 0.65, 0.65]
		},
		"firstperson_lefthand": {
			"rotation": [-20, 0, 0],
			"scale": [0.65, 0.65, 0.65]
		},
		"ground": {
			"rotation": [45, 0, 0],
			"scale": [0.35, 0.35, 0.35]
		},
		"gui": {
			"rotation": [45, 45, -76],
			"translation": [-4.5, -2.25, 0],
			"scale": [0.6, 0.6, 0.6]
		},
		"head": {
			"rotation": [90, -145, -90],
			"translation": [8, 18.25, 0.75]
		},
		"fixed": {
			"rotation": [-90, 0, 90],
			"translation": [14.25, 1, -1],
			"scale": [3, 3, 3]
		}
	}
}