{
	"credit": "MadewithBlockbenchbyyungwilder",
	"texture_size": [32, 32],
	"textures": {
		"0": "custom/wither/wither_shovel",
		"particle": "custom/wither/wither_shovel"
	},
	"elements": [
		{
			"from": [7, 1, 7],
			"to": [9, 15, 9],
			"faces": {
				"north": {"uv": [0, 0, 1, 7], "texture": "#0"},
				"east": {"uv": [1, 0, 2, 7], "texture": "#0"},
				"south": {"uv": [0, 0, 1, 7], "texture": "#0"},
				"west": {"uv": [1, 0, 2, 7], "texture": "#0"},
				"up": {"uv": [9, 11, 8, 10], "texture": "#0"},
				"down": {"uv": [11.5, 5.5, 10.5, 6.5], "texture": "#0"}
			}
		},
		{
			"from": [7.41421, -1, 6.75],
			"to": [9.41421, 2, 9.25],
			"rotation": {"angle": 45, "axis": "z", "origin": [8.41421, 1, 8]},
			"faces": {
				"north": {"uv": [4, 8.5, 5, 10], "texture": "#0"},
				"east": {"uv": [0, 9.5, 1, 11], "texture": "#0"},
				"south": {"uv": [1, 9.5, 2, 11], "texture": "#0"},
				"west": {"uv": [2, 9.5, 3, 11], "texture": "#0"},
				"up": {"uv": [11.5, 9, 10.5, 8], "texture": "#0"},
				"down": {"uv": [10, 10.5, 9, 11.5], "texture": "#0"}
			}
		},
		{
			"from": [6.58579, -1, 6.875],
			"to": [8.58579, 2, 9.125],
			"rotation": {"angle": -45, "axis": "z", "origin": [7.58579, 1, 8]},
			"faces": {
				"north": {"uv": [3, 9.5, 4, 11], "texture": "#0"},
				"east": {"uv": [5, 9.5, 6, 11], "texture": "#0"},
				"south": {"uv": [6, 9.5, 7, 11], "texture": "#0"},
				"west": {"uv": [9.5, 9, 10.5, 10.5], "texture": "#0"},
				"up": {"uv": [11.5, 10, 10.5, 9], "texture": "#0"},
				"down": {"uv": [11, 10.5, 10, 11.5], "texture": "#0"}
			}
		},
		{
			"from": [6.75, 14.75, 6.75],
			"to": [11.25, 19.25, 9.25],
			"rotation": {"angle": 45, "axis": "z", "origin": [8, 16, 8]},
			"faces": {
				"north": {"uv": [2, 0, 4.5, 2.5], "texture": "#0"},
				"east": {"uv": [5, 5.5, 6.5, 8], "texture": "#0"},
				"south": {"uv": [4.5, 0, 2, 2.5], "texture": "#0"},
				"west": {"uv": [6.5, 5.5, 8, 8], "texture": "#0"},
				"up": {"uv": [2.5, 8.5, 0, 7], "texture": "#0"},
				"down": {"uv": [5, 7, 2.5, 8.5], "texture": "#0"}
			}
		},
		{
			"from": [6.5, 14.5, 6.5],
			"to": [11.5, 19.5, 9.5],
			"rotation": {"angle": 45, "axis": "z", "origin": [8, 16, 8]},
			"faces": {
				"north": {"uv": [2, 2.5, 4.5, 5], "texture": "#0"},
				"east": {"uv": [7.5, 0, 9, 2.5], "texture": "#0"},
				"south": {"uv": [4.5, 2.5, 2, 5], "texture": "#0"},
				"west": {"uv": [7.5, 2.5, 9, 5], "texture": "#0"},
				"up": {"uv": [7.5, 9.5, 5, 8], "texture": "#0"},
				"down": {"uv": [10.5, 5, 8, 6.5], "texture": "#0"}
			}
		},
		{
			"from": [9.5, 14.5, 7],
			"to": [13.5, 16.5, 9],
			"rotation": {"angle": 45, "axis": "z", "origin": [8, 16, 8]},
			"faces": {
				"north": {"uv": [0, 8.5, 2, 9.5], "texture": "#0"},
				"east": {"uv": [0, 11, 1, 12], "texture": "#0"},
				"south": {"uv": [2, 8.5, 4, 9.5], "texture": "#0"},
				"west": {"uv": [11, 0, 12, 1], "texture": "#0"},
				"up": {"uv": [11, 1, 9, 0], "texture": "#0"},
				"down": {"uv": [11, 1, 9, 2], "texture": "#0"}
			}
		},
		{
			"from": [9.5, 12.5, 7],
			"to": [11.5, 14.5, 9],
			"rotation": {"angle": 45, "axis": "z", "origin": [8, 16, 8]},
			"faces": {
				"north": {"uv": [1, 11, 2, 12], "texture": "#0"},
				"east": {"uv": [11, 1, 12, 2], "texture": "#0"},
				"south": {"uv": [2, 11, 3, 12], "texture": "#0"},
				"west": {"uv": [11, 2, 12, 3], "texture": "#0"},
				"up": {"uv": [4, 12, 3, 11], "texture": "#0"},
				"down": {"uv": [12, 3, 11, 4], "texture": "#0"}
			}
		},
		{
			"from": [4.5, 12.5, 7],
			"to": [6.5, 14.5, 9],
			"rotation": {"angle": -45, "axis": "z", "origin": [8, 16, 8]},
			"faces": {
				"north": {"uv": [11, 4, 12, 5], "texture": "#0"},
				"east": {"uv": [5, 11, 6, 12], "texture": "#0"},
				"south": {"uv": [6, 11, 7, 12], "texture": "#0"},
				"west": {"uv": [11, 6.5, 12, 7.5], "texture": "#0"},
				"up": {"uv": [9, 12, 8, 11], "texture": "#0"},
				"down": {"uv": [12, 10, 11, 11], "texture": "#0"}
			}
		},
		{
			"from": [2.5, 14.5, 7],
			"to": [6.5, 16.5, 9],
			"rotation": {"angle": -45, "axis": "z", "origin": [8, 16, 8]},
			"faces": {
				"north": {"uv": [9, 2, 11, 3], "texture": "#0"},
				"east": {"uv": [11, 11, 12, 12], "texture": "#0"},
				"south": {"uv": [9, 3, 11, 4], "texture": "#0"},
				"west": {"uv": [4, 11.5, 5, 12.5], "texture": "#0"},
				"up": {"uv": [11, 5, 9, 4], "texture": "#0"},
				"down": {"uv": [9.5, 9, 7.5, 10], "texture": "#0"}
			}
		},
		{
			"from": [5, 19, 7.0625],
			"to": [11, 22, 8.9375],
			"rotation": {"angle": 0, "axis": "z", "origin": [8, 22, 8]},
			"faces": {
				"north": {"uv": [4.5, 4, 7.5, 5.5], "texture": "#0"},
				"east": {"uv": [4, 10, 5, 11.5], "texture": "#0"},
				"south": {"uv": [2, 5.5, 5, 7], "texture": "#0"},
				"west": {"uv": [7, 10, 8, 11.5], "texture": "#0"},
				"up": {"uv": [11, 7.5, 8, 6.5], "texture": "#0"},
				"down": {"uv": [10.5, 8, 7.5, 9], "texture": "#0"}
			}
		},
		{
			"from": [5, 22, 7.5],
			"to": [11, 26, 8.5],
			"rotation": {"angle": 0, "axis": "z", "origin": [8, 22, 8]},
			"faces": {
				"north": {"uv": [4.5, 0, 7.5, 2], "texture": "#0"},
				"east": {"uv": [7, 11.5, 7.5, 13.5], "texture": "#0"},
				"south": {"uv": [4.5, 2, 7.5, 4], "texture": "#0"},
				"west": {"uv": [7.5, 11.5, 8, 13.5], "texture": "#0"},
				"up": {"uv": [11, 8, 8, 7.5], "texture": "#0"},
				"down": {"uv": [13.5, 5, 10.5, 5.5], "texture": "#0"}
			}
		},
		{
			"from": [6, 26, 7.5],
			"to": [10, 27, 8.5],
			"rotation": {"angle": 0, "axis": "z", "origin": [8, 22, 8]},
			"faces": {
				"north": {"uv": [2, 5, 4, 5.5], "texture": "#0"},
				"east": {"uv": [4, 5, 4.5, 5.5], "texture": "#0"},
				"south": {"uv": [11, 7.5, 13, 8], "texture": "#0"},
				"west": {"uv": [7.5, 5, 8, 5.5], "texture": "#0"},
				"up": {"uv": [13.5, 6, 11.5, 5.5], "texture": "#0"},
				"down": {"uv": [13.5, 6, 11.5, 6.5], "texture": "#0"}
			}
		}
	],
	"gui_light": "front",
	"display": {
		"thirdperson_righthand": {
			"rotation": [0, 90, 0],
			"translation": [0, 0.5, 1.5],
			"scale": [0.9, 0.9, 0.9]
		},
		"thirdperson_lefthand": {
			"rotation": [0, -90, 0],
			"translation": [0, 0.5, 1.5],
			"scale": [0.9, 0.9, 0.9]
		},
		"firstperson_righthand": {
			"rotation": [-20, 90, 0],
			"scale": [0.65, 0.65, 0.65]
		},
		"firstperson_lefthand": {
			"rotation": [-20, 90, 0],
			"scale": [0.65, 0.65, 0.65]
		},
		"ground": {
			"rotation": [45, 0, 0],
			"scale": [0.35, 0.35, 0.35]
		},
		"gui": {
			"rotation": [20, -20, -45],
			"translation": [-2.5, -2.5, 0],
			"scale": [0.65, 0.65, 0.65]
		},
		"head": {
			"rotation": [0, 0, -125],
			"translation": [-4, 14, 0]
		},
		"fixed": {
			"rotation": [0, 0, 45],
			"translation": [4, -4, -1],
			"scale": [0.8, 0.8, 0.8]
		}
	}
}