{
	"credit": "MadewithBlockbenchbyyungwilder",
	"texture_size": [64, 64],
	"textures": {
		"0": "custom/wither/wither_sword",
		"particle": "custom/wither/wither_sword"
	},
	"elements": [
		{
			"from": [8, -1, 6],
			"to": [8, 2, 9],
			"rotation": {"angle": 0, "axis": "y", "origin": [9, -1, 7]},
			"faces": {
				"north": {"uv": [4, 15.25, 4, 16], "texture": "#0"},
				"east": {"uv": [3.25, 15.25, 4, 16], "texture": "#0"},
				"south": {"uv": [4.75, 15.25, 4.75, 16], "texture": "#0"},
				"west": {"uv": [4, 15.25, 4.75, 16], "texture": "#0"},
				"up": {"uv": [4, 15.25, 4, 14.5], "texture": "#0"},
				"down": {"uv": [4, 14.5, 4, 15.25], "texture": "#0"}
			}
		},
		{
			"from": [7, 18, 6],
			"to": [10, 23, 9],
			"rotation": {"angle": 0, "axis": "y", "origin": [9, 18, 8]},
			"faces": {
				"north": {"uv": [13.75, 13.75, 14.5, 15], "texture": "#0"},
				"east": {"uv": [13, 13.75, 13.75, 15], "texture": "#0"},
				"south": {"uv": [15.25, 13.75, 16, 15], "texture": "#0"},
				"west": {"uv": [14.5, 13.75, 15.25, 15], "texture": "#0"},
				"up": {"uv": [14.5, 13.75, 13.75, 13], "texture": "#0"},
				"down": {"uv": [15.25, 13, 14.5, 13.75], "texture": "#0"}
			}
		},
		{
			"from": [7, 13, 6],
			"to": [10, 15, 9],
			"rotation": {"angle": 0, "axis": "y", "origin": [8, 13, 7]},
			"faces": {
				"north": {"uv": [11.25, 15.5, 12, 16], "texture": "#0"},
				"east": {"uv": [10.5, 15.5, 11.25, 16], "texture": "#0"},
				"south": {"uv": [12.75, 15.5, 13.5, 16], "texture": "#0"},
				"west": {"uv": [12, 15.5, 12.75, 16], "texture": "#0"},
				"up": {"uv": [12, 15.5, 11.25, 14.75], "texture": "#0"},
				"down": {"uv": [12.75, 14.75, 12, 15.5], "texture": "#0"}
			}
		},
		{
			"from": [7, 8, 9],
			"to": [10, 11, 11],
			"rotation": {"angle": 0, "axis": "y", "origin": [8, 11, 9]},
			"faces": {
				"north": {"uv": [11, 15.25, 11.75, 16], "texture": "#0"},
				"east": {"uv": [10.5, 15.25, 11, 16], "texture": "#0"},
				"south": {"uv": [12.25, 15.25, 13, 16], "texture": "#0"},
				"west": {"uv": [11.75, 15.25, 12.25, 16], "texture": "#0"},
				"up": {"uv": [11.75, 15.25, 11, 14.75], "texture": "#0"},
				"down": {"uv": [12.5, 14.75, 11.75, 15.25], "texture": "#0"}
			}
		},
		{
			"from": [7, 2, 6],
			"to": [10, 11, 9],
			"rotation": {"angle": 0, "axis": "y", "origin": [8, 2, 7]},
			"faces": {
				"north": {"uv": [8, 13.75, 8.75, 16], "texture": "#0"},
				"east": {"uv": [7.25, 13.75, 8, 16], "texture": "#0"},
				"south": {"uv": [9.5, 13.75, 10.25, 16], "texture": "#0"},
				"west": {"uv": [8.75, 13.75, 9.5, 16], "texture": "#0"},
				"up": {"uv": [8.75, 13.75, 8, 13], "texture": "#0"},
				"down": {"uv": [9.5, 13, 8.75, 13.75], "texture": "#0"}
			}
		},
		{
			"from": [7, -4, 7],
			"to": [10, -1, 10],
			"rotation": {"angle": -45, "axis": "x", "origin": [10, -4, 7]},
			"faces": {
				"north": {"uv": [0.75, 15.25, 1.5, 16], "texture": "#0"},
				"east": {"uv": [0, 15.25, 0.75, 16], "texture": "#0"},
				"south": {"uv": [2.25, 15.25, 3, 16], "texture": "#0"},
				"west": {"uv": [1.5, 15.25, 2.25, 16], "texture": "#0"},
				"up": {"uv": [1.5, 15.25, 0.75, 14.5], "texture": "#0"},
				"down": {"uv": [2.25, 14.5, 1.5, 15.25], "texture": "#0"}
			}
		},
		{
			"from": [8, 23, 6],
			"to": [8, 26, 9],
			"rotation": {"angle": 0, "axis": "y", "origin": [9, 23, 7]},
			"faces": {
				"north": {"uv": [6.25, 15.25, 6.25, 16], "texture": "#0"},
				"east": {"uv": [5.5, 15.25, 6.25, 16], "texture": "#0"},
				"south": {"uv": [7, 15.25, 7, 16], "texture": "#0"},
				"west": {"uv": [6.25, 15.25, 7, 16], "texture": "#0"},
				"up": {"uv": [6.25, 15.25, 6.25, 14.5], "texture": "#0"},
				"down": {"uv": [6.25, 14.5, 6.25, 15.25], "texture": "#0"}
			}
		},
		{
			"from": [8, 15, 6],
			"to": [8, 18, 9],
			"rotation": {"angle": 0, "axis": "y", "origin": [9, 15, 7]},
			"faces": {
				"north": {"uv": [6.25, 15.25, 6.25, 16], "texture": "#0"},
				"east": {"uv": [5.5, 15.25, 6.25, 16], "texture": "#0"},
				"south": {"uv": [7, 15.25, 7, 16], "texture": "#0"},
				"west": {"uv": [6.25, 15.25, 7, 16], "texture": "#0"},
				"up": {"uv": [6.25, 15.25, 6.25, 14.5], "texture": "#0"},
				"down": {"uv": [6.25, 14.5, 6.25, 15.25], "texture": "#0"}
			}
		},
		{
			"from": [8, 10, 6],
			"to": [8, 13, 9],
			"rotation": {"angle": 0, "axis": "y", "origin": [9, 10, 7]},
			"faces": {
				"north": {"uv": [4, 15.25, 4, 16], "texture": "#0"},
				"east": {"uv": [3.25, 15.25, 4, 16], "texture": "#0"},
				"south": {"uv": [4.75, 15.25, 4.75, 16], "texture": "#0"},
				"west": {"uv": [4, 15.25, 4.75, 16], "texture": "#0"},
				"up": {"uv": [4, 15.25, 4, 14.5], "texture": "#0"},
				"down": {"uv": [4, 14.5, 4, 15.25], "texture": "#0"}
			}
		},
		{
			"from": [8, 8, 11],
			"to": [8, 11, 14],
			"rotation": {"angle": 0, "axis": "y", "origin": [9, 8, 12]},
			"faces": {
				"north": {"uv": [4.25, 15.25, 4.25, 16], "texture": "#0"},
				"east": {"uv": [3.5, 15.25, 4.25, 16], "texture": "#0"},
				"south": {"uv": [5, 15.25, 5, 16], "texture": "#0"},
				"west": {"uv": [4.25, 15.25, 5, 16], "texture": "#0"},
				"up": {"uv": [4.25, 15.25, 4.25, 14.5], "texture": "#0"},
				"down": {"uv": [4.25, 14.5, 4.25, 15.25], "texture": "#0"}
			}
		},
		{
			"from": [8, 12, 18],
			"to": [8, 26, 20],
			"rotation": {"angle": 0, "axis": "y", "origin": [7, 12, 17]},
			"faces": {
				"north": {"uv": [15.5, 5, 15.5, 8.5], "texture": "#0"},
				"east": {"uv": [15, 5, 15.5, 8.5], "texture": "#0"},
				"south": {"uv": [16, 5, 16, 8.5], "texture": "#0"},
				"west": {"uv": [15.5, 5, 16, 8.5], "texture": "#0"},
				"up": {"uv": [15.5, 5, 15.5, 4.5], "texture": "#0"},
				"down": {"uv": [15.5, 4.5, 15.5, 5], "texture": "#0"}
			}
		},
		{
			"from": [8, 6, 18],
			"to": [8, 20, 20],
			"rotation": {"angle": 0, "axis": "y", "origin": [7, 6, 17]},
			"faces": {
				"north": {"uv": [12.75, 4.75, 12.75, 8.25], "texture": "#0"},
				"east": {"uv": [12.25, 4.75, 12.75, 8.25], "texture": "#0"},
				"south": {"uv": [13.25, 4.75, 13.25, 8.25], "texture": "#0"},
				"west": {"uv": [12.75, 4.75, 13.25, 8.25], "texture": "#0"},
				"up": {"uv": [12.75, 4.75, 12.75, 4.25], "texture": "#0"},
				"down": {"uv": [12.75, 4.25, 12.75, 4.75], "texture": "#0"}
			}
		},
		{
			"from": [7, 6, 14],
			"to": [9, 20, 18],
			"rotation": {"angle": 0, "axis": "y", "origin": [8, 6, 15]},
			"faces": {
				"north": {"uv": [10.75, 10, 11.25, 13.5], "texture": "#0"},
				"east": {"uv": [9.75, 10, 10.75, 13.5], "texture": "#0"},
				"south": {"uv": [12.25, 10, 12.75, 13.5], "texture": "#0"},
				"west": {"uv": [11.25, 10, 12.25, 13.5], "texture": "#0"},
				"up": {"uv": [11.25, 10, 10.75, 9], "texture": "#0"},
				"down": {"uv": [11.75, 9, 11.25, 10], "texture": "#0"}
			}
		},
		{
			"from": [7, 24, 12],
			"to": [9, 30, 16],
			"rotation": {"angle": 0, "axis": "y", "origin": [7, 30, 16]},
			"faces": {
				"north": {"uv": [3.75, 11.75, 4.25, 13.25], "texture": "#0"},
				"east": {"uv": [2.75, 11.75, 3.75, 13.25], "texture": "#0"},
				"south": {"uv": [5.25, 11.75, 5.75, 13.25], "texture": "#0"},
				"west": {"uv": [4.25, 11.75, 5.25, 13.25], "texture": "#0"},
				"up": {"uv": [4.25, 11.75, 3.75, 10.75], "texture": "#0"},
				"down": {"uv": [4.75, 10.75, 4.25, 11.75], "texture": "#0"}
			}
		},
		{
			"from": [7, 26, 5],
			"to": [9, 30, 12],
			"rotation": {"angle": 0, "axis": "y", "origin": [7, 26, 12]},
			"faces": {
				"north": {"uv": [1.75, 13.25, 2.25, 14.25], "texture": "#0"},
				"east": {"uv": [0, 13.25, 1.75, 14.25], "texture": "#0"},
				"south": {"uv": [4, 13.25, 4.5, 14.25], "texture": "#0"},
				"west": {"uv": [2.25, 13.25, 4, 14.25], "texture": "#0"},
				"up": {"uv": [2.25, 13.25, 1.75, 11.5], "texture": "#0"},
				"down": {"uv": [2.75, 11.5, 2.25, 13.25], "texture": "#0"}
			}
		},
		{
			"from": [7, 20, 12],
			"to": [9, 24, 18],
			"rotation": {"angle": 0, "axis": "y", "origin": [7, 24, 14]},
			"faces": {
				"north": {"uv": [7.25, 11.75, 7.75, 12.75], "texture": "#0"},
				"east": {"uv": [5.75, 11.75, 7.25, 12.75], "texture": "#0"},
				"south": {"uv": [9.25, 11.75, 9.75, 12.75], "texture": "#0"},
				"west": {"uv": [7.75, 11.75, 9.25, 12.75], "texture": "#0"},
				"up": {"uv": [7.75, 11.75, 7.25, 10.25], "texture": "#0"},
				"down": {"uv": [8.25, 10.25, 7.75, 11.75], "texture": "#0"}
			}
		},
		{
			"from": [8, 30, 5],
			"to": [8, 32, 16],
			"rotation": {"angle": 0, "axis": "y", "origin": [7, 30, 13]},
			"faces": {
				"north": {"uv": [13.25, 8.5, 13.25, 9], "texture": "#0"},
				"east": {"uv": [10.5, 8.5, 13.25, 9], "texture": "#0"},
				"south": {"uv": [16, 8.5, 16, 9], "texture": "#0"},
				"west": {"uv": [13.25, 8.5, 16, 9], "texture": "#0"},
				"up": {"uv": [13.25, 8.5, 13.25, 5.75], "texture": "#0"},
				"down": {"uv": [13.25, 5.75, 13.25, 8.5], "texture": "#0"}
			}
		},
		{
			"from": [8, 26, 16],
			"to": [8, 32, 18],
			"rotation": {"angle": 0, "axis": "y", "origin": [7, 30, 18]},
			"faces": {
				"north": {"uv": [0.5, 11.75, 0.5, 13.25], "texture": "#0"},
				"east": {"uv": [0, 11.75, 0.5, 13.25], "texture": "#0"},
				"south": {"uv": [1, 11.75, 1, 13.25], "texture": "#0"},
				"west": {"uv": [0.5, 11.75, 1, 13.25], "texture": "#0"},
				"up": {"uv": [0.5, 11.75, 0.5, 11.25], "texture": "#0"},
				"down": {"uv": [0.5, 11.25, 0.5, 11.75], "texture": "#0"}
			}
		},
		{
			"from": [8, 24, 12],
			"to": [8, 26, 18],
			"rotation": {"angle": 0, "axis": "y", "origin": [7, 26, 14]},
			"faces": {
				"north": {"uv": [5.75, 11.25, 5.75, 11.75], "texture": "#0"},
				"east": {"uv": [4.25, 11.25, 5.75, 11.75], "texture": "#0"},
				"south": {"uv": [7.25, 11.25, 7.25, 11.75], "texture": "#0"},
				"west": {"uv": [5.75, 11.25, 7.25, 11.75], "texture": "#0"},
				"up": {"uv": [5.75, 11.25, 5.75, 9.75], "texture": "#0"},
				"down": {"uv": [5.75, 9.75, 5.75, 11.25], "texture": "#0"}
			}
		}
	],
	"gui_light": "front",
	"display": {
		"thirdperson_righthand": {
			"rotation": [0, 180, 0],
			"translation": [0, 0.5, 1.5],
			"scale": [0.9, 0.9, 0.9]
		},
		"thirdperson_lefthand": {
			"rotation": [0, -180, 0],
			"translation": [0, 0.5, 1.5],
			"scale": [0.9, 0.9, 0.9]
		},
		"firstperson_righthand": {
			"rotation": [-20, 180, 0],
			"scale": [0.65, 0.65, 0.65]
		},
		"firstperson_lefthand": {
			"rotation": [-20, 180, 0],
			"scale": [0.65, 0.65, 0.65]
		},
		"ground": {
			"rotation": [45, 0, 0],
			"scale": [0.35, 0.35, 0.35]
		},
		"gui": {
			"rotation": [-68, -52, -58],
			"translation": [-0.75, -3.5, 0],
			"scale": [0.46, 0.44, 0.42]
		},
		"head": {
			"rotation": [90, -93, -90],
			"translation": [2.75, 24, 0]
		},
		"fixed": {
			"rotation": [-90, 0, 90],
			"translation": [3, -4, -1]
		}
	}
}