{
	"credit": "Made with Blockbench",
	"textures": {
		"2": "custom/tisch/glass",
		"4": "custom/tisch/oak_planks"
	},
	"elements": [
		{
			"from": [12, 0.1, 1],
			"to": [15, 8, 4],
			"rotation": {"angle": 0, "axis": "y", "origin": [-2, -1.8, 2]},
			"faces": {
				"north": {"uv": [6, 6, 12, 16], "texture": "#4"},
				"east": {"uv": [0, 8, 4, 16], "texture": "#4"},
				"south": {"uv": [12, 0, 16, 8], "texture": "#4"},
				"west": {"uv": [6, 0, 10, 8], "texture": "#4"},
				"up": {"uv": [0, 0, 4, 4], "texture": "#4"},
				"down": {"uv": [0, 4, 4, 8], "texture": "#4"}
			}
		},
		{
			"from": [12, 0, 12],
			"to": [15, 8, 15],
			"rotation": {"angle": 0, "axis": "y", "origin": [-2, 0, 12]},
			"faces": {
				"north": {"uv": [6, 6, 12, 16], "texture": "#4"},
				"east": {"uv": [0, 8, 4, 16], "texture": "#4"},
				"south": {"uv": [12, 0, 16, 8], "texture": "#4"},
				"west": {"uv": [6, 0, 10, 8], "texture": "#4"},
				"up": {"uv": [0, 0, 4, 4], "texture": "#4"},
				"down": {"uv": [0, 4, 4, 8], "texture": "#4"}
			}
		},
		{
			"from": [1, -0.1, 1],
			"to": [4, 8.1, 4],
			"rotation": {"angle": 0, "axis": "y", "origin": [-13, -0.1, 1]},
			"faces": {
				"north": {"uv": [6, 6, 12, 16], "texture": "#4"},
				"east": {"uv": [0, 8, 4, 16], "texture": "#4"},
				"south": {"uv": [12, 0, 16, 8], "texture": "#4"},
				"west": {"uv": [6, 0, 10, 8], "texture": "#4"},
				"up": {"uv": [0, 0, 4, 4], "texture": "#4"},
				"down": {"uv": [0, 4, 4, 8], "texture": "#4"}
			}
		},
		{
			"from": [1, -0.1, 12],
			"to": [4, 8.2, 15],
			"rotation": {"angle": 0, "axis": "y", "origin": [-12, -0.1, 12]},
			"faces": {
				"north": {"uv": [6, 6, 12, 16], "texture": "#4"},
				"east": {"uv": [0, 8, 4, 16], "texture": "#4"},
				"south": {"uv": [12, 0, 16, 8], "texture": "#4"},
				"west": {"uv": [6, 0, 10, 8], "texture": "#4"},
				"up": {"uv": [0, 0, 4, 4], "texture": "#4"},
				"down": {"uv": [0, 4, 4, 8], "texture": "#4"}
			}
		},
		{
			"from": [2, 8, -1],
			"to": [17, 10, 2],
			"faces": {
				"north": {"uv": [1, 9, 16, 11], "texture": "#4"},
				"east": {"uv": [0, 0, 3, 2], "texture": "#4"},
				"south": {"uv": [0, 6, 15, 8], "texture": "#4"},
				"west": {"uv": [0, 14, 3, 16], "texture": "#missing"},
				"up": {"uv": [0, 12.46237, 15, 15.46237], "texture": "#4"},
				"down": {"uv": [1, 3, 16, 6], "texture": "#4"}
			}
		},
		{
			"from": [-1, 8, 14],
			"to": [14, 10, 17],
			"rotation": {"angle": 0, "axis": "y", "origin": [0, 0, 15]},
			"faces": {
				"north": {"uv": [0, 7, 15, 9], "texture": "#4"},
				"east": {"uv": [0, 0, 3, 2], "texture": "#missing"},
				"south": {"uv": [1, 4.93548, 16, 6.93548], "texture": "#4"},
				"west": {"uv": [3.05376, 0.62366, 6.05376, 2.62366], "texture": "#4"},
				"up": {"uv": [0.48387, 12.35484, 15.48387, 15.35484], "texture": "#4"},
				"down": {"uv": [1, 8.93548, 16, 11.93548], "texture": "#4"}
			}
		},
		{
			"from": [-1, 8, -1],
			"to": [2, 10, 14],
			"rotation": {"angle": 0, "axis": "y", "origin": [0, 0, 16]},
			"faces": {
				"north": {"uv": [0, 5, 3, 7], "texture": "#4"},
				"east": {"uv": [1, 0, 16, 2], "texture": "#4"},
				"south": {"uv": [13, 9, 16, 11], "texture": "#missing"},
				"west": {"uv": [0, 12, 15, 14], "texture": "#4"},
				"up": {"uv": [1, 8.31183, 16, 11.31183], "rotation": 270, "texture": "#4"},
				"down": {"uv": [0.82796, 12.22581, 15.82796, 15.22581], "rotation": 90, "texture": "#4"}
			}
		},
		{
			"from": [14, 8, 2],
			"to": [17, 10, 17],
			"rotation": {"angle": 0, "axis": "y", "origin": [16, 0, 0]},
			"faces": {
				"north": {"uv": [0, 0, 3, 2], "texture": "#missing"},
				"east": {"uv": [0, 14, 15, 16], "texture": "#4"},
				"south": {"uv": [7.48387, 12.60215, 10.48387, 14.68817], "texture": "#4"},
				"west": {"uv": [1, 7, 16, 9], "texture": "#4"},
				"up": {"uv": [0.17204, 8.22581, 15.17204, 11.22581], "rotation": 90, "texture": "#4"},
				"down": {"uv": [1, 1, 16, 4], "rotation": 270, "texture": "#4"}
			}
		},
		{
			"from": [2, 9, 2],
			"to": [14, 10, 14],
			"rotation": {"angle": 0, "axis": "y", "origin": [11, -8, 6]},
			"faces": {
				"north": {"uv": [0, 0, 12, 1], "texture": "#2"},
				"east": {"uv": [0, 0, 12, 1], "texture": "#2"},
				"south": {"uv": [0, 0, 12, 1], "texture": "#2"},
				"west": {"uv": [0, 0, 12, 1], "texture": "#2"},
				"up": {"uv": [0, 0, 16, 16], "texture": "#2"},
				"down": {"uv": [0, 0, 16, 16], "texture": "#2"}
			}
		}
	],
	"display": {
		"thirdperson_righthand": {
			"rotation": [69, 0, 1],
			"translation": [0, 3.5, -2],
			"scale": [0.66211, 0.74219, 0.65]
		},
		"thirdperson_lefthand": {
			"rotation": [69, 0, 1],
			"translation": [0, 3.5, -2],
			"scale": [0.66211, 0.74219, 0.65]
		},
		"firstperson_righthand": {
			"rotation": [5, 71, -11],
			"translation": [2.25, 0, 1],
			"scale": [1, 1.22, 0.93]
		},
		"ground": {
			"rotation": [0, -56.75, 0],
			"translation": [0, 7, 0]
		},
		"gui": {
			"rotation": [60.15, 33.58, 17.64]
		},
		"head": {
			"translation": [0, 12.75, 0],
			"scale": [0.80469, 0.79492, 0.80469]
		},
		"fixed": {
			"rotation": [-90, 0, 0],
			"translation": [-0.25, 0.5, -22],
			"scale": [3, 3, 3]
		}
	}
}