{
	"credit": "Made with Blockbench",
	"texture_size": [64, 64],
	"textures": {
		"0": "custom/duo/ball",
		"particle": "custom/duo/ball"
	},
	"elements": [
		{
			"from": [5, 5.5, 2],
			"to": [11, 6.5, 3],
			"rotation": {"angle": 0, "axis": "y", "origin": [8, 5.5, 2]},
			"faces": {
				"north": {"uv": [5.5, 5.5, 7, 5.75], "texture": "#0"},
				"east": {"uv": [4.5, 11.5, 4.75, 11.75], "texture": "#0"},
				"south": {"uv": [1.5, 5.75, 3, 6], "texture": "#0"},
				"west": {"uv": [11.5, 5.25, 11.75, 5.5], "texture": "#0"},
				"up": {"uv": [7.25, 3.75, 5.75, 3.5], "texture": "#0"},
				"down": {"uv": [5.25, 5.75, 3.75, 6], "texture": "#0"}
			}
		},
		{
			"from": [5, 5.5, 13],
			"to": [11, 6.5, 14],
			"rotation": {"angle": 0, "axis": "y", "origin": [8, 5.5, 13]},
			"faces": {
				"north": {"uv": [1.5, 6, 3, 6.25], "texture": "#0"},
				"east": {"uv": [9.5, 11.5, 9.75, 11.75], "texture": "#0"},
				"south": {"uv": [3.75, 6, 5.25, 6.25], "texture": "#0"},
				"west": {"uv": [11.5, 9.5, 11.75, 9.75], "texture": "#0"},
				"up": {"uv": [7.5, 4.75, 6, 4.5], "texture": "#0"},
				"down": {"uv": [7.5, 4.75, 6, 5], "texture": "#0"}
			}
		},
		{
			"from": [4, 5.5, 3],
			"to": [5, 6.5, 4],
			"rotation": {"angle": 0, "axis": "y", "origin": [2, 5.5, 3]},
			"faces": {
				"north": {"uv": [5.5, 11.5, 5.75, 11.75], "texture": "#0"},
				"east": {"uv": [11.5, 5.5, 11.75, 5.75], "texture": "#0"},
				"south": {"uv": [5.75, 11.5, 6, 11.75], "texture": "#0"},
				"west": {"uv": [11.5, 5.75, 11.75, 6], "texture": "#0"},
				"up": {"uv": [6.25, 11.75, 6, 11.5], "texture": "#0"},
				"down": {"uv": [11.75, 6, 11.5, 6.25], "texture": "#0"}
			}
		},
		{
			"from": [4, 5.5, 12],
			"to": [5, 6.5, 13],
			"rotation": {"angle": 0, "axis": "y", "origin": [2, 5.5, 12]},
			"faces": {
				"north": {"uv": [8.75, 11.5, 9, 11.75], "texture": "#0"},
				"east": {"uv": [11.5, 8.75, 11.75, 9], "texture": "#0"},
				"south": {"uv": [9, 11.5, 9.25, 11.75], "texture": "#0"},
				"west": {"uv": [11.5, 9, 11.75, 9.25], "texture": "#0"},
				"up": {"uv": [9.5, 11.75, 9.25, 11.5], "texture": "#0"},
				"down": {"uv": [11.75, 9.25, 11.5, 9.5], "texture": "#0"}
			}
		},
		{
			"from": [11, 5.5, 12],
			"to": [12, 6.5, 13],
			"rotation": {"angle": 0, "axis": "y", "origin": [9, 5.5, 12]},
			"faces": {
				"north": {"uv": [10.75, 11.5, 11, 11.75], "texture": "#0"},
				"east": {"uv": [11.5, 10.75, 11.75, 11], "texture": "#0"},
				"south": {"uv": [11, 11.5, 11.25, 11.75], "texture": "#0"},
				"west": {"uv": [11.5, 11, 11.75, 11.25], "texture": "#0"},
				"up": {"uv": [11.5, 11.75, 11.25, 11.5], "texture": "#0"},
				"down": {"uv": [11.75, 11.25, 11.5, 11.5], "texture": "#0"}
			}
		},
		{
			"from": [3, 5.5, 4],
			"to": [4, 6.5, 5],
			"rotation": {"angle": 0, "axis": "y", "origin": [1, 5.5, 4]},
			"faces": {
				"north": {"uv": [7, 11.5, 7.25, 11.75], "texture": "#0"},
				"east": {"uv": [11.5, 7, 11.75, 7.25], "texture": "#0"},
				"south": {"uv": [7.25, 11.5, 7.5, 11.75], "texture": "#0"},
				"west": {"uv": [11.5, 7.25, 11.75, 7.5], "texture": "#0"},
				"up": {"uv": [7.75, 11.75, 7.5, 11.5], "texture": "#0"},
				"down": {"uv": [11.75, 7.5, 11.5, 7.75], "texture": "#0"}
			}
		},
		{
			"from": [3, 5.5, 11],
			"to": [4, 6.5, 12],
			"rotation": {"angle": 0, "axis": "y", "origin": [1, 5.5, 11]},
			"faces": {
				"north": {"uv": [8, 11.5, 8.25, 11.75], "texture": "#0"},
				"east": {"uv": [11.5, 8, 11.75, 8.25], "texture": "#0"},
				"south": {"uv": [8.25, 11.5, 8.5, 11.75], "texture": "#0"},
				"west": {"uv": [11.5, 8.25, 11.75, 8.5], "texture": "#0"},
				"up": {"uv": [8.75, 11.75, 8.5, 11.5], "texture": "#0"},
				"down": {"uv": [11.75, 8.5, 11.5, 8.75], "texture": "#0"}
			}
		},
		{
			"from": [12, 5.5, 11],
			"to": [13, 6.5, 12],
			"rotation": {"angle": 0, "axis": "y", "origin": [10, 5.5, 11]},
			"faces": {
				"north": {"uv": [10, 11.5, 10.25, 11.75], "texture": "#0"},
				"east": {"uv": [11.5, 10, 11.75, 10.25], "texture": "#0"},
				"south": {"uv": [10.25, 11.5, 10.5, 11.75], "texture": "#0"},
				"west": {"uv": [11.5, 10.25, 11.75, 10.5], "texture": "#0"},
				"up": {"uv": [10.75, 11.75, 10.5, 11.5], "texture": "#0"},
				"down": {"uv": [11.75, 10.5, 11.5, 10.75], "texture": "#0"}
			}
		},
		{
			"from": [2, 5.5, 5],
			"to": [3, 6.5, 11],
			"rotation": {"angle": 0, "axis": "y", "origin": [0, 5.5, 5]},
			"faces": {
				"north": {"uv": [7.75, 11.5, 8, 11.75], "texture": "#0"},
				"east": {"uv": [5.75, 3.75, 7.25, 4], "texture": "#0"},
				"south": {"uv": [11.5, 7.75, 11.75, 8], "texture": "#0"},
				"west": {"uv": [5.25, 5.75, 6.75, 6], "texture": "#0"},
				"up": {"uv": [0.25, 7.25, 0, 5.75], "texture": "#0"},
				"down": {"uv": [0.5, 5.75, 0.25, 7.25], "texture": "#0"}
			}
		},
		{
			"from": [13, 5.5, 5],
			"to": [14, 6.5, 11],
			"rotation": {"angle": 0, "axis": "y", "origin": [11, 5.5, 5]},
			"faces": {
				"north": {"uv": [9.75, 11.5, 10, 11.75], "texture": "#0"},
				"east": {"uv": [6, 5, 7.5, 5.25], "texture": "#0"},
				"south": {"uv": [11.5, 9.75, 11.75, 10], "texture": "#0"},
				"west": {"uv": [5.25, 6, 6.75, 6.25], "texture": "#0"},
				"up": {"uv": [3.25, 7.25, 3, 5.75], "texture": "#0"},
				"down": {"uv": [3.5, 5.75, 3.25, 7.25], "texture": "#0"}
			}
		},
		{
			"from": [12, 5.5, 4],
			"to": [13, 6.5, 5],
			"rotation": {"angle": 0, "axis": "y", "origin": [10, 5.5, 4]},
			"faces": {
				"north": {"uv": [2, 4.5, 2.25, 4.75], "texture": "#0"},
				"east": {"uv": [2, 4.75, 2.25, 5], "texture": "#0"},
				"south": {"uv": [2, 5.5, 2.25, 5.75], "texture": "#0"},
				"west": {"uv": [10, 3.25, 10.25, 3.5], "texture": "#0"},
				"up": {"uv": [10.25, 9, 10, 8.75], "texture": "#0"},
				"down": {"uv": [1.5, 11.5, 1.25, 11.75], "texture": "#0"}
			}
		},
		{
			"from": [11, 5.5, 3],
			"to": [12, 6.5, 4],
			"rotation": {"angle": 0, "axis": "y", "origin": [9, 5.5, 3]},
			"faces": {
				"north": {"uv": [6.25, 11.5, 6.5, 11.75], "texture": "#0"},
				"east": {"uv": [11.5, 6.25, 11.75, 6.5], "texture": "#0"},
				"south": {"uv": [6.5, 11.5, 6.75, 11.75], "texture": "#0"},
				"west": {"uv": [11.5, 6.5, 11.75, 6.75], "texture": "#0"},
				"up": {"uv": [7, 11.75, 6.75, 11.5], "texture": "#0"},
				"down": {"uv": [11.75, 6.75, 11.5, 7], "texture": "#0"}
			}
		},
		{
			"from": [5, 4.5, 1.75],
			"to": [11, 5.5, 3],
			"rotation": {"angle": 0, "axis": "y", "origin": [8, 4.5, 2]},
			"faces": {
				"north": {"uv": [1.5, 6.25, 3, 6.5], "texture": "#0"},
				"east": {"uv": [3.5, 11.5, 3.875, 11.75], "texture": "#0"},
				"south": {"uv": [3.75, 6.25, 5.25, 6.5], "texture": "#0"},
				"west": {"uv": [4, 11.5, 4.375, 11.75], "texture": "#0"},
				"up": {"uv": [5.5, 4.375, 4, 4], "texture": "#0"},
				"down": {"uv": [2, 4.5, 0.5, 4.875], "texture": "#0"}
			}
		},
		{
			"from": [3.75, 4.5, 2.5],
			"to": [5, 5.5, 4],
			"rotation": {"angle": 0, "axis": "y", "origin": [2, 4.5, 3]},
			"faces": {
				"north": {"uv": [10.25, 11.25, 10.625, 11.5], "texture": "#0"},
				"east": {"uv": [11, 11.25, 11.375, 11.5], "texture": "#0"},
				"south": {"uv": [2.5, 11.5, 2.875, 11.75], "texture": "#0"},
				"west": {"uv": [3, 11.5, 3.375, 11.75], "texture": "#0"},
				"up": {"uv": [11.375, 9.625, 11, 9.25], "texture": "#0"},
				"down": {"uv": [11.375, 9.75, 11, 10.125], "texture": "#0"}
			}
		},
		{
			"from": [11, 4.5, 2.5],
			"to": [12.25, 5.5, 4],
			"rotation": {"angle": 0, "axis": "y", "origin": [9, 4.5, 3]},
			"faces": {
				"north": {"uv": [11.25, 4.25, 11.625, 4.5], "texture": "#0"},
				"east": {"uv": [11.25, 4.5, 11.625, 4.75], "texture": "#0"},
				"south": {"uv": [11.25, 4.75, 11.625, 5], "texture": "#0"},
				"west": {"uv": [11.25, 5, 11.625, 5.25], "texture": "#0"},
				"up": {"uv": [11.375, 8.625, 11, 8.25], "texture": "#0"},
				"down": {"uv": [11.375, 8.75, 11, 9.125], "texture": "#0"}
			}
		},
		{
			"from": [2.75, 4.5, 3.75],
			"to": [4, 5.5, 5],
			"rotation": {"angle": 0, "axis": "y", "origin": [1, 4.5, 4]},
			"faces": {
				"north": {"uv": [11.25, 3.5, 11.625, 3.75], "texture": "#0"},
				"east": {"uv": [11.25, 3.75, 11.625, 4], "texture": "#0"},
				"south": {"uv": [4, 11.25, 4.375, 11.5], "texture": "#0"},
				"west": {"uv": [11.25, 4, 11.625, 4.25], "texture": "#0"},
				"up": {"uv": [8.125, 11.375, 7.75, 11], "texture": "#0"},
				"down": {"uv": [11.375, 7.75, 11, 8.125], "texture": "#0"}
			}
		},
		{
			"from": [12, 4.5, 3.75],
			"to": [13.25, 5.5, 5],
			"rotation": {"angle": 0, "axis": "y", "origin": [10, 4.5, 4]},
			"faces": {
				"north": {"uv": [3, 11.25, 3.375, 11.5], "texture": "#0"},
				"east": {"uv": [11.25, 3, 11.625, 3.25], "texture": "#0"},
				"south": {"uv": [11.25, 3.25, 11.625, 3.5], "texture": "#0"},
				"west": {"uv": [3.5, 11.25, 3.875, 11.5], "texture": "#0"},
				"up": {"uv": [11.375, 7.125, 11, 6.75], "texture": "#0"},
				"down": {"uv": [11.375, 7.25, 11, 7.625], "texture": "#0"}
			}
		},
		{
			"from": [1.75, 4.5, 4.75],
			"to": [3, 5.5, 11.25],
			"rotation": {"angle": 0, "axis": "y", "origin": [0, 4.5, 5]},
			"faces": {
				"north": {"uv": [11.25, 2.5, 11.625, 2.75], "texture": "#0"},
				"east": {"uv": [5.25, 2.25, 6.875, 2.5], "texture": "#0"},
				"south": {"uv": [11.25, 2.75, 11.625, 3], "texture": "#0"},
				"west": {"uv": [5.25, 2.5, 6.875, 2.75], "texture": "#0"},
				"up": {"uv": [2.625, 5.625, 2.25, 4], "texture": "#0"},
				"down": {"uv": [3.125, 4, 2.75, 5.625], "texture": "#0"}
			}
		},
		{
			"from": [2.75, 4.5, 11],
			"to": [4, 5.5, 12.25],
			"rotation": {"angle": 0, "axis": "y", "origin": [1, 4.5, 11]},
			"faces": {
				"north": {"uv": [11.25, 1.75, 11.625, 2], "texture": "#0"},
				"east": {"uv": [11.25, 2, 11.625, 2.25], "texture": "#0"},
				"south": {"uv": [11.25, 2.25, 11.625, 2.5], "texture": "#0"},
				"west": {"uv": [2.5, 11.25, 2.875, 11.5], "texture": "#0"},
				"up": {"uv": [11.375, 6.625, 11, 6.25], "texture": "#0"},
				"down": {"uv": [6.875, 11, 6.5, 11.375], "texture": "#0"}
			}
		},
		{
			"from": [3.75, 4.5, 12],
			"to": [5, 5.5, 13.25],
			"rotation": {"angle": 0, "axis": "y", "origin": [2, 4.5, 12]},
			"faces": {
				"north": {"uv": [11.25, 0.75, 11.625, 1], "texture": "#0"},
				"east": {"uv": [11.25, 1, 11.625, 1.25], "texture": "#0"},
				"south": {"uv": [11.25, 1.25, 11.625, 1.5], "texture": "#0"},
				"west": {"uv": [11.25, 1.5, 11.625, 1.75], "texture": "#0"},
				"up": {"uv": [11.375, 6.125, 11, 5.75], "texture": "#0"},
				"down": {"uv": [6.375, 11, 6, 11.375], "texture": "#0"}
			}
		},
		{
			"from": [4.75, 4.5, 13],
			"to": [11.25, 5.5, 14.25],
			"rotation": {"angle": 0, "axis": "y", "origin": [8, 4.5, 13]},
			"faces": {
				"north": {"uv": [5.25, 1.75, 6.875, 2], "texture": "#0"},
				"east": {"uv": [11.25, 0.25, 11.625, 0.5], "texture": "#0"},
				"south": {"uv": [5.25, 2, 6.875, 2.25], "texture": "#0"},
				"west": {"uv": [11.25, 0.5, 11.625, 0.75], "texture": "#0"},
				"up": {"uv": [2.125, 4.375, 0.5, 4], "texture": "#0"},
				"down": {"uv": [5.625, 3.5, 4, 3.875], "texture": "#0"}
			}
		},
		{
			"from": [13, 4.5, 4.75],
			"to": [14.25, 5.5, 11.25],
			"rotation": {"angle": 0, "axis": "y", "origin": [11, 4.5, 5]},
			"faces": {
				"north": {"uv": [11, 11, 11.375, 11.25], "texture": "#0"},
				"east": {"uv": [5.25, 1.25, 6.875, 1.5], "texture": "#0"},
				"south": {"uv": [11.25, 0, 11.625, 0.25], "texture": "#0"},
				"west": {"uv": [5.25, 1.5, 6.875, 1.75], "texture": "#0"},
				"up": {"uv": [3.875, 5.125, 3.5, 3.5], "texture": "#0"},
				"down": {"uv": [0.375, 4, 0, 5.625], "texture": "#0"}
			}
		},
		{
			"from": [12, 4.5, 11],
			"to": [13.25, 5.5, 12.25],
			"rotation": {"angle": 0, "axis": "y", "origin": [10, 4.5, 11]},
			"faces": {
				"north": {"uv": [10.25, 11, 10.625, 11.25], "texture": "#0"},
				"east": {"uv": [11, 10.25, 11.375, 10.5], "texture": "#0"},
				"south": {"uv": [11, 10.5, 11.375, 10.75], "texture": "#0"},
				"west": {"uv": [11, 10.75, 11.375, 11], "texture": "#0"},
				"up": {"uv": [11.375, 5.625, 11, 5.25], "texture": "#0"},
				"down": {"uv": [5.875, 11, 5.5, 11.375], "texture": "#0"}
			}
		},
		{
			"from": [11, 4.5, 12],
			"to": [12.25, 5.5, 13.25],
			"rotation": {"angle": 0, "axis": "y", "origin": [9, 4.5, 12]},
			"faces": {
				"north": {"uv": [1.5, 5.5, 1.875, 5.75], "texture": "#0"},
				"east": {"uv": [10, 5.5, 10.375, 5.75], "texture": "#0"},
				"south": {"uv": [10.25, 1.5, 10.625, 1.75], "texture": "#0"},
				"west": {"uv": [10.75, 1.5, 11.125, 1.75], "texture": "#0"},
				"up": {"uv": [10.625, 8.875, 10.25, 8.5], "texture": "#0"},
				"down": {"uv": [10.875, 5.25, 10.5, 5.625], "texture": "#0"}
			}
		},
		{
			"from": [5, 3.5, 2],
			"to": [11, 4.5, 3],
			"rotation": {"angle": 0, "axis": "y", "origin": [8, 3.5, 2]},
			"faces": {
				"north": {"uv": [6.75, 6, 8.25, 6.25], "texture": "#0"},
				"east": {"uv": [11.75, 6.5, 12, 6.75], "texture": "#0"},
				"south": {"uv": [6.75, 6.25, 8.25, 6.5], "texture": "#0"},
				"west": {"uv": [6.75, 11.75, 7, 12], "texture": "#0"},
				"up": {"uv": [8.5, 2, 7, 1.75], "texture": "#0"},
				"down": {"uv": [8.5, 2, 7, 2.25], "texture": "#0"}
			}
		},
		{
			"from": [4, 3.5, 3],
			"to": [5, 4.5, 4],
			"rotation": {"angle": 0, "axis": "y", "origin": [2, 3.5, 3]},
			"faces": {
				"north": {"uv": [11.75, 5.75, 12, 6], "texture": "#0"},
				"east": {"uv": [6, 11.75, 6.25, 12], "texture": "#0"},
				"south": {"uv": [11.75, 6, 12, 6.25], "texture": "#0"},
				"west": {"uv": [6.25, 11.75, 6.5, 12], "texture": "#0"},
				"up": {"uv": [12, 6.5, 11.75, 6.25], "texture": "#0"},
				"down": {"uv": [6.75, 11.75, 6.5, 12], "texture": "#0"}
			}
		},
		{
			"from": [11, 3.5, 3],
			"to": [12, 4.5, 4],
			"rotation": {"angle": 0, "axis": "y", "origin": [9, 3.5, 3]},
			"faces": {
				"north": {"uv": [11.75, 5, 12, 5.25], "texture": "#0"},
				"east": {"uv": [5.25, 11.75, 5.5, 12], "texture": "#0"},
				"south": {"uv": [11.75, 5.25, 12, 5.5], "texture": "#0"},
				"west": {"uv": [5.5, 11.75, 5.75, 12], "texture": "#0"},
				"up": {"uv": [12, 5.75, 11.75, 5.5], "texture": "#0"},
				"down": {"uv": [6, 11.75, 5.75, 12], "texture": "#0"}
			}
		},
		{
			"from": [3, 3.5, 4],
			"to": [4, 4.5, 5],
			"rotation": {"angle": 0, "axis": "y", "origin": [1, 3.5, 4]},
			"faces": {
				"north": {"uv": [11.75, 4.25, 12, 4.5], "texture": "#0"},
				"east": {"uv": [4.5, 11.75, 4.75, 12], "texture": "#0"},
				"south": {"uv": [11.75, 4.5, 12, 4.75], "texture": "#0"},
				"west": {"uv": [4.75, 11.75, 5, 12], "texture": "#0"},
				"up": {"uv": [12, 5, 11.75, 4.75], "texture": "#0"},
				"down": {"uv": [5.25, 11.75, 5, 12], "texture": "#0"}
			}
		},
		{
			"from": [12, 3.5, 4],
			"to": [13, 4.5, 5],
			"rotation": {"angle": 0, "axis": "y", "origin": [10, 3.5, 4]},
			"faces": {
				"north": {"uv": [11.75, 3.5, 12, 3.75], "texture": "#0"},
				"east": {"uv": [3.75, 11.75, 4, 12], "texture": "#0"},
				"south": {"uv": [11.75, 3.75, 12, 4], "texture": "#0"},
				"west": {"uv": [4, 11.75, 4.25, 12], "texture": "#0"},
				"up": {"uv": [12, 4.25, 11.75, 4], "texture": "#0"},
				"down": {"uv": [4.5, 11.75, 4.25, 12], "texture": "#0"}
			}
		},
		{
			"from": [2, 3.5, 5],
			"to": [3, 4.5, 11],
			"rotation": {"angle": 0, "axis": "y", "origin": [0, 3.5, 5]},
			"faces": {
				"north": {"uv": [11.75, 3.25, 12, 3.5], "texture": "#0"},
				"east": {"uv": [5.75, 6.75, 7.25, 7], "texture": "#0"},
				"south": {"uv": [3.5, 11.75, 3.75, 12], "texture": "#0"},
				"west": {"uv": [6.75, 5.75, 8.25, 6], "texture": "#0"},
				"up": {"uv": [7.25, 1.75, 7, 0.25], "texture": "#0"},
				"down": {"uv": [1.75, 7, 1.5, 8.5], "texture": "#0"}
			}
		},
		{
			"from": [3, 3.5, 11],
			"to": [4, 4.5, 12],
			"rotation": {"angle": 0, "axis": "y", "origin": [1, 3.5, 11]},
			"faces": {
				"north": {"uv": [11.75, 2.5, 12, 2.75], "texture": "#0"},
				"east": {"uv": [2.75, 11.75, 3, 12], "texture": "#0"},
				"south": {"uv": [11.75, 2.75, 12, 3], "texture": "#0"},
				"west": {"uv": [3, 11.75, 3.25, 12], "texture": "#0"},
				"up": {"uv": [12, 3.25, 11.75, 3], "texture": "#0"},
				"down": {"uv": [3.5, 11.75, 3.25, 12], "texture": "#0"}
			}
		},
		{
			"from": [4, 3.5, 12],
			"to": [5, 4.5, 13],
			"rotation": {"angle": 0, "axis": "y", "origin": [2, 3.5, 12]},
			"faces": {
				"north": {"uv": [11.75, 1.75, 12, 2], "texture": "#0"},
				"east": {"uv": [2, 11.75, 2.25, 12], "texture": "#0"},
				"south": {"uv": [11.75, 2, 12, 2.25], "texture": "#0"},
				"west": {"uv": [2.25, 11.75, 2.5, 12], "texture": "#0"},
				"up": {"uv": [12, 2.5, 11.75, 2.25], "texture": "#0"},
				"down": {"uv": [2.75, 11.75, 2.5, 12], "texture": "#0"}
			}
		},
		{
			"from": [5, 3.5, 13],
			"to": [11, 4.5, 14],
			"rotation": {"angle": 0, "axis": "y", "origin": [8, 3.5, 13]},
			"faces": {
				"north": {"uv": [4.25, 6.5, 5.75, 6.75], "texture": "#0"},
				"east": {"uv": [11.75, 1.5, 12, 1.75], "texture": "#0"},
				"south": {"uv": [5.75, 6.5, 7.25, 6.75], "texture": "#0"},
				"west": {"uv": [1.75, 11.75, 2, 12], "texture": "#0"},
				"up": {"uv": [3, 7, 1.5, 6.75], "texture": "#0"},
				"down": {"uv": [5.75, 6.75, 4.25, 7], "texture": "#0"}
			}
		},
		{
			"from": [13, 3.5, 5],
			"to": [14, 4.5, 11],
			"rotation": {"angle": 0, "axis": "y", "origin": [11, 3.5, 5]},
			"faces": {
				"north": {"uv": [11.75, 1.25, 12, 1.5], "texture": "#0"},
				"east": {"uv": [5.25, 6.25, 6.75, 6.5], "texture": "#0"},
				"south": {"uv": [1.5, 11.75, 1.75, 12], "texture": "#0"},
				"west": {"uv": [1.5, 6.5, 3, 6.75], "texture": "#0"},
				"up": {"uv": [4, 8, 3.75, 6.5], "texture": "#0"},
				"down": {"uv": [4.25, 6.5, 4, 8], "texture": "#0"}
			}
		},
		{
			"from": [12, 3.5, 11],
			"to": [13, 4.5, 12],
			"rotation": {"angle": 0, "axis": "y", "origin": [10, 3.5, 11]},
			"faces": {
				"north": {"uv": [11.75, 0.5, 12, 0.75], "texture": "#0"},
				"east": {"uv": [0.75, 11.75, 1, 12], "texture": "#0"},
				"south": {"uv": [11.75, 0.75, 12, 1], "texture": "#0"},
				"west": {"uv": [1, 11.75, 1.25, 12], "texture": "#0"},
				"up": {"uv": [12, 1.25, 11.75, 1], "texture": "#0"},
				"down": {"uv": [1.5, 11.75, 1.25, 12], "texture": "#0"}
			}
		},
		{
			"from": [11, 3.5, 12],
			"to": [12, 4.5, 13],
			"rotation": {"angle": 0, "axis": "y", "origin": [9, 3.5, 12]},
			"faces": {
				"north": {"uv": [11.5, 11.5, 11.75, 11.75], "texture": "#0"},
				"east": {"uv": [0, 11.75, 0.25, 12], "texture": "#0"},
				"south": {"uv": [11.75, 0, 12, 0.25], "texture": "#0"},
				"west": {"uv": [0.25, 11.75, 0.5, 12], "texture": "#0"},
				"up": {"uv": [12, 0.5, 11.75, 0.25], "texture": "#0"},
				"down": {"uv": [0.75, 11.75, 0.5, 12], "texture": "#0"}
			}
		},
		{
			"from": [5.09, 2.575, 2.18],
			"to": [10.91, 3.645, 3.15],
			"rotation": {"angle": 0, "axis": "y", "origin": [8, 2.675, 2.18]},
			"faces": {
				"north": {"uv": [0, 7.25, 1.5, 7.5], "texture": "#0"},
				"east": {"uv": [1.75, 12, 2, 12.25], "texture": "#0"},
				"south": {"uv": [7.25, 0, 8.75, 0.25], "texture": "#0"},
				"west": {"uv": [12, 1.75, 12.25, 2], "texture": "#0"},
				"up": {"uv": [8.75, 0.5, 7.25, 0.25], "texture": "#0"},
				"down": {"uv": [8.75, 0.5, 7.25, 0.75], "texture": "#0"}
			}
		},
		{
			"from": [4.12, 2.675, 3.15],
			"to": [5.09, 3.645, 4.12],
			"rotation": {"angle": 0, "axis": "y", "origin": [2.18, 2.675, 3.15]},
			"faces": {
				"north": {"uv": [1, 12, 1.25, 12.25], "texture": "#0"},
				"east": {"uv": [12, 1, 12.25, 1.25], "texture": "#0"},
				"south": {"uv": [1.25, 12, 1.5, 12.25], "texture": "#0"},
				"west": {"uv": [12, 1.25, 12.25, 1.5], "texture": "#0"},
				"up": {"uv": [1.75, 12.25, 1.5, 12], "texture": "#0"},
				"down": {"uv": [12.25, 1.5, 12, 1.75], "texture": "#0"}
			}
		},
		{
			"from": [10.91, 2.675, 3.15],
			"to": [11.88, 3.645, 4.12],
			"rotation": {"angle": 0, "axis": "y", "origin": [8.97, 2.675, 3.15]},
			"faces": {
				"north": {"uv": [0.25, 12, 0.5, 12.25], "texture": "#0"},
				"east": {"uv": [12, 0.25, 12.25, 0.5], "texture": "#0"},
				"south": {"uv": [0.5, 12, 0.75, 12.25], "texture": "#0"},
				"west": {"uv": [12, 0.5, 12.25, 0.75], "texture": "#0"},
				"up": {"uv": [1, 12.25, 0.75, 12], "texture": "#0"},
				"down": {"uv": [12.25, 0.75, 12, 1], "texture": "#0"}
			}
		},
		{
			"from": [10.91, 1.675, 3.9],
			"to": [11.88, 4.395, 4.87],
			"rotation": {"angle": 0, "axis": "y", "origin": [8.97, 1.675, 3.9]},
			"faces": {
				"north": {"uv": [10.75, 9.25, 11, 9.875], "texture": "#0"},
				"east": {"uv": [9.5, 10.75, 9.75, 11.375], "texture": "#0"},
				"south": {"uv": [9.75, 10.75, 10, 11.375], "texture": "#0"},
				"west": {"uv": [10, 10.75, 10.25, 11.375], "texture": "#0"},
				"up": {"uv": [12.5, 1.25, 12.25, 1], "texture": "#0"},
				"down": {"uv": [1.5, 12.25, 1.25, 12.5], "texture": "#0"}
			}
		},
		{
			"from": [11.91, 1.675, 5.15],
			"to": [12.88, 4.145, 6.12],
			"rotation": {"angle": 0, "axis": "y", "origin": [9.97, 1.675, 5.15]},
			"faces": {
				"north": {"uv": [10.75, 10, 11, 10.625], "texture": "#0"},
				"east": {"uv": [10.75, 10.75, 11, 11.375], "texture": "#0"},
				"south": {"uv": [0, 11, 0.25, 11.625], "texture": "#0"},
				"west": {"uv": [11, 0, 11.25, 0.625], "texture": "#0"},
				"up": {"uv": [12.5, 1.5, 12.25, 1.25], "texture": "#0"},
				"down": {"uv": [1.75, 12.25, 1.5, 12.5], "texture": "#0"}
			}
		},
		{
			"from": [3.06, 1.675, 9.9],
			"to": [4.03, 4.895, 11.12],
			"rotation": {"angle": 0, "axis": "y", "origin": [1.12, 1.675, 9.9]},
			"faces": {
				"north": {"uv": [10, 7.25, 10.25, 8], "texture": "#0"},
				"east": {"uv": [8.25, 10, 8.5, 10.75], "texture": "#0"},
				"south": {"uv": [8.5, 10, 8.75, 10.75], "texture": "#0"},
				"west": {"uv": [8.75, 10, 9, 10.75], "texture": "#0"},
				"up": {"uv": [12.5, 2, 12.25, 1.75], "texture": "#0"},
				"down": {"uv": [2.25, 12.25, 2, 12.5], "texture": "#0"}
			}
		},
		{
			"from": [4.81, 1.675, 11.9],
			"to": [5.78, 4.895, 13.12],
			"rotation": {"angle": 0, "axis": "y", "origin": [2.87, 1.675, 11.9]},
			"faces": {
				"north": {"uv": [0.5, 10.25, 0.75, 11], "texture": "#0"},
				"east": {"uv": [0.75, 10.25, 1, 11], "texture": "#0"},
				"south": {"uv": [10.25, 0.75, 10.5, 1.5], "texture": "#0"},
				"west": {"uv": [1, 10.25, 1.25, 11], "texture": "#0"},
				"up": {"uv": [12.5, 3, 12.25, 2.75], "texture": "#0"},
				"down": {"uv": [3.25, 12.25, 3, 12.5], "texture": "#0"}
			}
		},
		{
			"from": [4.06, 1.675, 10.9],
			"to": [5.03, 4.895, 12.12],
			"rotation": {"angle": 0, "axis": "y", "origin": [2.12, 1.675, 10.9]},
			"faces": {
				"north": {"uv": [1.5, 10.25, 1.75, 11], "texture": "#0"},
				"east": {"uv": [1.75, 10.25, 2, 11], "texture": "#0"},
				"south": {"uv": [2, 10.25, 2.25, 11], "texture": "#0"},
				"west": {"uv": [2.25, 10.25, 2.5, 11], "texture": "#0"},
				"up": {"uv": [12.5, 3.25, 12.25, 3], "texture": "#0"},
				"down": {"uv": [3.5, 12.25, 3.25, 12.5], "texture": "#0"}
			}
		},
		{
			"from": [4.06, 1.675, 3.9],
			"to": [5.03, 4.895, 5.12],
			"rotation": {"angle": 0, "axis": "y", "origin": [2.12, 1.675, 3.9]},
			"faces": {
				"north": {"uv": [10.25, 3.25, 10.5, 4], "texture": "#0"},
				"east": {"uv": [10.25, 4, 10.5, 4.75], "texture": "#0"},
				"south": {"uv": [10.25, 4.75, 10.5, 5.5], "texture": "#0"},
				"west": {"uv": [10.25, 6.5, 10.5, 7.25], "texture": "#0"},
				"up": {"uv": [12.5, 3.5, 12.25, 3.25], "texture": "#0"},
				"down": {"uv": [3.75, 12.25, 3.5, 12.5], "texture": "#0"}
			}
		},
		{
			"from": [3.06, 1.675, 4.9],
			"to": [4.03, 4.895, 6.12],
			"rotation": {"angle": 0, "axis": "y", "origin": [1.12, 1.675, 4.9]},
			"faces": {
				"north": {"uv": [10.25, 7.25, 10.5, 8], "texture": "#0"},
				"east": {"uv": [10.25, 9.5, 10.5, 10.25], "texture": "#0"},
				"south": {"uv": [10.25, 10.25, 10.5, 11], "texture": "#0"},
				"west": {"uv": [10.5, 0, 10.75, 0.75], "texture": "#0"},
				"up": {"uv": [12.5, 3.75, 12.25, 3.5], "texture": "#0"},
				"down": {"uv": [4, 12.25, 3.75, 12.5], "texture": "#0"}
			}
		},
		{
			"from": [4.81, 1.675, 2.9],
			"to": [5.78, 4.895, 4.12],
			"rotation": {"angle": 0, "axis": "y", "origin": [2.87, 1.675, 2.9]},
			"faces": {
				"north": {"uv": [10.5, 0.75, 10.75, 1.5], "texture": "#0"},
				"east": {"uv": [10.5, 2.25, 10.75, 3], "texture": "#0"},
				"south": {"uv": [2.5, 10.5, 2.75, 11.25], "texture": "#0"},
				"west": {"uv": [2.75, 10.5, 3, 11.25], "texture": "#0"},
				"up": {"uv": [12.5, 4, 12.25, 3.75], "texture": "#0"},
				"down": {"uv": [4.25, 12.25, 4, 12.5], "texture": "#0"}
			}
		},
		{
			"from": [11.91, 1.675, 9.9],
			"to": [12.88, 4.895, 11.12],
			"rotation": {"angle": 0, "axis": "y", "origin": [9.97, 1.675, 9.9]},
			"faces": {
				"north": {"uv": [10, 10, 10.25, 10.75], "texture": "#0"},
				"east": {"uv": [0, 10.25, 0.25, 11], "texture": "#0"},
				"south": {"uv": [10.25, 0, 10.5, 0.75], "texture": "#0"},
				"west": {"uv": [0.25, 10.25, 0.5, 11], "texture": "#0"},
				"up": {"uv": [12.5, 2.75, 12.25, 2.5], "texture": "#0"},
				"down": {"uv": [3, 12.25, 2.75, 12.5], "texture": "#0"}
			}
		},
		{
			"from": [9.91, 1.675, 11.9],
			"to": [11.13, 5.395, 12.87],
			"rotation": {"angle": 0, "axis": "y", "origin": [7.97, 1.675, 11.9]},
			"faces": {
				"north": {"uv": [7, 9.75, 7.25, 10.625], "texture": "#0"},
				"east": {"uv": [4.75, 10, 5, 10.875], "texture": "#0"},
				"south": {"uv": [5, 10, 5.25, 10.875], "texture": "#0"},
				"west": {"uv": [5.25, 10, 5.5, 10.875], "texture": "#0"},
				"up": {"uv": [12.5, 2.25, 12.25, 2], "texture": "#0"},
				"down": {"uv": [2.5, 12.25, 2.25, 12.5], "texture": "#0"}
			}
		},
		{
			"from": [11.16, 1.675, 10.65],
			"to": [12.13, 4.645, 11.87],
			"rotation": {"angle": 0, "axis": "y", "origin": [9.22, 1.675, 10.9]},
			"faces": {
				"north": {"uv": [9, 10, 9.25, 10.75], "texture": "#0"},
				"east": {"uv": [9.25, 10, 9.5, 10.75], "texture": "#0"},
				"south": {"uv": [9.5, 10, 9.75, 10.75], "texture": "#0"},
				"west": {"uv": [9.75, 10, 10, 10.75], "texture": "#0"},
				"up": {"uv": [12.5, 2.5, 12.25, 2.25], "texture": "#0"},
				"down": {"uv": [2.75, 12.25, 2.5, 12.5], "texture": "#0"}
			}
		},
		{
			"from": [10.16, 1.675, 3.15],
			"to": [11.13, 4.395, 4.12],
			"rotation": {"angle": 0, "axis": "y", "origin": [8.22, 1.675, 3.15]},
			"faces": {
				"north": {"uv": [0.25, 11, 0.5, 11.625], "texture": "#0"},
				"east": {"uv": [0.5, 11, 0.75, 11.625], "texture": "#0"},
				"south": {"uv": [0.75, 11, 1, 11.625], "texture": "#0"},
				"west": {"uv": [11, 0.75, 11.25, 1.375], "texture": "#0"},
				"up": {"uv": [12.5, 1.75, 12.25, 1.5], "texture": "#0"},
				"down": {"uv": [2, 12.25, 1.75, 12.5], "texture": "#0"}
			}
		},
		{
			"from": [3.15, 2.675, 4.12],
			"to": [4.12, 3.645, 5.09],
			"rotation": {"angle": 0, "axis": "y", "origin": [1.21, 2.675, 4.12]},
			"faces": {
				"north": {"uv": [11.75, 11.25, 12, 11.5], "texture": "#0"},
				"east": {"uv": [11.5, 11.75, 11.75, 12], "texture": "#0"},
				"south": {"uv": [11.75, 11.5, 12, 11.75], "texture": "#0"},
				"west": {"uv": [11.75, 11.75, 12, 12], "texture": "#0"},
				"up": {"uv": [0.25, 12.25, 0, 12], "texture": "#0"},
				"down": {"uv": [12.25, 0, 12, 0.25], "texture": "#0"}
			}
		},
		{
			"from": [11.88, 2.575, 4.12],
			"to": [12.85, 3.645, 5.09],
			"rotation": {"angle": 0, "axis": "y", "origin": [9.94, 2.675, 4.12]},
			"faces": {
				"north": {"uv": [11.75, 10.5, 12, 10.75], "texture": "#0"},
				"east": {"uv": [10.75, 11.75, 11, 12], "texture": "#0"},
				"south": {"uv": [11.75, 10.75, 12, 11], "texture": "#0"},
				"west": {"uv": [11, 11.75, 11.25, 12], "texture": "#0"},
				"up": {"uv": [12, 11.25, 11.75, 11], "texture": "#0"},
				"down": {"uv": [11.5, 11.75, 11.25, 12], "texture": "#0"}
			}
		},
		{
			"from": [2.18, 2.575, 5.09],
			"to": [3.15, 3.645, 10.91],
			"rotation": {"angle": 0, "axis": "y", "origin": [0.24, 2.675, 5.09]},
			"faces": {
				"north": {"uv": [11.75, 10.25, 12, 10.5], "texture": "#0"},
				"east": {"uv": [7, 5.5, 8.5, 5.75], "texture": "#0"},
				"south": {"uv": [10.5, 11.75, 10.75, 12], "texture": "#0"},
				"west": {"uv": [5.75, 7, 7.25, 7.25], "texture": "#0"},
				"up": {"uv": [2.5, 8.5, 2.25, 7], "texture": "#0"},
				"down": {"uv": [2.75, 7, 2.5, 8.5], "texture": "#0"}
			}
		},
		{
			"from": [3.15, 2.575, 10.91],
			"to": [4.12, 3.645, 11.88],
			"rotation": {"angle": 0, "axis": "y", "origin": [1.21, 2.675, 10.91]},
			"faces": {
				"north": {"uv": [11.75, 9.5, 12, 9.75], "texture": "#0"},
				"east": {"uv": [9.75, 11.75, 10, 12], "texture": "#0"},
				"south": {"uv": [11.75, 9.75, 12, 10], "texture": "#0"},
				"west": {"uv": [10, 11.75, 10.25, 12], "texture": "#0"},
				"up": {"uv": [12, 10.25, 11.75, 10], "texture": "#0"},
				"down": {"uv": [10.5, 11.75, 10.25, 12], "texture": "#0"}
			}
		},
		{
			"from": [4.12, 2.575, 11.88],
			"to": [5.09, 3.645, 12.85],
			"rotation": {"angle": 0, "axis": "y", "origin": [2.18, 2.675, 11.88]},
			"faces": {
				"north": {"uv": [11.75, 8.75, 12, 9], "texture": "#0"},
				"east": {"uv": [9, 11.75, 9.25, 12], "texture": "#0"},
				"south": {"uv": [11.75, 9, 12, 9.25], "texture": "#0"},
				"west": {"uv": [9.25, 11.75, 9.5, 12], "texture": "#0"},
				"up": {"uv": [12, 9.5, 11.75, 9.25], "texture": "#0"},
				"down": {"uv": [9.75, 11.75, 9.5, 12], "texture": "#0"}
			}
		},
		{
			"from": [5.09, 2.575, 12.85],
			"to": [10.91, 3.645, 13.82],
			"rotation": {"angle": 0, "axis": "y", "origin": [8, 2.675, 12.85]},
			"faces": {
				"north": {"uv": [7, 2.75, 8.5, 3], "texture": "#0"},
				"east": {"uv": [11.75, 8.5, 12, 8.75], "texture": "#0"},
				"south": {"uv": [7, 3, 8.5, 3.25], "texture": "#0"},
				"west": {"uv": [8.75, 11.75, 9, 12], "texture": "#0"},
				"up": {"uv": [8.5, 3.5, 7, 3.25], "texture": "#0"},
				"down": {"uv": [5.75, 7, 4.25, 7.25], "texture": "#0"}
			}
		},
		{
			"from": [12.85, 2.575, 5.09],
			"to": [13.82, 3.645, 10.91],
			"rotation": {"angle": 0, "axis": "y", "origin": [10.91, 2.675, 5.09]},
			"faces": {
				"north": {"uv": [11.75, 8.25, 12, 8.5], "texture": "#0"},
				"east": {"uv": [7, 2.25, 8.5, 2.5], "texture": "#0"},
				"south": {"uv": [8.5, 11.75, 8.75, 12], "texture": "#0"},
				"west": {"uv": [7, 2.5, 8.5, 2.75], "texture": "#0"},
				"up": {"uv": [2, 8.5, 1.75, 7], "texture": "#0"},
				"down": {"uv": [2.25, 7, 2, 8.5], "texture": "#0"}
			}
		},
		{
			"from": [11.88, 2.675, 10.91],
			"to": [12.85, 3.645, 11.88],
			"rotation": {"angle": 0, "axis": "y", "origin": [9.94, 2.675, 10.91]},
			"faces": {
				"north": {"uv": [11.75, 7.5, 12, 7.75], "texture": "#0"},
				"east": {"uv": [7.75, 11.75, 8, 12], "texture": "#0"},
				"south": {"uv": [11.75, 7.75, 12, 8], "texture": "#0"},
				"west": {"uv": [8, 11.75, 8.25, 12], "texture": "#0"},
				"up": {"uv": [12, 8.25, 11.75, 8], "texture": "#0"},
				"down": {"uv": [8.5, 11.75, 8.25, 12], "texture": "#0"}
			}
		},
		{
			"from": [10.91, 2.675, 11.88],
			"to": [11.88, 3.645, 12.85],
			"rotation": {"angle": 0, "axis": "y", "origin": [8.97, 2.675, 11.88]},
			"faces": {
				"north": {"uv": [11.75, 6.75, 12, 7], "texture": "#0"},
				"east": {"uv": [7, 11.75, 7.25, 12], "texture": "#0"},
				"south": {"uv": [11.75, 7, 12, 7.25], "texture": "#0"},
				"west": {"uv": [7.25, 11.75, 7.5, 12], "texture": "#0"},
				"up": {"uv": [12, 7.5, 11.75, 7.25], "texture": "#0"},
				"down": {"uv": [7.75, 11.75, 7.5, 12], "texture": "#0"}
			}
		},
		{
			"from": [5.2355, 1.68625, 12.6075],
			"to": [10.7645, 2.60775, 13.529],
			"rotation": {"angle": 0, "axis": "y", "origin": [8, 1.68625, 12.6075]},
			"faces": {
				"north": {"uv": [8.5, 2.75, 9.875, 3], "texture": "#0"},
				"east": {"uv": [8.75, 12, 9, 12.25], "texture": "#0"},
				"south": {"uv": [8.5, 3, 9.875, 3.25], "texture": "#0"},
				"west": {"uv": [12, 8.75, 12.25, 9], "texture": "#0"},
				"up": {"uv": [9.875, 3.5, 8.5, 3.25], "texture": "#0"},
				"down": {"uv": [5.875, 8.5, 4.5, 8.75], "texture": "#0"}
			}
		},
		{
			"from": [4.314, 1.68625, 11.686],
			"to": [5.2355, 2.60775, 12.6075],
			"rotation": {"angle": 0, "axis": "y", "origin": [2.471, 1.68625, 11.686]},
			"faces": {
				"north": {"uv": [8, 12, 8.25, 12.25], "texture": "#0"},
				"east": {"uv": [12, 8, 12.25, 8.25], "texture": "#0"},
				"south": {"uv": [8.25, 12, 8.5, 12.25], "texture": "#0"},
				"west": {"uv": [12, 8.25, 12.25, 8.5], "texture": "#0"},
				"up": {"uv": [8.75, 12.25, 8.5, 12], "texture": "#0"},
				"down": {"uv": [12.25, 8.5, 12, 8.75], "texture": "#0"}
			}
		},
		{
			"from": [3.3925, 1.68625, 10.7645],
			"to": [4.314, 2.60775, 11.686],
			"rotation": {"angle": 0, "axis": "y", "origin": [1.5495, 1.68625, 10.7645]},
			"faces": {
				"north": {"uv": [7.25, 12, 7.5, 12.25], "texture": "#0"},
				"east": {"uv": [12, 7.25, 12.25, 7.5], "texture": "#0"},
				"south": {"uv": [7.5, 12, 7.75, 12.25], "texture": "#0"},
				"west": {"uv": [12, 7.5, 12.25, 7.75], "texture": "#0"},
				"up": {"uv": [8, 12.25, 7.75, 12], "texture": "#0"},
				"down": {"uv": [12.25, 7.75, 12, 8], "texture": "#0"}
			}
		},
		{
			"from": [2.471, 1.68625, 5.2355],
			"to": [3.3925, 2.60775, 10.7645],
			"rotation": {"angle": 0, "axis": "y", "origin": [0.628, 1.68625, 5.2355]},
			"faces": {
				"north": {"uv": [7, 12, 7.25, 12.25], "texture": "#0"},
				"east": {"uv": [8.5, 2.25, 9.875, 2.5], "texture": "#0"},
				"south": {"uv": [12, 7, 12.25, 7.25], "texture": "#0"},
				"west": {"uv": [8.5, 2.5, 9.875, 2.75], "texture": "#0"},
				"up": {"uv": [4.25, 9.875, 4, 8.5], "texture": "#0"},
				"down": {"uv": [4.5, 8.5, 4.25, 9.875], "texture": "#0"}
			}
		},
		{
			"from": [10.7645, 1.68625, 11.686],
			"to": [11.686, 2.60775, 12.6075],
			"rotation": {"angle": 0, "axis": "y", "origin": [8.9215, 1.68625, 11.686]},
			"faces": {
				"north": {"uv": [6.25, 12, 6.5, 12.25], "texture": "#0"},
				"east": {"uv": [12, 6.25, 12.25, 6.5], "texture": "#0"},
				"south": {"uv": [6.5, 12, 6.75, 12.25], "texture": "#0"},
				"west": {"uv": [12, 6.5, 12.25, 6.75], "texture": "#0"},
				"up": {"uv": [7, 12.25, 6.75, 12], "texture": "#0"},
				"down": {"uv": [12.25, 6.75, 12, 7], "texture": "#0"}
			}
		},
		{
			"from": [11.686, 1.68625, 10.7645],
			"to": [12.6075, 2.60775, 11.686],
			"rotation": {"angle": 0, "axis": "y", "origin": [9.843, 1.68625, 10.7645]},
			"faces": {
				"north": {"uv": [5.5, 12, 5.75, 12.25], "texture": "#0"},
				"east": {"uv": [12, 5.5, 12.25, 5.75], "texture": "#0"},
				"south": {"uv": [5.75, 12, 6, 12.25], "texture": "#0"},
				"west": {"uv": [12, 5.75, 12.25, 6], "texture": "#0"},
				"up": {"uv": [6.25, 12.25, 6, 12], "texture": "#0"},
				"down": {"uv": [12.25, 6, 12, 6.25], "texture": "#0"}
			}
		},
		{
			"from": [12.6075, 1.68625, 5.2355],
			"to": [13.529, 2.60775, 10.7645],
			"rotation": {"angle": 0, "axis": "y", "origin": [10.7645, 1.68625, 5.2355]},
			"faces": {
				"north": {"uv": [5.25, 12, 5.5, 12.25], "texture": "#0"},
				"east": {"uv": [8.5, 1.75, 9.875, 2], "texture": "#0"},
				"south": {"uv": [12, 5.25, 12.25, 5.5], "texture": "#0"},
				"west": {"uv": [8.5, 2, 9.875, 2.25], "texture": "#0"},
				"up": {"uv": [3.75, 9.875, 3.5, 8.5], "texture": "#0"},
				"down": {"uv": [4, 8.5, 3.75, 9.875], "texture": "#0"}
			}
		},
		{
			"from": [11.686, 1.68625, 4.314],
			"to": [12.6075, 2.60775, 5.2355],
			"rotation": {"angle": 0, "axis": "y", "origin": [9.843, 1.68625, 4.314]},
			"faces": {
				"north": {"uv": [4.5, 12, 4.75, 12.25], "texture": "#0"},
				"east": {"uv": [12, 4.5, 12.25, 4.75], "texture": "#0"},
				"south": {"uv": [4.75, 12, 5, 12.25], "texture": "#0"},
				"west": {"uv": [12, 4.75, 12.25, 5], "texture": "#0"},
				"up": {"uv": [5.25, 12.25, 5, 12], "texture": "#0"},
				"down": {"uv": [12.25, 5, 12, 5.25], "texture": "#0"}
			}
		},
		{
			"from": [10.7645, 1.68625, 3.3925],
			"to": [11.686, 2.60775, 4.314],
			"rotation": {"angle": 0, "axis": "y", "origin": [8.9215, 1.68625, 3.3925]},
			"faces": {
				"north": {"uv": [3.75, 12, 4, 12.25], "texture": "#0"},
				"east": {"uv": [12, 3.75, 12.25, 4], "texture": "#0"},
				"south": {"uv": [4, 12, 4.25, 12.25], "texture": "#0"},
				"west": {"uv": [12, 4, 12.25, 4.25], "texture": "#0"},
				"up": {"uv": [4.5, 12.25, 4.25, 12], "texture": "#0"},
				"down": {"uv": [12.25, 4.25, 12, 4.5], "texture": "#0"}
			}
		},
		{
			"from": [5.2355, 1.68625, 2.471],
			"to": [10.7645, 2.60775, 3.3925],
			"rotation": {"angle": 0, "axis": "y", "origin": [8, 1.68625, 2.471]},
			"faces": {
				"north": {"uv": [6.75, 8.25, 8.125, 8.5], "texture": "#0"},
				"east": {"uv": [3.5, 12, 3.75, 12.25], "texture": "#0"},
				"south": {"uv": [8.25, 8, 9.625, 8.25], "texture": "#0"},
				"west": {"uv": [12, 3.5, 12.25, 3.75], "texture": "#0"},
				"up": {"uv": [9.625, 8.5, 8.25, 8.25], "texture": "#0"},
				"down": {"uv": [2.875, 8.5, 1.5, 8.75], "texture": "#0"}
			}
		},
		{
			"from": [4.314, 1.68625, 3.3925],
			"to": [5.2355, 2.60775, 4.314],
			"rotation": {"angle": 0, "axis": "y", "origin": [2.471, 1.68625, 3.3925]},
			"faces": {
				"north": {"uv": [2.75, 12, 3, 12.25], "texture": "#0"},
				"east": {"uv": [12, 2.75, 12.25, 3], "texture": "#0"},
				"south": {"uv": [3, 12, 3.25, 12.25], "texture": "#0"},
				"west": {"uv": [12, 3, 12.25, 3.25], "texture": "#0"},
				"up": {"uv": [3.5, 12.25, 3.25, 12], "texture": "#0"},
				"down": {"uv": [12.25, 3.25, 12, 3.5], "texture": "#0"}
			}
		},
		{
			"from": [3.3925, 1.68625, 4.314],
			"to": [4.314, 2.60775, 5.2355],
			"rotation": {"angle": 0, "axis": "y", "origin": [1.5495, 1.68625, 4.314]},
			"faces": {
				"north": {"uv": [2, 12, 2.25, 12.25], "texture": "#0"},
				"east": {"uv": [12, 2, 12.25, 2.25], "texture": "#0"},
				"south": {"uv": [2.25, 12, 2.5, 12.25], "texture": "#0"},
				"west": {"uv": [12, 2.25, 12.25, 2.5], "texture": "#0"},
				"up": {"uv": [2.75, 12.25, 2.5, 12], "texture": "#0"},
				"down": {"uv": [12.25, 2.5, 12, 2.75], "texture": "#0"}
			}
		},
		{
			"from": [5.51195, 0.84262, 12.14675],
			"to": [10.48805, 1.67197, 12.9761],
			"rotation": {"angle": 0, "axis": "y", "origin": [8, 0.84262, 12.14675]},
			"faces": {
				"north": {"uv": [9, 5, 10.25, 5.25], "texture": "#0"},
				"east": {"uv": [12.25, 0.75, 12.5, 1], "texture": "#0"},
				"south": {"uv": [5.75, 9, 7, 9.25], "texture": "#0"},
				"west": {"uv": [1, 12.25, 1.25, 12.5], "texture": "#0"},
				"up": {"uv": [8.25, 9.25, 7, 9], "texture": "#0"},
				"down": {"uv": [9.5, 9, 8.25, 9.25], "texture": "#0"}
			}
		},
		{
			"from": [4.6826, 0.84262, 11.3174],
			"to": [5.51195, 1.67197, 12.14675],
			"rotation": {"angle": 0, "axis": "y", "origin": [3.0239, 0.84262, 11.3174]},
			"faces": {
				"north": {"uv": [12.25, 0, 12.5, 0.25], "texture": "#0"},
				"east": {"uv": [0.25, 12.25, 0.5, 12.5], "texture": "#0"},
				"south": {"uv": [12.25, 0.25, 12.5, 0.5], "texture": "#0"},
				"west": {"uv": [0.5, 12.25, 0.75, 12.5], "texture": "#0"},
				"up": {"uv": [12.5, 0.75, 12.25, 0.5], "texture": "#0"},
				"down": {"uv": [1, 12.25, 0.75, 12.5], "texture": "#0"}
			}
		},
		{
			"from": [3.85325, 0.84262, 4.73805],
			"to": [4.9326, 1.67197, 11.3174],
			"rotation": {"angle": 0, "axis": "y", "origin": [2.19455, 0.84262, 10.48805]},
			"faces": {
				"north": {"uv": [12, 12, 12.25, 12.25], "texture": "#0"},
				"east": {"uv": [5.25, 2.75, 6.875, 3], "texture": "#0"},
				"south": {"uv": [0, 12.25, 0.25, 12.5], "texture": "#0"},
				"west": {"uv": [5.25, 3, 6.875, 3.25], "texture": "#0"},
				"up": {"uv": [3.5, 5.625, 3.25, 4], "texture": "#0"},
				"down": {"uv": [3.75, 5.25, 3.5, 6.875], "texture": "#0"}
			}
		},
		{
			"from": [3.0239, 0.84262, 5.51195],
			"to": [3.85325, 1.67197, 10.48805],
			"rotation": {"angle": 0, "axis": "y", "origin": [1.3652, 0.84262, 5.51195]},
			"faces": {
				"north": {"uv": [11.75, 12, 12, 12.25], "texture": "#0"},
				"east": {"uv": [9, 4.5, 10.25, 4.75], "texture": "#0"},
				"south": {"uv": [12, 11.75, 12.25, 12], "texture": "#0"},
				"west": {"uv": [9, 4.75, 10.25, 5], "texture": "#0"},
				"up": {"uv": [3.25, 10, 3, 8.75], "texture": "#0"},
				"down": {"uv": [3.5, 8.75, 3.25, 10], "texture": "#0"}
			}
		},
		{
			"from": [5.48805, 0.84262, 11.3174],
			"to": [11.3174, 1.67197, 12.14675],
			"rotation": {"angle": 0, "axis": "y", "origin": [8.82935, 0.84262, 11.3174]},
			"faces": {
				"north": {"uv": [7.25, 4, 8.75, 4.25], "texture": "#0"},
				"east": {"uv": [11.5, 12, 11.75, 12.25], "texture": "#0"},
				"south": {"uv": [4.25, 7.25, 5.75, 7.5], "texture": "#0"},
				"west": {"uv": [12, 11.5, 12.25, 11.75], "texture": "#0"},
				"up": {"uv": [8.75, 4.5, 7.25, 4.25], "texture": "#0"},
				"down": {"uv": [8.75, 5.25, 7.25, 5.5], "texture": "#0"}
			}
		},
		{
			"from": [4.8174, 0.84262, 4.23805],
			"to": [11.64675, 1.67197, 11.8174],
			"rotation": {"angle": 0, "axis": "y", "origin": [9.6587, 0.84262, 10.48805]},
			"faces": {
				"north": {"uv": [0.5, 5, 2.25, 5.25], "texture": "#0"},
				"east": {"uv": [4, 4.5, 5.875, 4.75], "texture": "#0"},
				"south": {"uv": [5.25, 0.25, 7, 0.5], "texture": "#0"},
				"west": {"uv": [4, 4.75, 5.875, 5], "texture": "#0"},
				"up": {"uv": [1.75, 1.875, 0, 0], "texture": "#0"},
				"down": {"uv": [3.5, 0, 1.75, 1.875], "texture": "#0"}
			}
		},
		{
			"from": [12.14675, 0.84262, 5.51195],
			"to": [12.9761, 1.67197, 10.48805],
			"rotation": {"angle": 0, "axis": "y", "origin": [10.48805, 0.84262, 5.51195]},
			"faces": {
				"north": {"uv": [11.25, 12, 11.5, 12.25], "texture": "#0"},
				"east": {"uv": [8.75, 8.75, 10, 9], "texture": "#0"},
				"south": {"uv": [12, 11.25, 12.25, 11.5], "texture": "#0"},
				"west": {"uv": [4.5, 9, 5.75, 9.25], "texture": "#0"},
				"up": {"uv": [2.75, 10, 2.5, 8.75], "texture": "#0"},
				"down": {"uv": [3, 8.75, 2.75, 10], "texture": "#0"}
			}
		},
		{
			"from": [11.3174, 0.84262, 4.6826],
			"to": [12.14675, 1.67197, 10.76195],
			"rotation": {"angle": 0, "axis": "y", "origin": [9.6587, 0.84262, 4.6826]},
			"faces": {
				"north": {"uv": [11, 12, 11.25, 12.25], "texture": "#0"},
				"east": {"uv": [7.25, 3.5, 8.75, 3.75], "texture": "#0"},
				"south": {"uv": [12, 11, 12.25, 11.25], "texture": "#0"},
				"west": {"uv": [7.25, 3.75, 8.75, 4], "texture": "#0"},
				"up": {"uv": [3, 8.5, 2.75, 7], "texture": "#0"},
				"down": {"uv": [3.75, 7, 3.5, 8.5], "texture": "#0"}
			}
		},
		{
			"from": [10.48805, 0.84262, 3.85325],
			"to": [11.3174, 1.67197, 4.6826],
			"rotation": {"angle": 0, "axis": "y", "origin": [8.82935, 0.84262, 3.85325]},
			"faces": {
				"north": {"uv": [10.25, 12, 10.5, 12.25], "texture": "#0"},
				"east": {"uv": [12, 10.25, 12.25, 10.5], "texture": "#0"},
				"south": {"uv": [10.5, 12, 10.75, 12.25], "texture": "#0"},
				"west": {"uv": [12, 10.5, 12.25, 10.75], "texture": "#0"},
				"up": {"uv": [11, 12.25, 10.75, 12], "texture": "#0"},
				"down": {"uv": [12.25, 10.75, 12, 11], "texture": "#0"}
			}
		},
		{
			"from": [5.51195, 0.84262, 3.0239],
			"to": [10.48805, 1.67197, 3.85325],
			"rotation": {"angle": 0, "axis": "y", "origin": [8, 0.84262, 3.0239]},
			"faces": {
				"north": {"uv": [8.75, 7.25, 10, 7.5], "texture": "#0"},
				"east": {"uv": [10, 12, 10.25, 12.25], "texture": "#0"},
				"south": {"uv": [7.5, 8.75, 8.75, 9], "texture": "#0"},
				"west": {"uv": [12, 10, 12.25, 10.25], "texture": "#0"},
				"up": {"uv": [10, 7.75, 8.75, 7.5], "texture": "#0"},
				"down": {"uv": [10, 7.75, 8.75, 8], "texture": "#0"}
			}
		},
		{
			"from": [4.6826, 0.84262, 3.85325],
			"to": [10.51195, 1.67197, 4.6826],
			"rotation": {"angle": 0, "axis": "y", "origin": [3.0239, 0.84262, 3.85325]},
			"faces": {
				"north": {"uv": [7.25, 0.75, 8.75, 1], "texture": "#0"},
				"east": {"uv": [9.75, 12, 10, 12.25], "texture": "#0"},
				"south": {"uv": [7.25, 1, 8.75, 1.25], "texture": "#0"},
				"west": {"uv": [12, 9.75, 12.25, 10], "texture": "#0"},
				"up": {"uv": [8.75, 1.5, 7.25, 1.25], "texture": "#0"},
				"down": {"uv": [8.75, 1.5, 7.25, 1.75], "texture": "#0"}
			}
		},
		{
			"from": [3.85325, 0.84262, 4.6826],
			"to": [4.6826, 1.67197, 5.51195],
			"rotation": {"angle": 0, "axis": "y", "origin": [2.19455, 0.84262, 4.6826]},
			"faces": {
				"north": {"uv": [9, 12, 9.25, 12.25], "texture": "#0"},
				"east": {"uv": [12, 9, 12.25, 9.25], "texture": "#0"},
				"south": {"uv": [9.25, 12, 9.5, 12.25], "texture": "#0"},
				"west": {"uv": [12, 9.25, 12.25, 9.5], "texture": "#0"},
				"up": {"uv": [9.75, 12.25, 9.5, 12], "texture": "#0"},
				"down": {"uv": [12.25, 9.5, 12, 9.75], "texture": "#0"}
			}
		},
		{
			"from": [10.91, 6.355, 11.88],
			"to": [11.88, 7.325, 12.85],
			"rotation": {"angle": 0, "axis": "z", "origin": [8.97, 7.325, 11.88]},
			"faces": {
				"north": {"uv": [12.25, 12.5, 12.5, 12.75], "texture": "#0"},
				"east": {"uv": [12.5, 12.25, 12.75, 12.5], "texture": "#0"},
				"south": {"uv": [12.5, 12.5, 12.75, 12.75], "texture": "#0"},
				"west": {"uv": [0, 12.75, 0.25, 13], "texture": "#0"},
				"up": {"uv": [13, 0.25, 12.75, 0], "texture": "#0"},
				"down": {"uv": [0.5, 12.75, 0.25, 13], "texture": "#0"}
			}
		},
		{
			"from": [11.88, 6.355, 10.91],
			"to": [12.85, 7.325, 11.88],
			"rotation": {"angle": 0, "axis": "z", "origin": [9.94, 7.325, 10.91]},
			"faces": {
				"north": {"uv": [11.5, 12.5, 11.75, 12.75], "texture": "#0"},
				"east": {"uv": [12.5, 11.5, 12.75, 11.75], "texture": "#0"},
				"south": {"uv": [11.75, 12.5, 12, 12.75], "texture": "#0"},
				"west": {"uv": [12.5, 11.75, 12.75, 12], "texture": "#0"},
				"up": {"uv": [12.25, 12.75, 12, 12.5], "texture": "#0"},
				"down": {"uv": [12.75, 12, 12.5, 12.25], "texture": "#0"}
			}
		},
		{
			"from": [12.85, 6.355, 5.09],
			"to": [13.82, 7.325, 10.91],
			"rotation": {"angle": 0, "axis": "z", "origin": [10.91, 7.325, 5.09]},
			"faces": {
				"north": {"uv": [11.25, 12.5, 11.5, 12.75], "texture": "#0"},
				"east": {"uv": [5.25, 8.25, 6.75, 8.5], "texture": "#0"},
				"south": {"uv": [12.5, 11.25, 12.75, 11.5], "texture": "#0"},
				"west": {"uv": [8.25, 5.75, 9.75, 6], "texture": "#0"},
				"up": {"uv": [0.75, 9.5, 0.5, 8], "texture": "#0"},
				"down": {"uv": [1, 8, 0.75, 9.5], "texture": "#0"}
			}
		},
		{
			"from": [5.09, 6.355, 12.85],
			"to": [10.91, 7.325, 13.82],
			"rotation": {"angle": 0, "axis": "z", "origin": [8, 7.325, 12.85]},
			"faces": {
				"north": {"uv": [3.75, 8, 5.25, 8.25], "texture": "#0"},
				"east": {"uv": [11, 12.5, 11.25, 12.75], "texture": "#0"},
				"south": {"uv": [5.25, 8, 6.75, 8.25], "texture": "#0"},
				"west": {"uv": [12.5, 11, 12.75, 11.25], "texture": "#0"},
				"up": {"uv": [8.25, 8.25, 6.75, 8], "texture": "#0"},
				"down": {"uv": [5.25, 8.25, 3.75, 8.5], "texture": "#0"}
			}
		},
		{
			"from": [4.12, 6.355, 11.88],
			"to": [5.09, 7.325, 12.85],
			"rotation": {"angle": 0, "axis": "z", "origin": [2.18, 7.325, 11.88]},
			"faces": {
				"north": {"uv": [10.25, 12.5, 10.5, 12.75], "texture": "#0"},
				"east": {"uv": [12.5, 10.25, 12.75, 10.5], "texture": "#0"},
				"south": {"uv": [10.5, 12.5, 10.75, 12.75], "texture": "#0"},
				"west": {"uv": [12.5, 10.5, 12.75, 10.75], "texture": "#0"},
				"up": {"uv": [11, 12.75, 10.75, 12.5], "texture": "#0"},
				"down": {"uv": [12.75, 10.75, 12.5, 11], "texture": "#0"}
			}
		},
		{
			"from": [3.15, 6.355, 10.91],
			"to": [4.12, 7.325, 11.88],
			"rotation": {"angle": 0, "axis": "z", "origin": [1.21, 7.325, 10.91]},
			"faces": {
				"north": {"uv": [9.5, 12.5, 9.75, 12.75], "texture": "#0"},
				"east": {"uv": [12.5, 9.5, 12.75, 9.75], "texture": "#0"},
				"south": {"uv": [9.75, 12.5, 10, 12.75], "texture": "#0"},
				"west": {"uv": [12.5, 9.75, 12.75, 10], "texture": "#0"},
				"up": {"uv": [10.25, 12.75, 10, 12.5], "texture": "#0"},
				"down": {"uv": [12.75, 10, 12.5, 10.25], "texture": "#0"}
			}
		},
		{
			"from": [2.18, 6.355, 5.09],
			"to": [3.15, 7.325, 10.91],
			"rotation": {"angle": 0, "axis": "z", "origin": [0.24, 7.325, 5.09]},
			"faces": {
				"north": {"uv": [9.25, 12.5, 9.5, 12.75], "texture": "#0"},
				"east": {"uv": [5.75, 7.75, 7.25, 8], "texture": "#0"},
				"south": {"uv": [12.5, 9.25, 12.75, 9.5], "texture": "#0"},
				"west": {"uv": [7.25, 7.75, 8.75, 8], "texture": "#0"},
				"up": {"uv": [0.25, 9.5, 0, 8], "texture": "#0"},
				"down": {"uv": [0.5, 8, 0.25, 9.5], "texture": "#0"}
			}
		},
		{
			"from": [11.88, 6.355, 4.12],
			"to": [12.85, 7.325, 5.09],
			"rotation": {"angle": 0, "axis": "z", "origin": [9.94, 7.325, 4.12]},
			"faces": {
				"north": {"uv": [8.5, 12.5, 8.75, 12.75], "texture": "#0"},
				"east": {"uv": [12.5, 8.5, 12.75, 8.75], "texture": "#0"},
				"south": {"uv": [8.75, 12.5, 9, 12.75], "texture": "#0"},
				"west": {"uv": [12.5, 8.75, 12.75, 9], "texture": "#0"},
				"up": {"uv": [9.25, 12.75, 9, 12.5], "texture": "#0"},
				"down": {"uv": [12.75, 9, 12.5, 9.25], "texture": "#0"}
			}
		},
		{
			"from": [3.15, 6.355, 4.12],
			"to": [4.12, 7.325, 5.09],
			"rotation": {"angle": 0, "axis": "z", "origin": [1.21, 7.325, 4.12]},
			"faces": {
				"north": {"uv": [7.75, 12.5, 8, 12.75], "texture": "#0"},
				"east": {"uv": [12.5, 7.75, 12.75, 8], "texture": "#0"},
				"south": {"uv": [8, 12.5, 8.25, 12.75], "texture": "#0"},
				"west": {"uv": [12.5, 8, 12.75, 8.25], "texture": "#0"},
				"up": {"uv": [8.5, 12.75, 8.25, 12.5], "texture": "#0"},
				"down": {"uv": [12.75, 8.25, 12.5, 8.5], "texture": "#0"}
			}
		},
		{
			"from": [10.91, 6.355, 3.15],
			"to": [11.88, 7.325, 4.12],
			"rotation": {"angle": 0, "axis": "z", "origin": [8.97, 7.325, 3.15]},
			"faces": {
				"north": {"uv": [7, 12.5, 7.25, 12.75], "texture": "#0"},
				"east": {"uv": [12.5, 7, 12.75, 7.25], "texture": "#0"},
				"south": {"uv": [7.25, 12.5, 7.5, 12.75], "texture": "#0"},
				"west": {"uv": [12.5, 7.25, 12.75, 7.5], "texture": "#0"},
				"up": {"uv": [7.75, 12.75, 7.5, 12.5], "texture": "#0"},
				"down": {"uv": [12.75, 7.5, 12.5, 7.75], "texture": "#0"}
			}
		},
		{
			"from": [4.12, 6.355, 3.15],
			"to": [5.09, 7.325, 4.12],
			"rotation": {"angle": 0, "axis": "z", "origin": [2.18, 7.325, 3.15]},
			"faces": {
				"north": {"uv": [6.25, 12.5, 6.5, 12.75], "texture": "#0"},
				"east": {"uv": [12.5, 6.25, 12.75, 6.5], "texture": "#0"},
				"south": {"uv": [6.5, 12.5, 6.75, 12.75], "texture": "#0"},
				"west": {"uv": [12.5, 6.5, 12.75, 6.75], "texture": "#0"},
				"up": {"uv": [7, 12.75, 6.75, 12.5], "texture": "#0"},
				"down": {"uv": [12.75, 6.75, 12.5, 7], "texture": "#0"}
			}
		},
		{
			"from": [5.09, 6.355, 2.18],
			"to": [10.91, 7.325, 3.15],
			"rotation": {"angle": 0, "axis": "z", "origin": [8, 7.325, 2.18]},
			"faces": {
				"north": {"uv": [5.75, 7.5, 7.25, 7.75], "texture": "#0"},
				"east": {"uv": [6, 12.5, 6.25, 12.75], "texture": "#0"},
				"south": {"uv": [7.25, 7.5, 8.75, 7.75], "texture": "#0"},
				"west": {"uv": [12.5, 6, 12.75, 6.25], "texture": "#0"},
				"up": {"uv": [1.5, 8, 0, 7.75], "texture": "#0"},
				"down": {"uv": [5.75, 7.75, 4.25, 8], "texture": "#0"}
			}
		},
		{
			"from": [3.3925, 7.39225, 4.314],
			"to": [4.314, 8.31375, 5.2355],
			"rotation": {"angle": 0, "axis": "z", "origin": [1.5495, 8.31375, 4.314]},
			"faces": {
				"north": {"uv": [5.25, 12.5, 5.5, 12.75], "texture": "#0"},
				"east": {"uv": [12.5, 5.25, 12.75, 5.5], "texture": "#0"},
				"south": {"uv": [5.5, 12.5, 5.75, 12.75], "texture": "#0"},
				"west": {"uv": [12.5, 5.5, 12.75, 5.75], "texture": "#0"},
				"up": {"uv": [6, 12.75, 5.75, 12.5], "texture": "#0"},
				"down": {"uv": [12.75, 5.75, 12.5, 6], "texture": "#0"}
			}
		},
		{
			"from": [4.314, 7.39225, 3.3925],
			"to": [5.2355, 8.31375, 4.314],
			"rotation": {"angle": 0, "axis": "z", "origin": [2.471, 8.31375, 3.3925]},
			"faces": {
				"north": {"uv": [4.5, 12.5, 4.75, 12.75], "texture": "#0"},
				"east": {"uv": [12.5, 4.5, 12.75, 4.75], "texture": "#0"},
				"south": {"uv": [4.75, 12.5, 5, 12.75], "texture": "#0"},
				"west": {"uv": [12.5, 4.75, 12.75, 5], "texture": "#0"},
				"up": {"uv": [5.25, 12.75, 5, 12.5], "texture": "#0"},
				"down": {"uv": [12.75, 5, 12.5, 5.25], "texture": "#0"}
			}
		},
		{
			"from": [5.2355, 7.29225, 2.471],
			"to": [10.7645, 8.31375, 3.3925],
			"rotation": {"angle": 0, "axis": "z", "origin": [8, 8.31375, 2.471]},
			"faces": {
				"north": {"uv": [8.75, 1.25, 10.125, 1.5], "texture": "#0"},
				"east": {"uv": [4.25, 12.5, 4.5, 12.75], "texture": "#0"},
				"south": {"uv": [8.75, 1.5, 10.125, 1.75], "texture": "#0"},
				"west": {"uv": [12.5, 4.25, 12.75, 4.5], "texture": "#0"},
				"up": {"uv": [10.125, 3.75, 8.75, 3.5], "texture": "#0"},
				"down": {"uv": [10.125, 3.75, 8.75, 4], "texture": "#0"}
			}
		},
		{
			"from": [10.7645, 7.29225, 3.3925],
			"to": [11.686, 8.31375, 4.314],
			"rotation": {"angle": 0, "axis": "z", "origin": [8.9215, 8.31375, 3.3925]},
			"faces": {
				"north": {"uv": [3.5, 12.5, 3.75, 12.75], "texture": "#0"},
				"east": {"uv": [12.5, 3.5, 12.75, 3.75], "texture": "#0"},
				"south": {"uv": [3.75, 12.5, 4, 12.75], "texture": "#0"},
				"west": {"uv": [12.5, 3.75, 12.75, 4], "texture": "#0"},
				"up": {"uv": [4.25, 12.75, 4, 12.5], "texture": "#0"},
				"down": {"uv": [12.75, 4, 12.5, 4.25], "texture": "#0"}
			}
		},
		{
			"from": [11.686, 7.29225, 4.314],
			"to": [12.6075, 8.31375, 5.2355],
			"rotation": {"angle": 0, "axis": "z", "origin": [9.843, 8.31375, 4.314]},
			"faces": {
				"north": {"uv": [2.75, 12.5, 3, 12.75], "texture": "#0"},
				"east": {"uv": [12.5, 2.75, 12.75, 3], "texture": "#0"},
				"south": {"uv": [3, 12.5, 3.25, 12.75], "texture": "#0"},
				"west": {"uv": [12.5, 3, 12.75, 3.25], "texture": "#0"},
				"up": {"uv": [3.5, 12.75, 3.25, 12.5], "texture": "#0"},
				"down": {"uv": [12.75, 3.25, 12.5, 3.5], "texture": "#0"}
			}
		},
		{
			"from": [12.6075, 7.29225, 5.2355],
			"to": [13.529, 8.31375, 10.7645],
			"rotation": {"angle": 0, "axis": "z", "origin": [10.7645, 8.31375, 5.2355]},
			"faces": {
				"north": {"uv": [2.5, 12.5, 2.75, 12.75], "texture": "#0"},
				"east": {"uv": [8.75, 0.75, 10.125, 1], "texture": "#0"},
				"south": {"uv": [12.5, 2.5, 12.75, 2.75], "texture": "#0"},
				"west": {"uv": [8.75, 1, 10.125, 1.25], "texture": "#0"},
				"up": {"uv": [2.25, 10.125, 2, 8.75], "texture": "#0"},
				"down": {"uv": [2.5, 8.75, 2.25, 10.125], "texture": "#0"}
			}
		},
		{
			"from": [11.686, 7.29225, 10.7645],
			"to": [12.6075, 8.31375, 11.686],
			"rotation": {"angle": 0, "axis": "z", "origin": [9.843, 8.31375, 10.7645]},
			"faces": {
				"north": {"uv": [1.75, 12.5, 2, 12.75], "texture": "#0"},
				"east": {"uv": [12.5, 1.75, 12.75, 2], "texture": "#0"},
				"south": {"uv": [2, 12.5, 2.25, 12.75], "texture": "#0"},
				"west": {"uv": [12.5, 2, 12.75, 2.25], "texture": "#0"},
				"up": {"uv": [2.5, 12.75, 2.25, 12.5], "texture": "#0"},
				"down": {"uv": [12.75, 2.25, 12.5, 2.5], "texture": "#0"}
			}
		},
		{
			"from": [10.7645, 7.29225, 11.686],
			"to": [11.686, 8.31375, 12.6075],
			"rotation": {"angle": 0, "axis": "z", "origin": [8.9215, 8.31375, 11.686]},
			"faces": {
				"north": {"uv": [1, 12.5, 1.25, 12.75], "texture": "#0"},
				"east": {"uv": [12.5, 1, 12.75, 1.25], "texture": "#0"},
				"south": {"uv": [1.25, 12.5, 1.5, 12.75], "texture": "#0"},
				"west": {"uv": [12.5, 1.25, 12.75, 1.5], "texture": "#0"},
				"up": {"uv": [1.75, 12.75, 1.5, 12.5], "texture": "#0"},
				"down": {"uv": [12.75, 1.5, 12.5, 1.75], "texture": "#0"}
			}
		},
		{
			"from": [2.471, 7.29225, 5.2355],
			"to": [3.3925, 8.31375, 10.7645],
			"rotation": {"angle": 0, "axis": "z", "origin": [0.628, 8.31375, 5.2355]},
			"faces": {
				"north": {"uv": [0.75, 12.5, 1, 12.75], "texture": "#0"},
				"east": {"uv": [8.75, 0.25, 10.125, 0.5], "texture": "#0"},
				"south": {"uv": [12.5, 0.75, 12.75, 1], "texture": "#0"},
				"west": {"uv": [8.75, 0.5, 10.125, 0.75], "texture": "#0"},
				"up": {"uv": [1.75, 10.125, 1.5, 8.75], "texture": "#0"},
				"down": {"uv": [2, 8.75, 1.75, 10.125], "texture": "#0"}
			}
		},
		{
			"from": [3.3925, 7.29225, 10.7645],
			"to": [4.314, 8.31375, 11.686],
			"rotation": {"angle": 0, "axis": "z", "origin": [1.5495, 8.31375, 10.7645]},
			"faces": {
				"north": {"uv": [0, 12.5, 0.25, 12.75], "texture": "#0"},
				"east": {"uv": [12.5, 0, 12.75, 0.25], "texture": "#0"},
				"south": {"uv": [0.25, 12.5, 0.5, 12.75], "texture": "#0"},
				"west": {"uv": [12.5, 0.25, 12.75, 0.5], "texture": "#0"},
				"up": {"uv": [0.75, 12.75, 0.5, 12.5], "texture": "#0"},
				"down": {"uv": [12.75, 0.5, 12.5, 0.75], "texture": "#0"}
			}
		},
		{
			"from": [4.314, 7.29225, 11.686],
			"to": [5.2355, 8.31375, 12.6075],
			"rotation": {"angle": 0, "axis": "z", "origin": [2.471, 8.31375, 11.686]},
			"faces": {
				"north": {"uv": [12.25, 11.5, 12.5, 11.75], "texture": "#0"},
				"east": {"uv": [11.75, 12.25, 12, 12.5], "texture": "#0"},
				"south": {"uv": [12.25, 11.75, 12.5, 12], "texture": "#0"},
				"west": {"uv": [12, 12.25, 12.25, 12.5], "texture": "#0"},
				"up": {"uv": [12.5, 12.25, 12.25, 12], "texture": "#0"},
				"down": {"uv": [12.5, 12.25, 12.25, 12.5], "texture": "#0"}
			}
		},
		{
			"from": [5.2355, 7.29225, 12.6075],
			"to": [10.7645, 8.31375, 13.529],
			"rotation": {"angle": 0, "axis": "z", "origin": [8, 8.31375, 12.6075]},
			"faces": {
				"north": {"uv": [8.5, 5.5, 9.875, 5.75], "texture": "#0"},
				"east": {"uv": [12.25, 11.25, 12.5, 11.5], "texture": "#0"},
				"south": {"uv": [6, 8.5, 7.375, 8.75], "texture": "#0"},
				"west": {"uv": [11.5, 12.25, 11.75, 12.5], "texture": "#0"},
				"up": {"uv": [8.875, 8.75, 7.5, 8.5], "texture": "#0"},
				"down": {"uv": [10.125, 0, 8.75, 0.25], "texture": "#0"}
			}
		},
		{
			"from": [3.85325, 8.32803, 4.6826],
			"to": [4.6826, 9.15738, 5.51195],
			"rotation": {"angle": 0, "axis": "z", "origin": [2.19455, 9.15738, 4.6826]},
			"faces": {
				"north": {"uv": [12.25, 10.5, 12.5, 10.75], "texture": "#0"},
				"east": {"uv": [10.75, 12.25, 11, 12.5], "texture": "#0"},
				"south": {"uv": [12.25, 10.75, 12.5, 11], "texture": "#0"},
				"west": {"uv": [11, 12.25, 11.25, 12.5], "texture": "#0"},
				"up": {"uv": [12.5, 11.25, 12.25, 11], "texture": "#0"},
				"down": {"uv": [11.5, 12.25, 11.25, 12.5], "texture": "#0"}
			}
		},
		{
			"from": [4.6826, 8.32803, 3.85325],
			"to": [10.51195, 9.15738, 4.6826],
			"rotation": {"angle": 0, "axis": "z", "origin": [3.0239, 9.15738, 3.85325]},
			"faces": {
				"north": {"uv": [4.25, 7.5, 5.75, 7.75], "texture": "#0"},
				"east": {"uv": [12.25, 10.25, 12.5, 10.5], "texture": "#0"},
				"south": {"uv": [7.5, 4.5, 9, 4.75], "texture": "#0"},
				"west": {"uv": [10.5, 12.25, 10.75, 12.5], "texture": "#0"},
				"up": {"uv": [9, 5, 7.5, 4.75], "texture": "#0"},
				"down": {"uv": [9, 5, 7.5, 5.25], "texture": "#0"}
			}
		},
		{
			"from": [5.51195, 8.32803, 3.0239],
			"to": [10.48805, 9.15738, 3.85325],
			"rotation": {"angle": 0, "axis": "z", "origin": [8, 9.15738, 3.0239]},
			"faces": {
				"north": {"uv": [7.75, 9.5, 9, 9.75], "texture": "#0"},
				"east": {"uv": [12.25, 10, 12.5, 10.25], "texture": "#0"},
				"south": {"uv": [9, 9.5, 10.25, 9.75], "texture": "#0"},
				"west": {"uv": [10.25, 12.25, 10.5, 12.5], "texture": "#0"},
				"up": {"uv": [10.75, 9.25, 9.5, 9], "texture": "#0"},
				"down": {"uv": [10.75, 9.25, 9.5, 9.5], "texture": "#0"}
			}
		},
		{
			"from": [10.48805, 8.32803, 3.85325],
			"to": [11.3174, 9.15738, 4.6826],
			"rotation": {"angle": 0, "axis": "z", "origin": [8.82935, 9.15738, 3.85325]},
			"faces": {
				"north": {"uv": [12.25, 9.25, 12.5, 9.5], "texture": "#0"},
				"east": {"uv": [9.5, 12.25, 9.75, 12.5], "texture": "#0"},
				"south": {"uv": [12.25, 9.5, 12.5, 9.75], "texture": "#0"},
				"west": {"uv": [9.75, 12.25, 10, 12.5], "texture": "#0"},
				"up": {"uv": [12.5, 10, 12.25, 9.75], "texture": "#0"},
				"down": {"uv": [10.25, 12.25, 10, 12.5], "texture": "#0"}
			}
		},
		{
			"from": [11.3174, 8.32803, 4.6826],
			"to": [12.14675, 9.15738, 10.76195],
			"rotation": {"angle": 0, "axis": "z", "origin": [9.6587, 9.15738, 4.6826]},
			"faces": {
				"north": {"uv": [12.25, 9, 12.5, 9.25], "texture": "#0"},
				"east": {"uv": [7.25, 7.25, 8.75, 7.5], "texture": "#0"},
				"south": {"uv": [9.25, 12.25, 9.5, 12.5], "texture": "#0"},
				"west": {"uv": [0, 7.5, 1.5, 7.75], "texture": "#0"},
				"up": {"uv": [3.25, 8.75, 3, 7.25], "texture": "#0"},
				"down": {"uv": [3.5, 7.25, 3.25, 8.75], "texture": "#0"}
			}
		},
		{
			"from": [12.14675, 8.32803, 5.51195],
			"to": [12.9761, 9.15738, 10.48805],
			"rotation": {"angle": 0, "axis": "z", "origin": [10.48805, 9.15738, 5.51195]},
			"faces": {
				"north": {"uv": [12.25, 8.75, 12.5, 9], "texture": "#0"},
				"east": {"uv": [4.75, 9.5, 6, 9.75], "texture": "#0"},
				"south": {"uv": [9, 12.25, 9.25, 12.5], "texture": "#0"},
				"west": {"uv": [6, 9.5, 7.25, 9.75], "texture": "#0"},
				"up": {"uv": [7.5, 10.75, 7.25, 9.5], "texture": "#0"},
				"down": {"uv": [7.75, 9.5, 7.5, 10.75], "texture": "#0"}
			}
		},
		{
			"from": [4.8174, 8.32803, 4.23805],
			"to": [11.64675, 9.15738, 11.8174],
			"rotation": {"angle": 0, "axis": "z", "origin": [9.6587, 9.15738, 10.48805]},
			"faces": {
				"north": {"uv": [0.5, 5.25, 2.25, 5.5], "texture": "#0"},
				"east": {"uv": [4, 5, 5.875, 5.25], "texture": "#0"},
				"south": {"uv": [5.25, 0.5, 7, 0.75], "texture": "#0"},
				"west": {"uv": [5.25, 0, 7.125, 0.25], "texture": "#0"},
				"up": {"uv": [1.75, 3.875, 0, 2], "texture": "#0"},
				"down": {"uv": [3.5, 2, 1.75, 3.875], "texture": "#0"}
			}
		},
		{
			"from": [5.48805, 8.32803, 11.3174],
			"to": [11.3174, 9.15738, 12.14675],
			"rotation": {"angle": 0, "axis": "z", "origin": [8.82935, 9.15738, 11.3174]},
			"faces": {
				"north": {"uv": [5.75, 7.25, 7.25, 7.5], "texture": "#0"},
				"east": {"uv": [12.25, 8.5, 12.5, 8.75], "texture": "#0"},
				"south": {"uv": [7.25, 6.5, 8.75, 6.75], "texture": "#0"},
				"west": {"uv": [8.75, 12.25, 9, 12.5], "texture": "#0"},
				"up": {"uv": [8.75, 7, 7.25, 6.75], "texture": "#0"},
				"down": {"uv": [8.75, 7, 7.25, 7.25], "texture": "#0"}
			}
		},
		{
			"from": [3.0239, 8.32803, 5.51195],
			"to": [3.85325, 9.15738, 10.48805],
			"rotation": {"angle": 0, "axis": "z", "origin": [1.3652, 9.15738, 5.51195]},
			"faces": {
				"north": {"uv": [12.25, 8.25, 12.5, 8.5], "texture": "#0"},
				"east": {"uv": [8.25, 9.25, 9.5, 9.5], "texture": "#0"},
				"south": {"uv": [8.5, 12.25, 8.75, 12.5], "texture": "#0"},
				"west": {"uv": [0, 9.5, 1.25, 9.75], "texture": "#0"},
				"up": {"uv": [1.5, 10.75, 1.25, 9.5], "texture": "#0"},
				"down": {"uv": [4.75, 9.5, 4.5, 10.75], "texture": "#0"}
			}
		},
		{
			"from": [3.85325, 8.32803, 4.73805],
			"to": [4.9326, 9.15738, 11.3174],
			"rotation": {"angle": 0, "axis": "z", "origin": [2.19455, 9.15738, 10.48805]},
			"faces": {
				"north": {"uv": [12.25, 8, 12.5, 8.25], "texture": "#0"},
				"east": {"uv": [5.25, 3.25, 6.875, 3.5], "texture": "#0"},
				"south": {"uv": [8.25, 12.25, 8.5, 12.5], "texture": "#0"},
				"west": {"uv": [3.75, 5.25, 5.375, 5.5], "texture": "#0"},
				"up": {"uv": [0.75, 7.125, 0.5, 5.5], "texture": "#0"},
				"down": {"uv": [1, 5.5, 0.75, 7.125], "texture": "#0"}
			}
		},
		{
			"from": [4.6826, 8.32803, 11.3174],
			"to": [5.51195, 9.15738, 12.14675],
			"rotation": {"angle": 0, "axis": "z", "origin": [3.0239, 9.15738, 11.3174]},
			"faces": {
				"north": {"uv": [12.25, 7.25, 12.5, 7.5], "texture": "#0"},
				"east": {"uv": [7.5, 12.25, 7.75, 12.5], "texture": "#0"},
				"south": {"uv": [12.25, 7.5, 12.5, 7.75], "texture": "#0"},
				"west": {"uv": [7.75, 12.25, 8, 12.5], "texture": "#0"},
				"up": {"uv": [12.5, 8, 12.25, 7.75], "texture": "#0"},
				"down": {"uv": [8.25, 12.25, 8, 12.5], "texture": "#0"}
			}
		},
		{
			"from": [5.51195, 8.32803, 12.14675],
			"to": [10.48805, 9.15738, 12.9761],
			"rotation": {"angle": 0, "axis": "z", "origin": [8, 9.15738, 12.14675]},
			"faces": {
				"north": {"uv": [9, 8.5, 10.25, 8.75], "texture": "#0"},
				"east": {"uv": [12.25, 7, 12.5, 7.25], "texture": "#0"},
				"south": {"uv": [4.5, 9.25, 5.75, 9.5], "texture": "#0"},
				"west": {"uv": [7.25, 12.25, 7.5, 12.5], "texture": "#0"},
				"up": {"uv": [7, 9.5, 5.75, 9.25], "texture": "#0"},
				"down": {"uv": [8.25, 9.25, 7, 9.5], "texture": "#0"}
			}
		},
		{
			"from": [5.63635, 8.62412, 11.93941],
			"to": [10.36365, 9.41201, 12.72729],
			"rotation": {"angle": 0, "axis": "z", "origin": [8, 9.41201, 11.93941]},
			"faces": {
				"north": {"uv": [9, 9.75, 10.125, 10], "texture": "#0"},
				"east": {"uv": [12.75, 4.25, 13, 4.5], "texture": "#0"},
				"south": {"uv": [0, 10, 1.125, 10.25], "texture": "#0"},
				"west": {"uv": [4.5, 12.75, 4.75, 13], "texture": "#0"},
				"up": {"uv": [11.125, 2, 10, 1.75], "texture": "#0"},
				"down": {"uv": [11.125, 2, 10, 2.25], "texture": "#0"}
			}
		},
		{
			"from": [5.61365, 8.62412, 11.15153],
			"to": [11.15153, 9.41201, 11.93941],
			"rotation": {"angle": 0, "axis": "z", "origin": [8.78788, 9.41201, 11.15153]},
			"faces": {
				"north": {"uv": [6, 8.75, 7.375, 9], "texture": "#0"},
				"east": {"uv": [12.75, 4, 13, 4.25], "texture": "#0"},
				"south": {"uv": [8.75, 6.5, 10.125, 6.75], "texture": "#0"},
				"west": {"uv": [4.25, 12.75, 4.5, 13], "texture": "#0"},
				"up": {"uv": [10.125, 7, 8.75, 6.75], "texture": "#0"},
				"down": {"uv": [10.125, 7, 8.75, 7.25], "texture": "#0"}
			}
		},
		{
			"from": [4.97653, 8.62412, 4.42615],
			"to": [11.46441, 9.41201, 11.62653],
			"rotation": {"angle": 0, "axis": "z", "origin": [9.57577, 9.41201, 10.36365]},
			"faces": {
				"north": {"uv": [5.5, 4.25, 7.125, 4.5], "texture": "#0"},
				"east": {"uv": [5.25, 0.75, 7, 1], "texture": "#0"},
				"south": {"uv": [5.5, 5.25, 7.125, 5.5], "texture": "#0"},
				"west": {"uv": [5.25, 1, 7, 1.25], "texture": "#0"},
				"up": {"uv": [5.125, 1.75, 3.5, 0], "texture": "#0"},
				"down": {"uv": [5.125, 1.75, 3.5, 3.5], "texture": "#0"}
			}
		},
		{
			"from": [11.15153, 8.62412, 4.84847],
			"to": [11.93941, 9.41201, 10.62385],
			"rotation": {"angle": 0, "axis": "z", "origin": [9.57577, 9.41201, 4.84847]},
			"faces": {
				"north": {"uv": [12.75, 3.75, 13, 4], "texture": "#0"},
				"east": {"uv": [8.25, 6, 9.75, 6.25], "texture": "#0"},
				"south": {"uv": [4, 12.75, 4.25, 13], "texture": "#0"},
				"west": {"uv": [8.25, 6.25, 9.75, 6.5], "texture": "#0"},
				"up": {"uv": [1.25, 9.5, 1, 8], "texture": "#0"},
				"down": {"uv": [1.5, 8, 1.25, 9.5], "texture": "#0"}
			}
		},
		{
			"from": [11.93941, 8.62412, 5.63635],
			"to": [12.72729, 9.41201, 10.36365],
			"rotation": {"angle": 0, "axis": "z", "origin": [10.36365, 9.41201, 5.63635]},
			"faces": {
				"north": {"uv": [12.75, 3.5, 13, 3.75], "texture": "#0"},
				"east": {"uv": [9.75, 8, 10.875, 8.25], "texture": "#0"},
				"south": {"uv": [3.75, 12.75, 4, 13], "texture": "#0"},
				"west": {"uv": [9.75, 8.25, 10.875, 8.5], "texture": "#0"},
				"up": {"uv": [6.75, 10.875, 6.5, 9.75], "texture": "#0"},
				"down": {"uv": [7, 9.75, 6.75, 10.875], "texture": "#0"}
			}
		},
		{
			"from": [5.63635, 8.62412, 3.27271],
			"to": [10.36365, 9.41201, 4.06059],
			"rotation": {"angle": 0, "axis": "z", "origin": [8, 9.41201, 3.27271]},
			"faces": {
				"north": {"uv": [9.75, 5.75, 10.875, 6], "texture": "#0"},
				"east": {"uv": [12.75, 3.25, 13, 3.5], "texture": "#0"},
				"south": {"uv": [9.75, 6, 10.875, 6.25], "texture": "#0"},
				"west": {"uv": [3.5, 12.75, 3.75, 13], "texture": "#0"},
				"up": {"uv": [10.875, 6.5, 9.75, 6.25], "texture": "#0"},
				"down": {"uv": [8.875, 9.75, 7.75, 10], "texture": "#0"}
			}
		},
		{
			"from": [10.36365, 8.62412, 4.06059],
			"to": [11.15153, 9.41201, 4.84847],
			"rotation": {"angle": 0, "axis": "z", "origin": [8.78788, 9.41201, 4.06059]},
			"faces": {
				"north": {"uv": [12.75, 2.5, 13, 2.75], "texture": "#0"},
				"east": {"uv": [2.75, 12.75, 3, 13], "texture": "#0"},
				"south": {"uv": [12.75, 2.75, 13, 3], "texture": "#0"},
				"west": {"uv": [3, 12.75, 3.25, 13], "texture": "#0"},
				"up": {"uv": [13, 3.25, 12.75, 3], "texture": "#0"},
				"down": {"uv": [3.5, 12.75, 3.25, 13], "texture": "#0"}
			}
		},
		{
			"from": [4.84847, 8.62412, 4.06059],
			"to": [10.38635, 9.41201, 4.84847],
			"rotation": {"angle": 0, "axis": "z", "origin": [3.27271, 9.41201, 4.06059]},
			"faces": {
				"north": {"uv": [8.75, 4, 10.125, 4.25], "texture": "#0"},
				"east": {"uv": [12.75, 2.25, 13, 2.5], "texture": "#0"},
				"south": {"uv": [8.75, 4.25, 10.125, 4.5], "texture": "#0"},
				"west": {"uv": [2.5, 12.75, 2.75, 13], "texture": "#0"},
				"up": {"uv": [5.875, 9, 4.5, 8.75], "texture": "#0"},
				"down": {"uv": [10.125, 5.25, 8.75, 5.5], "texture": "#0"}
			}
		},
		{
			"from": [4.06059, 8.62412, 4.90115],
			"to": [5.08597, 9.41201, 11.15153],
			"rotation": {"angle": 0, "axis": "z", "origin": [2.48482, 9.41201, 10.36365]},
			"faces": {
				"north": {"uv": [12.75, 2, 13, 2.25], "texture": "#0"},
				"east": {"uv": [3.75, 5.5, 5.375, 5.75], "texture": "#0"},
				"south": {"uv": [2.25, 12.75, 2.5, 13], "texture": "#0"},
				"west": {"uv": [5.5, 4, 7.125, 4.25], "texture": "#0"},
				"up": {"uv": [1.25, 7.125, 1, 5.5], "texture": "#0"},
				"down": {"uv": [1.5, 5.5, 1.25, 7.125], "texture": "#0"}
			}
		},
		{
			"from": [3.27271, 8.62412, 5.63635],
			"to": [4.06059, 9.41201, 10.36365],
			"rotation": {"angle": 0, "axis": "z", "origin": [1.69694, 9.41201, 5.63635]},
			"faces": {
				"north": {"uv": [12.75, 1.75, 13, 2], "texture": "#0"},
				"east": {"uv": [0, 9.75, 1.125, 10], "texture": "#0"},
				"south": {"uv": [2, 12.75, 2.25, 13], "texture": "#0"},
				"west": {"uv": [4.75, 9.75, 5.875, 10], "texture": "#0"},
				"up": {"uv": [6.25, 10.875, 6, 9.75], "texture": "#0"},
				"down": {"uv": [6.5, 9.75, 6.25, 10.875], "texture": "#0"}
			}
		},
		{
			"from": [4.06059, 8.62412, 4.84847],
			"to": [4.84847, 9.41201, 5.63635],
			"rotation": {"angle": 0, "axis": "z", "origin": [2.48482, 9.41201, 4.84847]},
			"faces": {
				"north": {"uv": [12.75, 1, 13, 1.25], "texture": "#0"},
				"east": {"uv": [1.25, 12.75, 1.5, 13], "texture": "#0"},
				"south": {"uv": [12.75, 1.25, 13, 1.5], "texture": "#0"},
				"west": {"uv": [1.5, 12.75, 1.75, 13], "texture": "#0"},
				"up": {"uv": [13, 1.75, 12.75, 1.5], "texture": "#0"},
				"down": {"uv": [2, 12.75, 1.75, 13], "texture": "#0"}
			}
		},
		{
			"from": [4.84847, 8.62412, 11.15153],
			"to": [5.63635, 9.41201, 11.93941],
			"rotation": {"angle": 0, "axis": "z", "origin": [3.27271, 9.41201, 11.15153]},
			"faces": {
				"north": {"uv": [12.75, 0.25, 13, 0.5], "texture": "#0"},
				"east": {"uv": [0.5, 12.75, 0.75, 13], "texture": "#0"},
				"south": {"uv": [12.75, 0.5, 13, 0.75], "texture": "#0"},
				"west": {"uv": [0.75, 12.75, 1, 13], "texture": "#0"},
				"up": {"uv": [13, 1, 12.75, 0.75], "texture": "#0"},
				"down": {"uv": [1.25, 12.75, 1, 13], "texture": "#0"}
			}
		},
		{
			"from": [10.91, 5.605, 3.9],
			"to": [11.88, 8.325, 4.87],
			"rotation": {"angle": 0, "axis": "z", "origin": [8.97, 8.325, 3.9]},
			"faces": {
				"north": {"uv": [11, 4.5, 11.25, 5.125], "texture": "#0"},
				"east": {"uv": [4.75, 11, 5, 11.625], "texture": "#0"},
				"south": {"uv": [5, 11, 5.25, 11.625], "texture": "#0"},
				"west": {"uv": [5.25, 11, 5.5, 11.625], "texture": "#0"},
				"up": {"uv": [12.5, 7, 12.25, 6.75], "texture": "#0"},
				"down": {"uv": [7.25, 12.25, 7, 12.5], "texture": "#0"}
			}
		},
		{
			"from": [11.91, 5.855, 5.15],
			"to": [12.88, 8.325, 6.12],
			"rotation": {"angle": 0, "axis": "z", "origin": [9.97, 8.325, 5.15]},
			"faces": {
				"north": {"uv": [2.25, 11, 2.5, 11.625], "texture": "#0"},
				"east": {"uv": [11, 2.25, 11.25, 2.875], "texture": "#0"},
				"south": {"uv": [11, 3, 11.25, 3.625], "texture": "#0"},
				"west": {"uv": [11, 3.75, 11.25, 4.375], "texture": "#0"},
				"up": {"uv": [12.5, 6.75, 12.25, 6.5], "texture": "#0"},
				"down": {"uv": [7, 12.25, 6.75, 12.5], "texture": "#0"}
			}
		},
		{
			"from": [10.16, 5.605, 3.15],
			"to": [11.13, 8.325, 4.12],
			"rotation": {"angle": 0, "axis": "z", "origin": [8.22, 8.325, 3.15]},
			"faces": {
				"north": {"uv": [1, 11, 1.25, 11.625], "texture": "#0"},
				"east": {"uv": [1.5, 11, 1.75, 11.625], "texture": "#0"},
				"south": {"uv": [1.75, 11, 2, 11.625], "texture": "#0"},
				"west": {"uv": [2, 11, 2.25, 11.625], "texture": "#0"},
				"up": {"uv": [12.5, 6.5, 12.25, 6.25], "texture": "#0"},
				"down": {"uv": [6.75, 12.25, 6.5, 12.5], "texture": "#0"}
			}
		},
		{
			"from": [3.06, 5.105, 9.9],
			"to": [4.03, 8.325, 11.12],
			"rotation": {"angle": 0, "axis": "z", "origin": [1.12, 8.325, 9.9]},
			"faces": {
				"north": {"uv": [10.75, 8.5, 11, 9.25], "texture": "#0"},
				"east": {"uv": [8.75, 10.75, 9, 11.5], "texture": "#0"},
				"south": {"uv": [9, 10.75, 9.25, 11.5], "texture": "#0"},
				"west": {"uv": [9.25, 10.75, 9.5, 11.5], "texture": "#0"},
				"up": {"uv": [12.5, 6.25, 12.25, 6], "texture": "#0"},
				"down": {"uv": [6.5, 12.25, 6.25, 12.5], "texture": "#0"}
			}
		},
		{
			"from": [9.91, 4.605, 11.9],
			"to": [11.13, 8.325, 12.87],
			"rotation": {"angle": 0, "axis": "z", "origin": [7.97, 8.325, 11.9]},
			"faces": {
				"north": {"uv": [5.5, 10, 5.75, 10.875], "texture": "#0"},
				"east": {"uv": [5.75, 10, 6, 10.875], "texture": "#0"},
				"south": {"uv": [7.75, 10, 8, 10.875], "texture": "#0"},
				"west": {"uv": [8, 10, 8.25, 10.875], "texture": "#0"},
				"up": {"uv": [12.5, 6, 12.25, 5.75], "texture": "#0"},
				"down": {"uv": [6.25, 12.25, 6, 12.5], "texture": "#0"}
			}
		},
		{
			"from": [11.16, 5.355, 10.65],
			"to": [12.13, 8.325, 11.87],
			"rotation": {"angle": 0, "axis": "z", "origin": [9.22, 8.325, 10.9]},
			"faces": {
				"north": {"uv": [10.75, 7.25, 11, 8], "texture": "#0"},
				"east": {"uv": [7.5, 10.75, 7.75, 11.5], "texture": "#0"},
				"south": {"uv": [8.25, 10.75, 8.5, 11.5], "texture": "#0"},
				"west": {"uv": [8.5, 10.75, 8.75, 11.5], "texture": "#0"},
				"up": {"uv": [12.5, 5.75, 12.25, 5.5], "texture": "#0"},
				"down": {"uv": [6, 12.25, 5.75, 12.5], "texture": "#0"}
			}
		},
		{
			"from": [11.91, 5.105, 9.9],
			"to": [12.88, 8.325, 11.12],
			"rotation": {"angle": 0, "axis": "z", "origin": [9.97, 8.325, 9.9]},
			"faces": {
				"north": {"uv": [10.75, 4.5, 11, 5.25], "texture": "#0"},
				"east": {"uv": [10.75, 6.5, 11, 7.25], "texture": "#0"},
				"south": {"uv": [7, 10.75, 7.25, 11.5], "texture": "#0"},
				"west": {"uv": [7.25, 10.75, 7.5, 11.5], "texture": "#0"},
				"up": {"uv": [12.5, 5.5, 12.25, 5.25], "texture": "#0"},
				"down": {"uv": [5.75, 12.25, 5.5, 12.5], "texture": "#0"}
			}
		},
		{
			"from": [4.81, 5.105, 11.9],
			"to": [5.78, 8.325, 13.12],
			"rotation": {"angle": 0, "axis": "z", "origin": [2.87, 8.325, 11.9]},
			"faces": {
				"north": {"uv": [10.75, 2.25, 11, 3], "texture": "#0"},
				"east": {"uv": [10.75, 3, 11, 3.75], "texture": "#0"},
				"south": {"uv": [10.75, 3.75, 11, 4.5], "texture": "#0"},
				"west": {"uv": [4.5, 10.75, 4.75, 11.5], "texture": "#0"},
				"up": {"uv": [12.5, 5.25, 12.25, 5], "texture": "#0"},
				"down": {"uv": [5.5, 12.25, 5.25, 12.5], "texture": "#0"}
			}
		},
		{
			"from": [4.06, 5.105, 10.9],
			"to": [5.03, 8.325, 12.12],
			"rotation": {"angle": 0, "axis": "z", "origin": [2.12, 8.325, 10.9]},
			"faces": {
				"north": {"uv": [10.5, 10.25, 10.75, 11], "texture": "#0"},
				"east": {"uv": [10.75, 0, 11, 0.75], "texture": "#0"},
				"south": {"uv": [10.75, 0.75, 11, 1.5], "texture": "#0"},
				"west": {"uv": [1.25, 10.75, 1.5, 11.5], "texture": "#0"},
				"up": {"uv": [12.5, 5, 12.25, 4.75], "texture": "#0"},
				"down": {"uv": [5.25, 12.25, 5, 12.5], "texture": "#0"}
			}
		},
		{
			"from": [4.06, 5.105, 3.9],
			"to": [5.03, 8.325, 5.12],
			"rotation": {"angle": 0, "axis": "z", "origin": [2.12, 8.325, 3.9]},
			"faces": {
				"north": {"uv": [10.5, 4.5, 10.75, 5.25], "texture": "#0"},
				"east": {"uv": [10.5, 6.5, 10.75, 7.25], "texture": "#0"},
				"south": {"uv": [10.5, 7.25, 10.75, 8], "texture": "#0"},
				"west": {"uv": [10.5, 9.5, 10.75, 10.25], "texture": "#0"},
				"up": {"uv": [12.5, 4.75, 12.25, 4.5], "texture": "#0"},
				"down": {"uv": [5, 12.25, 4.75, 12.5], "texture": "#0"}
			}
		},
		{
			"from": [3.06, 5.105, 4.9],
			"to": [4.03, 8.325, 6.12],
			"rotation": {"angle": 0, "axis": "z", "origin": [1.12, 8.325, 4.9]},
			"faces": {
				"north": {"uv": [3.75, 10.5, 4, 11.25], "texture": "#0"},
				"east": {"uv": [10.5, 3.75, 10.75, 4.5], "texture": "#0"},
				"south": {"uv": [4, 10.5, 4.25, 11.25], "texture": "#0"},
				"west": {"uv": [4.25, 10.5, 4.5, 11.25], "texture": "#0"},
				"up": {"uv": [12.5, 4.5, 12.25, 4.25], "texture": "#0"},
				"down": {"uv": [4.75, 12.25, 4.5, 12.5], "texture": "#0"}
			}
		},
		{
			"from": [4.81, 5.105, 2.9],
			"to": [5.78, 8.325, 4.12],
			"rotation": {"angle": 0, "axis": "z", "origin": [2.87, 8.325, 2.9]},
			"faces": {
				"north": {"uv": [3, 10.5, 3.25, 11.25], "texture": "#0"},
				"east": {"uv": [10.5, 3, 10.75, 3.75], "texture": "#0"},
				"south": {"uv": [3.25, 10.5, 3.5, 11.25], "texture": "#0"},
				"west": {"uv": [3.5, 10.5, 3.75, 11.25], "texture": "#0"},
				"up": {"uv": [12.5, 4.25, 12.25, 4], "texture": "#0"},
				"down": {"uv": [4.5, 12.25, 4.25, 12.5], "texture": "#0"}
			}
		},
		{
			"from": [7, 4, 1.5],
			"to": [9, 6, 3.5],
			"rotation": {"angle": 0, "axis": "y", "origin": [7, 4, 1.5]},
			"faces": {
				"north": {"uv": [10, 2.25, 10.5, 2.75], "texture": "#0"},
				"east": {"uv": [2.5, 10, 3, 10.5], "texture": "#0"},
				"south": {"uv": [10, 2.75, 10.5, 3.25], "texture": "#0"},
				"west": {"uv": [3, 10, 3.5, 10.5], "texture": "#0"},
				"up": {"uv": [4, 10.5, 3.5, 10], "texture": "#0"},
				"down": {"uv": [4.5, 10, 4, 10.5], "texture": "#0"}
			}
		}
	],
	"display": {
		"thirdperson_righthand": {
			"rotation": [42, 26, 0],
			"translation": [-0.5, 1, 1.75],
			"scale": [0.31, 0.39, 0.34]
		},
		"thirdperson_lefthand": {
			"rotation": [42, 26, 0],
			"translation": [-0.5, 1, 1.75],
			"scale": [0.31, 0.39, 0.34]
		},
		"firstperson_righthand": {
			"rotation": [0, 128, 0],
			"translation": [1, 6.75, 2],
			"scale": [0.59, 0.75, 0.67]
		},
		"firstperson_lefthand": {
			"rotation": [0, 128, 0],
			"translation": [1, 6.75, 2],
			"scale": [0.59, 0.75, 0.67]
		},
		"ground": {
			"translation": [0, 4.5, 0],
			"scale": [0.71, 0.75, 0.75]
		},
		"gui": {
			"rotation": [0, -177, 0],
			"translation": [0, 2.75, 0],
			"scale": [0.81, 0.93, 1]
		},
		"head": {
			"translation": [0, 12.5, 0],
			"scale": [0.81, 0.9, 0.73]
		},
		"fixed": {
			"rotation": [-90, 0, 0],
			"translation": [-0.5, 0.25, -28.5],
			"scale": [4, 4, 4]
		}
	}
}