{
	"credit": "Made with Blockbench",
	"texture_size": [8, 8],
	"textures": {
		"0": "custom/duo/duolingo",
		"1": "custom/duo/fluegel",
		"2": "custom/duo/gruen",
		"3": "custom/duo/unten",
		"4": "custom/duo/pistole",
		"particle": "custom/duo/duolingo"
	},
	"elements": [
		{
			"from": [5.2, 0, 5],
			"to": [7.2, 1.6, 9],
			"rotation": {"angle": 22.5, "axis": "y", "origin": [5.2, 0, 7]},
			"faces": {
				"north": {"uv": [7, 7, 8, 8], "texture": "#0"},
				"east": {"uv": [5.5, 4, 7.5, 5], "texture": "#0"},
				"south": {"uv": [7.5, 4, 8.5, 5], "texture": "#0"},
				"west": {"uv": [5.5, 5, 7.5, 6], "texture": "#0"},
				"up": {"uv": [3, 8, 2, 6], "texture": "#0"},
				"down": {"uv": [4, 6, 3, 8], "texture": "#0"}
			}
		},
		{
			"from": [9.3, 0, 5],
			"to": [11.3, 1.6, 9],
			"rotation": {"angle": -22.5, "axis": "y", "origin": [11.3, 0, 7]},
			"faces": {
				"north": {"uv": [8, 7, 7, 8], "texture": "#0"},
				"east": {"uv": [7.5, 5, 5.5, 6], "texture": "#0"},
				"south": {"uv": [8.5, 4, 7.5, 5], "texture": "#0"},
				"west": {"uv": [7.5, 4, 5.5, 5], "texture": "#0"},
				"up": {"uv": [2, 8, 3, 6], "texture": "#0"},
				"down": {"uv": [3, 6, 4, 8], "texture": "#0"}
			}
		},
		{
			"from": [4.8, 1.8, 6],
			"to": [11.5, 9.4, 8.4],
			"rotation": {"angle": 0, "axis": "y", "origin": [9.5, 1.8, 7]},
			"faces": {
				"north": {"uv": [0, 0, 3.5, 4], "texture": "#0"},
				"east": {"uv": [0, 4, 1, 8], "texture": "#0"},
				"south": {"uv": [3.5, 0, 7, 4], "texture": "#0"},
				"west": {"uv": [1, 4, 2, 8], "texture": "#0"},
				"up": {"uv": [5.5, 5, 2, 4], "texture": "#0"},
				"down": {"uv": [5.5, 5, 2, 6], "texture": "#0"}
			}
		},
		{
			"from": [6.8, 3.8, 5.1],
			"to": [9.3, 5.4, 6],
			"rotation": {"angle": 0, "axis": "y", "origin": [10, 1.8, 4.6]},
			"faces": {
				"north": {"uv": [4, 7, 5.5, 8], "texture": "#0"},
				"east": {"uv": [7, 8, 7.5, 9], "texture": "#0"},
				"south": {"uv": [5.5, 7, 7, 8], "texture": "#0"},
				"west": {"uv": [8, 7, 8.5, 8], "texture": "#0"},
				"up": {"uv": [9.5, 2.5, 8, 2], "texture": "#0"},
				"down": {"uv": [9.5, 2.5, 8, 3], "texture": "#0"}
			}
		},
		{
			"from": [9.3, 9.2, 6.1],
			"to": [11.4, 10.4, 8.3],
			"rotation": {"angle": 0, "axis": "y", "origin": [9.5, 9.1, 7]},
			"faces": {
				"north": {"uv": [3, 8, 4, 8.5], "texture": "#0"},
				"east": {"uv": [8, 3, 9, 3.5], "texture": "#0"},
				"south": {"uv": [8, 3.5, 9, 4], "texture": "#0"},
				"west": {"uv": [4, 8, 5, 8.5], "texture": "#0"},
				"up": {"uv": [9, 1, 8, 0], "texture": "#0"},
				"down": {"uv": [2, 8, 1, 9], "texture": "#0"}
			}
		},
		{
			"from": [4.9, 9.2, 6.1],
			"to": [6.9, 10.4, 8.3],
			"rotation": {"angle": 0, "axis": "y", "origin": [5.7, 9.1, 7]},
			"faces": {
				"north": {"uv": [5, 8, 6, 8.5], "texture": "#0"},
				"east": {"uv": [6, 8, 7, 8.5], "texture": "#0"},
				"south": {"uv": [8, 6, 9, 6.5], "texture": "#0"},
				"west": {"uv": [8, 6.5, 9, 7], "texture": "#0"},
				"up": {"uv": [9, 2, 8, 1], "texture": "#0"},
				"down": {"uv": [3, 8, 2, 9], "texture": "#0"}
			}
		},
		{
			"from": [3.6, 3.4, 6],
			"to": [4.8, 7.2, 8],
			"rotation": {"angle": 22.5, "axis": "x", "origin": [2.8, 5.2, 6]},
			"faces": {
				"north": {"uv": [0, 8, 2, 16], "texture": "#1"},
				"east": {"uv": [0, 0, 4, 8], "texture": "#1"},
				"south": {"uv": [8, 0, 10, 8], "texture": "#1"},
				"west": {"uv": [4, 0, 8, 8], "texture": "#1"},
				"up": {"uv": [4, 12, 2, 8], "texture": "#1"},
				"down": {"uv": [6, 8, 4, 12], "texture": "#1"}
			}
		},
		{
			"from": [11.5, 3.4, 6],
			"to": [12.7, 7.2, 8],
			"rotation": {"angle": 22.5, "axis": "x", "origin": [13.5, 5.2, 6]},
			"faces": {
				"north": {"uv": [2, 8, 0, 16], "texture": "#1"},
				"east": {"uv": [8, 0, 4, 8], "texture": "#1"},
				"south": {"uv": [10, 0, 8, 8], "texture": "#1"},
				"west": {"uv": [4, 0, 0, 8], "texture": "#1"},
				"up": {"uv": [2, 12, 4, 8], "texture": "#1"},
				"down": {"uv": [4, 8, 6, 12], "texture": "#1"}
			}
		},
		{
			"from": [7.6, 8.9, 5.9],
			"to": [8.7, 9.5, 8.5],
			"rotation": {"angle": 0, "axis": "y", "origin": [7.1, 8.9, 6]},
			"faces": {
				"north": {"uv": [4, 4, 6, 5], "texture": "#2"},
				"east": {"uv": [4, 0, 9, 1], "texture": "#2"},
				"south": {"uv": [0, 6, 2, 7], "texture": "#2"},
				"west": {"uv": [4, 2, 9, 3], "texture": "#2"},
				"up": {"uv": [2, 5, 0, 0], "texture": "#2"},
				"down": {"uv": [4, 0, 2, 5], "texture": "#2"}
			}
		},
		{
			"from": [5.9, 1.5, 6.1],
			"to": [10.8, 1.8, 8.3],
			"rotation": {"angle": 0, "axis": "y", "origin": [7.5, -0.1, 6]},
			"faces": {
				"north": {"uv": [0, 8, 10, 9], "texture": "#3"},
				"east": {"uv": [10, 0, 14, 1], "texture": "#3"},
				"south": {"uv": [0, 10, 10, 11], "texture": "#3"},
				"west": {"uv": [10, 2, 14, 3], "texture": "#3"},
				"up": {"uv": [10, 4, 0, 0], "texture": "#3"},
				"down": {"uv": [10, 4, 0, 8], "texture": "#3"}
			}
		},
		{
			"from": [11.4, 3.3, 5.8],
			"to": [11.9, 4.7, 6.3],
			"rotation": {"angle": 22.5, "axis": "y", "origin": [10.5, 3, 4.6]},
			"faces": {
				"north": {"uv": [4, 4, 6, 8], "texture": "#4"},
				"east": {"uv": [6, 4, 8, 8], "texture": "#4"},
				"south": {"uv": [8, 0, 10, 4], "texture": "#4"},
				"west": {"uv": [4, 8, 6, 12], "texture": "#4"},
				"up": {"uv": [10, 6, 8, 4], "texture": "#4"},
				"down": {"uv": [8, 8, 6, 10], "texture": "#4"}
			}
		},
		{
			"from": [11.3, 4.3, 5.1],
			"to": [11.5, 4.7, 5.3],
			"rotation": {"angle": 22.5, "axis": "y", "origin": [10.3, 3, 3.9]},
			"faces": {
				"north": {"uv": [4, 4, 6, 8], "texture": "#4"},
				"east": {"uv": [6, 4, 8, 8], "texture": "#4"},
				"south": {"uv": [8, 0, 10, 4], "texture": "#4"},
				"west": {"uv": [4, 8, 6, 12], "texture": "#4"},
				"up": {"uv": [10, 6, 8, 4], "texture": "#4"},
				"down": {"uv": [8, 8, 6, 10], "texture": "#4"}
			}
		},
		{
			"from": [11.3, 4.6, 3.7],
			"to": [12, 5.4, 6.6],
			"rotation": {"angle": 22.5, "axis": "y", "origin": [10.5, 4.4, 4.6]},
			"faces": {
				"north": {"uv": [8, 6, 10, 8], "texture": "#4"},
				"east": {"uv": [0, 0, 7, 2], "texture": "#4"},
				"south": {"uv": [8, 8, 10, 10], "texture": "#4"},
				"west": {"uv": [0, 2, 7, 4], "texture": "#4"},
				"up": {"uv": [2, 11, 0, 4], "texture": "#4"},
				"down": {"uv": [4, 4, 2, 11], "texture": "#4"}
			}
		},
		{
			"from": [11.4, 5.4, 6.3],
			"to": [11.9, 5.5, 6.5],
			"rotation": {"angle": 22.5, "axis": "y", "origin": [10.5, 5.2, 4.6]},
			"faces": {
				"north": {"uv": [14, 14, 16, 16], "texture": "#4"},
				"east": {"uv": [9, 14, 16, 16], "texture": "#4"},
				"south": {"uv": [14, 14, 16, 16], "texture": "#4"},
				"west": {"uv": [9, 14, 16, 16], "texture": "#4"},
				"up": {"uv": [16, 16, 14, 9], "texture": "#4"},
				"down": {"uv": [4, 4, 2, 11], "texture": "#4"}
			}
		},
		{
			"from": [10.4, 5.4, 4],
			"to": [11, 5.5, 4.2],
			"rotation": {"angle": 22.5, "axis": "y", "origin": [9.6, 5.2, 2.3]},
			"faces": {
				"north": {"uv": [14, 14, 16, 16], "texture": "#4"},
				"east": {"uv": [9, 14, 16, 16], "texture": "#4"},
				"south": {"uv": [14, 14, 16, 16], "texture": "#4"},
				"west": {"uv": [9, 14, 16, 16], "texture": "#4"},
				"up": {"uv": [16, 16, 14, 9], "texture": "#4"},
				"down": {"uv": [4, 4, 2, 11], "texture": "#4"}
			}
		}
	],
	"display": {
		"thirdperson_righthand": {
			"rotation": [70, 0, 0],
			"translation": [0, 0.5, 4.5]
		},
		"thirdperson_lefthand": {
			"rotation": [70, 0, 0],
			"translation": [0, 0.5, 4.5]
		},
		"firstperson_righthand": {
			"rotation": [0, 82, 0],
			"translation": [0.5, 7.25, 5]
		},
		"firstperson_lefthand": {
			"rotation": [0, 82, 0],
			"translation": [0.5, 7.25, 5]
		},
		"ground": {
			"translation": [0, 4.25, 0]
		},
		"gui": {
			"rotation": [0, 148, 0],
			"translation": [0.75, 2.75, 0]
		},
		"head": {
			"translation": [0, 14, 1.25]
		},
		"fixed": {
			"rotation": [-90, 0, 0],
			"translation": [0, 0, -19.25],
			"scale": [2.43, 2.43, 2.43]
		}
	},
	"groups": [
		0,
		1,
		2,
		3,
		4,
		5,
		{
			"name": "group",
			"origin": [3, 5, 6],
			"color": 0,
			"children": [6]
		},
		{
			"name": "group",
			"origin": [3, 5, 6],
			"color": 0,
			"children": [7]
		},
		8,
		9,
		{
			"name": "group",
			"origin": [11, 5.2, 1.6],
			"color": 0,
			"children": [10, 11, 12, 13, 14]
		}
	]
}