{
	"credit": "Made with Blockbench",
	"textures": {
		"0": "custom/jonny/pipe",
		"1": "custom/jonny/pipe_blob",
		"particle": "custom/jonny/pipe"
	},
	"elements": [
		{
			"from": [7.75, 4.02935, 10.05626],
			"to": [9.25, 5.02935, 11.80626],
			"rotation": {"angle": -22.5, "axis": "x", "origin": [8, 4.91323, 9.17238]},
			"faces": {
				"north": {"uv": [7, 8, 8, 9], "texture": "#0"},
				"east": {"uv": [6, 8, 7, 9], "texture": "#0"},
				"south": {"uv": [9, 8, 10, 9], "texture": "#0"},
				"west": {"uv": [8, 8, 9, 9], "texture": "#0"},
				"up": {"uv": [8, 8, 7, 7], "texture": "#0"},
				"down": {"uv": [9, 7, 8, 8], "texture": "#0"}
			}
		},
		{
			"from": [7, 2, 5],
			"to": [10, 5, 8],
			"rotation": {"angle": 0, "axis": "y", "origin": [7, 2, 5]},
			"faces": {
				"north": {"uv": [3, 3, 6, 6], "texture": "#0"},
				"east": {"uv": [0, 3, 3, 6], "texture": "#0"},
				"south": {"uv": [9, 3, 12, 6], "texture": "#0"},
				"west": {"uv": [6, 3, 9, 6], "texture": "#0"},
				"up": {"uv": [6, 3, 3, 0], "texture": "#0"},
				"down": {"uv": [9, 0, 6, 3], "texture": "#0"}
			}
		},
		{
			"from": [7.75, 5.02845, 11.56133],
			"to": [9.25, 6.02845, 13.31133],
			"rotation": {"angle": 0, "axis": "y", "origin": [8, 5.91234, 10.67745]},
			"faces": {
				"north": {"uv": [11, 1, 12, 2], "texture": "#0"},
				"east": {"uv": [10, 1, 11, 2], "texture": "#0"},
				"south": {"uv": [13, 1, 14, 2], "texture": "#0"},
				"west": {"uv": [12, 1, 13, 2], "texture": "#0"},
				"up": {"uv": [12, 1, 11, 0], "texture": "#0"},
				"down": {"uv": [13, 0, 12, 1], "texture": "#0"}
			}
		},
		{
			"from": [7.75, 1.11612, 7.63388],
			"to": [9.25, 2.11612, 11.38388],
			"rotation": {"angle": -45, "axis": "x", "origin": [8, 2, 6.75]},
			"faces": {
				"north": {"uv": [3, 10, 4, 11], "texture": "#0"},
				"east": {"uv": [0, 10, 3, 11], "texture": "#0"},
				"south": {"uv": [7, 10, 8, 11], "texture": "#0"},
				"west": {"uv": [4, 10, 7, 11], "texture": "#0"},
				"up": {"uv": [4, 10, 3, 7], "texture": "#0"},
				"down": {"uv": [5, 7, 4, 10], "texture": "#0"}
			}
		},
		{
			"name": "bubbles",
			"from": [7.25, 5.25, 6.5],
			"to": [10.25, 8.5, 7],
			"rotation": {"angle": 0, "axis": "y", "origin": [8.25, 5.25, 6.5]},
			"faces": {
				"north": {"uv": [0, 0, 16, 16], "texture": "#1"},
				"east": {"uv": [4, 9, 5, 14], "texture": "#1"},
				"south": {"uv": [9, 9, 12, 14], "texture": "#1"},
				"west": {"uv": [3, 1, 0, 0], "texture": "#1"},
				"up": {"uv": [3, 1, 0, 0], "texture": "#1"},
				"down": {"uv": [3, 1, 0, 0], "texture": "#1"}
			}
		}
	],
	"display": {
		"head": {
			"rotation": [-15.6, -18.53, -5.09],
			"translation": [1.25, -4.25, -11],
			"scale": [0.91602, 0.91602, 0.91602]
		}
	},
	"groups": [
		{
			"name": "pipe",
			"origin": [8, 2, 6.75],
			"color": 0,
			"children": [0, 1, 2, 3]
		},
		{
			"name": "bubbles",
			"origin": [8.25, 5.25, 6.5],
			"color": 0,
			"children": [4]
		}
	]
}