{
	"credit": "Made with Blockbench",
	"texture_size": [64, 64],
	"textures": {
		"3": "custom/hut/farmerhutkopf",
		"particle": "custom/hut/farmerhutkopf"
	},
	"elements": [
		{
			"from": [5, 24, 2.5],
			"to": [11.75, 28.55, 9.5],
			"faces": {
				"north": {"uv": [3.5, 3.5, 5.1875, 4.625], "texture": "#3"},
				"east": {"uv": [0, 3.5, 1.75, 4.625], "texture": "#3"},
				"south": {"uv": [3.75, 0, 5.4375, 1.125], "texture": "#3"},
				"west": {"uv": [1.75, 3.5, 3.5, 4.625], "texture": "#3"},
				"up": {"uv": [3.6875, 1.75, 2, 0], "texture": "#3"},
				"down": {"uv": [3.6875, 1.75, 2, 3.5], "texture": "#3"}
			}
		},
		{
			"from": [8, 24, 9],
			"to": [10, 25, 9.75],
			"faces": {
				"north": {"uv": [3.75, 3.25, 4.25, 3.5], "texture": "#3"},
				"east": {"uv": [4.5, 5.25, 4.6875, 5.5], "texture": "#3"},
				"south": {"uv": [4.25, 3.25, 4.75, 3.5], "texture": "#3"},
				"west": {"uv": [5.5, 2.5, 5.6875, 2.75], "texture": "#3"},
				"up": {"uv": [7.75, 2.1875, 7.25, 2], "texture": "#3"},
				"down": {"uv": [5.75, 7.25, 5.25, 7.4375], "texture": "#3"}
			}
		},
		{
			"from": [10, 24, 9],
			"to": [12, 25, 9.75],
			"faces": {
				"north": {"uv": [4.75, 3.25, 5.25, 3.5], "texture": "#3"},
				"east": {"uv": [6, 1, 6.1875, 1.25], "texture": "#3"},
				"south": {"uv": [5, 2.5, 5.5, 2.75], "texture": "#3"},
				"west": {"uv": [6.25, 4.5, 6.4375, 4.75], "texture": "#3"},
				"up": {"uv": [6.25, 7.4375, 5.75, 7.25], "texture": "#3"},
				"down": {"uv": [7.5, 7.25, 7, 7.4375], "texture": "#3"}
			}
		},
		{
			"from": [4.75, 24, 9],
			"to": [6, 25, 9.75],
			"faces": {
				"north": {"uv": [7.5, 4.25, 7.8125, 4.5], "texture": "#3"},
				"east": {"uv": [6.75, 4.25, 6.9375, 4.5], "texture": "#3"},
				"south": {"uv": [7.5, 4.5, 7.8125, 4.75], "texture": "#3"},
				"west": {"uv": [2.5, 7.25, 2.6875, 7.5], "texture": "#3"},
				"up": {"uv": [0.3125, 7.9375, 0, 7.75], "texture": "#3"},
				"down": {"uv": [0.8125, 7.75, 0.5, 7.9375], "texture": "#3"}
			}
		},
		{
			"from": [4.75, 26, 9],
			"to": [6.25, 26.5, 9.75],
			"faces": {
				"north": {"uv": [7.75, 3.75, 8.125, 3.875], "texture": "#3"},
				"east": {"uv": [6.75, 8.5, 6.9375, 8.625], "texture": "#3"},
				"south": {"uv": [7.75, 4, 8.125, 4.125], "texture": "#3"},
				"west": {"uv": [8.5, 6.75, 8.6875, 6.875], "texture": "#3"},
				"up": {"uv": [7.875, 6.4375, 7.5, 6.25], "texture": "#3"},
				"down": {"uv": [6.875, 7.5, 6.5, 7.6875], "texture": "#3"}
			}
		},
		{
			"from": [10.5, 26, 9],
			"to": [12, 26.5, 9.75],
			"faces": {
				"north": {"uv": [4.25, 7.75, 4.625, 7.875], "texture": "#3"},
				"east": {"uv": [7, 8.5, 7.1875, 8.625], "texture": "#3"},
				"south": {"uv": [4.75, 7.75, 5.125, 7.875], "texture": "#3"},
				"west": {"uv": [8.5, 7, 8.6875, 7.125], "texture": "#3"},
				"up": {"uv": [7.875, 6.6875, 7.5, 6.5], "texture": "#3"},
				"down": {"uv": [7.875, 6.75, 7.5, 6.9375], "texture": "#3"}
			}
		},
		{
			"from": [6, 24, 9],
			"to": [8, 25, 9.75],
			"faces": {
				"north": {"uv": [5.25, 4.5, 5.75, 4.75], "texture": "#3"},
				"east": {"uv": [7.75, 4.75, 7.9375, 5], "texture": "#3"},
				"south": {"uv": [1.5, 6.75, 2, 7], "texture": "#3"},
				"west": {"uv": [7.75, 5, 7.9375, 5.25], "texture": "#3"},
				"up": {"uv": [8, 0.1875, 7.5, 0], "texture": "#3"},
				"down": {"uv": [8, 0.25, 7.5, 0.4375], "texture": "#3"}
			}
		},
		{
			"from": [4.75, 25, 9],
			"to": [6.75, 26, 9.75],
			"faces": {
				"north": {"uv": [6.75, 1.5, 7.25, 1.75], "texture": "#3"},
				"east": {"uv": [7.75, 5.25, 7.9375, 5.5], "texture": "#3"},
				"south": {"uv": [6.75, 1.75, 7.25, 2], "texture": "#3"},
				"west": {"uv": [7.75, 5.5, 7.9375, 5.75], "texture": "#3"},
				"up": {"uv": [8, 0.6875, 7.5, 0.5], "texture": "#3"},
				"down": {"uv": [8, 0.75, 7.5, 0.9375], "texture": "#3"}
			}
		},
		{
			"from": [10, 25, 9],
			"to": [12, 26, 9.75],
			"faces": {
				"north": {"uv": [2, 6.75, 2.5, 7], "texture": "#3"},
				"east": {"uv": [7.75, 5.75, 7.9375, 6], "texture": "#3"},
				"south": {"uv": [6.75, 2, 7.25, 2.25], "texture": "#3"},
				"west": {"uv": [7.75, 6, 7.9375, 6.25], "texture": "#3"},
				"up": {"uv": [2, 7.6875, 1.5, 7.5], "texture": "#3"},
				"down": {"uv": [2.5, 7.5, 2, 7.6875], "texture": "#3"}
			}
		},
		{
			"from": [4.75, 24, 7],
			"to": [5, 25.25, 9],
			"faces": {
				"north": {"uv": [7.25, 8.5, 7.3125, 8.8125], "texture": "#3"},
				"east": {"uv": [6, 0.5, 6.5, 0.8125], "texture": "#3"},
				"south": {"uv": [8.5, 7.25, 8.5625, 7.5625], "texture": "#3"},
				"west": {"uv": [6, 4.75, 6.5, 5.0625], "texture": "#3"},
				"up": {"uv": [3.5625, 9, 3.5, 8.5], "texture": "#3"},
				"down": {"uv": [3.8125, 8.5, 3.75, 9], "texture": "#3"}
			}
		},
		{
			"from": [4.75, 24, 5],
			"to": [5, 25.25, 7],
			"faces": {
				"north": {"uv": [7.5, 8.5, 7.5625, 8.8125], "texture": "#3"},
				"east": {"uv": [6, 5.25, 6.5, 5.5625], "texture": "#3"},
				"south": {"uv": [7.75, 8.5, 7.8125, 8.8125], "texture": "#3"},
				"west": {"uv": [6, 5.75, 6.5, 6.0625], "texture": "#3"},
				"up": {"uv": [4.0625, 9, 4, 8.5], "texture": "#3"},
				"down": {"uv": [4.3125, 8.5, 4.25, 9], "texture": "#3"}
			}
		},
		{
			"from": [11.75, 24, 5],
			"to": [12, 25.25, 7],
			"faces": {
				"north": {"uv": [8, 8.5, 8.0625, 8.8125], "texture": "#3"},
				"east": {"uv": [0, 6.25, 0.5, 6.5625], "texture": "#3"},
				"south": {"uv": [8.5, 8, 8.5625, 8.3125], "texture": "#3"},
				"west": {"uv": [0.5, 6.25, 1, 6.5625], "texture": "#3"},
				"up": {"uv": [8.5625, 4.75, 8.5, 4.25], "texture": "#3"},
				"down": {"uv": [4.5625, 8.5, 4.5, 9], "texture": "#3"}
			}
		},
		{
			"from": [11.75, 24, 7],
			"to": [12, 25.25, 9],
			"faces": {
				"north": {"uv": [8.25, 8.5, 8.3125, 8.8125], "texture": "#3"},
				"east": {"uv": [1, 6.25, 1.5, 6.5625], "texture": "#3"},
				"south": {"uv": [8.5, 8.5, 8.5625, 8.8125], "texture": "#3"},
				"west": {"uv": [6.25, 1, 6.75, 1.3125], "texture": "#3"},
				"up": {"uv": [4.8125, 9, 4.75, 8.5], "texture": "#3"},
				"down": {"uv": [8.5625, 4.75, 8.5, 5.25], "texture": "#3"}
			}
		},
		{
			"from": [4.75, 25.25, 5],
			"to": [5, 26, 7],
			"faces": {
				"north": {"uv": [0, 8.75, 0.0625, 8.9375], "texture": "#3"},
				"east": {"uv": [7.5, 2.25, 8, 2.4375], "texture": "#3"},
				"south": {"uv": [0.25, 8.75, 0.3125, 8.9375], "texture": "#3"},
				"west": {"uv": [2.5, 7.5, 3, 7.6875], "texture": "#3"},
				"up": {"uv": [5.0625, 9, 5, 8.5], "texture": "#3"},
				"down": {"uv": [5.3125, 8.5, 5.25, 9], "texture": "#3"}
			}
		},
		{
			"from": [11.75, 25.25, 5],
			"to": [12, 26, 7],
			"faces": {
				"north": {"uv": [0.5, 8.75, 0.5625, 8.9375], "texture": "#3"},
				"east": {"uv": [7.5, 2.5, 8, 2.6875], "texture": "#3"},
				"south": {"uv": [0.75, 8.75, 0.8125, 8.9375], "texture": "#3"},
				"west": {"uv": [3, 7.5, 3.5, 7.6875], "texture": "#3"},
				"up": {"uv": [8.5625, 5.75, 8.5, 5.25], "texture": "#3"},
				"down": {"uv": [5.5625, 8.5, 5.5, 9], "texture": "#3"}
			}
		},
		{
			"from": [6.25, 26.25, 9],
			"to": [7.5, 27.5, 9.75],
			"faces": {
				"north": {"uv": [2, 7, 2.3125, 7.3125], "texture": "#3"},
				"east": {"uv": [6, 7.5, 6.1875, 7.8125], "texture": "#3"},
				"south": {"uv": [7, 2.25, 7.3125, 2.5625], "texture": "#3"},
				"west": {"uv": [1, 7.75, 1.1875, 8.0625], "texture": "#3"},
				"up": {"uv": [8.0625, 1.1875, 7.75, 1], "texture": "#3"},
				"down": {"uv": [1.5625, 7.75, 1.25, 7.9375], "texture": "#3"}
			}
		},
		{
			"from": [9.25, 26.25, 9],
			"to": [10.5, 27.5, 9.75],
			"faces": {
				"north": {"uv": [2.75, 7, 3.0625, 7.3125], "texture": "#3"},
				"east": {"uv": [7.75, 1.25, 7.9375, 1.5625], "texture": "#3"},
				"south": {"uv": [3.25, 7, 3.5625, 7.3125], "texture": "#3"},
				"west": {"uv": [1.75, 7.75, 1.9375, 8.0625], "texture": "#3"},
				"up": {"uv": [8.0625, 1.9375, 7.75, 1.75], "texture": "#3"},
				"down": {"uv": [2.3125, 7.75, 2, 7.9375], "texture": "#3"}
			}
		},
		{
			"from": [6, 18.25, 5],
			"to": [10.75, 24, 7.75],
			"faces": {
				"north": {"uv": [3.75, 1.25, 4.9375, 2.6875], "texture": "#3"},
				"east": {"uv": [1.25, 4.75, 1.9375, 6.1875], "texture": "#3"},
				"south": {"uv": [0, 4.75, 1.1875, 6.1875], "texture": "#3"},
				"west": {"uv": [2, 4.75, 2.6875, 6.1875], "texture": "#3"},
				"up": {"uv": [5.9375, 5.4375, 4.75, 4.75], "texture": "#3"},
				"down": {"uv": [6.1875, 1.25, 5, 1.9375], "texture": "#3"}
			}
		},
		{
			"from": [6.75, 13.5, 5.5],
			"to": [8.25, 18.25, 7],
			"faces": {
				"north": {"uv": [5.25, 3.25, 5.625, 4.4375], "texture": "#3"},
				"east": {"uv": [5.5, 0, 5.875, 1.1875], "texture": "#3"},
				"south": {"uv": [4.5, 5.5, 4.875, 6.6875], "texture": "#3"},
				"west": {"uv": [5, 5.5, 5.375, 6.6875], "texture": "#3"},
				"up": {"uv": [6.625, 3.375, 6.25, 3], "texture": "#3"},
				"down": {"uv": [6.625, 3.5, 6.25, 3.875], "texture": "#3"}
			}
		},
		{
			"from": [8.5, 13.5, 5.5],
			"to": [10, 18.25, 7],
			"faces": {
				"north": {"uv": [5.5, 5.5, 5.875, 6.6875], "texture": "#3"},
				"east": {"uv": [5.75, 2.5, 6.125, 3.6875], "texture": "#3"},
				"south": {"uv": [2.75, 5.75, 3.125, 6.9375], "texture": "#3"},
				"west": {"uv": [3.25, 5.75, 3.625, 6.9375], "texture": "#3"},
				"up": {"uv": [4.125, 6.625, 3.75, 6.25], "texture": "#3"},
				"down": {"uv": [6.625, 4, 6.25, 4.375], "texture": "#3"}
			}
		},
		{
			"from": [10.75, 22, 5.25],
			"to": [11.75, 24, 7],
			"faces": {
				"north": {"uv": [4.25, 5.75, 4.5, 6.25], "texture": "#3"},
				"east": {"uv": [3.75, 5.75, 4.1875, 6.25], "texture": "#3"},
				"south": {"uv": [2.5, 6.25, 2.75, 6.75], "texture": "#3"},
				"west": {"uv": [5.75, 3.75, 6.1875, 4.25], "texture": "#3"},
				"up": {"uv": [2.75, 7.1875, 2.5, 6.75], "texture": "#3"},
				"down": {"uv": [6.5, 6.75, 6.25, 7.1875], "texture": "#3"}
			}
		},
		{
			"from": [5, 22, 5.25],
			"to": [6, 24, 7],
			"faces": {
				"north": {"uv": [4.25, 6.25, 4.5, 6.75], "texture": "#3"},
				"east": {"uv": [5.75, 4.25, 6.1875, 4.75], "texture": "#3"},
				"south": {"uv": [6.75, 2.25, 7, 2.75], "texture": "#3"},
				"west": {"uv": [6, 0, 6.4375, 0.5], "texture": "#3"},
				"up": {"uv": [1.75, 7.4375, 1.5, 7], "texture": "#3"},
				"down": {"uv": [2, 7, 1.75, 7.4375], "texture": "#3"}
			}
		},
		{
			"from": [10.4, 28.6, 9.55],
			"to": [11.55, 29, 10.8],
			"faces": {
				"north": {"uv": [3.5, 8, 3.8125, 8.125], "texture": "#3"},
				"east": {"uv": [4, 8, 4.3125, 8.125], "texture": "#3"},
				"south": {"uv": [8, 4.25, 8.3125, 4.375], "texture": "#3"},
				"west": {"uv": [4.5, 8, 4.8125, 8.125], "texture": "#3"},
				"up": {"uv": [7.3125, 4.5625, 7, 4.25], "texture": "#3"},
				"down": {"uv": [7.3125, 4.75, 7, 5.0625], "texture": "#3"}
			}
		},
		{
			"from": [9.3, 28.6, 9.55],
			"to": [10.45, 29, 11.5],
			"faces": {
				"north": {"uv": [5, 8, 5.3125, 8.125], "texture": "#3"},
				"east": {"uv": [7, 7.5, 7.5, 7.625], "texture": "#3"},
				"south": {"uv": [8, 5, 8.3125, 5.125], "texture": "#3"},
				"west": {"uv": [7.5, 7, 8, 7.125], "texture": "#3"},
				"up": {"uv": [1.8125, 6.75, 1.5, 6.25], "texture": "#3"},
				"down": {"uv": [6.5625, 1.5, 6.25, 2], "texture": "#3"}
			}
		},
		{
			"from": [6, 28.6, 9.55],
			"to": [7.15, 29, 11.5],
			"faces": {
				"north": {"uv": [8, 6.25, 8.3125, 6.375], "texture": "#3"},
				"east": {"uv": [7.5, 7.25, 8, 7.375], "texture": "#3"},
				"south": {"uv": [6.5, 8, 6.8125, 8.125], "texture": "#3"},
				"west": {"uv": [7.5, 7.5, 8, 7.625], "texture": "#3"},
				"up": {"uv": [2.3125, 6.75, 2, 6.25], "texture": "#3"},
				"down": {"uv": [6.5625, 2.5, 6.25, 3], "texture": "#3"}
			}
		},
		{
			"from": [11.5, 28.6, 9.45],
			"to": [12.65, 29, 11],
			"faces": {
				"north": {"uv": [8, 4.5, 8.3125, 4.625], "texture": "#3"},
				"east": {"uv": [6.25, 7.75, 6.625, 7.875], "texture": "#3"},
				"south": {"uv": [8, 4.75, 8.3125, 4.875], "texture": "#3"},
				"west": {"uv": [6.75, 7.75, 7.125, 7.875], "texture": "#3"},
				"up": {"uv": [7.0625, 3.125, 6.75, 2.75], "texture": "#3"},
				"down": {"uv": [7.0625, 3.25, 6.75, 3.625], "texture": "#3"}
			}
		},
		{
			"from": [7.1, 28.6, 9.45],
			"to": [8.25, 29, 10.8],
			"faces": {
				"north": {"uv": [8, 5.5, 8.3125, 5.625], "texture": "#3"},
				"east": {"uv": [8, 5.75, 8.3125, 5.875], "texture": "#3"},
				"south": {"uv": [6, 8, 6.3125, 8.125], "texture": "#3"},
				"west": {"uv": [8, 6, 8.3125, 6.125], "texture": "#3"},
				"up": {"uv": [7.3125, 5.5625, 7, 5.25], "texture": "#3"},
				"down": {"uv": [7.3125, 5.75, 7, 6.0625], "texture": "#3"}
			}
		},
		{
			"from": [3.8, 28.6, 9.45],
			"to": [4.95, 29, 10.8],
			"faces": {
				"north": {"uv": [7, 8, 7.3125, 8.125], "texture": "#3"},
				"east": {"uv": [8, 7, 8.3125, 7.125], "texture": "#3"},
				"south": {"uv": [8, 7.25, 8.3125, 7.375], "texture": "#3"},
				"west": {"uv": [7.5, 8, 7.8125, 8.125], "texture": "#3"},
				"up": {"uv": [7.3125, 6.5625, 7, 6.25], "texture": "#3"},
				"down": {"uv": [6.8125, 7, 6.5, 7.3125], "texture": "#3"}
			}
		},
		{
			"from": [3.5, 28.6, 6.85],
			"to": [4.95, 29, 8.2],
			"faces": {
				"north": {"uv": [8, 0.25, 8.375, 0.375], "texture": "#3"},
				"east": {"uv": [7.5, 8.25, 7.8125, 8.375], "texture": "#3"},
				"south": {"uv": [0.5, 8, 0.875, 8.125], "texture": "#3"},
				"west": {"uv": [8.25, 7.75, 8.5625, 7.875], "texture": "#3"},
				"up": {"uv": [5.625, 7.0625, 5.25, 6.75], "texture": "#3"},
				"down": {"uv": [6.125, 6.75, 5.75, 7.0625], "texture": "#3"}
			}
		},
		{
			"from": [3.9, 28.6, 4.25],
			"to": [4.95, 29, 5.6],
			"faces": {
				"north": {"uv": [6, 8.5, 6.25, 8.625], "texture": "#3"},
				"east": {"uv": [0.5, 8.5, 0.8125, 8.625], "texture": "#3"},
				"south": {"uv": [8.5, 6, 8.75, 6.125], "texture": "#3"},
				"west": {"uv": [8.5, 0.5, 8.8125, 0.625], "texture": "#3"},
				"up": {"uv": [7.75, 5.0625, 7.5, 4.75], "texture": "#3"},
				"down": {"uv": [5.5, 7.5, 5.25, 7.8125], "texture": "#3"}
			}
		},
		{
			"from": [4, 28.6, 8.15],
			"to": [4.95, 29, 9.5],
			"faces": {
				"north": {"uv": [5.75, 8.5, 6, 8.625], "texture": "#3"},
				"east": {"uv": [6.5, 8.25, 6.8125, 8.375], "texture": "#3"},
				"south": {"uv": [8.5, 5.75, 8.75, 5.875], "texture": "#3"},
				"west": {"uv": [7, 8.25, 7.3125, 8.375], "texture": "#3"},
				"up": {"uv": [6.5, 7.5625, 6.25, 7.25], "texture": "#3"},
				"down": {"uv": [3.75, 7.5, 3.5, 7.8125], "texture": "#3"}
			}
		},
		{
			"from": [3.7, 28.6, 5.55],
			"to": [4.95, 29, 6.9],
			"faces": {
				"north": {"uv": [8, 8.25, 8.3125, 8.375], "texture": "#3"},
				"east": {"uv": [0, 8.5, 0.3125, 8.625], "texture": "#3"},
				"south": {"uv": [8.5, 0, 8.8125, 0.125], "texture": "#3"},
				"west": {"uv": [8.5, 0.25, 8.8125, 0.375], "texture": "#3"},
				"up": {"uv": [4.0625, 7.5625, 3.75, 7.25], "texture": "#3"},
				"down": {"uv": [7.5625, 3.75, 7.25, 4.0625], "texture": "#3"}
			}
		},
		{
			"from": [3.5, 28.6, 2.85],
			"to": [4.95, 29, 4.3],
			"faces": {
				"north": {"uv": [8, 0.5, 8.375, 0.625], "texture": "#3"},
				"east": {"uv": [8, 0.75, 8.375, 0.875], "texture": "#3"},
				"south": {"uv": [1.25, 8, 1.625, 8.125], "texture": "#3"},
				"west": {"uv": [8, 1.25, 8.375, 1.375], "texture": "#3"},
				"up": {"uv": [6.375, 6.625, 6, 6.25], "texture": "#3"},
				"down": {"uv": [6.875, 0, 6.5, 0.375], "texture": "#3"}
			}
		},
		{
			"from": [12.05, 28.5, 8],
			"to": [13.5, 28.9, 9.45],
			"faces": {
				"north": {"uv": [8, 2.25, 8.375, 2.375], "texture": "#3"},
				"east": {"uv": [2.5, 8, 2.875, 8.125], "texture": "#3"},
				"south": {"uv": [8, 2.5, 8.375, 2.625], "texture": "#3"},
				"west": {"uv": [3, 8, 3.375, 8.125], "texture": "#3"},
				"up": {"uv": [6.875, 0.875, 6.5, 0.5], "texture": "#3"},
				"down": {"uv": [6.875, 4.5, 6.5, 4.875], "texture": "#3"}
			}
		},
		{
			"from": [12.05, 28.5, 6.7],
			"to": [13.1, 28.9, 8.05],
			"faces": {
				"north": {"uv": [6.5, 8.5, 6.75, 8.625], "texture": "#3"},
				"east": {"uv": [8.5, 2.5, 8.8125, 2.625], "texture": "#3"},
				"south": {"uv": [8.5, 6.5, 8.75, 6.625], "texture": "#3"},
				"west": {"uv": [3, 8.5, 3.3125, 8.625], "texture": "#3"},
				"up": {"uv": [6, 7.8125, 5.75, 7.5], "texture": "#3"},
				"down": {"uv": [7.75, 5.75, 7.5, 6.0625], "texture": "#3"}
			}
		},
		{
			"from": [12.05, 28.5, 5.4],
			"to": [13.3, 28.9, 6.75],
			"faces": {
				"north": {"uv": [8.5, 1.5, 8.8125, 1.625], "texture": "#3"},
				"east": {"uv": [2, 8.5, 2.3125, 8.625], "texture": "#3"},
				"south": {"uv": [8.5, 2.25, 8.8125, 2.375], "texture": "#3"},
				"west": {"uv": [2.5, 8.5, 2.8125, 8.625], "texture": "#3"},
				"up": {"uv": [4.5625, 7.5625, 4.25, 7.25], "texture": "#3"},
				"down": {"uv": [5.0625, 7.25, 4.75, 7.5625], "texture": "#3"}
			}
		},
		{
			"from": [12.05, 28.5, 4.1],
			"to": [13.5, 28.9, 5.45],
			"faces": {
				"north": {"uv": [8, 1.5, 8.375, 1.625], "texture": "#3"},
				"east": {"uv": [8.5, 1.25, 8.8125, 1.375], "texture": "#3"},
				"south": {"uv": [2, 8, 2.375, 8.125], "texture": "#3"},
				"west": {"uv": [1.5, 8.5, 1.8125, 8.625], "texture": "#3"},
				"up": {"uv": [7.375, 0.3125, 7, 0], "texture": "#3"},
				"down": {"uv": [7.375, 0.5, 7, 0.8125], "texture": "#3"}
			}
		},
		{
			"from": [12.05, 28.5, 2.8],
			"to": [13, 28.9, 4.15],
			"faces": {
				"north": {"uv": [6.25, 8.5, 6.5, 8.625], "texture": "#3"},
				"east": {"uv": [8.5, 0.75, 8.8125, 0.875], "texture": "#3"},
				"south": {"uv": [8.5, 6.25, 8.75, 6.375], "texture": "#3"},
				"west": {"uv": [1, 8.5, 1.3125, 8.625], "texture": "#3"},
				"up": {"uv": [7.75, 5.5625, 7.5, 5.25], "texture": "#3"},
				"down": {"uv": [5.75, 7.5, 5.5, 7.8125], "texture": "#3"}
			}
		},
		{
			"from": [8.2, 28.6, 9.45],
			"to": [9.35, 29, 11.3],
			"faces": {
				"north": {"uv": [8, 5.25, 8.3125, 5.375], "texture": "#3"},
				"east": {"uv": [7.75, 2, 8.1875, 2.125], "texture": "#3"},
				"south": {"uv": [5.5, 8, 5.8125, 8.125], "texture": "#3"},
				"west": {"uv": [2.5, 7.75, 2.9375, 7.875], "texture": "#3"},
				"up": {"uv": [6.8125, 5.4375, 6.5, 5], "texture": "#3"},
				"down": {"uv": [6.8125, 5.5, 6.5, 5.9375], "texture": "#3"}
			}
		},
		{
			"from": [4.9, 28.6, 9.45],
			"to": [6.05, 29, 11.3],
			"faces": {
				"north": {"uv": [8, 6.5, 8.3125, 6.625], "texture": "#3"},
				"east": {"uv": [7.75, 2.75, 8.1875, 2.875], "texture": "#3"},
				"south": {"uv": [8, 6.75, 8.3125, 6.875], "texture": "#3"},
				"west": {"uv": [3, 7.75, 3.4375, 7.875], "texture": "#3"},
				"up": {"uv": [6.8125, 6.4375, 6.5, 6], "texture": "#3"},
				"down": {"uv": [6.8125, 6.5, 6.5, 6.9375], "texture": "#3"}
			}
		},
		{
			"from": [11.35, 28.6, 1.5],
			"to": [12.5, 29, 2.85],
			"faces": {
				"north": {"uv": [4.5, 8.25, 4.8125, 8.375], "texture": "#3"},
				"east": {"uv": [5, 8.25, 5.3125, 8.375], "texture": "#3"},
				"south": {"uv": [5.5, 8.25, 5.8125, 8.375], "texture": "#3"},
				"west": {"uv": [6, 8.25, 6.3125, 8.375], "texture": "#3"},
				"up": {"uv": [7.5625, 3.0625, 7.25, 2.75], "texture": "#3"},
				"down": {"uv": [7.5625, 3.25, 7.25, 3.5625], "texture": "#3"}
			}
		},
		{
			"from": [10.25, 28.6, 1],
			"to": [11.4, 29, 2.85],
			"faces": {
				"north": {"uv": [4, 8.25, 4.3125, 8.375], "texture": "#3"},
				"east": {"uv": [7.75, 3.5, 8.1875, 3.625], "texture": "#3"},
				"south": {"uv": [8.25, 4, 8.5625, 4.125], "texture": "#3"},
				"west": {"uv": [3.75, 7.75, 4.1875, 7.875], "texture": "#3"},
				"up": {"uv": [1.3125, 7.1875, 1, 6.75], "texture": "#3"},
				"down": {"uv": [7.0625, 1, 6.75, 1.4375], "texture": "#3"}
			}
		},
		{
			"from": [8.05, 28.6, 1.5],
			"to": [9.2, 29, 2.85],
			"faces": {
				"north": {"uv": [8.25, 3.25, 8.5625, 3.375], "texture": "#3"},
				"east": {"uv": [3.5, 8.25, 3.8125, 8.375], "texture": "#3"},
				"south": {"uv": [8.25, 3.5, 8.5625, 3.625], "texture": "#3"},
				"west": {"uv": [8.25, 3.75, 8.5625, 3.875], "texture": "#3"},
				"up": {"uv": [7.5625, 1.3125, 7.25, 1], "texture": "#3"},
				"down": {"uv": [7.5625, 1.5, 7.25, 1.8125], "texture": "#3"}
			}
		},
		{
			"from": [9.15, 28.6, 1.2],
			"to": [10.3, 29, 2.75],
			"faces": {
				"north": {"uv": [3, 8.25, 3.3125, 8.375], "texture": "#3"},
				"east": {"uv": [0, 8, 0.375, 8.125], "texture": "#3"},
				"south": {"uv": [8.25, 3, 8.5625, 3.125], "texture": "#3"},
				"west": {"uv": [8, 0, 8.375, 0.125], "texture": "#3"},
				"up": {"uv": [4.5625, 7.125, 4.25, 6.75], "texture": "#3"},
				"down": {"uv": [5.0625, 6.75, 4.75, 7.125], "texture": "#3"}
			}
		},
		{
			"from": [6.95, 28.6, 1],
			"to": [8.1, 29, 2.85],
			"faces": {
				"north": {"uv": [2.5, 8.25, 2.8125, 8.375], "texture": "#3"},
				"east": {"uv": [7.75, 3, 8.1875, 3.125], "texture": "#3"},
				"south": {"uv": [8.25, 2.75, 8.5625, 2.875], "texture": "#3"},
				"west": {"uv": [7.75, 3.25, 8.1875, 3.375], "texture": "#3"},
				"up": {"uv": [0.3125, 7.1875, 0, 6.75], "texture": "#3"},
				"down": {"uv": [0.8125, 6.75, 0.5, 7.1875], "texture": "#3"}
			}
		},
		{
			"from": [5.85, 28.6, 1.2],
			"to": [7, 29, 2.75],
			"faces": {
				"north": {"uv": [2, 8.25, 2.3125, 8.375], "texture": "#3"},
				"east": {"uv": [7.25, 7.75, 7.625, 7.875], "texture": "#3"},
				"south": {"uv": [8.25, 2, 8.5625, 2.125], "texture": "#3"},
				"west": {"uv": [7.75, 7.75, 8.125, 7.875], "texture": "#3"},
				"up": {"uv": [4.0625, 7.125, 3.75, 6.75], "texture": "#3"},
				"down": {"uv": [7.0625, 3.75, 6.75, 4.125], "texture": "#3"}
			}
		},
		{
			"from": [4.75, 28.6, 1.4],
			"to": [5.9, 29, 2.75],
			"faces": {
				"north": {"uv": [1, 8.25, 1.3125, 8.375], "texture": "#3"},
				"east": {"uv": [8.25, 1, 8.5625, 1.125], "texture": "#3"},
				"south": {"uv": [1.5, 8.25, 1.8125, 8.375], "texture": "#3"},
				"west": {"uv": [8.25, 1.75, 8.5625, 1.875], "texture": "#3"},
				"up": {"uv": [0.8125, 7.5625, 0.5, 7.25], "texture": "#3"},
				"down": {"uv": [1.3125, 7.25, 1, 7.5625], "texture": "#3"}
			}
		},
		{
			"from": [3.65, 28.6, 1.5],
			"to": [4.8, 29, 2.85],
			"faces": {
				"north": {"uv": [8, 7.5, 8.3125, 7.625], "texture": "#3"},
				"east": {"uv": [8, 8, 8.3125, 8.125], "texture": "#3"},
				"south": {"uv": [0, 8.25, 0.3125, 8.375], "texture": "#3"},
				"west": {"uv": [0.5, 8.25, 0.8125, 8.375], "texture": "#3"},
				"up": {"uv": [7.3125, 7.0625, 7, 6.75], "texture": "#3"},
				"down": {"uv": [0.3125, 7.25, 0, 7.5625], "texture": "#3"}
			}
		},
		{
			"from": [4.65, 28.6, 2.8],
			"to": [12.1, 30.4, 9.55],
			"faces": {
				"north": {"uv": [3.75, 2.75, 5.625, 3.1875], "texture": "#3"},
				"east": {"uv": [5, 2, 6.6875, 2.4375], "texture": "#3"},
				"south": {"uv": [2.75, 4.75, 4.625, 5.1875], "texture": "#3"},
				"west": {"uv": [2.75, 5.25, 4.4375, 5.6875], "texture": "#3"},
				"up": {"uv": [1.875, 1.6875, 0, 0], "texture": "#3"},
				"down": {"uv": [1.875, 1.75, 0, 3.4375], "texture": "#3"}
			}
		}
	],
	"display": {
		"thirdperson_righthand": {
			"rotation": [26, -106, 0],
			"translation": [-1, -7.75, -2.75]
		},
		"thirdperson_lefthand": {
			"rotation": [26, -106, 0],
			"translation": [-1, -9.5, -2]
		},
		"firstperson_righthand": {
			"rotation": [0, -52, 0],
			"translation": [0, -8.25, 0]
		},
		"firstperson_lefthand": {
			"rotation": [3, -56, 0],
			"translation": [0.5, -8.5, 0]
		},
		"ground": {
			"translation": [0, -9.25, 0]
		},
		"gui": {
			"rotation": [5, -17, 0],
			"translation": [-0.25, -13.25, 0],
			"scale": [0.9, 0.9, 0.89]
		},
		"head": {
			"rotation": [0, 180, 0],
			"translation": [1, -46.25, -4.75],
			"scale": [2.61, 2.59, 2.5]
		},
		"fixed": {
			"rotation": [0, -180, 0],
			"translation": [1, -31.75, -10],
			"scale": [2.34, 2.32, 2.25]
		}
	},
	"groups": [
		{
			"name": "group",
			"origin": [8, 8, 8],
			"color": 0,
			"children": [0, 1, 2, 3, 4, 5, 6, 7, 8, 9, 10, 11, 12, 13, 14]
		},
		15,
		16,
		17,
		18,
		19,
		20,
		21,
		22,
		23,
		24,
		25,
		26,
		27,
		28,
		29,
		30,
		31,
		32,
		33,
		34,
		35,
		36,
		37,
		38,
		39,
		40,
		41,
		42,
		43,
		44,
		45,
		46,
		47,
		48
	]
}