{
	"credit": "Made with Blockbench",
	"texture_size": [32, 32],
	"textures": {
		"0": "custom/hut/fluegel",
		"particle": "custom/hut/fluegel"
	},
	"elements": [
		{
			"from": [7.5, 12, 6],
			"to": [9.75, 12.75, 7.5],
			"faces": {
				"north": {"uv": [10.5, 6.5, 11.5, 7], "texture": "#0"},
				"east": {"uv": [11, 0, 12, 0.5], "texture": "#0"},
				"south": {"uv": [11, 2.5, 12, 3], "texture": "#0"},
				"west": {"uv": [4, 11.5, 5, 12], "texture": "#0"},
				"up": {"uv": [3, 9.5, 2, 8.5], "texture": "#0"},
				"down": {"uv": [9.5, 4.5, 8.5, 5.5], "texture": "#0"}
			}
		},
		{
			"from": [13.5, 7.5, 6],
			"to": [15.75, 8.75, 7.5],
			"rotation": {"angle": 22.5, "axis": "z", "origin": [0, 0, 0]},
			"faces": {
				"north": {"uv": [11.5, 5, 12.5, 5.5], "texture": "#0"},
				"east": {"uv": [11.5, 5.5, 12.5, 6], "texture": "#0"},
				"south": {"uv": [11.5, 6, 12.5, 6.5], "texture": "#0"},
				"west": {"uv": [11.5, 6.5, 12.5, 7], "texture": "#0"},
				"up": {"uv": [9.5, 6.5, 8.5, 5.5], "texture": "#0"},
				"down": {"uv": [9.5, 6.5, 8.5, 7.5], "texture": "#0"}
			}
		},
		{
			"from": [4.5, 16.25, 6],
			"to": [5.75, 19, 7.5],
			"rotation": {"angle": -22.5, "axis": "z", "origin": [0, 0, 0]},
			"faces": {
				"north": {"uv": [5, 10.5, 5.5, 12], "texture": "#0"},
				"east": {"uv": [0, 5, 1, 6.5], "texture": "#0"},
				"south": {"uv": [10.5, 5, 11, 6.5], "texture": "#0"},
				"west": {"uv": [5, 3, 6, 4.5], "texture": "#0"},
				"up": {"uv": [12, 8, 11.5, 7], "texture": "#0"},
				"down": {"uv": [12, 8, 11.5, 9], "texture": "#0"}
			}
		},
		{
			"from": [4.6, 18.6, 6.1],
			"to": [5.65, 23.4, 7.4],
			"rotation": {"angle": -22.5, "axis": "z", "origin": [0, 0, 1]},
			"faces": {
				"north": {"uv": [8, 4.5, 8.5, 7], "texture": "#0"},
				"east": {"uv": [0, 0, 1, 2.5], "texture": "#0"},
				"south": {"uv": [8, 7, 8.5, 9.5], "texture": "#0"},
				"west": {"uv": [1, 0, 2, 2.5], "texture": "#0"},
				"up": {"uv": [12, 10, 11.5, 9], "texture": "#0"},
				"down": {"uv": [12, 10, 11.5, 11], "texture": "#0"}
			}
		},
		{
			"from": [3.6, 27.6, 6.35],
			"to": [4.15, 30.15, 7.15],
			"rotation": {"angle": -45, "axis": "z", "origin": [0, 0, 1]},
			"faces": {
				"north": {"uv": [8, 10.5, 8.5, 12], "texture": "#0"},
				"east": {"uv": [8.5, 10.5, 9, 12], "texture": "#0"},
				"south": {"uv": [1, 11, 1.5, 12.5], "texture": "#0"},
				"west": {"uv": [11, 1, 11.5, 2.5], "texture": "#0"},
				"up": {"uv": [14.5, 12.5, 14, 12], "texture": "#0"},
				"down": {"uv": [14.5, 12.5, 14, 13], "texture": "#0"}
			}
		},
		{
			"from": [30.6, -6.4, 6.35],
			"to": [31.15, -3.85, 7.15],
			"rotation": {"angle": 45, "axis": "z", "origin": [0, 0, 1]},
			"faces": {
				"north": {"uv": [1.5, 11, 2, 12.5], "texture": "#0"},
				"east": {"uv": [3, 11, 3.5, 12.5], "texture": "#0"},
				"south": {"uv": [3.5, 11, 4, 12.5], "texture": "#0"},
				"west": {"uv": [11, 5, 11.5, 6.5], "texture": "#0"},
				"up": {"uv": [14.5, 14.5, 14, 14], "texture": "#0"},
				"down": {"uv": [15, 0, 14.5, 0.5], "texture": "#0"}
			}
		},
		{
			"from": [30.7, 4.45, 6.45],
			"to": [31.05, 6.05, 7.05],
			"rotation": {"angle": 22.5, "axis": "z", "origin": [0, 0, 1]},
			"faces": {
				"north": {"uv": [7.5, 12.5, 8, 13.5], "texture": "#0"},
				"east": {"uv": [12.5, 7.5, 13, 8.5], "texture": "#0"},
				"south": {"uv": [8, 12.5, 8.5, 13.5], "texture": "#0"},
				"west": {"uv": [12.5, 8.5, 13, 9.5], "texture": "#0"},
				"up": {"uv": [15, 1, 14.5, 0.5], "texture": "#0"},
				"down": {"uv": [1.5, 14.5, 1, 15], "texture": "#0"}
			}
		},
		{
			"from": [26.8, 14.55, 6.55],
			"to": [26.95, 15.95, 6.95],
			"rotation": {"angle": 0, "axis": "y", "origin": [0, 0, 1]},
			"faces": {
				"north": {"uv": [9, 12.5, 9.5, 13.5], "texture": "#0"},
				"east": {"uv": [9.5, 12.5, 10, 13.5], "texture": "#0"},
				"south": {"uv": [12.5, 9.5, 13, 10.5], "texture": "#0"},
				"west": {"uv": [10, 12.5, 10.5, 13.5], "texture": "#0"},
				"up": {"uv": [15, 1.5, 14.5, 1], "texture": "#0"},
				"down": {"uv": [2, 14.5, 1.5, 15], "texture": "#0"}
			}
		},
		{
			"from": [19.15, 22.65, 6.65],
			"to": [19.1, 23.85, 6.85],
			"rotation": {"angle": -22.5, "axis": "z", "origin": [0, 0, 1]},
			"faces": {
				"north": {"uv": [10.5, 12.5, 11, 13.5], "texture": "#0"},
				"east": {"uv": [12.5, 10.5, 13, 11.5], "texture": "#0"},
				"south": {"uv": [12.5, 11.5, 13, 12.5], "texture": "#0"},
				"west": {"uv": [12, 12.5, 12.5, 13.5], "texture": "#0"},
				"up": {"uv": [15, 2, 14.5, 1.5], "texture": "#0"},
				"down": {"uv": [15, 2, 14.5, 2.5], "texture": "#0"}
			}
		},
		{
			"from": [14.85, 26.1, 6.35],
			"to": [15.4, 27.4, 7.15],
			"rotation": {"angle": -22.5, "axis": "z", "origin": [0, 0, 1]},
			"faces": {
				"north": {"uv": [12.5, 2, 13, 3], "texture": "#0"},
				"east": {"uv": [3, 12.5, 3.5, 13.5], "texture": "#0"},
				"south": {"uv": [3.5, 12.5, 4, 13.5], "texture": "#0"},
				"west": {"uv": [12.5, 4, 13, 5], "texture": "#0"},
				"up": {"uv": [13.5, 14.5, 13, 14], "texture": "#0"},
				"down": {"uv": [14.5, 13, 14, 13.5], "texture": "#0"}
			}
		},
		{
			"from": [29.85, 8.1, 6.35],
			"to": [30.4, 9.4, 7.15],
			"rotation": {"angle": 22.5, "axis": "z", "origin": [0, 0, 1]},
			"faces": {
				"north": {"uv": [12.5, 5, 13, 6], "texture": "#0"},
				"east": {"uv": [6, 12.5, 6.5, 13.5], "texture": "#0"},
				"south": {"uv": [12.5, 6, 13, 7], "texture": "#0"},
				"west": {"uv": [6.5, 12.5, 7, 13.5], "texture": "#0"},
				"up": {"uv": [14, 14.5, 13.5, 14], "texture": "#0"},
				"down": {"uv": [14.5, 13.5, 14, 14], "texture": "#0"}
			}
		},
		{
			"from": [25.85, 8.1, 6.35],
			"to": [26.4, 9.4, 7.15],
			"rotation": {"angle": 22.5, "axis": "z", "origin": [0, 0, 1]},
			"faces": {
				"north": {"uv": [12.5, 12.5, 13, 13.5], "texture": "#0"},
				"east": {"uv": [0, 13, 0.5, 14], "texture": "#0"},
				"south": {"uv": [13, 0, 13.5, 1], "texture": "#0"},
				"west": {"uv": [0.5, 13, 1, 14], "texture": "#0"},
				"up": {"uv": [15, 3, 14.5, 2.5], "texture": "#0"},
				"down": {"uv": [3.5, 14.5, 3, 15], "texture": "#0"}
			}
		},
		{
			"from": [22.85, 9.6, 6.35],
			"to": [23.4, 10.9, 7.15],
			"rotation": {"angle": 22.5, "axis": "z", "origin": [0, 0, 1]},
			"faces": {
				"north": {"uv": [13, 1, 13.5, 2], "texture": "#0"},
				"east": {"uv": [2, 13, 2.5, 14], "texture": "#0"},
				"south": {"uv": [13, 2, 13.5, 3], "texture": "#0"},
				"west": {"uv": [2.5, 13, 3, 14], "texture": "#0"},
				"up": {"uv": [15, 3.5, 14.5, 3], "texture": "#0"},
				"down": {"uv": [4, 14.5, 3.5, 15], "texture": "#0"}
			}
		},
		{
			"from": [22.6, 7.35, 6.1],
			"to": [23.65, 9.4, 7.4],
			"rotation": {"angle": 22.5, "axis": "z", "origin": [0, 0, 1]},
			"faces": {
				"north": {"uv": [4, 12, 4.5, 13], "texture": "#0"},
				"east": {"uv": [9, 0.5, 10, 1.5], "texture": "#0"},
				"south": {"uv": [12, 4, 12.5, 5], "texture": "#0"},
				"west": {"uv": [9, 1.5, 10, 2.5], "texture": "#0"},
				"up": {"uv": [5, 13, 4.5, 12], "texture": "#0"},
				"down": {"uv": [5.5, 12, 5, 13], "texture": "#0"}
			}
		},
		{
			"from": [24.8, 2.55, 6.3],
			"to": [25.45, 4.2, 7.2],
			"rotation": {"angle": 22.5, "axis": "z", "origin": [0, 0, 1]},
			"faces": {
				"north": {"uv": [12, 11.5, 12.5, 12.5], "texture": "#0"},
				"east": {"uv": [2, 9.5, 3, 10.5], "texture": "#0"},
				"south": {"uv": [1, 12.5, 1.5, 13.5], "texture": "#0"},
				"west": {"uv": [4, 9.5, 5, 10.5], "texture": "#0"},
				"up": {"uv": [13, 2, 12.5, 1], "texture": "#0"},
				"down": {"uv": [2, 12.5, 1.5, 13.5], "texture": "#0"}
			}
		},
		{
			"from": [25.6, 5.85, 6.1],
			"to": [26.65, 7.9, 7.4],
			"rotation": {"angle": 22.5, "axis": "z", "origin": [0, 0, 1]},
			"faces": {
				"north": {"uv": [12, 7.5, 12.5, 8.5], "texture": "#0"},
				"east": {"uv": [6, 9, 7, 10], "texture": "#0"},
				"south": {"uv": [8.5, 12, 9, 13], "texture": "#0"},
				"west": {"uv": [7, 9, 8, 10], "texture": "#0"},
				"up": {"uv": [12.5, 9.5, 12, 8.5], "texture": "#0"},
				"down": {"uv": [12.5, 9.5, 12, 10.5], "texture": "#0"}
			}
		},
		{
			"from": [5.1, 22.6, 6.1],
			"to": [8.65, 23.4, 7.4],
			"rotation": {"angle": -22.5, "axis": "z", "origin": [0, 0, 0]},
			"faces": {
				"north": {"uv": [8.5, 7.5, 10.5, 8], "texture": "#0"},
				"east": {"uv": [11, 11.5, 12, 12], "texture": "#0"},
				"south": {"uv": [8.5, 8, 10.5, 8.5], "texture": "#0"},
				"west": {"uv": [11.5, 11, 12.5, 11.5], "texture": "#0"},
				"up": {"uv": [3, 3.5, 1, 2.5], "texture": "#0"},
				"down": {"uv": [5, 0, 3, 1], "texture": "#0"}
			}
		},
		{
			"from": [16.1, 17.35, 6.1],
			"to": [20.15, 18.15, 7.4],
			"faces": {
				"north": {"uv": [8.5, 8.5, 10.5, 9], "texture": "#0"},
				"east": {"uv": [12, 3, 13, 3.5], "texture": "#0"},
				"south": {"uv": [9, 0, 11, 0.5], "texture": "#0"},
				"west": {"uv": [12, 3.5, 13, 4], "texture": "#0"},
				"up": {"uv": [5, 2, 3, 1], "texture": "#0"},
				"down": {"uv": [5, 2, 3, 3], "texture": "#0"}
			}
		},
		{
			"from": [11.35, 23.85, 6.1],
			"to": [14.65, 24.4, 7.4],
			"rotation": {"angle": -22.5, "axis": "z", "origin": [0, 0, 0]},
			"faces": {
				"north": {"uv": [9, 3.5, 11, 4], "texture": "#0"},
				"east": {"uv": [12, 7, 13, 7.5], "texture": "#0"},
				"south": {"uv": [4, 9, 6, 9.5], "texture": "#0"},
				"west": {"uv": [7.5, 12, 8.5, 12.5], "texture": "#0"},
				"up": {"uv": [5, 4, 3, 3], "texture": "#0"},
				"down": {"uv": [3, 3.5, 1, 4.5], "texture": "#0"}
			}
		},
		{
			"from": [13.6, 18.35, 6.1],
			"to": [14.15, 18.65, 7.4],
			"faces": {
				"north": {"uv": [9, 4, 9.5, 4.5], "texture": "#0"},
				"east": {"uv": [12, 0, 13, 0.5], "texture": "#0"},
				"south": {"uv": [8, 9.5, 8.5, 10], "texture": "#0"},
				"west": {"uv": [12, 0.5, 13, 1], "texture": "#0"},
				"up": {"uv": [12.5, 2, 12, 1], "texture": "#0"},
				"down": {"uv": [12.5, 2, 12, 3], "texture": "#0"}
			}
		},
		{
			"from": [19.25, 12.25, 6.25],
			"to": [20.5, 13.5, 7.25],
			"rotation": {"angle": 22.5, "axis": "z", "origin": [0, 0, 0]},
			"faces": {
				"north": {"uv": [11, 3.5, 11.5, 4], "texture": "#0"},
				"east": {"uv": [12, 10.5, 12.5, 11], "texture": "#0"},
				"south": {"uv": [11, 14, 11.5, 14.5], "texture": "#0"},
				"west": {"uv": [14, 11, 14.5, 11.5], "texture": "#0"},
				"up": {"uv": [12, 14.5, 11.5, 14], "texture": "#0"},
				"down": {"uv": [14.5, 11.5, 14, 12], "texture": "#0"}
			}
		},
		{
			"from": [18.1, 13.6, 6.1],
			"to": [18.9, 15.9, 7.4],
			"faces": {
				"north": {"uv": [5.5, 10.5, 6, 12], "texture": "#0"},
				"east": {"uv": [5, 4.5, 6, 6], "texture": "#0"},
				"south": {"uv": [7, 10.5, 7.5, 12], "texture": "#0"},
				"west": {"uv": [1, 5.5, 2, 7], "texture": "#0"},
				"up": {"uv": [6, 13, 5.5, 12], "texture": "#0"},
				"down": {"uv": [7.5, 12, 7, 13], "texture": "#0"}
			}
		},
		{
			"from": [21.35, 13.1, 6.1],
			"to": [22.15, 15.4, 7.4],
			"faces": {
				"north": {"uv": [7.5, 10.5, 8, 12], "texture": "#0"},
				"east": {"uv": [6, 4.5, 7, 6], "texture": "#0"},
				"south": {"uv": [10.5, 7.5, 11, 9], "texture": "#0"},
				"west": {"uv": [5, 6, 6, 7.5], "texture": "#0"},
				"up": {"uv": [11.5, 13, 11, 12], "texture": "#0"},
				"down": {"uv": [12, 12, 11.5, 13], "texture": "#0"}
			}
		},
		{
			"from": [18.25, 12.5, 6.5],
			"to": [18.75, 14, 7],
			"faces": {
				"north": {"uv": [2, 5.5, 3, 7], "texture": "#0"},
				"east": {"uv": [3, 6, 4, 7.5], "texture": "#0"},
				"south": {"uv": [6, 3, 7, 4.5], "texture": "#0"},
				"west": {"uv": [4, 6, 5, 7.5], "texture": "#0"},
				"up": {"uv": [10, 3.5, 9, 2.5], "texture": "#0"},
				"down": {"uv": [4, 9, 3, 10], "texture": "#0"}
			}
		},
		{
			"from": [22, 10.75, 6.5],
			"to": [22.5, 12.25, 7],
			"faces": {
				"north": {"uv": [6, 6, 7, 7.5], "texture": "#0"},
				"east": {"uv": [0, 6.5, 1, 8], "texture": "#0"},
				"south": {"uv": [7, 0, 8, 1.5], "texture": "#0"},
				"west": {"uv": [1, 7, 2, 8.5], "texture": "#0"},
				"up": {"uv": [9.5, 10, 8.5, 9], "texture": "#0"},
				"down": {"uv": [1, 9.5, 0, 10.5], "texture": "#0"}
			}
		},
		{
			"from": [6.25, 12, 6],
			"to": [8.5, 12.75, 7.5],
			"rotation": {"angle": 0, "axis": "y", "origin": [16, 0, 0]},
			"faces": {
				"north": {"uv": [13, 3, 14, 3.5], "texture": "#0"},
				"east": {"uv": [13, 3.5, 14, 4], "texture": "#0"},
				"south": {"uv": [4, 13, 5, 13.5], "texture": "#0"},
				"west": {"uv": [13, 4, 14, 4.5], "texture": "#0"},
				"up": {"uv": [10.5, 5, 9.5, 4], "texture": "#0"},
				"down": {"uv": [6, 9.5, 5, 10.5], "texture": "#0"}
			}
		},
		{
			"from": [0.25, 7.5, 6],
			"to": [2.5, 8.75, 7.5],
			"rotation": {"angle": -22.5, "axis": "z", "origin": [16, 0, 0]},
			"faces": {
				"north": {"uv": [13, 4.5, 14, 5], "texture": "#0"},
				"east": {"uv": [5, 13, 6, 13.5], "texture": "#0"},
				"south": {"uv": [13, 5, 14, 5.5], "texture": "#0"},
				"west": {"uv": [13, 5.5, 14, 6], "texture": "#0"},
				"up": {"uv": [10.5, 6, 9.5, 5], "texture": "#0"},
				"down": {"uv": [10.5, 6, 9.5, 7], "texture": "#0"}
			}
		},
		{
			"from": [10.25, 16.25, 6],
			"to": [11.5, 19, 7.5],
			"rotation": {"angle": 22.5, "axis": "z", "origin": [16, 0, 0]},
			"faces": {
				"north": {"uv": [6, 11, 6.5, 12.5], "texture": "#0"},
				"east": {"uv": [7, 1.5, 8, 3], "texture": "#0"},
				"south": {"uv": [6.5, 11, 7, 12.5], "texture": "#0"},
				"west": {"uv": [2, 7, 3, 8.5], "texture": "#0"},
				"up": {"uv": [13.5, 7, 13, 6], "texture": "#0"},
				"down": {"uv": [7.5, 13, 7, 14], "texture": "#0"}
			}
		},
		{
			"from": [10.35, 18.6, 6.1],
			"to": [11.4, 23.4, 7.4],
			"rotation": {"angle": 22.5, "axis": "z", "origin": [16, 0, 1]},
			"faces": {
				"north": {"uv": [1, 8.5, 1.5, 11], "texture": "#0"},
				"east": {"uv": [2, 0, 3, 2.5], "texture": "#0"},
				"south": {"uv": [1.5, 8.5, 2, 11], "texture": "#0"},
				"west": {"uv": [0, 2.5, 1, 5], "texture": "#0"},
				"up": {"uv": [13.5, 8, 13, 7], "texture": "#0"},
				"down": {"uv": [13.5, 8, 13, 9], "texture": "#0"}
			}
		},
		{
			"from": [7.35, 22.6, 6.1],
			"to": [10.9, 23.4, 7.4],
			"rotation": {"angle": 22.5, "axis": "z", "origin": [16, 0, 0]},
			"faces": {
				"north": {"uv": [9.5, 7, 11.5, 7.5], "texture": "#0"},
				"east": {"uv": [13, 9, 14, 9.5], "texture": "#0"},
				"south": {"uv": [9.5, 9, 11.5, 9.5], "texture": "#0"},
				"west": {"uv": [13, 9.5, 14, 10], "texture": "#0"},
				"up": {"uv": [5, 5, 3, 4], "texture": "#0"},
				"down": {"uv": [3, 4.5, 1, 5.5], "texture": "#0"}
			}
		},
		{
			"from": [1.85, 18.35, 6.1],
			"to": [2.4, 18.65, 7.4],
			"rotation": {"angle": 0, "axis": "y", "origin": [16, 0, 0]},
			"faces": {
				"north": {"uv": [14.5, 3.5, 15, 4], "texture": "#0"},
				"east": {"uv": [13, 10, 14, 10.5], "texture": "#0"},
				"south": {"uv": [4, 14.5, 4.5, 15], "texture": "#0"},
				"west": {"uv": [13, 10.5, 14, 11], "texture": "#0"},
				"up": {"uv": [9, 14, 8.5, 13], "texture": "#0"},
				"down": {"uv": [11.5, 13, 11, 14], "texture": "#0"}
			}
		},
		{
			"from": [-4.5, 12.25, 6.25],
			"to": [-3.25, 13.5, 7.25],
			"rotation": {"angle": -22.5, "axis": "z", "origin": [16, 0, 0]},
			"faces": {
				"north": {"uv": [14.5, 4, 15, 4.5], "texture": "#0"},
				"east": {"uv": [4.5, 14.5, 5, 15], "texture": "#0"},
				"south": {"uv": [14.5, 4.5, 15, 5], "texture": "#0"},
				"west": {"uv": [5, 14.5, 5.5, 15], "texture": "#0"},
				"up": {"uv": [15, 5.5, 14.5, 5], "texture": "#0"},
				"down": {"uv": [6, 14.5, 5.5, 15], "texture": "#0"}
			}
		},
		{
			"from": [-4.15, 17.35, 6.1],
			"to": [-0.1, 18.15, 7.4],
			"rotation": {"angle": 0, "axis": "y", "origin": [16, 0, 0]},
			"faces": {
				"north": {"uv": [9.5, 9.5, 11.5, 10], "texture": "#0"},
				"east": {"uv": [13, 11, 14, 11.5], "texture": "#0"},
				"south": {"uv": [10, 0.5, 12, 1], "texture": "#0"},
				"west": {"uv": [13, 11.5, 14, 12], "texture": "#0"},
				"up": {"uv": [7, 1, 5, 0], "texture": "#0"},
				"down": {"uv": [7, 1, 5, 2], "texture": "#0"}
			}
		},
		{
			"from": [-7.65, 7.35, 6.1],
			"to": [-6.6, 9.4, 7.4],
			"rotation": {"angle": -22.5, "axis": "z", "origin": [16, 0, 1]},
			"faces": {
				"north": {"uv": [11.5, 13, 12, 14], "texture": "#0"},
				"east": {"uv": [10, 1, 11, 2], "texture": "#0"},
				"south": {"uv": [13, 12, 13.5, 13], "texture": "#0"},
				"west": {"uv": [10, 2, 11, 3], "texture": "#0"},
				"up": {"uv": [13.5, 14, 13, 13], "texture": "#0"},
				"down": {"uv": [14, 0, 13.5, 1], "texture": "#0"}
			}
		},
		{
			"from": [-2.9, 13.6, 6.1],
			"to": [-2.1, 15.9, 7.4],
			"rotation": {"angle": 0, "axis": "y", "origin": [16, 0, 0]},
			"faces": {
				"north": {"uv": [11, 7.5, 11.5, 9], "texture": "#0"},
				"east": {"uv": [7, 3, 8, 4.5], "texture": "#0"},
				"south": {"uv": [9, 11, 9.5, 12.5], "texture": "#0"},
				"west": {"uv": [7, 4.5, 8, 6], "texture": "#0"},
				"up": {"uv": [1.5, 14.5, 1, 13.5], "texture": "#0"},
				"down": {"uv": [14, 1, 13.5, 2], "texture": "#0"}
			}
		},
		{
			"from": [-2.75, 12.5, 6.5],
			"to": [-2.25, 14, 7],
			"rotation": {"angle": 0, "axis": "y", "origin": [16, 0, 0]},
			"faces": {
				"north": {"uv": [7, 6, 8, 7.5], "texture": "#0"},
				"east": {"uv": [3, 7.5, 4, 9], "texture": "#0"},
				"south": {"uv": [4, 7.5, 5, 9], "texture": "#0"},
				"west": {"uv": [5, 7.5, 6, 9], "texture": "#0"},
				"up": {"uv": [4, 11, 3, 10], "texture": "#0"},
				"down": {"uv": [7, 10, 6, 11], "texture": "#0"}
			}
		},
		{
			"from": [1.35, 23.85, 6.1],
			"to": [4.65, 24.4, 7.4],
			"rotation": {"angle": 22.5, "axis": "z", "origin": [16, 0, 0]},
			"faces": {
				"north": {"uv": [10, 3, 12, 3.5], "texture": "#0"},
				"east": {"uv": [13.5, 2, 14.5, 2.5], "texture": "#0"},
				"south": {"uv": [7, 10, 9, 10.5], "texture": "#0"},
				"west": {"uv": [13.5, 2.5, 14.5, 3], "texture": "#0"},
				"up": {"uv": [7, 3, 5, 2], "texture": "#0"},
				"down": {"uv": [5, 5, 3, 6], "texture": "#0"}
			}
		},
		{
			"from": [-10.65, 5.85, 6.1],
			"to": [-9.6, 7.9, 7.4],
			"rotation": {"angle": -22.5, "axis": "z", "origin": [16, 0, 1]},
			"faces": {
				"north": {"uv": [1.5, 13.5, 2, 14.5], "texture": "#0"},
				"east": {"uv": [9, 10, 10, 11], "texture": "#0"},
				"south": {"uv": [3, 13.5, 3.5, 14.5], "texture": "#0"},
				"west": {"uv": [10, 10, 11, 11], "texture": "#0"},
				"up": {"uv": [4, 14.5, 3.5, 13.5], "texture": "#0"},
				"down": {"uv": [4.5, 13.5, 4, 14.5], "texture": "#0"}
			}
		},
		{
			"from": [-6.15, 13.1, 6.1],
			"to": [-5.35, 15.4, 7.4],
			"rotation": {"angle": 0, "axis": "y", "origin": [16, 0, 0]},
			"faces": {
				"north": {"uv": [9.5, 11, 10, 12.5], "texture": "#0"},
				"east": {"uv": [6, 7.5, 7, 9], "texture": "#0"},
				"south": {"uv": [10, 11, 10.5, 12.5], "texture": "#0"},
				"west": {"uv": [7, 7.5, 8, 9], "texture": "#0"},
				"up": {"uv": [5, 14.5, 4.5, 13.5], "texture": "#0"},
				"down": {"uv": [5.5, 13.5, 5, 14.5], "texture": "#0"}
			}
		},
		{
			"from": [-6.5, 10.75, 6.5],
			"to": [-6, 12.25, 7],
			"rotation": {"angle": 0, "axis": "y", "origin": [16, 0, 0]},
			"faces": {
				"north": {"uv": [0, 8, 1, 9.5], "texture": "#0"},
				"east": {"uv": [8, 0, 9, 1.5], "texture": "#0"},
				"south": {"uv": [8, 1.5, 9, 3], "texture": "#0"},
				"west": {"uv": [8, 3, 9, 4.5], "texture": "#0"},
				"up": {"uv": [1, 11.5, 0, 10.5], "texture": "#0"},
				"down": {"uv": [3, 10.5, 2, 11.5], "texture": "#0"}
			}
		},
		{
			"from": [-9.45, 2.55, 6.3],
			"to": [-8.8, 4.2, 7.2],
			"rotation": {"angle": -22.5, "axis": "z", "origin": [16, 0, 1]},
			"faces": {
				"north": {"uv": [5.5, 13.5, 6, 14.5], "texture": "#0"},
				"east": {"uv": [4, 10.5, 5, 11.5], "texture": "#0"},
				"south": {"uv": [6, 13.5, 6.5, 14.5], "texture": "#0"},
				"west": {"uv": [10.5, 4, 11.5, 5], "texture": "#0"},
				"up": {"uv": [14, 7, 13.5, 6], "texture": "#0"},
				"down": {"uv": [7, 13.5, 6.5, 14.5], "texture": "#0"}
			}
		},
		{
			"from": [11.85, 27.6, 6.35],
			"to": [12.4, 30.15, 7.15],
			"rotation": {"angle": 45, "axis": "z", "origin": [16, 0, 1]},
			"faces": {
				"north": {"uv": [11, 10, 11.5, 11.5], "texture": "#0"},
				"east": {"uv": [10.5, 11, 11, 12.5], "texture": "#0"},
				"south": {"uv": [0, 11.5, 0.5, 13], "texture": "#0"},
				"west": {"uv": [0.5, 11.5, 1, 13], "texture": "#0"},
				"up": {"uv": [15, 6, 14.5, 5.5], "texture": "#0"},
				"down": {"uv": [6.5, 14.5, 6, 15], "texture": "#0"}
			}
		},
		{
			"from": [0.6, 26.1, 6.35],
			"to": [1.15, 27.4, 7.15],
			"rotation": {"angle": 22.5, "axis": "z", "origin": [16, 0, 1]},
			"faces": {
				"north": {"uv": [13.5, 7, 14, 8], "texture": "#0"},
				"east": {"uv": [7.5, 13.5, 8, 14.5], "texture": "#0"},
				"south": {"uv": [8, 13.5, 8.5, 14.5], "texture": "#0"},
				"west": {"uv": [13.5, 8, 14, 9], "texture": "#0"},
				"up": {"uv": [15, 6.5, 14.5, 6], "texture": "#0"},
				"down": {"uv": [7, 14.5, 6.5, 15], "texture": "#0"}
			}
		},
		{
			"from": [-14.4, 8.1, 6.35],
			"to": [-13.85, 9.4, 7.15],
			"rotation": {"angle": -22.5, "axis": "z", "origin": [16, 0, 1]},
			"faces": {
				"north": {"uv": [9, 13.5, 9.5, 14.5], "texture": "#0"},
				"east": {"uv": [9.5, 13.5, 10, 14.5], "texture": "#0"},
				"south": {"uv": [10, 13.5, 10.5, 14.5], "texture": "#0"},
				"west": {"uv": [10.5, 13.5, 11, 14.5], "texture": "#0"},
				"up": {"uv": [15, 7, 14.5, 6.5], "texture": "#0"},
				"down": {"uv": [15, 7, 14.5, 7.5], "texture": "#0"}
			}
		},
		{
			"from": [-15.15, -6.4, 6.35],
			"to": [-14.6, -3.85, 7.15],
			"rotation": {"angle": -45, "axis": "z", "origin": [16, 0, 1]},
			"faces": {
				"north": {"uv": [11.5, 1, 12, 2.5], "texture": "#0"},
				"east": {"uv": [2, 11.5, 2.5, 13], "texture": "#0"},
				"south": {"uv": [2.5, 11.5, 3, 13], "texture": "#0"},
				"west": {"uv": [11.5, 3.5, 12, 5], "texture": "#0"},
				"up": {"uv": [8, 15, 7.5, 14.5], "texture": "#0"},
				"down": {"uv": [15, 7.5, 14.5, 8], "texture": "#0"}
			}
		},
		{
			"from": [-15.05, 4.45, 6.45],
			"to": [-14.7, 6.05, 7.05],
			"rotation": {"angle": -22.5, "axis": "z", "origin": [16, 0, 1]},
			"faces": {
				"north": {"uv": [12, 13.5, 12.5, 14.5], "texture": "#0"},
				"east": {"uv": [13.5, 12, 14, 13], "texture": "#0"},
				"south": {"uv": [12.5, 13.5, 13, 14.5], "texture": "#0"},
				"west": {"uv": [13.5, 13, 14, 14], "texture": "#0"},
				"up": {"uv": [8.5, 15, 8, 14.5], "texture": "#0"},
				"down": {"uv": [15, 8, 14.5, 8.5], "texture": "#0"}
			}
		},
		{
			"from": [-10.95, 14.55, 6.55],
			"to": [-10.8, 15.95, 6.95],
			"rotation": {"angle": 0, "axis": "y", "origin": [16, 0, 1]},
			"faces": {
				"north": {"uv": [0, 14, 0.5, 15], "texture": "#0"},
				"east": {"uv": [14, 0, 14.5, 1], "texture": "#0"},
				"south": {"uv": [0.5, 14, 1, 15], "texture": "#0"},
				"west": {"uv": [14, 1, 14.5, 2], "texture": "#0"},
				"up": {"uv": [15, 9, 14.5, 8.5], "texture": "#0"},
				"down": {"uv": [9.5, 14.5, 9, 15], "texture": "#0"}
			}
		},
		{
			"from": [-3.1, 22.65, 6.65],
			"to": [-3.15, 23.85, 6.85],
			"rotation": {"angle": 22.5, "axis": "z", "origin": [16, 0, 1]},
			"faces": {
				"north": {"uv": [2, 14, 2.5, 15], "texture": "#0"},
				"east": {"uv": [2.5, 14, 3, 15], "texture": "#0"},
				"south": {"uv": [14, 3, 14.5, 4], "texture": "#0"},
				"west": {"uv": [14, 4, 14.5, 5], "texture": "#0"},
				"up": {"uv": [15, 9.5, 14.5, 9], "texture": "#0"},
				"down": {"uv": [10, 14.5, 9.5, 15], "texture": "#0"}
			}
		},
		{
			"from": [-10.4, 8.1, 6.35],
			"to": [-9.85, 9.4, 7.15],
			"rotation": {"angle": -22.5, "axis": "z", "origin": [16, 0, 1]},
			"faces": {
				"north": {"uv": [14, 5, 14.5, 6], "texture": "#0"},
				"east": {"uv": [14, 6, 14.5, 7], "texture": "#0"},
				"south": {"uv": [7, 14, 7.5, 15], "texture": "#0"},
				"west": {"uv": [14, 7, 14.5, 8], "texture": "#0"},
				"up": {"uv": [15, 10, 14.5, 9.5], "texture": "#0"},
				"down": {"uv": [10.5, 14.5, 10, 15], "texture": "#0"}
			}
		},
		{
			"from": [-7.4, 9.6, 6.35],
			"to": [-6.85, 10.9, 7.15],
			"rotation": {"angle": -22.5, "axis": "z", "origin": [16, 0, 1]},
			"faces": {
				"north": {"uv": [14, 8, 14.5, 9], "texture": "#0"},
				"east": {"uv": [8.5, 14, 9, 15], "texture": "#0"},
				"south": {"uv": [14, 9, 14.5, 10], "texture": "#0"},
				"west": {"uv": [14, 10, 14.5, 11], "texture": "#0"},
				"up": {"uv": [15, 10.5, 14.5, 10], "texture": "#0"},
				"down": {"uv": [11, 14.5, 10.5, 15], "texture": "#0"}
			}
		}
	],
	"display": {
		"thirdperson_righthand": {
			"rotation": [4, -77, 0],
			"translation": [0, -1.5, 0],
			"scale": [0.36, 0.35, 0.34]
		},
		"thirdperson_lefthand": {
			"rotation": [4, -77, 0],
			"translation": [0, -1.5, 0],
			"scale": [0.36, 0.35, 0.34]
		},
		"firstperson_righthand": {
			"rotation": [-3, -59, -23],
			"translation": [3, -1, 0],
			"scale": [0.32, 0.33, 0.31]
		},
		"firstperson_lefthand": {
			"rotation": [-3, -59, -23],
			"translation": [3, -1, 0],
			"scale": [0.32, 0.33, 0.31]
		},
		"ground": {
			"rotation": [32, 0, 0],
			"translation": [0, -5, 0],
			"scale": [0.31, 0.31, 0.33]
		},
		"gui": {
			"rotation": [-30, -26, 0],
			"translation": [0, -4.75, 0],
			"scale": [0.5, 0.51, 0.49]
		},
		"head": {
			"translation": [0, -18.25, 6.25],
			"scale": [2.25, 1.54, 1.99]
		},
		"fixed": {
			"translation": [0, -6.25, 0]
		}
	}
}