{
	"credit": "Made with Blockbench",
	"texture_size": [32, 32],
	"textures": {
		"0": "custom/hut/holzfaellerhut",
		"particle": "custom/hut/holzfaellerhut"
	},
	"elements": [
		{
			"from": [2.25, -0.25, 1.25],
			"to": [4, 0.5, 2],
			"faces": {
				"north": {"uv": [7, 8, 8, 8.5], "texture": "#0"},
				"east": {"uv": [6, 9.5, 6.5, 10], "texture": "#0"},
				"south": {"uv": [8, 7, 9, 7.5], "texture": "#0"},
				"west": {"uv": [6.5, 9.5, 7, 10], "texture": "#0"},
				"up": {"uv": [9, 8, 8, 7.5], "texture": "#0"},
				"down": {"uv": [9, 8, 8, 8.5], "texture": "#0"}
			}
		},
		{
			"from": [2.25, -0.25, 2],
			"to": [4, 0.5, 3.75],
			"faces": {
				"north": {"uv": [8.5, 0, 9.5, 0.5], "texture": "#0"},
				"east": {"uv": [8.5, 0.5, 9.5, 1], "texture": "#0"},
				"south": {"uv": [8.5, 1, 9.5, 1.5], "texture": "#0"},
				"west": {"uv": [8.5, 1.5, 9.5, 2], "texture": "#0"},
				"up": {"uv": [1, 5, 0, 4], "texture": "#0"},
				"down": {"uv": [2, 4, 1, 5], "texture": "#0"}
			}
		},
		{
			"from": [2.25, -0.25, 3.75],
			"to": [4, 0.5, 5],
			"faces": {
				"north": {"uv": [8.5, 2, 9.5, 2.5], "texture": "#0"},
				"east": {"uv": [2, 9.5, 2.75, 10], "texture": "#0"},
				"south": {"uv": [8.5, 2.5, 9.5, 3], "texture": "#0"},
				"west": {"uv": [9.5, 2, 10.25, 2.5], "texture": "#0"},
				"up": {"uv": [3, 8.75, 2, 8], "texture": "#0"},
				"down": {"uv": [4, 8, 3, 8.75], "texture": "#0"}
			}
		},
		{
			"from": [4, -0.25, 1.25],
			"to": [5.75, 0.5, 2],
			"faces": {
				"north": {"uv": [2, 9, 3, 9.5], "texture": "#0"},
				"east": {"uv": [7, 9.5, 7.5, 10], "texture": "#0"},
				"south": {"uv": [3, 9, 4, 9.5], "texture": "#0"},
				"west": {"uv": [7.5, 9.5, 8, 10], "texture": "#0"},
				"up": {"uv": [5, 9.5, 4, 9], "texture": "#0"},
				"down": {"uv": [10, 4, 9, 4.5], "texture": "#0"}
			}
		},
		{
			"from": [4, -0.25, 2],
			"to": [5.75, 0.5, 3.75],
			"faces": {
				"north": {"uv": [7, 8.5, 8, 9], "texture": "#0"},
				"east": {"uv": [8, 8.5, 9, 9], "texture": "#0"},
				"south": {"uv": [0, 9, 1, 9.5], "texture": "#0"},
				"west": {"uv": [1, 9, 2, 9.5], "texture": "#0"},
				"up": {"uv": [3, 5, 2, 4], "texture": "#0"},
				"down": {"uv": [4, 4, 3, 5], "texture": "#0"}
			}
		},
		{
			"from": [4, -0.25, 3.75],
			"to": [5.75, 0.5, 5],
			"faces": {
				"north": {"uv": [8.5, 3, 9.5, 3.5], "texture": "#0"},
				"east": {"uv": [9.5, 2.5, 10.25, 3], "texture": "#0"},
				"south": {"uv": [8.5, 3.5, 9.5, 4], "texture": "#0"},
				"west": {"uv": [3, 9.5, 3.75, 10], "texture": "#0"},
				"up": {"uv": [5, 8.75, 4, 8], "texture": "#0"},
				"down": {"uv": [9, 4, 8, 4.75], "texture": "#0"}
			}
		},
		{
			"from": [5.75, -0.25, 1.25],
			"to": [7.5, 0.5, 2],
			"faces": {
				"north": {"uv": [9, 6.5, 10, 7], "texture": "#0"},
				"east": {"uv": [8, 9.5, 8.5, 10], "texture": "#0"},
				"south": {"uv": [7, 9, 8, 9.5], "texture": "#0"},
				"west": {"uv": [8.5, 9.5, 9, 10], "texture": "#0"},
				"up": {"uv": [10, 7.5, 9, 7], "texture": "#0"},
				"down": {"uv": [10, 7.5, 9, 8], "texture": "#0"}
			}
		},
		{
			"from": [5.75, -0.25, 2],
			"to": [7.5, 0.5, 3.75],
			"faces": {
				"north": {"uv": [9, 5, 10, 5.5], "texture": "#0"},
				"east": {"uv": [9, 5.5, 10, 6], "texture": "#0"},
				"south": {"uv": [6, 9, 7, 9.5], "texture": "#0"},
				"west": {"uv": [9, 6, 10, 6.5], "texture": "#0"},
				"up": {"uv": [5, 5, 4, 4], "texture": "#0"},
				"down": {"uv": [5.5, 0, 4.5, 1], "texture": "#0"}
			}
		},
		{
			"from": [5.75, -0.25, 3.75],
			"to": [7.5, 0.5, 5],
			"faces": {
				"north": {"uv": [9, 4.5, 10, 5], "texture": "#0"},
				"east": {"uv": [9.5, 3, 10.25, 3.5], "texture": "#0"},
				"south": {"uv": [5, 9, 6, 9.5], "texture": "#0"},
				"west": {"uv": [9.5, 3.5, 10.25, 4], "texture": "#0"},
				"up": {"uv": [6, 8.75, 5, 8], "texture": "#0"},
				"down": {"uv": [9, 5, 8, 5.75], "texture": "#0"}
			}
		},
		{
			"from": [7.5, -0.25, 1.25],
			"to": [9.25, 0.5, 2],
			"faces": {
				"north": {"uv": [9.5, 0.5, 10.5, 1], "texture": "#0"},
				"east": {"uv": [9, 9.5, 9.5, 10], "texture": "#0"},
				"south": {"uv": [1, 9.5, 2, 10], "texture": "#0"},
				"west": {"uv": [9.5, 9.5, 10, 10], "texture": "#0"},
				"up": {"uv": [10.5, 1.5, 9.5, 1], "texture": "#0"},
				"down": {"uv": [10.5, 1.5, 9.5, 2], "texture": "#0"}
			}
		},
		{
			"from": [7.5, -0.25, 2],
			"to": [9.25, 0.5, 3.75],
			"faces": {
				"north": {"uv": [9, 8.5, 10, 9], "texture": "#0"},
				"east": {"uv": [9, 9, 10, 9.5], "texture": "#0"},
				"south": {"uv": [0, 9.5, 1, 10], "texture": "#0"},
				"west": {"uv": [9.5, 0, 10.5, 0.5], "texture": "#0"},
				"up": {"uv": [5.5, 2, 4.5, 1], "texture": "#0"},
				"down": {"uv": [5.5, 2, 4.5, 3], "texture": "#0"}
			}
		},
		{
			"from": [7.5, -0.25, 3.75],
			"to": [9.25, 0.5, 5],
			"faces": {
				"north": {"uv": [8, 9, 9, 9.5], "texture": "#0"},
				"east": {"uv": [4, 9.5, 4.75, 10], "texture": "#0"},
				"south": {"uv": [9, 8, 10, 8.5], "texture": "#0"},
				"west": {"uv": [5, 9.5, 5.75, 10], "texture": "#0"},
				"up": {"uv": [7, 8.75, 6, 8], "texture": "#0"},
				"down": {"uv": [9, 6, 8, 6.75], "texture": "#0"}
			}
		},
		{
			"from": [2.5, 0, 4],
			"to": [4.5, 2, 6],
			"faces": {
				"north": {"uv": [4.5, 3, 5.5, 4], "texture": "#0"},
				"east": {"uv": [0, 5, 1, 6], "texture": "#0"},
				"south": {"uv": [1, 5, 2, 6], "texture": "#0"},
				"west": {"uv": [2, 5, 3, 6], "texture": "#0"},
				"up": {"uv": [4, 6, 3, 5], "texture": "#0"},
				"down": {"uv": [5, 5, 4, 6], "texture": "#0"}
			}
		},
		{
			"from": [2.5, 0, 6],
			"to": [4.5, 2, 8],
			"faces": {
				"north": {"uv": [2, 6, 3, 7], "texture": "#0"},
				"east": {"uv": [3, 6, 4, 7], "texture": "#0"},
				"south": {"uv": [4, 6, 5, 7], "texture": "#0"},
				"west": {"uv": [6, 4, 7, 5], "texture": "#0"},
				"up": {"uv": [6, 7, 5, 6], "texture": "#0"},
				"down": {"uv": [7, 5, 6, 6], "texture": "#0"}
			}
		},
		{
			"from": [2.5, 0, 8],
			"to": [4.5, 2, 10],
			"faces": {
				"north": {"uv": [6, 6, 7, 7], "texture": "#0"},
				"east": {"uv": [6.5, 0, 7.5, 1], "texture": "#0"},
				"south": {"uv": [6.5, 1, 7.5, 2], "texture": "#0"},
				"west": {"uv": [6.5, 2, 7.5, 3], "texture": "#0"},
				"up": {"uv": [7.5, 4, 6.5, 3], "texture": "#0"},
				"down": {"uv": [1, 7, 0, 8], "texture": "#0"}
			}
		},
		{
			"from": [4.5, 0, 8],
			"to": [6.5, 2, 10],
			"faces": {
				"north": {"uv": [7, 4, 8, 5], "texture": "#0"},
				"east": {"uv": [5, 7, 6, 8], "texture": "#0"},
				"south": {"uv": [7, 5, 8, 6], "texture": "#0"},
				"west": {"uv": [6, 7, 7, 8], "texture": "#0"},
				"up": {"uv": [8, 7, 7, 6], "texture": "#0"},
				"down": {"uv": [8, 7, 7, 8], "texture": "#0"}
			}
		},
		{
			"from": [4.5, 0, 6],
			"to": [6.5, 2, 8],
			"faces": {
				"north": {"uv": [7.5, 0, 8.5, 1], "texture": "#0"},
				"east": {"uv": [7.5, 1, 8.5, 2], "texture": "#0"},
				"south": {"uv": [7.5, 2, 8.5, 3], "texture": "#0"},
				"west": {"uv": [7.5, 3, 8.5, 4], "texture": "#0"},
				"up": {"uv": [1, 9, 0, 8], "texture": "#0"},
				"down": {"uv": [2, 8, 1, 9], "texture": "#0"}
			}
		},
		{
			"from": [5.25, 1.5, 6.5],
			"to": [6.25, 2.5, 7.5],
			"faces": {
				"north": {"uv": [0, 10, 0.5, 10.5], "texture": "#0"},
				"east": {"uv": [0.5, 10, 1, 10.5], "texture": "#0"},
				"south": {"uv": [1, 10, 1.5, 10.5], "texture": "#0"},
				"west": {"uv": [1.5, 10, 2, 10.5], "texture": "#0"},
				"up": {"uv": [2.5, 10.5, 2, 10], "texture": "#0"},
				"down": {"uv": [3, 10, 2.5, 10.5], "texture": "#0"}
			}
		},
		{
			"from": [4.5, 0, 4],
			"to": [6.5, 2, 6],
			"faces": {
				"north": {"uv": [5, 4, 6, 5], "texture": "#0"},
				"east": {"uv": [5, 5, 6, 6], "texture": "#0"},
				"south": {"uv": [5.5, 0, 6.5, 1], "texture": "#0"},
				"west": {"uv": [5.5, 1, 6.5, 2], "texture": "#0"},
				"up": {"uv": [6.5, 3, 5.5, 2], "texture": "#0"},
				"down": {"uv": [6.5, 3, 5.5, 4], "texture": "#0"}
			}
		},
		{
			"from": [6.5, 0, 4],
			"to": [9, 2, 6],
			"faces": {
				"north": {"uv": [0, 0, 1.25, 1], "texture": "#0"},
				"east": {"uv": [0, 6, 1, 7], "texture": "#0"},
				"south": {"uv": [0, 1, 1.25, 2], "texture": "#0"},
				"west": {"uv": [1, 6, 2, 7], "texture": "#0"},
				"up": {"uv": [2.75, 1, 1.5, 0], "texture": "#0"},
				"down": {"uv": [2.75, 1, 1.5, 2], "texture": "#0"}
			}
		},
		{
			"from": [6.5, 0, 6],
			"to": [9, 2, 8],
			"faces": {
				"north": {"uv": [0, 2, 1.25, 3], "texture": "#0"},
				"east": {"uv": [1, 7, 2, 8], "texture": "#0"},
				"south": {"uv": [1.5, 2, 2.75, 3], "texture": "#0"},
				"west": {"uv": [2, 7, 3, 8], "texture": "#0"},
				"up": {"uv": [1.25, 4, 0, 3], "texture": "#0"},
				"down": {"uv": [4.25, 0, 3, 1], "texture": "#0"}
			}
		},
		{
			"from": [6.5, 0, 8],
			"to": [9, 2, 10],
			"faces": {
				"north": {"uv": [3, 1, 4.25, 2], "texture": "#0"},
				"east": {"uv": [3, 7, 4, 8], "texture": "#0"},
				"south": {"uv": [1.5, 3, 2.75, 4], "texture": "#0"},
				"west": {"uv": [4, 7, 5, 8], "texture": "#0"},
				"up": {"uv": [4.25, 3, 3, 2], "texture": "#0"},
				"down": {"uv": [4.25, 3, 3, 4], "texture": "#0"}
			}
		}
	],
	"display": {
		"thirdperson_righthand": {
			"rotation": [7, 38, 0],
			"translation": [2.25, 8.25, 0]
		},
		"thirdperson_lefthand": {
			"rotation": [7, 38, 0],
			"translation": [-0.25, 8.25, 1.25]
		},
		"firstperson_righthand": {
			"rotation": [-7, 42, 0],
			"translation": [0, 8.75, 3],
			"scale": [0.68, 0.67, 0.69]
		},
		"firstperson_lefthand": {
			"rotation": [-7, 42, 0],
			"translation": [0, 8, 3],
			"scale": [0.68, 0.67, 0.69]
		},
		"ground": {
			"translation": [2, 5.25, 1.5]
		},
		"gui": {
			"rotation": [5, 134, -8],
			"translation": [-1, 7.5, 0],
			"scale": [1.49, 1.43, 1.38]
		},
		"head": {
			"translation": [5.75, 22, 3.25],
			"scale": [2.43, 2.1, 2.68]
		},
		"fixed": {
			"rotation": [-26, 0, 0],
			"translation": [3.75, 11, -1.5],
			"scale": [1.47, 1.47, 1.47]
		}
	}
}