{
	"credit": "Made with Blockbench",
	"texture_size": [32, 32],
	"textures": {
		"2": "custom/hut/holzfaellerhutkopf",
		"particle": "custom/hut/holzfaellerhutkopf"
	},
	"elements": [
		{
			"from": [5, 24, 2.5],
			"to": [11.75, 28.55, 9.5],
			"faces": {
				"north": {"uv": [5, 7, 8.5, 9], "texture": "#2"},
				"east": {"uv": [7.5, 0, 11, 2], "texture": "#2"},
				"south": {"uv": [7.5, 2, 11, 4], "texture": "#2"},
				"west": {"uv": [7.5, 4, 11, 6], "texture": "#2"},
				"up": {"uv": [7.5, 3.5, 4, 0], "texture": "#2"},
				"down": {"uv": [7.5, 3.5, 4, 7], "texture": "#2"}
			}
		},
		{
			"from": [8, 24, 9],
			"to": [10, 25, 9.75],
			"faces": {
				"north": {"uv": [12, 5, 13, 5.5], "texture": "#2"},
				"east": {"uv": [4, 12.5, 4.5, 13], "texture": "#2"},
				"south": {"uv": [5, 13, 6, 13.5], "texture": "#2"},
				"west": {"uv": [14, 11.5, 14.5, 12], "texture": "#2"},
				"up": {"uv": [14, 5.5, 13, 5], "texture": "#2"},
				"down": {"uv": [7, 13, 6, 13.5], "texture": "#2"}
			}
		},
		{
			"from": [10, 24, 9],
			"to": [12, 25, 9.75],
			"faces": {
				"north": {"uv": [7, 13, 8, 13.5], "texture": "#2"},
				"east": {"uv": [14, 12, 14.5, 12.5], "texture": "#2"},
				"south": {"uv": [13, 10.5, 14, 11], "texture": "#2"},
				"west": {"uv": [12.5, 14, 13, 14.5], "texture": "#2"},
				"up": {"uv": [14, 11.5, 13, 11], "texture": "#2"},
				"down": {"uv": [14, 11.5, 13, 12], "texture": "#2"}
			}
		},
		{
			"from": [4.75, 24, 9],
			"to": [6, 25, 9.75],
			"faces": {
				"north": {"uv": [3, 14, 3.75, 14.5], "texture": "#2"},
				"east": {"uv": [14, 12.5, 14.5, 13], "texture": "#2"},
				"south": {"uv": [14, 3, 14.75, 3.5], "texture": "#2"},
				"west": {"uv": [14, 13, 14.5, 13.5], "texture": "#2"},
				"up": {"uv": [14.75, 4, 14, 3.5], "texture": "#2"},
				"down": {"uv": [4.75, 14, 4, 14.5], "texture": "#2"}
			}
		},
		{
			"from": [4.75, 26, 9],
			"to": [6.25, 26.5, 9.75],
			"faces": {
				"north": {"uv": [14.5, 1.5, 15.25, 1.75], "texture": "#2"},
				"east": {"uv": [14.5, 10, 15, 10.25], "texture": "#2"},
				"south": {"uv": [7.5, 14.5, 8.25, 14.75], "texture": "#2"},
				"west": {"uv": [12.5, 14.5, 13, 14.75], "texture": "#2"},
				"up": {"uv": [14.75, 4.5, 14, 4], "texture": "#2"},
				"down": {"uv": [14.75, 4.5, 14, 5], "texture": "#2"}
			}
		},
		{
			"from": [10.5, 26, 9],
			"to": [12, 26.5, 9.75],
			"faces": {
				"north": {"uv": [14.5, 8, 15.25, 8.25], "texture": "#2"},
				"east": {"uv": [14.5, 12.5, 15, 12.75], "texture": "#2"},
				"south": {"uv": [14.5, 8.5, 15.25, 8.75], "texture": "#2"},
				"west": {"uv": [13, 14.5, 13.5, 14.75], "texture": "#2"},
				"up": {"uv": [5.75, 14.5, 5, 14], "texture": "#2"},
				"down": {"uv": [14.75, 5, 14, 5.5], "texture": "#2"}
			}
		},
		{
			"from": [6, 24, 9],
			"to": [8, 25, 9.75],
			"faces": {
				"north": {"uv": [13, 12, 14, 12.5], "texture": "#2"},
				"east": {"uv": [14, 13.5, 14.5, 14], "texture": "#2"},
				"south": {"uv": [13, 12.5, 14, 13], "texture": "#2"},
				"west": {"uv": [14, 14, 14.5, 14.5], "texture": "#2"},
				"up": {"uv": [14, 13.5, 13, 13], "texture": "#2"},
				"down": {"uv": [3, 13.5, 2, 14], "texture": "#2"}
			}
		},
		{
			"from": [4.75, 25, 9],
			"to": [6.75, 26, 9.75],
			"faces": {
				"north": {"uv": [3, 13.5, 4, 14], "texture": "#2"},
				"east": {"uv": [14.5, 0, 15, 0.5], "texture": "#2"},
				"south": {"uv": [5, 13.5, 6, 14], "texture": "#2"},
				"west": {"uv": [14.5, 0.5, 15, 1], "texture": "#2"},
				"up": {"uv": [7, 14, 6, 13.5], "texture": "#2"},
				"down": {"uv": [14.5, 6, 13.5, 6.5], "texture": "#2"}
			}
		},
		{
			"from": [10, 25, 9],
			"to": [12, 26, 9.75],
			"faces": {
				"north": {"uv": [13.5, 6.5, 14.5, 7], "texture": "#2"},
				"east": {"uv": [1, 14.5, 1.5, 15], "texture": "#2"},
				"south": {"uv": [7, 13.5, 8, 14], "texture": "#2"},
				"west": {"uv": [14.5, 1, 15, 1.5], "texture": "#2"},
				"up": {"uv": [14.5, 7.5, 13.5, 7], "texture": "#2"},
				"down": {"uv": [14.5, 7.5, 13.5, 8], "texture": "#2"}
			}
		},
		{
			"from": [4.75, 24, 7],
			"to": [5, 25.25, 9],
			"faces": {
				"north": {"uv": [8.5, 14.5, 8.75, 15.25], "texture": "#2"},
				"east": {"uv": [4.5, 12, 5.5, 12.75], "texture": "#2"},
				"south": {"uv": [14.5, 9, 14.75, 9.75], "texture": "#2"},
				"west": {"uv": [5.5, 12, 6.5, 12.75], "texture": "#2"},
				"up": {"uv": [1.75, 15.5, 1.5, 14.5], "texture": "#2"},
				"down": {"uv": [2.25, 14.5, 2, 15.5], "texture": "#2"}
			}
		},
		{
			"from": [4.75, 24, 5],
			"to": [5, 25.25, 7],
			"faces": {
				"north": {"uv": [10, 14.5, 10.25, 15.25], "texture": "#2"},
				"east": {"uv": [6.5, 12, 7.5, 12.75], "texture": "#2"},
				"south": {"uv": [10.5, 14.5, 10.75, 15.25], "texture": "#2"},
				"west": {"uv": [12, 10.5, 13, 11.25], "texture": "#2"},
				"up": {"uv": [2.75, 15.5, 2.5, 14.5], "texture": "#2"},
				"down": {"uv": [3.25, 14.5, 3, 15.5], "texture": "#2"}
			}
		},
		{
			"from": [11.75, 24, 5],
			"to": [12, 25.25, 7],
			"faces": {
				"north": {"uv": [11, 14.5, 11.25, 15.25], "texture": "#2"},
				"east": {"uv": [12, 11.5, 13, 12.25], "texture": "#2"},
				"south": {"uv": [11.5, 14.5, 11.75, 15.25], "texture": "#2"},
				"west": {"uv": [2, 12.5, 3, 13.25], "texture": "#2"},
				"up": {"uv": [3.75, 15.5, 3.5, 14.5], "texture": "#2"},
				"down": {"uv": [4.25, 14.5, 4, 15.5], "texture": "#2"}
			}
		},
		{
			"from": [11.75, 24, 7],
			"to": [12, 25.25, 9],
			"faces": {
				"north": {"uv": [14.5, 11.5, 14.75, 12.25], "texture": "#2"},
				"east": {"uv": [3, 12.5, 4, 13.25], "texture": "#2"},
				"south": {"uv": [12, 14.5, 12.25, 15.25], "texture": "#2"},
				"west": {"uv": [12.5, 6, 13.5, 6.75], "texture": "#2"},
				"up": {"uv": [4.75, 15.5, 4.5, 14.5], "texture": "#2"},
				"down": {"uv": [5.25, 14.5, 5, 15.5], "texture": "#2"}
			}
		},
		{
			"from": [4.75, 25.25, 5],
			"to": [5, 26, 7],
			"faces": {
				"north": {"uv": [14.5, 13, 14.75, 13.5], "texture": "#2"},
				"east": {"uv": [13.5, 8, 14.5, 8.5], "texture": "#2"},
				"south": {"uv": [13.5, 14.5, 13.75, 15], "texture": "#2"},
				"west": {"uv": [13.5, 8.5, 14.5, 9], "texture": "#2"},
				"up": {"uv": [5.75, 15.5, 5.5, 14.5], "texture": "#2"},
				"down": {"uv": [14.75, 6, 14.5, 7], "texture": "#2"}
			}
		},
		{
			"from": [11.75, 25.25, 5],
			"to": [12, 26, 7],
			"faces": {
				"north": {"uv": [14.5, 13.5, 14.75, 14], "texture": "#2"},
				"east": {"uv": [11, 13.5, 12, 14], "texture": "#2"},
				"south": {"uv": [14, 14.5, 14.25, 15], "texture": "#2"},
				"west": {"uv": [12, 13.5, 13, 14], "texture": "#2"},
				"up": {"uv": [7.25, 15.5, 7, 14.5], "texture": "#2"},
				"down": {"uv": [14.75, 7, 14.5, 8], "texture": "#2"}
			}
		},
		{
			"from": [6.25, 26.25, 9],
			"to": [7.5, 27.5, 9.75],
			"faces": {
				"north": {"uv": [12.5, 7, 13.25, 7.75], "texture": "#2"},
				"east": {"uv": [6, 14, 6.5, 14.75], "texture": "#2"},
				"south": {"uv": [12.5, 8, 13.25, 8.75], "texture": "#2"},
				"west": {"uv": [6.5, 14, 7, 14.75], "texture": "#2"},
				"up": {"uv": [7.75, 14.5, 7, 14], "texture": "#2"},
				"down": {"uv": [8.75, 14, 8, 14.5], "texture": "#2"}
			}
		},
		{
			"from": [9.25, 26.25, 9],
			"to": [10.5, 27.5, 9.75],
			"faces": {
				"north": {"uv": [11, 12.5, 11.75, 13.25], "texture": "#2"},
				"east": {"uv": [9, 14, 9.5, 14.75], "texture": "#2"},
				"south": {"uv": [12, 12.5, 12.75, 13.25], "texture": "#2"},
				"west": {"uv": [9.5, 14, 10, 14.75], "texture": "#2"},
				"up": {"uv": [10.75, 14.5, 10, 14], "texture": "#2"},
				"down": {"uv": [14.75, 10.5, 14, 11], "texture": "#2"}
			}
		},
		{
			"from": [6, 18.25, 5],
			"to": [10.75, 24, 7.75],
			"faces": {
				"north": {"uv": [0, 7, 2.5, 10], "texture": "#2"},
				"east": {"uv": [5, 9, 6.5, 12], "texture": "#2"},
				"south": {"uv": [2.5, 7, 5, 10], "texture": "#2"},
				"west": {"uv": [6.5, 9, 8, 12], "texture": "#2"},
				"up": {"uv": [10.5, 10.5, 8, 9], "texture": "#2"},
				"down": {"uv": [2.5, 10, 0, 11.5], "texture": "#2"}
			}
		},
		{
			"from": [6.75, 13.5, 5.5],
			"to": [8.25, 18.25, 7],
			"faces": {
				"north": {"uv": [2.5, 10, 3.25, 12.5], "texture": "#2"},
				"east": {"uv": [3.5, 10, 4.25, 12.5], "texture": "#2"},
				"south": {"uv": [11, 2, 11.75, 4.5], "texture": "#2"},
				"west": {"uv": [0, 11.5, 0.75, 14], "texture": "#2"},
				"up": {"uv": [13.75, 2.75, 13, 2], "texture": "#2"},
				"down": {"uv": [13.75, 3, 13, 3.75], "texture": "#2"}
			}
		},
		{
			"from": [8.5, 13.5, 5.5],
			"to": [10, 18.25, 7],
			"faces": {
				"north": {"uv": [1, 11.5, 1.75, 14], "texture": "#2"},
				"east": {"uv": [8, 11.5, 8.75, 14], "texture": "#2"},
				"south": {"uv": [9, 11.5, 9.75, 14], "texture": "#2"},
				"west": {"uv": [10, 11.5, 10.75, 14], "texture": "#2"},
				"up": {"uv": [4.75, 13.75, 4, 13], "texture": "#2"},
				"down": {"uv": [13.75, 4, 13, 4.75], "texture": "#2"}
			}
		},
		{
			"from": [10.75, 22, 5.25],
			"to": [11.75, 24, 7],
			"faces": {
				"north": {"uv": [4.5, 10, 5, 11], "texture": "#2"},
				"east": {"uv": [7.5, 6, 8.5, 7], "texture": "#2"},
				"south": {"uv": [4.5, 11, 5, 12], "texture": "#2"},
				"west": {"uv": [11, 4.5, 12, 5.5], "texture": "#2"},
				"up": {"uv": [2.5, 12.5, 2, 11.5], "texture": "#2"},
				"down": {"uv": [8, 12, 7.5, 13], "texture": "#2"}
			}
		},
		{
			"from": [5, 22, 5.25],
			"to": [6, 24, 7],
			"faces": {
				"north": {"uv": [13, 13.5, 13.5, 14.5], "texture": "#2"},
				"east": {"uv": [11, 11.5, 12, 12.5], "texture": "#2"},
				"south": {"uv": [13.5, 13.5, 14, 14.5], "texture": "#2"},
				"west": {"uv": [12, 2, 13, 3], "texture": "#2"},
				"up": {"uv": [0.5, 15, 0, 14], "texture": "#2"},
				"down": {"uv": [1, 14, 0.5, 15], "texture": "#2"}
			}
		},
		{
			"from": [4.5, 28.6, 8.75],
			"to": [12.25, 29, 11.5],
			"faces": {
				"north": {"uv": [10.5, 10, 14.5, 10.25], "texture": "#2"},
				"east": {"uv": [11, 14, 12.5, 14.25], "texture": "#2"},
				"south": {"uv": [11, 5.5, 15, 5.75], "texture": "#2"},
				"west": {"uv": [14, 11, 15.5, 11.25], "texture": "#2"},
				"up": {"uv": [12.5, 7.5, 8.5, 6], "texture": "#2"},
				"down": {"uv": [12.5, 7.5, 8.5, 9], "texture": "#2"}
			}
		},
		{
			"from": [4.65, 28.6, 2],
			"to": [12.1, 30, 8.75],
			"faces": {
				"north": {"uv": [8, 10.5, 11.75, 11.25], "texture": "#2"},
				"east": {"uv": [11, 0, 14.5, 0.75], "texture": "#2"},
				"south": {"uv": [10.5, 9, 14.25, 9.75], "texture": "#2"},
				"west": {"uv": [11, 1, 14.5, 1.75], "texture": "#2"},
				"up": {"uv": [3.75, 3.5, 0, 0], "texture": "#2"},
				"down": {"uv": [3.75, 3.5, 0, 7], "texture": "#2"}
			}
		},
		{
			"from": [7.4, 29.7, 5.1],
			"to": [9.4, 30.7, 7.1],
			"faces": {
				"north": {"uv": [1, 14, 2, 14.5], "texture": "#2"},
				"east": {"uv": [2, 14, 3, 14.5], "texture": "#2"},
				"south": {"uv": [14, 2, 15, 2.5], "texture": "#2"},
				"west": {"uv": [14, 2.5, 15, 3], "texture": "#2"},
				"up": {"uv": [13, 4, 12, 3], "texture": "#2"},
				"down": {"uv": [13, 4, 12, 5], "texture": "#2"}
			}
		}
	],
	"display": {
		"thirdperson_righthand": {
			"rotation": [26, -106, 0],
			"translation": [-1, -7.75, -2.75]
		},
		"thirdperson_lefthand": {
			"rotation": [26, -106, 0],
			"translation": [-1, -9.5, -2]
		},
		"firstperson_righthand": {
			"rotation": [0, -52, 0],
			"translation": [0, -8.25, 0]
		},
		"firstperson_lefthand": {
			"rotation": [3, -56, 0],
			"translation": [0.5, -8.5, 0]
		},
		"ground": {
			"translation": [0, -9.25, 0]
		},
		"gui": {
			"rotation": [5, -17, 0],
			"translation": [-0.25, -13.25, 0],
			"scale": [0.9, 0.9, 0.89]
		},
		"head": {
			"rotation": [0, 180, 0],
			"translation": [1, -46.25, -4.75],
			"scale": [2.61, 2.59, 2.5]
		},
		"fixed": {
			"rotation": [0, -180, 0],
			"translation": [1, -31.75, -10],
			"scale": [2.34, 2.32, 2.25]
		}
	},
	"groups": [
		{
			"name": "group",
			"origin": [8, 8, 8],
			"color": 0,
			"children": [0, 1, 2, 3, 4, 5, 6, 7, 8, 9, 10, 11, 12, 13, 14]
		},
		15,
		16,
		17,
		18,
		19,
		20,
		21,
		22,
		23,
		24
	]
}