{
	"credit": "Made with Blockbench",
	"texture_size": [64, 64],
	"textures": {
		"3": "custom/hut/kochkopf",
		"particle": "custom/hut/kochkopf"
	},
	"elements": [
		{
			"from": [5, 24, 2.5],
			"to": [11.75, 27.75, 9.5],
			"faces": {
				"north": {"uv": [4, 0, 5.75, 1], "texture": "#3"},
				"east": {"uv": [4, 1, 5.75, 2], "texture": "#3"},
				"south": {"uv": [4, 2, 5.75, 3], "texture": "#3"},
				"west": {"uv": [0, 4.5, 1.75, 5.5], "texture": "#3"},
				"up": {"uv": [4, 1.75, 2.25, 0], "texture": "#3"},
				"down": {"uv": [4, 1.75, 2.25, 3.5], "texture": "#3"}
			}
		},
		{
			"from": [7.4, 25.2, 9],
			"to": [9.3, 25.8, 9.75],
			"faces": {
				"north": {"uv": [2.5, 7.25, 3, 7.375], "texture": "#3"},
				"east": {"uv": [7.75, 7.75, 8, 7.875], "texture": "#3"},
				"south": {"uv": [7.25, 2.5, 7.75, 2.625], "texture": "#3"},
				"west": {"uv": [0, 8, 0.25, 8.125], "texture": "#3"},
				"up": {"uv": [6.75, 1.75, 6.25, 1.5], "texture": "#3"},
				"down": {"uv": [6.75, 1.75, 6.25, 2], "texture": "#3"}
			}
		},
		{
			"from": [10.4, 25.2, 9],
			"to": [12.3, 25.8, 9.75],
			"faces": {
				"north": {"uv": [5.25, 7.75, 5.75, 7.875], "texture": "#3"},
				"east": {"uv": [8.25, 1.5, 8.5, 1.625], "texture": "#3"},
				"south": {"uv": [7.75, 5.25, 8.25, 5.375], "texture": "#3"},
				"west": {"uv": [1.75, 8.25, 2, 8.375], "texture": "#3"},
				"up": {"uv": [3.5, 7.25, 3, 7], "texture": "#3"},
				"down": {"uv": [4, 7, 3.5, 7.25], "texture": "#3"}
			}
		},
		{
			"from": [4.4, 25.2, 9],
			"to": [6.3, 25.8, 9.75],
			"faces": {
				"north": {"uv": [7.75, 5.5, 8.25, 5.625], "texture": "#3"},
				"east": {"uv": [8.25, 1.75, 8.5, 1.875], "texture": "#3"},
				"south": {"uv": [5.75, 7.75, 6.25, 7.875], "texture": "#3"},
				"west": {"uv": [2, 8.25, 2.25, 8.375], "texture": "#3"},
				"up": {"uv": [4.5, 7.25, 4, 7], "texture": "#3"},
				"down": {"uv": [5, 7, 4.5, 7.25], "texture": "#3"}
			}
		},
		{
			"from": [5.8, 24.3, 9],
			"to": [7.8, 25.2, 9.75],
			"faces": {
				"north": {"uv": [6.25, 2, 6.75, 2.25], "texture": "#3"},
				"east": {"uv": [7.25, 2.75, 7.5, 3], "texture": "#3"},
				"south": {"uv": [6.25, 2.25, 6.75, 2.5], "texture": "#3"},
				"west": {"uv": [3, 7.25, 3.25, 7.5], "texture": "#3"},
				"up": {"uv": [6.75, 2.75, 6.25, 2.5], "texture": "#3"},
				"down": {"uv": [6.75, 2.75, 6.25, 3], "texture": "#3"}
			}
		},
		{
			"from": [8.9, 24.3, 9],
			"to": [10.9, 25.2, 9.75],
			"faces": {
				"north": {"uv": [7, 1.75, 7.5, 2], "texture": "#3"},
				"east": {"uv": [7.75, 4.75, 8, 5], "texture": "#3"},
				"south": {"uv": [7, 2, 7.5, 2.25], "texture": "#3"},
				"west": {"uv": [7.75, 5, 8, 5.25], "texture": "#3"},
				"up": {"uv": [7.5, 2.5, 7, 2.25], "texture": "#3"},
				"down": {"uv": [3, 7, 2.5, 7.25], "texture": "#3"}
			}
		},
		{
			"from": [6.25, 26.25, 9],
			"to": [7.5, 27.5, 9.75],
			"faces": {
				"north": {"uv": [3.5, 6, 3.875, 6.375], "texture": "#3"},
				"east": {"uv": [5, 7, 5.25, 7.375], "texture": "#3"},
				"south": {"uv": [4, 6, 4.375, 6.375], "texture": "#3"},
				"west": {"uv": [5.25, 7, 5.5, 7.375], "texture": "#3"},
				"up": {"uv": [5.875, 7.25, 5.5, 7], "texture": "#3"},
				"down": {"uv": [6.375, 7, 6, 7.25], "texture": "#3"}
			}
		},
		{
			"from": [9.25, 26.25, 9],
			"to": [10.5, 27.5, 9.75],
			"faces": {
				"north": {"uv": [4.5, 6, 4.875, 6.375], "texture": "#3"},
				"east": {"uv": [6.5, 7, 6.75, 7.375], "texture": "#3"},
				"south": {"uv": [5, 6, 5.375, 6.375], "texture": "#3"},
				"west": {"uv": [6.75, 7, 7, 7.375], "texture": "#3"},
				"up": {"uv": [7.375, 7.25, 7, 7], "texture": "#3"},
				"down": {"uv": [0.375, 7.25, 0, 7.5], "texture": "#3"}
			}
		},
		{
			"from": [6, 18.25, 5],
			"to": [10.75, 24, 7.75],
			"faces": {
				"north": {"uv": [2.25, 3.5, 3.5, 5], "texture": "#3"},
				"east": {"uv": [4.75, 3, 5.5, 4.5], "texture": "#3"},
				"south": {"uv": [3.5, 3.5, 4.75, 5], "texture": "#3"},
				"west": {"uv": [4.75, 4.5, 5.5, 6], "texture": "#3"},
				"up": {"uv": [6.75, 4.25, 5.5, 3.5], "texture": "#3"},
				"down": {"uv": [6.75, 4.25, 5.5, 5], "texture": "#3"}
			}
		},
		{
			"from": [6.75, 13.5, 5.5],
			"to": [8.25, 18.25, 7],
			"faces": {
				"north": {"uv": [5.5, 5, 5.875, 6.25], "texture": "#3"},
				"east": {"uv": [5.75, 0, 6.125, 1.25], "texture": "#3"},
				"south": {"uv": [5.75, 1.25, 6.125, 2.5], "texture": "#3"},
				"west": {"uv": [0, 6, 0.375, 7.25], "texture": "#3"},
				"up": {"uv": [6.375, 5.375, 6, 5], "texture": "#3"},
				"down": {"uv": [6.375, 5.5, 6, 5.875], "texture": "#3"}
			}
		},
		{
			"from": [8.5, 13.5, 5.5],
			"to": [10, 18.25, 7],
			"faces": {
				"north": {"uv": [0.5, 6, 0.875, 7.25], "texture": "#3"},
				"east": {"uv": [1, 6, 1.375, 7.25], "texture": "#3"},
				"south": {"uv": [1.5, 6, 1.875, 7.25], "texture": "#3"},
				"west": {"uv": [2, 6, 2.375, 7.25], "texture": "#3"},
				"up": {"uv": [6.375, 6.375, 6, 6], "texture": "#3"},
				"down": {"uv": [6.625, 0, 6.25, 0.375], "texture": "#3"}
			}
		},
		{
			"from": [10.75, 22, 5.25],
			"to": [11.75, 24, 7],
			"faces": {
				"north": {"uv": [4.5, 3, 4.75, 3.5], "texture": "#3"},
				"east": {"uv": [4, 3, 4.5, 3.5], "texture": "#3"},
				"south": {"uv": [4.5, 5, 4.75, 5.5], "texture": "#3"},
				"west": {"uv": [1.75, 4.5, 2.25, 5], "texture": "#3"},
				"up": {"uv": [4.75, 6, 4.5, 5.5], "texture": "#3"},
				"down": {"uv": [5.75, 6.25, 5.5, 6.75], "texture": "#3"}
			}
		},
		{
			"from": [5, 22, 5.25],
			"to": [6, 24, 7],
			"faces": {
				"north": {"uv": [5.75, 6.25, 6, 6.75], "texture": "#3"},
				"east": {"uv": [4, 5, 4.5, 5.5], "texture": "#3"},
				"south": {"uv": [2.5, 6.5, 2.75, 7], "texture": "#3"},
				"west": {"uv": [5.75, 2.5, 6.25, 3], "texture": "#3"},
				"up": {"uv": [3, 7, 2.75, 6.5], "texture": "#3"},
				"down": {"uv": [3.25, 6.5, 3, 7], "texture": "#3"}
			}
		},
		{
			"from": [4, 27.8, 1.75],
			"to": [12.75, 29.95, 10.25],
			"faces": {
				"north": {"uv": [1.75, 5, 4, 5.5], "texture": "#3"},
				"east": {"uv": [2.25, 5.5, 4.375, 6], "texture": "#3"},
				"south": {"uv": [0, 5.5, 2.25, 6], "texture": "#3"},
				"west": {"uv": [5.5, 3, 7.625, 3.5], "texture": "#3"},
				"up": {"uv": [2.25, 2.125, 0, 0], "texture": "#3"},
				"down": {"uv": [2.25, 2.25, 0, 4.375], "texture": "#3"}
			}
		},
		{
			"from": [4, 27.75, 10],
			"to": [6, 28, 11.1],
			"faces": {
				"north": {"uv": [3.25, 7.25, 3.75, 7.375], "texture": "#3"},
				"east": {"uv": [8, 0, 8.25, 0.125], "texture": "#3"},
				"south": {"uv": [7.25, 3.5, 7.75, 3.625], "texture": "#3"},
				"west": {"uv": [8, 0.25, 8.25, 0.375], "texture": "#3"},
				"up": {"uv": [3.75, 6.75, 3.25, 6.5], "texture": "#3"},
				"down": {"uv": [4.25, 6.5, 3.75, 6.75], "texture": "#3"}
			}
		},
		{
			"from": [4, 27.75, 1.15],
			"to": [6, 28, 1.75],
			"faces": {
				"north": {"uv": [3.75, 7.25, 4.25, 7.375], "texture": "#3"},
				"east": {"uv": [8.25, 2, 8.375, 2.125], "texture": "#3"},
				"south": {"uv": [7.25, 3.75, 7.75, 3.875], "texture": "#3"},
				"west": {"uv": [2.25, 8.25, 2.375, 8.375], "texture": "#3"},
				"up": {"uv": [7.75, 4.125, 7.25, 4], "texture": "#3"},
				"down": {"uv": [4.75, 7.25, 4.25, 7.375], "texture": "#3"}
			}
		},
		{
			"from": [8, 27.75, 10],
			"to": [10, 28, 10.9],
			"faces": {
				"north": {"uv": [7.25, 4.25, 7.75, 4.375], "texture": "#3"},
				"east": {"uv": [8, 0.5, 8.25, 0.625], "texture": "#3"},
				"south": {"uv": [7.25, 4.5, 7.75, 4.625], "texture": "#3"},
				"west": {"uv": [8, 0.75, 8.25, 0.875], "texture": "#3"},
				"up": {"uv": [4.75, 6.75, 4.25, 6.5], "texture": "#3"},
				"down": {"uv": [5.25, 6.5, 4.75, 6.75], "texture": "#3"}
			}
		},
		{
			"from": [8, 27.75, 1.25],
			"to": [10, 28, 1.75],
			"faces": {
				"north": {"uv": [7.25, 4.75, 7.75, 4.875], "texture": "#3"},
				"east": {"uv": [8.25, 2.25, 8.375, 2.375], "texture": "#3"},
				"south": {"uv": [7.25, 5, 7.75, 5.125], "texture": "#3"},
				"west": {"uv": [2.5, 8.25, 2.625, 8.375], "texture": "#3"},
				"up": {"uv": [7.75, 5.375, 7.25, 5.25], "texture": "#3"},
				"down": {"uv": [6, 7.25, 5.5, 7.375], "texture": "#3"}
			}
		},
		{
			"from": [6, 27.75, 10],
			"to": [8, 28, 11.25],
			"faces": {
				"north": {"uv": [7.25, 5.5, 7.75, 5.625], "texture": "#3"},
				"east": {"uv": [7.75, 5.75, 8.125, 5.875], "texture": "#3"},
				"south": {"uv": [7.25, 5.75, 7.75, 5.875], "texture": "#3"},
				"west": {"uv": [7.75, 6, 8.125, 6.125], "texture": "#3"},
				"up": {"uv": [3, 6.375, 2.5, 6], "texture": "#3"},
				"down": {"uv": [3.5, 6, 3, 6.375], "texture": "#3"}
			}
		},
		{
			"from": [2.85, 27.75, 6],
			"to": [4, 28, 7.75],
			"faces": {
				"north": {"uv": [8, 1, 8.25, 1.125], "texture": "#3"},
				"east": {"uv": [6, 7.25, 6.5, 7.375], "texture": "#3"},
				"south": {"uv": [8, 1.25, 8.25, 1.375], "texture": "#3"},
				"west": {"uv": [7.25, 6, 7.75, 6.125], "texture": "#3"},
				"up": {"uv": [6.75, 5.5, 6.5, 5], "texture": "#3"},
				"down": {"uv": [5.5, 6.5, 5.25, 7], "texture": "#3"}
			}
		},
		{
			"from": [12.75, 27.75, 6.5],
			"to": [13.9, 28, 8.25],
			"faces": {
				"north": {"uv": [8, 1.5, 8.25, 1.625], "texture": "#3"},
				"east": {"uv": [7.25, 6.25, 7.75, 6.375], "texture": "#3"},
				"south": {"uv": [8, 1.75, 8.25, 1.875], "texture": "#3"},
				"west": {"uv": [7.25, 6.5, 7.75, 6.625], "texture": "#3"},
				"up": {"uv": [6.75, 6, 6.5, 5.5], "texture": "#3"},
				"down": {"uv": [6.25, 6.5, 6, 7], "texture": "#3"}
			}
		},
		{
			"from": [12.75, 27.75, 3],
			"to": [13.1, 28, 4.75],
			"faces": {
				"north": {"uv": [8.25, 2.5, 8.375, 2.625], "texture": "#3"},
				"east": {"uv": [7.25, 6.75, 7.75, 6.875], "texture": "#3"},
				"south": {"uv": [2.75, 8.25, 2.875, 8.375], "texture": "#3"},
				"west": {"uv": [7, 7.25, 7.5, 7.375], "texture": "#3"},
				"up": {"uv": [4.875, 7.75, 4.75, 7.25], "texture": "#3"},
				"down": {"uv": [0.125, 7.5, 0, 8], "texture": "#3"}
			}
		},
		{
			"from": [3.15, 27.75, 2.5],
			"to": [4, 28, 4.25],
			"faces": {
				"north": {"uv": [8, 2, 8.25, 2.125], "texture": "#3"},
				"east": {"uv": [7.5, 0, 8, 0.125], "texture": "#3"},
				"south": {"uv": [2.25, 8, 2.5, 8.125], "texture": "#3"},
				"west": {"uv": [0.25, 7.5, 0.75, 7.625], "texture": "#3"},
				"up": {"uv": [6.75, 6.5, 6.5, 6], "texture": "#3"},
				"down": {"uv": [6.5, 6.5, 6.25, 7], "texture": "#3"}
			}
		},
		{
			"from": [2.85, 27.75, 9.5],
			"to": [4, 28, 10.65],
			"faces": {
				"north": {"uv": [8, 2.25, 8.25, 2.375], "texture": "#3"},
				"east": {"uv": [2.5, 8, 2.75, 8.125], "texture": "#3"},
				"south": {"uv": [2.75, 8, 3, 8.125], "texture": "#3"},
				"west": {"uv": [8, 2.75, 8.25, 2.875], "texture": "#3"},
				"up": {"uv": [7.75, 0.5, 7.5, 0.25], "texture": "#3"},
				"down": {"uv": [7.75, 0.5, 7.5, 0.75], "texture": "#3"}
			}
		},
		{
			"from": [3.05, 27.75, 7.75],
			"to": [4, 28, 9.5],
			"faces": {
				"north": {"uv": [3, 8, 3.25, 8.125], "texture": "#3"},
				"east": {"uv": [0.75, 7.5, 1.25, 7.625], "texture": "#3"},
				"south": {"uv": [3.25, 8, 3.5, 8.125], "texture": "#3"},
				"west": {"uv": [7.5, 0.75, 8, 0.875], "texture": "#3"},
				"up": {"uv": [6.75, 7, 6.5, 6.5], "texture": "#3"},
				"down": {"uv": [7, 0, 6.75, 0.5], "texture": "#3"}
			}
		},
		{
			"from": [12.75, 27.75, 8.25],
			"to": [13.5, 28, 10],
			"faces": {
				"north": {"uv": [3.5, 8, 3.75, 8.125], "texture": "#3"},
				"east": {"uv": [7.5, 1, 8, 1.125], "texture": "#3"},
				"south": {"uv": [3.75, 8, 4, 8.125], "texture": "#3"},
				"west": {"uv": [1.25, 7.5, 1.75, 7.625], "texture": "#3"},
				"up": {"uv": [7, 1, 6.75, 0.5], "texture": "#3"},
				"down": {"uv": [7, 1, 6.75, 1.5], "texture": "#3"}
			}
		},
		{
			"from": [3.25, 27.75, 4.25],
			"to": [4, 28, 6],
			"faces": {
				"north": {"uv": [4, 8, 4.25, 8.125], "texture": "#3"},
				"east": {"uv": [7.5, 1.25, 8, 1.375], "texture": "#3"},
				"south": {"uv": [4.25, 8, 4.5, 8.125], "texture": "#3"},
				"west": {"uv": [7.5, 1.5, 8, 1.625], "texture": "#3"},
				"up": {"uv": [7, 2, 6.75, 1.5], "texture": "#3"},
				"down": {"uv": [7, 2, 6.75, 2.5], "texture": "#3"}
			}
		},
		{
			"from": [12.75, 27.75, 4.75],
			"to": [13.3, 28, 6.5],
			"faces": {
				"north": {"uv": [8.25, 2.75, 8.375, 2.875], "texture": "#3"},
				"east": {"uv": [1.75, 7.5, 2.25, 7.625], "texture": "#3"},
				"south": {"uv": [3, 8.25, 3.125, 8.375], "texture": "#3"},
				"west": {"uv": [7.5, 1.75, 8, 1.875], "texture": "#3"},
				"up": {"uv": [7.625, 2.5, 7.5, 2], "texture": "#3"},
				"down": {"uv": [2.375, 7.5, 2.25, 8], "texture": "#3"}
			}
		},
		{
			"from": [12.75, 27.75, 1.25],
			"to": [13.1, 28, 3],
			"faces": {
				"north": {"uv": [8.25, 3, 8.375, 3.125], "texture": "#3"},
				"east": {"uv": [2.5, 7.5, 3, 7.625], "texture": "#3"},
				"south": {"uv": [3.25, 8.25, 3.375, 8.375], "texture": "#3"},
				"west": {"uv": [7.5, 2.75, 8, 2.875], "texture": "#3"},
				"up": {"uv": [3.125, 8, 3, 7.5], "texture": "#3"},
				"down": {"uv": [3.375, 7.5, 3.25, 8], "texture": "#3"}
			}
		},
		{
			"from": [2.75, 27.75, 1.15],
			"to": [4, 28, 2.5],
			"faces": {
				"north": {"uv": [6.25, 7.75, 6.625, 7.875], "texture": "#3"},
				"east": {"uv": [7.75, 6.25, 8.125, 6.375], "texture": "#3"},
				"south": {"uv": [7.75, 6.5, 8.125, 6.625], "texture": "#3"},
				"west": {"uv": [6.75, 7.75, 7.125, 7.875], "texture": "#3"},
				"up": {"uv": [6.625, 0.875, 6.25, 0.5], "texture": "#3"},
				"down": {"uv": [6.625, 1, 6.25, 1.375], "texture": "#3"}
			}
		},
		{
			"from": [6, 27.75, 1.1],
			"to": [8, 28, 1.75],
			"faces": {
				"north": {"uv": [3.5, 7.5, 4, 7.625], "texture": "#3"},
				"east": {"uv": [8.25, 3.25, 8.375, 3.375], "texture": "#3"},
				"south": {"uv": [4, 7.5, 4.5, 7.625], "texture": "#3"},
				"west": {"uv": [3.5, 8.25, 3.625, 8.375], "texture": "#3"},
				"up": {"uv": [5.5, 7.625, 5, 7.5], "texture": "#3"},
				"down": {"uv": [6, 7.5, 5.5, 7.625], "texture": "#3"}
			}
		},
		{
			"from": [10, 27.75, 10],
			"to": [12, 28, 11.15],
			"faces": {
				"north": {"uv": [6, 7.5, 6.5, 7.625], "texture": "#3"},
				"east": {"uv": [4.5, 8, 4.75, 8.125], "texture": "#3"},
				"south": {"uv": [6.5, 7.5, 7, 7.625], "texture": "#3"},
				"west": {"uv": [4.75, 8, 5, 8.125], "texture": "#3"},
				"up": {"uv": [7.25, 2.75, 6.75, 2.5], "texture": "#3"},
				"down": {"uv": [7.25, 2.75, 6.75, 3], "texture": "#3"}
			}
		},
		{
			"from": [10, 27.75, 1],
			"to": [12, 28, 1.75],
			"faces": {
				"north": {"uv": [7, 7.5, 7.5, 7.625], "texture": "#3"},
				"east": {"uv": [8, 4.75, 8.25, 4.875], "texture": "#3"},
				"south": {"uv": [7.5, 7, 8, 7.125], "texture": "#3"},
				"west": {"uv": [5, 8, 5.25, 8.125], "texture": "#3"},
				"up": {"uv": [3.75, 7, 3.25, 6.75], "texture": "#3"},
				"down": {"uv": [7.25, 3.5, 6.75, 3.75], "texture": "#3"}
			}
		},
		{
			"from": [12, 27.75, 10],
			"to": [13.25, 28, 10.85],
			"faces": {
				"north": {"uv": [7.75, 6.75, 8.125, 6.875], "texture": "#3"},
				"east": {"uv": [8, 5, 8.25, 5.125], "texture": "#3"},
				"south": {"uv": [7.25, 7.75, 7.625, 7.875], "texture": "#3"},
				"west": {"uv": [5.25, 8, 5.5, 8.125], "texture": "#3"},
				"up": {"uv": [0.875, 7.5, 0.5, 7.25], "texture": "#3"},
				"down": {"uv": [1.375, 7.25, 1, 7.5], "texture": "#3"}
			}
		},
		{
			"from": [12, 27.75, 0.7],
			"to": [13.25, 28, 1.75],
			"faces": {
				"north": {"uv": [7.75, 7.25, 8.125, 7.375], "texture": "#3"},
				"east": {"uv": [5.5, 8, 5.75, 8.125], "texture": "#3"},
				"south": {"uv": [7.75, 7.5, 8.125, 7.625], "texture": "#3"},
				"west": {"uv": [5.75, 8, 6, 8.125], "texture": "#3"},
				"up": {"uv": [1.875, 7.5, 1.5, 7.25], "texture": "#3"},
				"down": {"uv": [2.375, 7.25, 2, 7.5], "texture": "#3"}
			}
		},
		{
			"from": [3.9, 29.8, 2],
			"to": [4, 31, 4],
			"faces": {
				"north": {"uv": [6, 8, 6.125, 8.25], "texture": "#3"},
				"east": {"uv": [3.75, 6.75, 4.25, 7], "texture": "#3"},
				"south": {"uv": [6.25, 8, 6.375, 8.25], "texture": "#3"},
				"west": {"uv": [6.75, 3.75, 7.25, 4], "texture": "#3"},
				"up": {"uv": [4.625, 8, 4.5, 7.5], "texture": "#3"},
				"down": {"uv": [7.625, 7.25, 7.5, 7.75], "texture": "#3"}
			}
		},
		{
			"from": [12.7, 29.8, 2],
			"to": [12.8, 31, 4],
			"faces": {
				"north": {"uv": [8, 8, 8.125, 8.25], "texture": "#3"},
				"east": {"uv": [5.5, 6.75, 6, 7], "texture": "#3"},
				"south": {"uv": [0, 8.25, 0.125, 8.5], "texture": "#3"},
				"west": {"uv": [6.75, 5.5, 7.25, 5.75], "texture": "#3"},
				"up": {"uv": [2.125, 8.25, 2, 7.75], "texture": "#3"},
				"down": {"uv": [7.875, 2, 7.75, 2.5], "texture": "#3"}
			}
		},
		{
			"from": [3.9, 29.8, 8],
			"to": [4, 31, 10],
			"faces": {
				"north": {"uv": [6.5, 8, 6.625, 8.25], "texture": "#3"},
				"east": {"uv": [6.75, 4, 7.25, 4.25], "texture": "#3"},
				"south": {"uv": [6.75, 8, 6.875, 8.25], "texture": "#3"},
				"west": {"uv": [4.25, 6.75, 4.75, 7], "texture": "#3"},
				"up": {"uv": [0.375, 8.25, 0.25, 7.75], "texture": "#3"},
				"down": {"uv": [7.875, 0.25, 7.75, 0.75], "texture": "#3"}
			}
		},
		{
			"from": [10.2, 29.8, 1.7],
			"to": [12.2, 31, 1.8],
			"faces": {
				"north": {"uv": [6.75, 5.75, 7.25, 6], "texture": "#3"},
				"east": {"uv": [8.25, 0, 8.375, 0.25], "texture": "#3"},
				"south": {"uv": [6.75, 6, 7.25, 6.25], "texture": "#3"},
				"west": {"uv": [0.25, 8.25, 0.375, 8.5], "texture": "#3"},
				"up": {"uv": [3, 7.875, 2.5, 7.75], "texture": "#3"},
				"down": {"uv": [8.25, 2.5, 7.75, 2.625], "texture": "#3"}
			}
		},
		{
			"from": [10.2, 29.8, 10.2],
			"to": [12.2, 31, 10.3],
			"faces": {
				"north": {"uv": [7, 0.75, 7.5, 1], "texture": "#3"},
				"east": {"uv": [8.25, 1, 8.375, 1.25], "texture": "#3"},
				"south": {"uv": [7, 1, 7.5, 1.25], "texture": "#3"},
				"west": {"uv": [1.25, 8.25, 1.375, 8.5], "texture": "#3"},
				"up": {"uv": [8.25, 4.125, 7.75, 4], "texture": "#3"},
				"down": {"uv": [8.25, 4.25, 7.75, 4.375], "texture": "#3"}
			}
		},
		{
			"from": [4.5, 29.8, 1.7],
			"to": [6.5, 31, 1.8],
			"faces": {
				"north": {"uv": [6.75, 6.25, 7.25, 6.5], "texture": "#3"},
				"east": {"uv": [8.25, 0.25, 8.375, 0.5], "texture": "#3"},
				"south": {"uv": [6.75, 6.5, 7.25, 6.75], "texture": "#3"},
				"west": {"uv": [0.5, 8.25, 0.625, 8.5], "texture": "#3"},
				"up": {"uv": [8.25, 3.125, 7.75, 3], "texture": "#3"},
				"down": {"uv": [8.25, 3.25, 7.75, 3.375], "texture": "#3"}
			}
		},
		{
			"from": [4.5, 29.8, 10.2],
			"to": [6.5, 31, 10.3],
			"faces": {
				"north": {"uv": [7, 1.25, 7.5, 1.5], "texture": "#3"},
				"east": {"uv": [8.25, 1.25, 8.375, 1.5], "texture": "#3"},
				"south": {"uv": [7, 1.5, 7.5, 1.75], "texture": "#3"},
				"west": {"uv": [1.5, 8.25, 1.625, 8.5], "texture": "#3"},
				"up": {"uv": [8.25, 4.625, 7.75, 4.5], "texture": "#3"},
				"down": {"uv": [5.25, 7.75, 4.75, 7.875], "texture": "#3"}
			}
		},
		{
			"from": [7.3, 29.8, 1.7],
			"to": [9.3, 31, 1.8],
			"faces": {
				"north": {"uv": [6.75, 6.75, 7.25, 7], "texture": "#3"},
				"east": {"uv": [8.25, 0.5, 8.375, 0.75], "texture": "#3"},
				"south": {"uv": [7, 0, 7.5, 0.25], "texture": "#3"},
				"west": {"uv": [0.75, 8.25, 0.875, 8.5], "texture": "#3"},
				"up": {"uv": [4, 7.875, 3.5, 7.75], "texture": "#3"},
				"down": {"uv": [8.25, 3.5, 7.75, 3.625], "texture": "#3"}
			}
		},
		{
			"from": [7.3, 29.8, 10.2],
			"to": [9.3, 31, 10.3],
			"faces": {
				"north": {"uv": [7, 0.25, 7.5, 0.5], "texture": "#3"},
				"east": {"uv": [8.25, 0.75, 8.375, 1], "texture": "#3"},
				"south": {"uv": [7, 0.5, 7.5, 0.75], "texture": "#3"},
				"west": {"uv": [1, 8.25, 1.125, 8.5], "texture": "#3"},
				"up": {"uv": [8.25, 3.875, 7.75, 3.75], "texture": "#3"},
				"down": {"uv": [4.5, 7.75, 4, 7.875], "texture": "#3"}
			}
		},
		{
			"from": [12.7, 29.8, 8],
			"to": [12.8, 31, 10],
			"faces": {
				"north": {"uv": [7.25, 8, 7.375, 8.25], "texture": "#3"},
				"east": {"uv": [4.75, 6.75, 5.25, 7], "texture": "#3"},
				"south": {"uv": [7.5, 8, 7.625, 8.25], "texture": "#3"},
				"west": {"uv": [6.75, 4.75, 7.25, 5], "texture": "#3"},
				"up": {"uv": [1.125, 8.25, 1, 7.75], "texture": "#3"},
				"down": {"uv": [1.375, 7.75, 1.25, 8.25], "texture": "#3"}
			}
		},
		{
			"from": [3.9, 29.8, 5],
			"to": [4, 31, 7],
			"faces": {
				"north": {"uv": [7, 8, 7.125, 8.25], "texture": "#3"},
				"east": {"uv": [6.75, 4.25, 7.25, 4.5], "texture": "#3"},
				"south": {"uv": [8, 7, 8.125, 7.25], "texture": "#3"},
				"west": {"uv": [6.75, 4.5, 7.25, 4.75], "texture": "#3"},
				"up": {"uv": [0.625, 8.25, 0.5, 7.75], "texture": "#3"},
				"down": {"uv": [0.875, 7.75, 0.75, 8.25], "texture": "#3"}
			}
		},
		{
			"from": [12.7, 29.8, 5],
			"to": [12.8, 31, 7],
			"faces": {
				"north": {"uv": [7.75, 8, 7.875, 8.25], "texture": "#3"},
				"east": {"uv": [6.75, 5, 7.25, 5.25], "texture": "#3"},
				"south": {"uv": [8, 7.75, 8.125, 8], "texture": "#3"},
				"west": {"uv": [6.75, 5.25, 7.25, 5.5], "texture": "#3"},
				"up": {"uv": [1.625, 8.25, 1.5, 7.75], "texture": "#3"},
				"down": {"uv": [1.875, 7.75, 1.75, 8.25], "texture": "#3"}
			}
		}
	],
	"display": {
		"thirdperson_righthand": {
			"rotation": [26, -106, 0],
			"translation": [-1, -7.75, -2.75]
		},
		"thirdperson_lefthand": {
			"rotation": [26, -106, 0],
			"translation": [-1, -9.5, -2]
		},
		"firstperson_righthand": {
			"rotation": [0, -52, 0],
			"translation": [0, -8.25, 0]
		},
		"firstperson_lefthand": {
			"rotation": [3, -56, 0],
			"translation": [0.5, -8.5, 0]
		},
		"ground": {
			"translation": [0, -9.25, 0]
		},
		"gui": {
			"rotation": [5, -17, 0],
			"translation": [-0.25, -13.25, 0],
			"scale": [0.9, 0.9, 0.89]
		},
		"head": {
			"rotation": [0, 180, 0],
			"translation": [1, -46.25, -4.75],
			"scale": [2.61, 2.59, 2.5]
		},
		"fixed": {
			"rotation": [0, -180, 0],
			"translation": [1, -31.75, -10],
			"scale": [2.34, 2.32, 2.25]
		}
	},
	"groups": [
		{
			"name": "group",
			"origin": [8, 8, 8],
			"color": 0,
			"children": [0, 1, 2, 3, 4, 5]
		},
		6,
		7,
		8,
		9,
		10,
		11,
		12,
		13,
		14,
		15,
		16,
		17,
		18,
		19,
		20,
		21,
		22,
		23,
		24,
		25,
		26,
		27,
		28,
		29,
		30,
		31,
		32,
		33,
		34,
		{
			"name": "group",
			"origin": [0, 0, 0],
			"color": 0,
			"children": [35]
		},
		{
			"name": "group",
			"origin": [0, 0, 0],
			"color": 0,
			"children": [36]
		},
		37,
		38,
		39,
		40,
		41,
		42,
		43,
		44,
		45,
		46
	]
}