{
	"credit": "Made with Blockbench",
	"texture_size": [64, 64],
	"textures": {
		"0": "custom/hut/minerhut",
		"particle": "custom/hut/minerhut"
	},
	"elements": [
		{
			"from": [5.5, 0, 0],
			"to": [7, 0, 1.5],
			"faces": {
				"north": {"uv": [0, 0, 0.375, 0], "texture": "#0"},
				"east": {"uv": [0, 0, 0.375, 0], "texture": "#0"},
				"south": {"uv": [0, 0, 0.375, 0], "texture": "#0"},
				"west": {"uv": [0, 0, 0.375, 0], "texture": "#0"},
				"up": {"uv": [1.875, 4.375, 1.5, 4], "texture": "#0"},
				"down": {"uv": [4.375, 1.5, 4, 1.875], "texture": "#0"}
			}
		},
		{
			"from": [7, 0, 0],
			"to": [8.5, 0, 1.5],
			"faces": {
				"north": {"uv": [0, 0, 0.375, 0], "texture": "#0"},
				"east": {"uv": [0, 0, 0.375, 0], "texture": "#0"},
				"south": {"uv": [0, 0, 0.375, 0], "texture": "#0"},
				"west": {"uv": [0, 0, 0.375, 0], "texture": "#0"},
				"up": {"uv": [2.375, 4.375, 2, 4], "texture": "#0"},
				"down": {"uv": [4.375, 2, 4, 2.375], "texture": "#0"}
			}
		},
		{
			"from": [8.5, 0, 0],
			"to": [10, 0, 1.5],
			"faces": {
				"north": {"uv": [0, 0, 0.375, 0], "texture": "#0"},
				"east": {"uv": [0, 0, 0.375, 0], "texture": "#0"},
				"south": {"uv": [0, 0, 0.375, 0], "texture": "#0"},
				"west": {"uv": [0, 0, 0.375, 0], "texture": "#0"},
				"up": {"uv": [2.875, 4.375, 2.5, 4], "texture": "#0"},
				"down": {"uv": [4.375, 2.5, 4, 2.875], "texture": "#0"}
			}
		},
		{
			"from": [10, 0, 0],
			"to": [11.5, 0, 1.5],
			"faces": {
				"north": {"uv": [0, 0, 0.375, 0], "texture": "#0"},
				"east": {"uv": [0, 0, 0.375, 0], "texture": "#0"},
				"south": {"uv": [0, 0, 0.375, 0], "texture": "#0"},
				"west": {"uv": [0, 0, 0.375, 0], "texture": "#0"},
				"up": {"uv": [3.375, 4.375, 3, 4], "texture": "#0"},
				"down": {"uv": [4.375, 3, 4, 3.375], "texture": "#0"}
			}
		},
		{
			"from": [10, 0, 1.5],
			"to": [11.5, 0, 3],
			"faces": {
				"north": {"uv": [0, 0, 0.375, 0], "texture": "#0"},
				"east": {"uv": [0, 0, 0.375, 0], "texture": "#0"},
				"south": {"uv": [0, 0, 0.375, 0], "texture": "#0"},
				"west": {"uv": [0, 0, 0.375, 0], "texture": "#0"},
				"up": {"uv": [3.875, 4.375, 3.5, 4], "texture": "#0"},
				"down": {"uv": [4.375, 3.5, 4, 3.875], "texture": "#0"}
			}
		},
		{
			"from": [8.5, 0, 1.5],
			"to": [10, 0, 3],
			"faces": {
				"north": {"uv": [0, 0, 0.375, 0], "texture": "#0"},
				"east": {"uv": [0, 0, 0.375, 0], "texture": "#0"},
				"south": {"uv": [0, 0, 0.375, 0], "texture": "#0"},
				"west": {"uv": [0, 0, 0.375, 0], "texture": "#0"},
				"up": {"uv": [4.875, 0.375, 4.5, 0], "texture": "#0"},
				"down": {"uv": [0.875, 4.5, 0.5, 4.875], "texture": "#0"}
			}
		},
		{
			"from": [7, 0, 1.5],
			"to": [8.5, 0, 3],
			"faces": {
				"north": {"uv": [0, 0, 0.375, 0], "texture": "#0"},
				"east": {"uv": [0, 0, 0.375, 0], "texture": "#0"},
				"south": {"uv": [0, 0, 0.375, 0], "texture": "#0"},
				"west": {"uv": [0, 0, 0.375, 0], "texture": "#0"},
				"up": {"uv": [4.875, 0.875, 4.5, 0.5], "texture": "#0"},
				"down": {"uv": [1.375, 4.5, 1, 4.875], "texture": "#0"}
			}
		},
		{
			"from": [5.5, 0, 1.5],
			"to": [7, 0, 3],
			"faces": {
				"north": {"uv": [0, 0, 0.375, 0], "texture": "#0"},
				"east": {"uv": [0, 0, 0.375, 0], "texture": "#0"},
				"south": {"uv": [0, 0, 0.375, 0], "texture": "#0"},
				"west": {"uv": [0, 0, 0.375, 0], "texture": "#0"},
				"up": {"uv": [4.875, 1.375, 4.5, 1], "texture": "#0"},
				"down": {"uv": [1.875, 4.5, 1.5, 4.875], "texture": "#0"}
			}
		},
		{
			"from": [4, 0, 1.5],
			"to": [5.5, 0, 3],
			"faces": {
				"north": {"uv": [0, 0, 0.375, 0], "texture": "#0"},
				"east": {"uv": [0, 0, 0.375, 0], "texture": "#0"},
				"south": {"uv": [0, 0, 0.375, 0], "texture": "#0"},
				"west": {"uv": [0, 0, 0.375, 0], "texture": "#0"},
				"up": {"uv": [4.875, 1.875, 4.5, 1.5], "texture": "#0"},
				"down": {"uv": [2.375, 4.5, 2, 4.875], "texture": "#0"}
			}
		},
		{
			"from": [4, 0, 3],
			"to": [5.5, 0, 4.5],
			"faces": {
				"north": {"uv": [0, 0, 0.375, 0], "texture": "#0"},
				"east": {"uv": [0, 0, 0.375, 0], "texture": "#0"},
				"south": {"uv": [0, 0, 0.375, 0], "texture": "#0"},
				"west": {"uv": [0, 0, 0.375, 0], "texture": "#0"},
				"up": {"uv": [4.875, 2.375, 4.5, 2], "texture": "#0"},
				"down": {"uv": [2.875, 4.5, 2.5, 4.875], "texture": "#0"}
			}
		},
		{
			"from": [2.5, 0, 3],
			"to": [4, 0, 4.5],
			"faces": {
				"north": {"uv": [0, 0, 0.375, 0], "texture": "#0"},
				"east": {"uv": [0, 0, 0.375, 0], "texture": "#0"},
				"south": {"uv": [0, 0, 0.375, 0], "texture": "#0"},
				"west": {"uv": [0, 0, 0.375, 0], "texture": "#0"},
				"up": {"uv": [4.875, 2.875, 4.5, 2.5], "texture": "#0"},
				"down": {"uv": [3.375, 4.5, 3, 4.875], "texture": "#0"}
			}
		},
		{
			"from": [2.5, 0, 4.5],
			"to": [4, 0, 6],
			"faces": {
				"north": {"uv": [0, 0, 0.375, 0], "texture": "#0"},
				"east": {"uv": [0, 0, 0.375, 0], "texture": "#0"},
				"south": {"uv": [0, 0, 0.375, 0], "texture": "#0"},
				"west": {"uv": [0, 0, 0.375, 0], "texture": "#0"},
				"up": {"uv": [4.875, 3.375, 4.5, 3], "texture": "#0"},
				"down": {"uv": [3.875, 4.5, 3.5, 4.875], "texture": "#0"}
			}
		},
		{
			"from": [2.5, 0, 6],
			"to": [4, 0, 7.5],
			"faces": {
				"north": {"uv": [0, 0, 0.375, 0], "texture": "#0"},
				"east": {"uv": [0, 0, 0.375, 0], "texture": "#0"},
				"south": {"uv": [0, 0, 0.375, 0], "texture": "#0"},
				"west": {"uv": [0, 0, 0.375, 0], "texture": "#0"},
				"up": {"uv": [4.875, 4.375, 4.5, 4], "texture": "#0"},
				"down": {"uv": [4.875, 4.5, 4.5, 4.875], "texture": "#0"}
			}
		},
		{
			"from": [2.5, 0, 7.5],
			"to": [4, 0, 9],
			"faces": {
				"north": {"uv": [0, 0, 0.375, 0], "texture": "#0"},
				"east": {"uv": [0, 0, 0.375, 0], "texture": "#0"},
				"south": {"uv": [0, 0, 0.375, 0], "texture": "#0"},
				"west": {"uv": [0, 0, 0.375, 0], "texture": "#0"},
				"up": {"uv": [0.875, 5.375, 0.5, 5], "texture": "#0"},
				"down": {"uv": [5.375, 0.5, 5, 0.875], "texture": "#0"}
			}
		},
		{
			"from": [4, 0, 7.5],
			"to": [5.5, 0, 9],
			"faces": {
				"north": {"uv": [0, 0, 0.375, 0], "texture": "#0"},
				"east": {"uv": [0, 0, 0.375, 0], "texture": "#0"},
				"south": {"uv": [0, 0, 0.375, 0], "texture": "#0"},
				"west": {"uv": [0, 0, 0.375, 0], "texture": "#0"},
				"up": {"uv": [1.375, 5.375, 1, 5], "texture": "#0"},
				"down": {"uv": [5.375, 1, 5, 1.375], "texture": "#0"}
			}
		},
		{
			"from": [4, 0, 9],
			"to": [5.5, 0, 10.5],
			"faces": {
				"north": {"uv": [0, 0, 0.375, 0], "texture": "#0"},
				"east": {"uv": [0, 0, 0.375, 0], "texture": "#0"},
				"south": {"uv": [0, 0, 0.375, 0], "texture": "#0"},
				"west": {"uv": [0, 0, 0.375, 0], "texture": "#0"},
				"up": {"uv": [1.875, 5.375, 1.5, 5], "texture": "#0"},
				"down": {"uv": [5.375, 1.5, 5, 1.875], "texture": "#0"}
			}
		},
		{
			"from": [5.5, 0, 9],
			"to": [7, 0, 10.5],
			"faces": {
				"north": {"uv": [0, 0, 0.375, 0], "texture": "#0"},
				"east": {"uv": [0, 0, 0.375, 0], "texture": "#0"},
				"south": {"uv": [0, 0, 0.375, 0], "texture": "#0"},
				"west": {"uv": [0, 0, 0.375, 0], "texture": "#0"},
				"up": {"uv": [2.375, 5.375, 2, 5], "texture": "#0"},
				"down": {"uv": [5.375, 2, 5, 2.375], "texture": "#0"}
			}
		},
		{
			"from": [7, 0, 9],
			"to": [8.5, 0, 10.5],
			"faces": {
				"north": {"uv": [0, 0, 0.375, 0], "texture": "#0"},
				"east": {"uv": [0, 0, 0.375, 0], "texture": "#0"},
				"south": {"uv": [0, 0, 0.375, 0], "texture": "#0"},
				"west": {"uv": [0, 0, 0.375, 0], "texture": "#0"},
				"up": {"uv": [3.375, 5.375, 3, 5], "texture": "#0"},
				"down": {"uv": [5.375, 3, 5, 3.375], "texture": "#0"}
			}
		},
		{
			"from": [8.5, 0, 9],
			"to": [10, 0, 10.5],
			"faces": {
				"north": {"uv": [0, 0, 0.375, 0], "texture": "#0"},
				"east": {"uv": [0, 0, 0.375, 0], "texture": "#0"},
				"south": {"uv": [0, 0, 0.375, 0], "texture": "#0"},
				"west": {"uv": [0, 0, 0.375, 0], "texture": "#0"},
				"up": {"uv": [4.375, 5.375, 4, 5], "texture": "#0"},
				"down": {"uv": [5.375, 4, 5, 4.375], "texture": "#0"}
			}
		},
		{
			"from": [10, 0, 9],
			"to": [11.5, 0, 10.5],
			"faces": {
				"north": {"uv": [0, 0, 0.375, 0], "texture": "#0"},
				"east": {"uv": [0, 0, 0.375, 0], "texture": "#0"},
				"south": {"uv": [0, 0, 0.375, 0], "texture": "#0"},
				"west": {"uv": [0, 0, 0.375, 0], "texture": "#0"},
				"up": {"uv": [5.375, 5.375, 5, 5], "texture": "#0"},
				"down": {"uv": [0.375, 5.5, 0, 5.875], "texture": "#0"}
			}
		},
		{
			"from": [11.5, 0, 9],
			"to": [13, 0, 10.5],
			"faces": {
				"north": {"uv": [0, 0, 0.375, 0], "texture": "#0"},
				"east": {"uv": [0, 0, 0.375, 0], "texture": "#0"},
				"south": {"uv": [0, 0, 0.375, 0], "texture": "#0"},
				"west": {"uv": [0, 0, 0.375, 0], "texture": "#0"},
				"up": {"uv": [5.875, 0.875, 5.5, 0.5], "texture": "#0"},
				"down": {"uv": [1.375, 5.5, 1, 5.875], "texture": "#0"}
			}
		},
		{
			"from": [11.5, 0, 7.5],
			"to": [13, 0, 9],
			"faces": {
				"north": {"uv": [0, 0, 0.375, 0], "texture": "#0"},
				"east": {"uv": [0, 0, 0.375, 0], "texture": "#0"},
				"south": {"uv": [0, 0, 0.375, 0], "texture": "#0"},
				"west": {"uv": [0, 0, 0.375, 0], "texture": "#0"},
				"up": {"uv": [5.875, 1.375, 5.5, 1], "texture": "#0"},
				"down": {"uv": [1.875, 5.5, 1.5, 5.875], "texture": "#0"}
			}
		},
		{
			"from": [13, 0, 7.5],
			"to": [14.5, 0, 9],
			"faces": {
				"north": {"uv": [0, 0, 0.375, 0], "texture": "#0"},
				"east": {"uv": [0, 0, 0.375, 0], "texture": "#0"},
				"south": {"uv": [0, 0, 0.375, 0], "texture": "#0"},
				"west": {"uv": [0, 0, 0.375, 0], "texture": "#0"},
				"up": {"uv": [5.875, 1.875, 5.5, 1.5], "texture": "#0"},
				"down": {"uv": [2.375, 5.5, 2, 5.875], "texture": "#0"}
			}
		},
		{
			"from": [13, 0, 6],
			"to": [14.5, 0, 7.5],
			"faces": {
				"north": {"uv": [0, 0, 0.375, 0], "texture": "#0"},
				"east": {"uv": [0, 0, 0.375, 0], "texture": "#0"},
				"south": {"uv": [0, 0, 0.375, 0], "texture": "#0"},
				"west": {"uv": [0, 0, 0.375, 0], "texture": "#0"},
				"up": {"uv": [5.875, 2.375, 5.5, 2], "texture": "#0"},
				"down": {"uv": [2.875, 5.5, 2.5, 5.875], "texture": "#0"}
			}
		},
		{
			"from": [11.5, 0, 6],
			"to": [13, 0, 7.5],
			"faces": {
				"north": {"uv": [0, 0, 0.375, 0], "texture": "#0"},
				"east": {"uv": [0, 0, 0.375, 0], "texture": "#0"},
				"south": {"uv": [0, 0, 0.375, 0], "texture": "#0"},
				"west": {"uv": [0, 0, 0.375, 0], "texture": "#0"},
				"up": {"uv": [5.875, 2.875, 5.5, 2.5], "texture": "#0"},
				"down": {"uv": [3.375, 5.5, 3, 5.875], "texture": "#0"}
			}
		},
		{
			"from": [11.5, 0, 4.5],
			"to": [13, 0, 6],
			"faces": {
				"north": {"uv": [0, 0, 0.375, 0], "texture": "#0"},
				"east": {"uv": [0, 0, 0.375, 0], "texture": "#0"},
				"south": {"uv": [0, 0, 0.375, 0], "texture": "#0"},
				"west": {"uv": [0, 0, 0.375, 0], "texture": "#0"},
				"up": {"uv": [5.875, 3.375, 5.5, 3], "texture": "#0"},
				"down": {"uv": [3.875, 5.5, 3.5, 5.875], "texture": "#0"}
			}
		},
		{
			"from": [11.5, 0, 3],
			"to": [13, 0, 4.5],
			"faces": {
				"north": {"uv": [0, 0, 0.375, 0], "texture": "#0"},
				"east": {"uv": [0, 0, 0.375, 0], "texture": "#0"},
				"south": {"uv": [0, 0, 0.375, 0], "texture": "#0"},
				"west": {"uv": [0, 0, 0.375, 0], "texture": "#0"},
				"up": {"uv": [5.875, 4.375, 5.5, 4], "texture": "#0"},
				"down": {"uv": [4.875, 5.5, 4.5, 5.875], "texture": "#0"}
			}
		},
		{
			"from": [13, 0, 3],
			"to": [14.5, 0, 4.5],
			"faces": {
				"north": {"uv": [0, 0, 0.375, 0], "texture": "#0"},
				"east": {"uv": [0, 0, 0.375, 0], "texture": "#0"},
				"south": {"uv": [0, 0, 0.375, 0], "texture": "#0"},
				"west": {"uv": [0, 0, 0.375, 0], "texture": "#0"},
				"up": {"uv": [5.875, 4.875, 5.5, 4.5], "texture": "#0"},
				"down": {"uv": [5.375, 5.5, 5, 5.875], "texture": "#0"}
			}
		},
		{
			"from": [13, 0, 4.5],
			"to": [14.5, 0, 6],
			"faces": {
				"north": {"uv": [0, 0, 0.375, 0], "texture": "#0"},
				"east": {"uv": [0, 0, 0.375, 0], "texture": "#0"},
				"south": {"uv": [0, 0, 0.375, 0], "texture": "#0"},
				"west": {"uv": [0, 0, 0.375, 0], "texture": "#0"},
				"up": {"uv": [5.875, 3.875, 5.5, 3.5], "texture": "#0"},
				"down": {"uv": [4.375, 5.5, 4, 5.875], "texture": "#0"}
			}
		},
		{
			"from": [10, 0, 10.5],
			"to": [11.5, 0, 12],
			"faces": {
				"north": {"uv": [0, 0, 0.375, 0], "texture": "#0"},
				"east": {"uv": [0, 0, 0.375, 0], "texture": "#0"},
				"south": {"uv": [0, 0, 0.375, 0], "texture": "#0"},
				"west": {"uv": [0, 0, 0.375, 0], "texture": "#0"},
				"up": {"uv": [5.875, 0.375, 5.5, 0], "texture": "#0"},
				"down": {"uv": [0.875, 5.5, 0.5, 5.875], "texture": "#0"}
			}
		},
		{
			"from": [8.5, 0, 10.5],
			"to": [10, 0, 12],
			"faces": {
				"north": {"uv": [0, 0, 0.375, 0], "texture": "#0"},
				"east": {"uv": [0, 0, 0.375, 0], "texture": "#0"},
				"south": {"uv": [0, 0, 0.375, 0], "texture": "#0"},
				"west": {"uv": [0, 0, 0.375, 0], "texture": "#0"},
				"up": {"uv": [4.875, 5.375, 4.5, 5], "texture": "#0"},
				"down": {"uv": [5.375, 4.5, 5, 4.875], "texture": "#0"}
			}
		},
		{
			"from": [7, 0, 10.5],
			"to": [8.5, 0, 12],
			"faces": {
				"north": {"uv": [0, 0, 0.375, 0], "texture": "#0"},
				"east": {"uv": [0, 0, 0.375, 0], "texture": "#0"},
				"south": {"uv": [0, 0, 0.375, 0], "texture": "#0"},
				"west": {"uv": [0, 0, 0.375, 0], "texture": "#0"},
				"up": {"uv": [3.875, 5.375, 3.5, 5], "texture": "#0"},
				"down": {"uv": [5.375, 3.5, 5, 3.875], "texture": "#0"}
			}
		},
		{
			"from": [5.5, 0, 10.5],
			"to": [7, 0, 12],
			"faces": {
				"north": {"uv": [0, 0, 0.375, 0], "texture": "#0"},
				"east": {"uv": [0, 0, 0.375, 0], "texture": "#0"},
				"south": {"uv": [0, 0, 0.375, 0], "texture": "#0"},
				"west": {"uv": [0, 0, 0.375, 0], "texture": "#0"},
				"up": {"uv": [2.875, 5.375, 2.5, 5], "texture": "#0"},
				"down": {"uv": [5.375, 2.5, 5, 2.875], "texture": "#0"}
			}
		},
		{
			"from": [4, 0, 6],
			"to": [5.5, 0, 7.5],
			"faces": {
				"north": {"uv": [0, 0, 0.375, 0], "texture": "#0"},
				"east": {"uv": [0, 0, 0.375, 0], "texture": "#0"},
				"south": {"uv": [0, 0, 0.375, 0], "texture": "#0"},
				"west": {"uv": [0, 0, 0.375, 0], "texture": "#0"},
				"up": {"uv": [0.375, 5.375, 0, 5], "texture": "#0"},
				"down": {"uv": [5.375, 0, 5, 0.375], "texture": "#0"}
			}
		},
		{
			"from": [4, 0, 4.5],
			"to": [5.5, 0, 6],
			"faces": {
				"north": {"uv": [0, 0, 0.375, 0], "texture": "#0"},
				"east": {"uv": [0, 0, 0.375, 0], "texture": "#0"},
				"south": {"uv": [0, 0, 0.375, 0], "texture": "#0"},
				"west": {"uv": [0, 0, 0.375, 0], "texture": "#0"},
				"up": {"uv": [4.875, 3.875, 4.5, 3.5], "texture": "#0"},
				"down": {"uv": [4.375, 4.5, 4, 4.875], "texture": "#0"}
			}
		},
		{
			"from": [11.5, 0, 1.5],
			"to": [13, 0, 3],
			"faces": {
				"north": {"uv": [0, 0, 0.375, 0], "texture": "#0"},
				"east": {"uv": [0, 0, 0.375, 0], "texture": "#0"},
				"south": {"uv": [0, 0, 0.375, 0], "texture": "#0"},
				"west": {"uv": [0, 0, 0.375, 0], "texture": "#0"},
				"up": {"uv": [4.375, 4.375, 4, 4], "texture": "#0"},
				"down": {"uv": [0.375, 4.5, 0, 4.875], "texture": "#0"}
			}
		},
		{
			"from": [5.5, 0, 3],
			"to": [7, 1, 5],
			"faces": {
				"north": {"uv": [6.75, 7.25, 7.125, 7.5], "texture": "#0"},
				"east": {"uv": [5.5, 5, 6, 5.25], "texture": "#0"},
				"south": {"uv": [7.25, 7, 7.625, 7.25], "texture": "#0"},
				"west": {"uv": [5.5, 5.25, 6, 5.5], "texture": "#0"},
				"up": {"uv": [2.875, 3.5, 2.5, 3], "texture": "#0"},
				"down": {"uv": [3.375, 2.5, 3, 3], "texture": "#0"}
			}
		},
		{
			"from": [7, 0, 3],
			"to": [9, 1, 5],
			"faces": {
				"north": {"uv": [5.5, 5.5, 6, 5.75], "texture": "#0"},
				"east": {"uv": [5.5, 5.75, 6, 6], "texture": "#0"},
				"south": {"uv": [0, 6, 0.5, 6.25], "texture": "#0"},
				"west": {"uv": [6, 0, 6.5, 0.25], "texture": "#0"},
				"up": {"uv": [0.5, 0.5, 0, 0], "texture": "#0"},
				"down": {"uv": [0.5, 0.5, 0, 1], "texture": "#0"}
			}
		},
		{
			"from": [9, 0, 3],
			"to": [11, 1, 5],
			"faces": {
				"north": {"uv": [6, 0.25, 6.5, 0.5], "texture": "#0"},
				"east": {"uv": [0.5, 6, 1, 6.25], "texture": "#0"},
				"south": {"uv": [6, 0.5, 6.5, 0.75], "texture": "#0"},
				"west": {"uv": [6, 0.75, 6.5, 1], "texture": "#0"},
				"up": {"uv": [1, 0.5, 0.5, 0], "texture": "#0"},
				"down": {"uv": [1, 0.5, 0.5, 1], "texture": "#0"}
			}
		},
		{
			"from": [11, 0, 3],
			"to": [11.5, 1, 5],
			"faces": {
				"north": {"uv": [8, 0.75, 8.125, 1], "texture": "#0"},
				"east": {"uv": [1, 6, 1.5, 6.25], "texture": "#0"},
				"south": {"uv": [1, 8, 1.125, 8.25], "texture": "#0"},
				"west": {"uv": [6, 1, 6.5, 1.25], "texture": "#0"},
				"up": {"uv": [3.625, 8, 3.5, 7.5], "texture": "#0"},
				"down": {"uv": [7.625, 3.5, 7.5, 4], "texture": "#0"}
			}
		},
		{
			"from": [5.5, 0, 7],
			"to": [7, 1, 9],
			"faces": {
				"north": {"uv": [7.25, 7.25, 7.625, 7.5], "texture": "#0"},
				"east": {"uv": [3, 6, 3.5, 6.25], "texture": "#0"},
				"south": {"uv": [0, 7.5, 0.375, 7.75], "texture": "#0"},
				"west": {"uv": [6, 3, 6.5, 3.25], "texture": "#0"},
				"up": {"uv": [3.375, 3.5, 3, 3], "texture": "#0"},
				"down": {"uv": [0.375, 3.5, 0, 4], "texture": "#0"}
			}
		},
		{
			"from": [9, 0, 7],
			"to": [11, 1, 9],
			"faces": {
				"north": {"uv": [6, 2.25, 6.5, 2.5], "texture": "#0"},
				"east": {"uv": [2.5, 6, 3, 6.25], "texture": "#0"},
				"south": {"uv": [6, 2.5, 6.5, 2.75], "texture": "#0"},
				"west": {"uv": [6, 2.75, 6.5, 3], "texture": "#0"},
				"up": {"uv": [1, 1.5, 0.5, 1], "texture": "#0"},
				"down": {"uv": [1.5, 0.5, 1, 1], "texture": "#0"}
			}
		},
		{
			"from": [11, 0, 7],
			"to": [11.5, 1, 9],
			"faces": {
				"north": {"uv": [8, 1, 8.125, 1.25], "texture": "#0"},
				"east": {"uv": [2, 6, 2.5, 6.25], "texture": "#0"},
				"south": {"uv": [1.25, 8, 1.375, 8.25], "texture": "#0"},
				"west": {"uv": [6, 2, 6.5, 2.25], "texture": "#0"},
				"up": {"uv": [3.875, 8, 3.75, 7.5], "texture": "#0"},
				"down": {"uv": [4.125, 7.5, 4, 8], "texture": "#0"}
			}
		},
		{
			"from": [11, 1, 3],
			"to": [11.5, 2, 5],
			"faces": {
				"north": {"uv": [8, 2, 8.125, 2.25], "texture": "#0"},
				"east": {"uv": [6.5, 2.5, 7, 2.75], "texture": "#0"},
				"south": {"uv": [2.25, 8, 2.375, 8.25], "texture": "#0"},
				"west": {"uv": [6.5, 2.75, 7, 3], "texture": "#0"},
				"up": {"uv": [5.375, 8, 5.25, 7.5], "texture": "#0"},
				"down": {"uv": [5.625, 7.5, 5.5, 8], "texture": "#0"}
			}
		},
		{
			"from": [11, 1, 7],
			"to": [11.5, 2, 9],
			"faces": {
				"north": {"uv": [8, 1.75, 8.125, 2], "texture": "#0"},
				"east": {"uv": [6.5, 2.25, 7, 2.5], "texture": "#0"},
				"south": {"uv": [2, 8, 2.125, 8.25], "texture": "#0"},
				"west": {"uv": [2.5, 6.5, 3, 6.75], "texture": "#0"},
				"up": {"uv": [5.125, 8, 5, 7.5], "texture": "#0"},
				"down": {"uv": [7.625, 5, 7.5, 5.5], "texture": "#0"}
			}
		},
		{
			"from": [7, 0, 7],
			"to": [9, 1, 9],
			"faces": {
				"north": {"uv": [6, 1.25, 6.5, 1.5], "texture": "#0"},
				"east": {"uv": [1.5, 6, 2, 6.25], "texture": "#0"},
				"south": {"uv": [6, 1.5, 6.5, 1.75], "texture": "#0"},
				"west": {"uv": [6, 1.75, 6.5, 2], "texture": "#0"},
				"up": {"uv": [0.5, 1.5, 0, 1], "texture": "#0"},
				"down": {"uv": [1.5, 0, 1, 0.5], "texture": "#0"}
			}
		},
		{
			"from": [5.5, 0, 5],
			"to": [7, 1, 7],
			"faces": {
				"north": {"uv": [7.5, 0, 7.875, 0.25], "texture": "#0"},
				"east": {"uv": [5, 6, 5.5, 6.25], "texture": "#0"},
				"south": {"uv": [7.5, 0.25, 7.875, 0.5], "texture": "#0"},
				"west": {"uv": [6, 5, 6.5, 5.25], "texture": "#0"},
				"up": {"uv": [3.875, 0.5, 3.5, 0], "texture": "#0"},
				"down": {"uv": [0.875, 3.5, 0.5, 4], "texture": "#0"}
			}
		},
		{
			"from": [9, 0, 5],
			"to": [11, 1, 7],
			"faces": {
				"north": {"uv": [6, 4.25, 6.5, 4.5], "texture": "#0"},
				"east": {"uv": [4.5, 6, 5, 6.25], "texture": "#0"},
				"south": {"uv": [6, 4.5, 6.5, 4.75], "texture": "#0"},
				"west": {"uv": [6, 4.75, 6.5, 5], "texture": "#0"},
				"up": {"uv": [2, 0.5, 1.5, 0], "texture": "#0"},
				"down": {"uv": [1, 1.5, 0.5, 2], "texture": "#0"}
			}
		},
		{
			"from": [11, 0, 5],
			"to": [11.5, 1, 7],
			"faces": {
				"north": {"uv": [8, 1.25, 8.125, 1.5], "texture": "#0"},
				"east": {"uv": [4, 6, 4.5, 6.25], "texture": "#0"},
				"south": {"uv": [1.5, 8, 1.625, 8.25], "texture": "#0"},
				"west": {"uv": [6, 4, 6.5, 4.25], "texture": "#0"},
				"up": {"uv": [7.625, 4.5, 7.5, 4], "texture": "#0"},
				"down": {"uv": [4.375, 7.5, 4.25, 8], "texture": "#0"}
			}
		},
		{
			"from": [7, 0, 5],
			"to": [9, 1, 7],
			"faces": {
				"north": {"uv": [6, 3.25, 6.5, 3.5], "texture": "#0"},
				"east": {"uv": [3.5, 6, 4, 6.25], "texture": "#0"},
				"south": {"uv": [6, 3.5, 6.5, 3.75], "texture": "#0"},
				"west": {"uv": [6, 3.75, 6.5, 4], "texture": "#0"},
				"up": {"uv": [1.5, 1.5, 1, 1], "texture": "#0"},
				"down": {"uv": [0.5, 1.5, 0, 2], "texture": "#0"}
			}
		},
		{
			"from": [5.5, 1, 5],
			"to": [7, 2, 7],
			"faces": {
				"north": {"uv": [7.5, 1, 7.875, 1.25], "texture": "#0"},
				"east": {"uv": [2, 6.5, 2.5, 6.75], "texture": "#0"},
				"south": {"uv": [7.5, 1.25, 7.875, 1.5], "texture": "#0"},
				"west": {"uv": [6.5, 2, 7, 2.25], "texture": "#0"},
				"up": {"uv": [3.875, 2, 3.5, 1.5], "texture": "#0"},
				"down": {"uv": [2.375, 3.5, 2, 4], "texture": "#0"}
			}
		},
		{
			"from": [9, 1, 5],
			"to": [11, 2, 7],
			"faces": {
				"north": {"uv": [6.5, 1.25, 7, 1.5], "texture": "#0"},
				"east": {"uv": [1.5, 6.5, 2, 6.75], "texture": "#0"},
				"south": {"uv": [6.5, 1.5, 7, 1.75], "texture": "#0"},
				"west": {"uv": [6.5, 1.75, 7, 2], "texture": "#0"},
				"up": {"uv": [2, 2.5, 1.5, 2], "texture": "#0"},
				"down": {"uv": [2.5, 1.5, 2, 2], "texture": "#0"}
			}
		},
		{
			"from": [11, 1, 5],
			"to": [11.5, 2, 7],
			"faces": {
				"north": {"uv": [8, 1.5, 8.125, 1.75], "texture": "#0"},
				"east": {"uv": [1, 6.5, 1.5, 6.75], "texture": "#0"},
				"south": {"uv": [1.75, 8, 1.875, 8.25], "texture": "#0"},
				"west": {"uv": [6.5, 1, 7, 1.25], "texture": "#0"},
				"up": {"uv": [4.625, 8, 4.5, 7.5], "texture": "#0"},
				"down": {"uv": [4.875, 7.5, 4.75, 8], "texture": "#0"}
			}
		},
		{
			"from": [7, 1, 5],
			"to": [9, 2, 7],
			"faces": {
				"north": {"uv": [6.5, 0.25, 7, 0.5], "texture": "#0"},
				"east": {"uv": [0.5, 6.5, 1, 6.75], "texture": "#0"},
				"south": {"uv": [6.5, 0.5, 7, 0.75], "texture": "#0"},
				"west": {"uv": [6.5, 0.75, 7, 1], "texture": "#0"},
				"up": {"uv": [1.5, 2.5, 1, 2], "texture": "#0"},
				"down": {"uv": [2.5, 1, 2, 1.5], "texture": "#0"}
			}
		},
		{
			"from": [5.5, 1, 7],
			"to": [7, 2, 9],
			"faces": {
				"north": {"uv": [7.5, 0.75, 7.875, 1], "texture": "#0"},
				"east": {"uv": [0, 6.5, 0.5, 6.75], "texture": "#0"},
				"south": {"uv": [1, 7.5, 1.375, 7.75], "texture": "#0"},
				"west": {"uv": [6.5, 0, 7, 0.25], "texture": "#0"},
				"up": {"uv": [3.875, 1.5, 3.5, 1], "texture": "#0"},
				"down": {"uv": [1.875, 3.5, 1.5, 4], "texture": "#0"}
			}
		},
		{
			"from": [5.5, 1, 3],
			"to": [7, 2, 5],
			"faces": {
				"north": {"uv": [0.5, 7.5, 0.875, 7.75], "texture": "#0"},
				"east": {"uv": [5.5, 6.25, 6, 6.5], "texture": "#0"},
				"south": {"uv": [7.5, 0.5, 7.875, 0.75], "texture": "#0"},
				"west": {"uv": [6, 6.25, 6.5, 6.5], "texture": "#0"},
				"up": {"uv": [3.875, 1, 3.5, 0.5], "texture": "#0"},
				"down": {"uv": [1.375, 3.5, 1, 4], "texture": "#0"}
			}
		},
		{
			"from": [7, 1, 3],
			"to": [9, 2, 5],
			"faces": {
				"north": {"uv": [3.5, 6.25, 4, 6.5], "texture": "#0"},
				"east": {"uv": [4, 6.25, 4.5, 6.5], "texture": "#0"},
				"south": {"uv": [4.5, 6.25, 5, 6.5], "texture": "#0"},
				"west": {"uv": [5, 6.25, 5.5, 6.5], "texture": "#0"},
				"up": {"uv": [1, 2.5, 0.5, 2], "texture": "#0"},
				"down": {"uv": [2.5, 0.5, 2, 1], "texture": "#0"}
			}
		},
		{
			"from": [7, 1, 7],
			"to": [9, 2, 9],
			"faces": {
				"north": {"uv": [1.5, 6.25, 2, 6.5], "texture": "#0"},
				"east": {"uv": [2, 6.25, 2.5, 6.5], "texture": "#0"},
				"south": {"uv": [2.5, 6.25, 3, 6.5], "texture": "#0"},
				"west": {"uv": [3, 6.25, 3.5, 6.5], "texture": "#0"},
				"up": {"uv": [0.5, 2.5, 0, 2], "texture": "#0"},
				"down": {"uv": [2.5, 0, 2, 0.5], "texture": "#0"}
			}
		},
		{
			"from": [7.5, 1.25, 9],
			"to": [9.5, 3, 9.75],
			"faces": {
				"north": {"uv": [2, 3, 2.5, 3.5], "texture": "#0"},
				"east": {"uv": [7, 4.5, 7.25, 5], "texture": "#0"},
				"south": {"uv": [3, 2, 3.5, 2.5], "texture": "#0"},
				"west": {"uv": [5, 7, 5.25, 7.5], "texture": "#0"},
				"up": {"uv": [7.5, 5.25, 7, 5], "texture": "#0"},
				"down": {"uv": [5.75, 7, 5.25, 7.25], "texture": "#0"}
			}
		},
		{
			"from": [9.5, 1.75, 9],
			"to": [11.5, 2.5, 9.25],
			"faces": {
				"north": {"uv": [7, 5.25, 7.5, 5.5], "texture": "#0"},
				"east": {"uv": [4.25, 8, 4.375, 8.25], "texture": "#0"},
				"south": {"uv": [7, 5.5, 7.5, 5.75], "texture": "#0"},
				"west": {"uv": [8, 4.25, 8.125, 4.5], "texture": "#0"},
				"up": {"uv": [1.25, 7.875, 0.75, 7.75], "texture": "#0"},
				"down": {"uv": [1.75, 7.75, 1.25, 7.875], "texture": "#0"}
			}
		},
		{
			"from": [11.5, 1.75, 7.25],
			"to": [11.75, 2.5, 9.25],
			"faces": {
				"north": {"uv": [4.75, 8, 4.875, 8.25], "texture": "#0"},
				"east": {"uv": [7, 6, 7.5, 6.25], "texture": "#0"},
				"south": {"uv": [8, 4.75, 8.125, 5], "texture": "#0"},
				"west": {"uv": [6.25, 7, 6.75, 7.25], "texture": "#0"},
				"up": {"uv": [2.875, 8.25, 2.75, 7.75], "texture": "#0"},
				"down": {"uv": [3.125, 7.75, 3, 8.25], "texture": "#0"}
			}
		},
		{
			"from": [11.5, 1.75, 5.25],
			"to": [11.75, 2.5, 7.25],
			"faces": {
				"north": {"uv": [5, 8, 5.125, 8.25], "texture": "#0"},
				"east": {"uv": [7, 6.25, 7.5, 6.5], "texture": "#0"},
				"south": {"uv": [8, 5, 8.125, 5.25], "texture": "#0"},
				"west": {"uv": [7, 6.5, 7.5, 6.75], "texture": "#0"},
				"up": {"uv": [3.375, 8.25, 3.25, 7.75], "texture": "#0"},
				"down": {"uv": [7.875, 3.5, 7.75, 4], "texture": "#0"}
			}
		},
		{
			"from": [11.5, 1.75, 3.25],
			"to": [11.75, 2.5, 5.25],
			"faces": {
				"north": {"uv": [5.25, 8, 5.375, 8.25], "texture": "#0"},
				"east": {"uv": [6.75, 7, 7.25, 7.25], "texture": "#0"},
				"south": {"uv": [8, 5.25, 8.125, 5.5], "texture": "#0"},
				"west": {"uv": [7, 6.75, 7.5, 7], "texture": "#0"},
				"up": {"uv": [7.875, 4.5, 7.75, 4], "texture": "#0"},
				"down": {"uv": [7.875, 4.5, 7.75, 5], "texture": "#0"}
			}
		},
		{
			"from": [11.5, 1.75, 3],
			"to": [11.75, 2.5, 3.25],
			"faces": {
				"north": {"uv": [5.5, 8, 5.625, 8.25], "texture": "#0"},
				"east": {"uv": [8, 5.5, 8.125, 5.75], "texture": "#0"},
				"south": {"uv": [5.75, 8, 5.875, 8.25], "texture": "#0"},
				"west": {"uv": [8, 5.75, 8.125, 6], "texture": "#0"},
				"up": {"uv": [8.375, 0.875, 8.25, 0.75], "texture": "#0"},
				"down": {"uv": [1.125, 8.25, 1, 8.375], "texture": "#0"}
			}
		},
		{
			"from": [5.25, 1.75, 7.25],
			"to": [5.5, 2.5, 9.25],
			"faces": {
				"north": {"uv": [7.5, 8, 7.625, 8.25], "texture": "#0"},
				"east": {"uv": [2, 7.25, 2.5, 7.5], "texture": "#0"},
				"south": {"uv": [7.75, 8, 7.875, 8.25], "texture": "#0"},
				"west": {"uv": [2.5, 7.25, 3, 7.5], "texture": "#0"},
				"up": {"uv": [6.625, 8.25, 6.5, 7.75], "texture": "#0"},
				"down": {"uv": [7.875, 6.5, 7.75, 7], "texture": "#0"}
			}
		},
		{
			"from": [5.25, 1.75, 3.25],
			"to": [5.5, 2.5, 5.25],
			"faces": {
				"north": {"uv": [7, 8, 7.125, 8.25], "texture": "#0"},
				"east": {"uv": [1, 7.25, 1.5, 7.5], "texture": "#0"},
				"south": {"uv": [7.25, 8, 7.375, 8.25], "texture": "#0"},
				"west": {"uv": [1.5, 7.25, 2, 7.5], "texture": "#0"},
				"up": {"uv": [7.875, 6.5, 7.75, 6], "texture": "#0"},
				"down": {"uv": [6.375, 7.75, 6.25, 8.25], "texture": "#0"}
			}
		},
		{
			"from": [5.25, 1.75, 3],
			"to": [5.5, 2.5, 3.25],
			"faces": {
				"north": {"uv": [8, 6.25, 8.125, 6.5], "texture": "#0"},
				"east": {"uv": [8, 6.5, 8.125, 6.75], "texture": "#0"},
				"south": {"uv": [6.75, 8, 6.875, 8.25], "texture": "#0"},
				"west": {"uv": [8, 6.75, 8.125, 7], "texture": "#0"},
				"up": {"uv": [8.375, 1.125, 8.25, 1], "texture": "#0"},
				"down": {"uv": [1.375, 8.25, 1.25, 8.375], "texture": "#0"}
			}
		},
		{
			"from": [5.25, 1.75, 5.25],
			"to": [5.5, 2.5, 7.25],
			"faces": {
				"north": {"uv": [6, 8, 6.125, 8.25], "texture": "#0"},
				"east": {"uv": [0, 7.25, 0.5, 7.5], "texture": "#0"},
				"south": {"uv": [8, 6, 8.125, 6.25], "texture": "#0"},
				"west": {"uv": [0.5, 7.25, 1, 7.5], "texture": "#0"},
				"up": {"uv": [7.875, 5.5, 7.75, 5], "texture": "#0"},
				"down": {"uv": [7.875, 5.5, 7.75, 6], "texture": "#0"}
			}
		},
		{
			"from": [5.5, 1.75, 9],
			"to": [7.5, 2.5, 9.25],
			"faces": {
				"north": {"uv": [5.75, 7, 6.25, 7.25], "texture": "#0"},
				"east": {"uv": [4.5, 8, 4.625, 8.25], "texture": "#0"},
				"south": {"uv": [7, 5.75, 7.5, 6], "texture": "#0"},
				"west": {"uv": [8, 4.5, 8.125, 4.75], "texture": "#0"},
				"up": {"uv": [2.25, 7.875, 1.75, 7.75], "texture": "#0"},
				"down": {"uv": [2.75, 7.75, 2.25, 7.875], "texture": "#0"}
			}
		},
		{
			"from": [9.5, 1.75, 2.75],
			"to": [11.5, 2.5, 3],
			"faces": {
				"north": {"uv": [4, 7.25, 4.5, 7.5], "texture": "#0"},
				"east": {"uv": [0.25, 8.25, 0.375, 8.5], "texture": "#0"},
				"south": {"uv": [4.5, 7.25, 5, 7.5], "texture": "#0"},
				"west": {"uv": [0.5, 8.25, 0.625, 8.5], "texture": "#0"},
				"up": {"uv": [8.25, 7.625, 7.75, 7.5], "texture": "#0"},
				"down": {"uv": [8.25, 7.75, 7.75, 7.875], "texture": "#0"}
			}
		},
		{
			"from": [5.5, 1.75, 2.75],
			"to": [7.5, 2.5, 3],
			"faces": {
				"north": {"uv": [3, 7.25, 3.5, 7.5], "texture": "#0"},
				"east": {"uv": [8, 8, 8.125, 8.25], "texture": "#0"},
				"south": {"uv": [3.5, 7.25, 4, 7.5], "texture": "#0"},
				"west": {"uv": [0, 8.25, 0.125, 8.5], "texture": "#0"},
				"up": {"uv": [8.25, 7.125, 7.75, 7], "texture": "#0"},
				"down": {"uv": [8.25, 7.25, 7.75, 7.375], "texture": "#0"}
			}
		},
		{
			"from": [7.5, 1.75, 2.75],
			"to": [9.5, 2.5, 3],
			"faces": {
				"north": {"uv": [7.25, 4.5, 7.75, 4.75], "texture": "#0"},
				"east": {"uv": [8.25, 0.5, 8.375, 0.75], "texture": "#0"},
				"south": {"uv": [7.25, 4.75, 7.75, 5], "texture": "#0"},
				"west": {"uv": [0.75, 8.25, 0.875, 8.5], "texture": "#0"},
				"up": {"uv": [8.5, 0.125, 8, 0], "texture": "#0"},
				"down": {"uv": [8.5, 0.25, 8, 0.375], "texture": "#0"}
			}
		},
		{
			"from": [9, 1, 7],
			"to": [11, 2, 9],
			"faces": {
				"north": {"uv": [6, 6, 6.5, 6.25], "texture": "#0"},
				"east": {"uv": [0, 6.25, 0.5, 6.5], "texture": "#0"},
				"south": {"uv": [0.5, 6.25, 1, 6.5], "texture": "#0"},
				"west": {"uv": [1, 6.25, 1.5, 6.5], "texture": "#0"},
				"up": {"uv": [2, 1.5, 1.5, 1], "texture": "#0"},
				"down": {"uv": [2, 1.5, 1.5, 2], "texture": "#0"}
			}
		},
		{
			"from": [9, 1, 3],
			"to": [11, 2, 5],
			"faces": {
				"north": {"uv": [6, 5.25, 6.5, 5.5], "texture": "#0"},
				"east": {"uv": [5.5, 6, 6, 6.25], "texture": "#0"},
				"south": {"uv": [6, 5.5, 6.5, 5.75], "texture": "#0"},
				"west": {"uv": [6, 5.75, 6.5, 6], "texture": "#0"},
				"up": {"uv": [2, 1, 1.5, 0.5], "texture": "#0"},
				"down": {"uv": [1.5, 1.5, 1, 2], "texture": "#0"}
			}
		},
		{
			"from": [11, 3, 3],
			"to": [11.5, 4, 5],
			"faces": {
				"north": {"uv": [4, 8, 4.125, 8.25], "texture": "#0"},
				"east": {"uv": [7, 4.25, 7.5, 4.5], "texture": "#0"},
				"south": {"uv": [8, 4, 8.125, 4.25], "texture": "#0"},
				"west": {"uv": [4.5, 7, 5, 7.25], "texture": "#0"},
				"up": {"uv": [0.375, 8.25, 0.25, 7.75], "texture": "#0"},
				"down": {"uv": [0.625, 7.75, 0.5, 8.25], "texture": "#0"}
			}
		},
		{
			"from": [11, 3, 7],
			"to": [11.5, 4, 9],
			"faces": {
				"north": {"uv": [3.75, 8, 3.875, 8.25], "texture": "#0"},
				"east": {"uv": [4, 7, 4.5, 7.25], "texture": "#0"},
				"south": {"uv": [8, 3.75, 8.125, 4], "texture": "#0"},
				"west": {"uv": [7, 4, 7.5, 4.25], "texture": "#0"},
				"up": {"uv": [7.625, 8, 7.5, 7.5], "texture": "#0"},
				"down": {"uv": [0.125, 7.75, 0, 8.25], "texture": "#0"}
			}
		},
		{
			"from": [11, 2, 3],
			"to": [11.5, 3, 5],
			"faces": {
				"north": {"uv": [3.5, 8, 3.625, 8.25], "texture": "#0"},
				"east": {"uv": [7, 3.5, 7.5, 3.75], "texture": "#0"},
				"south": {"uv": [8, 3.5, 8.125, 3.75], "texture": "#0"},
				"west": {"uv": [7, 3.75, 7.5, 4], "texture": "#0"},
				"up": {"uv": [7.125, 8, 7, 7.5], "texture": "#0"},
				"down": {"uv": [7.375, 7.5, 7.25, 8], "texture": "#0"}
			}
		},
		{
			"from": [9, 3, 3],
			"to": [11, 4, 5],
			"faces": {
				"north": {"uv": [3, 7, 3.5, 7.25], "texture": "#0"},
				"east": {"uv": [7, 3, 7.5, 3.25], "texture": "#0"},
				"south": {"uv": [7, 3.25, 7.5, 3.5], "texture": "#0"},
				"west": {"uv": [3.5, 7, 4, 7.25], "texture": "#0"},
				"up": {"uv": [2, 3.5, 1.5, 3], "texture": "#0"},
				"down": {"uv": [3.5, 1.5, 3, 2], "texture": "#0"}
			}
		},
		{
			"from": [9, 2, 3],
			"to": [11, 3, 5],
			"faces": {
				"north": {"uv": [7, 2.25, 7.5, 2.5], "texture": "#0"},
				"east": {"uv": [2.5, 7, 3, 7.25], "texture": "#0"},
				"south": {"uv": [7, 2.5, 7.5, 2.75], "texture": "#0"},
				"west": {"uv": [7, 2.75, 7.5, 3], "texture": "#0"},
				"up": {"uv": [1.5, 3.5, 1, 3], "texture": "#0"},
				"down": {"uv": [3.5, 1, 3, 1.5], "texture": "#0"}
			}
		},
		{
			"from": [7, 2, 3],
			"to": [9, 3, 5],
			"faces": {
				"north": {"uv": [7, 1.5, 7.5, 1.75], "texture": "#0"},
				"east": {"uv": [7, 1.75, 7.5, 2], "texture": "#0"},
				"south": {"uv": [2, 7, 2.5, 7.25], "texture": "#0"},
				"west": {"uv": [7, 2, 7.5, 2.25], "texture": "#0"},
				"up": {"uv": [1, 3.5, 0.5, 3], "texture": "#0"},
				"down": {"uv": [3.5, 0.5, 3, 1], "texture": "#0"}
			}
		},
		{
			"from": [7, 3, 3],
			"to": [9, 4, 5],
			"faces": {
				"north": {"uv": [1, 7, 1.5, 7.25], "texture": "#0"},
				"east": {"uv": [7, 1, 7.5, 1.25], "texture": "#0"},
				"south": {"uv": [7, 1.25, 7.5, 1.5], "texture": "#0"},
				"west": {"uv": [1.5, 7, 2, 7.25], "texture": "#0"},
				"up": {"uv": [0.5, 3.5, 0, 3], "texture": "#0"},
				"down": {"uv": [3.5, 0, 3, 0.5], "texture": "#0"}
			}
		},
		{
			"from": [5.5, 3, 3],
			"to": [7, 4, 5],
			"faces": {
				"north": {"uv": [7.5, 3, 7.875, 3.25], "texture": "#0"},
				"east": {"uv": [7, 0.5, 7.5, 0.75], "texture": "#0"},
				"south": {"uv": [7.5, 3.25, 7.875, 3.5], "texture": "#0"},
				"west": {"uv": [7, 0.75, 7.5, 1], "texture": "#0"},
				"up": {"uv": [1.375, 4.5, 1, 4], "texture": "#0"},
				"down": {"uv": [4.375, 1, 4, 1.5], "texture": "#0"}
			}
		},
		{
			"from": [5.5, 2, 3],
			"to": [7, 3, 5],
			"faces": {
				"north": {"uv": [7.5, 2.75, 7.875, 3], "texture": "#0"},
				"east": {"uv": [7, 0.25, 7.5, 0.5], "texture": "#0"},
				"south": {"uv": [3, 7.5, 3.375, 7.75], "texture": "#0"},
				"west": {"uv": [0.5, 7, 1, 7.25], "texture": "#0"},
				"up": {"uv": [0.875, 4.5, 0.5, 4], "texture": "#0"},
				"down": {"uv": [4.375, 0.5, 4, 1], "texture": "#0"}
			}
		},
		{
			"from": [5.5, 2, 5],
			"to": [7, 3, 7],
			"faces": {
				"north": {"uv": [2.5, 7.5, 2.875, 7.75], "texture": "#0"},
				"east": {"uv": [0, 7, 0.5, 7.25], "texture": "#0"},
				"south": {"uv": [7.5, 2.5, 7.875, 2.75], "texture": "#0"},
				"west": {"uv": [7, 0, 7.5, 0.25], "texture": "#0"},
				"up": {"uv": [0.375, 4.5, 0, 4], "texture": "#0"},
				"down": {"uv": [4.375, 0, 4, 0.5], "texture": "#0"}
			}
		},
		{
			"from": [5.5, 3, 5],
			"to": [7, 4, 7],
			"faces": {
				"north": {"uv": [7.5, 2, 7.875, 2.25], "texture": "#0"},
				"east": {"uv": [6, 6.75, 6.5, 7], "texture": "#0"},
				"south": {"uv": [7.5, 2.25, 7.875, 2.5], "texture": "#0"},
				"west": {"uv": [6.5, 6.75, 7, 7], "texture": "#0"},
				"up": {"uv": [3.875, 3.5, 3.5, 3], "texture": "#0"},
				"down": {"uv": [3.875, 3.5, 3.5, 4], "texture": "#0"}
			}
		},
		{
			"from": [5.5, 2, 7],
			"to": [7, 3, 9],
			"faces": {
				"north": {"uv": [7.5, 1.75, 7.875, 2], "texture": "#0"},
				"east": {"uv": [5, 6.75, 5.5, 7], "texture": "#0"},
				"south": {"uv": [2, 7.5, 2.375, 7.75], "texture": "#0"},
				"west": {"uv": [5.5, 6.75, 6, 7], "texture": "#0"},
				"up": {"uv": [3.875, 3, 3.5, 2.5], "texture": "#0"},
				"down": {"uv": [3.375, 3.5, 3, 4], "texture": "#0"}
			}
		},
		{
			"from": [5.5, 3, 7],
			"to": [7, 4, 9],
			"faces": {
				"north": {"uv": [1.5, 7.5, 1.875, 7.75], "texture": "#0"},
				"east": {"uv": [4, 6.75, 4.5, 7], "texture": "#0"},
				"south": {"uv": [7.5, 1.5, 7.875, 1.75], "texture": "#0"},
				"west": {"uv": [4.5, 6.75, 5, 7], "texture": "#0"},
				"up": {"uv": [3.875, 2.5, 3.5, 2], "texture": "#0"},
				"down": {"uv": [2.875, 3.5, 2.5, 4], "texture": "#0"}
			}
		},
		{
			"from": [7, 2, 7],
			"to": [9, 3, 9],
			"faces": {
				"north": {"uv": [2, 6.75, 2.5, 7], "texture": "#0"},
				"east": {"uv": [2.5, 6.75, 3, 7], "texture": "#0"},
				"south": {"uv": [3, 6.75, 3.5, 7], "texture": "#0"},
				"west": {"uv": [3.5, 6.75, 4, 7], "texture": "#0"},
				"up": {"uv": [3, 2.5, 2.5, 2], "texture": "#0"},
				"down": {"uv": [3, 2.5, 2.5, 3], "texture": "#0"}
			}
		},
		{
			"from": [9, 2, 7],
			"to": [11, 3, 9],
			"faces": {
				"north": {"uv": [0, 6.75, 0.5, 7], "texture": "#0"},
				"east": {"uv": [0.5, 6.75, 1, 7], "texture": "#0"},
				"south": {"uv": [1, 6.75, 1.5, 7], "texture": "#0"},
				"west": {"uv": [1.5, 6.75, 2, 7], "texture": "#0"},
				"up": {"uv": [3, 2, 2.5, 1.5], "texture": "#0"},
				"down": {"uv": [2.5, 2.5, 2, 3], "texture": "#0"}
			}
		},
		{
			"from": [11, 2, 7],
			"to": [11.5, 3, 9],
			"faces": {
				"north": {"uv": [8, 3, 8.125, 3.25], "texture": "#0"},
				"east": {"uv": [6.5, 6.25, 7, 6.5], "texture": "#0"},
				"south": {"uv": [8, 3.25, 8.125, 3.5], "texture": "#0"},
				"west": {"uv": [6.5, 6.5, 7, 6.75], "texture": "#0"},
				"up": {"uv": [7.625, 7, 7.5, 6.5], "texture": "#0"},
				"down": {"uv": [6.875, 7.5, 6.75, 8], "texture": "#0"}
			}
		},
		{
			"from": [9, 3, 7],
			"to": [11, 4, 9],
			"faces": {
				"north": {"uv": [6.5, 5.5, 7, 5.75], "texture": "#0"},
				"east": {"uv": [6.5, 5.75, 7, 6], "texture": "#0"},
				"south": {"uv": [6, 6.5, 6.5, 6.75], "texture": "#0"},
				"west": {"uv": [6.5, 6, 7, 6.25], "texture": "#0"},
				"up": {"uv": [3, 1.5, 2.5, 1], "texture": "#0"},
				"down": {"uv": [2, 2.5, 1.5, 3], "texture": "#0"}
			}
		},
		{
			"from": [7, 3, 7],
			"to": [9, 4, 9],
			"faces": {
				"north": {"uv": [5, 6.5, 5.5, 6.75], "texture": "#0"},
				"east": {"uv": [6.5, 5, 7, 5.25], "texture": "#0"},
				"south": {"uv": [6.5, 5.25, 7, 5.5], "texture": "#0"},
				"west": {"uv": [5.5, 6.5, 6, 6.75], "texture": "#0"},
				"up": {"uv": [3, 1, 2.5, 0.5], "texture": "#0"},
				"down": {"uv": [1.5, 2.5, 1, 3], "texture": "#0"}
			}
		},
		{
			"from": [7, 3, 5],
			"to": [9, 4, 7],
			"faces": {
				"north": {"uv": [6.5, 4.25, 7, 4.5], "texture": "#0"},
				"east": {"uv": [4.5, 6.5, 5, 6.75], "texture": "#0"},
				"south": {"uv": [6.5, 4.5, 7, 4.75], "texture": "#0"},
				"west": {"uv": [6.5, 4.75, 7, 5], "texture": "#0"},
				"up": {"uv": [3, 0.5, 2.5, 0], "texture": "#0"},
				"down": {"uv": [1, 2.5, 0.5, 3], "texture": "#0"}
			}
		},
		{
			"from": [9, 3, 5],
			"to": [11, 4, 7],
			"faces": {
				"north": {"uv": [6.5, 3.5, 7, 3.75], "texture": "#0"},
				"east": {"uv": [6.5, 3.75, 7, 4], "texture": "#0"},
				"south": {"uv": [4, 6.5, 4.5, 6.75], "texture": "#0"},
				"west": {"uv": [6.5, 4, 7, 4.25], "texture": "#0"},
				"up": {"uv": [2.5, 2.5, 2, 2], "texture": "#0"},
				"down": {"uv": [0.5, 2.5, 0, 3], "texture": "#0"}
			}
		},
		{
			"from": [11, 3, 5],
			"to": [11.5, 4, 7],
			"faces": {
				"north": {"uv": [8, 2.5, 8.125, 2.75], "texture": "#0"},
				"east": {"uv": [6.5, 3.25, 7, 3.5], "texture": "#0"},
				"south": {"uv": [8, 2.75, 8.125, 3], "texture": "#0"},
				"west": {"uv": [3.5, 6.5, 4, 6.75], "texture": "#0"},
				"up": {"uv": [6.125, 8, 6, 7.5], "texture": "#0"},
				"down": {"uv": [7.625, 6, 7.5, 6.5], "texture": "#0"}
			}
		},
		{
			"from": [11, 2, 5],
			"to": [11.5, 3, 7],
			"faces": {
				"north": {"uv": [8, 2.25, 8.125, 2.5], "texture": "#0"},
				"east": {"uv": [3, 6.5, 3.5, 6.75], "texture": "#0"},
				"south": {"uv": [2.5, 8, 2.625, 8.25], "texture": "#0"},
				"west": {"uv": [6.5, 3, 7, 3.25], "texture": "#0"},
				"up": {"uv": [7.625, 6, 7.5, 5.5], "texture": "#0"},
				"down": {"uv": [5.875, 7.5, 5.75, 8], "texture": "#0"}
			}
		},
		{
			"from": [8, 1.75, 8],
			"to": [9, 2.5, 10],
			"faces": {
				"north": {"uv": [8, 0.5, 8.25, 0.75], "texture": "#0"},
				"east": {"uv": [5.25, 7.25, 5.75, 7.5], "texture": "#0"},
				"south": {"uv": [0.75, 8, 1, 8.25], "texture": "#0"},
				"west": {"uv": [5.75, 7.25, 6.25, 7.5], "texture": "#0"},
				"up": {"uv": [6.5, 7.75, 6.25, 7.25], "texture": "#0"},
				"down": {"uv": [6.75, 7.25, 6.5, 7.75], "texture": "#0"}
			}
		}
	],
	"display": {
		"thirdperson_righthand": {
			"rotation": [26, -106, 0],
			"translation": [-1, 9.75, 2]
		},
		"thirdperson_lefthand": {
			"rotation": [26, -106, 0],
			"translation": [-1, 9.75, 2]
		},
		"firstperson_righthand": {
			"rotation": [0, -52, 0],
			"translation": [0, 9, 0]
		},
		"firstperson_lefthand": {
			"rotation": [3, -56, 0],
			"translation": [0.5, 8.5, 0]
		},
		"ground": {
			"translation": [0, 6, 0]
		},
		"gui": {
			"translation": [-0.25, 8.75, 0],
			"scale": [1.58, 1.54, 1.49]
		},
		"head": {
			"rotation": [0, 180, 0],
			"translation": [1.5, 20.75, -4.75],
			"scale": [2.61, 2.59, 2.5]
		},
		"fixed": {
			"rotation": [-17, 0, 0],
			"translation": [0, 6, 0]
		}
	}
}