{
	"credit": "Made with Blockbench",
	"texture_size": [64, 64],
	"textures": {
		"2": "custom/hut/sammlerkopf",
		"particle": "custom/hut/sammlerkopf"
	},
	"elements": [
		{
			"from": [5, 24, 2.5],
			"to": [11.75, 27.75, 9.5],
			"faces": {
				"north": {"uv": [4, 0, 5.75, 1], "texture": "#2"},
				"east": {"uv": [4, 1, 5.75, 2], "texture": "#2"},
				"south": {"uv": [4, 2, 5.75, 3], "texture": "#2"},
				"west": {"uv": [0, 4.5, 1.75, 5.5], "texture": "#2"},
				"up": {"uv": [4, 1.75, 2.25, 0], "texture": "#2"},
				"down": {"uv": [4, 1.75, 2.25, 3.5], "texture": "#2"}
			}
		},
		{
			"from": [8, 24, 9],
			"to": [10, 25, 9.75],
			"faces": {
				"north": {"uv": [7.5, 7, 8, 7.25], "texture": "#2"},
				"east": {"uv": [3.75, 6.25, 4, 6.5], "texture": "#2"},
				"south": {"uv": [7.5, 7.25, 8, 7.5], "texture": "#2"},
				"west": {"uv": [1.5, 6.75, 1.75, 7], "texture": "#2"},
				"up": {"uv": [8, 7.75, 7.5, 7.5], "texture": "#2"},
				"down": {"uv": [0.5, 7.75, 0, 8], "texture": "#2"}
			}
		},
		{
			"from": [10, 24, 9],
			"to": [12, 25, 9.75],
			"faces": {
				"north": {"uv": [7.75, 0, 8.25, 0.25], "texture": "#2"},
				"east": {"uv": [6.75, 5.75, 7, 6], "texture": "#2"},
				"south": {"uv": [7.75, 0.25, 8.25, 0.5], "texture": "#2"},
				"west": {"uv": [4.5, 7, 4.75, 7.25], "texture": "#2"},
				"up": {"uv": [1, 8, 0.5, 7.75], "texture": "#2"},
				"down": {"uv": [8.25, 0.5, 7.75, 0.75], "texture": "#2"}
			}
		},
		{
			"from": [4.75, 24, 9],
			"to": [6, 25, 9.75],
			"faces": {
				"north": {"uv": [0.5, 8, 0.875, 8.25], "texture": "#2"},
				"east": {"uv": [7, 5, 7.25, 5.25], "texture": "#2"},
				"south": {"uv": [1, 8, 1.375, 8.25], "texture": "#2"},
				"west": {"uv": [7.25, 5.5, 7.5, 5.75], "texture": "#2"},
				"up": {"uv": [1.875, 8.25, 1.5, 8], "texture": "#2"},
				"down": {"uv": [2.375, 8, 2, 8.25], "texture": "#2"}
			}
		},
		{
			"from": [4.75, 26, 9],
			"to": [6.25, 26.3, 9.75],
			"faces": {
				"north": {"uv": [3.5, 8.75, 3.875, 8.875], "texture": "#2"},
				"east": {"uv": [5.5, 8.25, 5.75, 8.375], "texture": "#2"},
				"south": {"uv": [4, 8.75, 4.375, 8.875], "texture": "#2"},
				"west": {"uv": [4.5, 8.5, 4.75, 8.625], "texture": "#2"},
				"up": {"uv": [2.875, 8.25, 2.5, 8], "texture": "#2"},
				"down": {"uv": [3.375, 8, 3, 8.25], "texture": "#2"}
			}
		},
		{
			"from": [10.5, 26, 9],
			"to": [12, 26.3, 9.75],
			"faces": {
				"north": {"uv": [4.5, 8.75, 4.875, 8.875], "texture": "#2"},
				"east": {"uv": [9.25, 1, 9.5, 1.125], "texture": "#2"},
				"south": {"uv": [5, 8.75, 5.375, 8.875], "texture": "#2"},
				"west": {"uv": [9.25, 1.25, 9.5, 1.375], "texture": "#2"},
				"up": {"uv": [8.375, 3.25, 8, 3], "texture": "#2"},
				"down": {"uv": [8.375, 3.25, 8, 3.5], "texture": "#2"}
			}
		},
		{
			"from": [6, 24, 9],
			"to": [8, 25, 9.75],
			"faces": {
				"north": {"uv": [7.75, 0.75, 8.25, 1], "texture": "#2"},
				"east": {"uv": [8, 7.25, 8.25, 7.5], "texture": "#2"},
				"south": {"uv": [1, 7.75, 1.5, 8], "texture": "#2"},
				"west": {"uv": [8, 7.5, 8.25, 7.75], "texture": "#2"},
				"up": {"uv": [8.25, 1.25, 7.75, 1], "texture": "#2"},
				"down": {"uv": [8.25, 1.25, 7.75, 1.5], "texture": "#2"}
			}
		},
		{
			"from": [4.75, 25, 9],
			"to": [6.75, 26, 9.75],
			"faces": {
				"north": {"uv": [7.75, 1.5, 8.25, 1.75], "texture": "#2"},
				"east": {"uv": [8, 7.75, 8.25, 8], "texture": "#2"},
				"south": {"uv": [7.75, 1.75, 8.25, 2], "texture": "#2"},
				"west": {"uv": [8, 8, 8.25, 8.25], "texture": "#2"},
				"up": {"uv": [8.25, 2.25, 7.75, 2], "texture": "#2"},
				"down": {"uv": [8.25, 2.25, 7.75, 2.5], "texture": "#2"}
			}
		},
		{
			"from": [6.75, 25, 9],
			"to": [10.05, 26, 9.75],
			"faces": {
				"north": {"uv": [7.75, 1.5, 8.25, 1.75], "texture": "#2"},
				"east": {"uv": [8, 7.75, 8.25, 8], "texture": "#2"},
				"south": {"uv": [7.75, 1.75, 8.25, 2], "texture": "#2"},
				"west": {"uv": [8, 8, 8.25, 8.25], "texture": "#2"},
				"up": {"uv": [8.25, 2.25, 7.75, 2], "texture": "#2"},
				"down": {"uv": [8.25, 2.25, 7.75, 2.5], "texture": "#2"}
			}
		},
		{
			"from": [10, 25, 9],
			"to": [12, 26, 9.75],
			"faces": {
				"north": {"uv": [7.75, 2.5, 8.25, 2.75], "texture": "#2"},
				"east": {"uv": [8.25, 0, 8.5, 0.25], "texture": "#2"},
				"south": {"uv": [7.75, 2.75, 8.25, 3], "texture": "#2"},
				"west": {"uv": [8.25, 0.25, 8.5, 0.5], "texture": "#2"},
				"up": {"uv": [5, 8, 4.5, 7.75], "texture": "#2"},
				"down": {"uv": [5.5, 7.75, 5, 8], "texture": "#2"}
			}
		},
		{
			"from": [4.75, 24, 7],
			"to": [5, 25.25, 9],
			"faces": {
				"north": {"uv": [5.5, 8.75, 5.625, 9.125], "texture": "#2"},
				"east": {"uv": [6.75, 1, 7.25, 1.375], "texture": "#2"},
				"south": {"uv": [8.75, 5.5, 8.875, 5.875], "texture": "#2"},
				"west": {"uv": [6.75, 1.5, 7.25, 1.875], "texture": "#2"},
				"up": {"uv": [0.625, 8.75, 0.5, 8.25], "texture": "#2"},
				"down": {"uv": [8.375, 0.5, 8.25, 1], "texture": "#2"}
			}
		},
		{
			"from": [4.75, 25.25, 3],
			"to": [5, 26.5, 5],
			"faces": {
				"north": {"uv": [5.75, 8.75, 5.875, 9.125], "texture": "#2"},
				"east": {"uv": [6.75, 2, 7.25, 2.375], "texture": "#2"},
				"south": {"uv": [6, 8.75, 6.125, 9.125], "texture": "#2"},
				"west": {"uv": [6.75, 2.5, 7.25, 2.875], "texture": "#2"},
				"up": {"uv": [0.875, 8.75, 0.75, 8.25], "texture": "#2"},
				"down": {"uv": [1.125, 8.25, 1, 8.75], "texture": "#2"}
			}
		},
		{
			"from": [4.75, 25.25, 2.5],
			"to": [5, 26.5, 3],
			"faces": {
				"north": {"uv": [6.25, 8.75, 6.375, 9.125], "texture": "#2"},
				"east": {"uv": [6.5, 8.75, 6.625, 9.125], "texture": "#2"},
				"south": {"uv": [6.75, 8.75, 6.875, 9.125], "texture": "#2"},
				"west": {"uv": [7, 8.75, 7.125, 9.125], "texture": "#2"},
				"up": {"uv": [5.625, 9.375, 5.5, 9.25], "texture": "#2"},
				"down": {"uv": [5.875, 9.25, 5.75, 9.375], "texture": "#2"}
			}
		},
		{
			"from": [11.75, 25.25, 2.5],
			"to": [12, 26.5, 3],
			"faces": {
				"north": {"uv": [7.25, 8.75, 7.375, 9.125], "texture": "#2"},
				"east": {"uv": [8.75, 7.25, 8.875, 7.625], "texture": "#2"},
				"south": {"uv": [7.5, 8.75, 7.625, 9.125], "texture": "#2"},
				"west": {"uv": [7.75, 8.75, 7.875, 9.125], "texture": "#2"},
				"up": {"uv": [6.125, 9.375, 6, 9.25], "texture": "#2"},
				"down": {"uv": [6.375, 9.25, 6.25, 9.375], "texture": "#2"}
			}
		},
		{
			"from": [11.75, 25.25, 3],
			"to": [12, 26.5, 5],
			"faces": {
				"north": {"uv": [8.75, 7.75, 8.875, 8.125], "texture": "#2"},
				"east": {"uv": [4.75, 6.75, 5.25, 7.125], "texture": "#2"},
				"south": {"uv": [8, 8.75, 8.125, 9.125], "texture": "#2"},
				"west": {"uv": [6.75, 5.25, 7.25, 5.625], "texture": "#2"},
				"up": {"uv": [8.375, 1.5, 8.25, 1], "texture": "#2"},
				"down": {"uv": [1.375, 8.25, 1.25, 8.75], "texture": "#2"}
			}
		},
		{
			"from": [4.75, 24, 5],
			"to": [5, 25.25, 7],
			"faces": {
				"north": {"uv": [8.25, 8.75, 8.375, 9.125], "texture": "#2"},
				"east": {"uv": [1.5, 7, 2, 7.375], "texture": "#2"},
				"south": {"uv": [8.5, 8.75, 8.625, 9.125], "texture": "#2"},
				"west": {"uv": [2, 7, 2.5, 7.375], "texture": "#2"},
				"up": {"uv": [1.625, 8.75, 1.5, 8.25], "texture": "#2"},
				"down": {"uv": [8.375, 1.5, 8.25, 2], "texture": "#2"}
			}
		},
		{
			"from": [5, 24, 2.25],
			"to": [7, 25.25, 2.5],
			"faces": {
				"north": {"uv": [2.5, 7, 3, 7.375], "texture": "#2"},
				"east": {"uv": [8.75, 8.75, 8.875, 9.125], "texture": "#2"},
				"south": {"uv": [3, 7, 3.5, 7.375], "texture": "#2"},
				"west": {"uv": [0, 9, 0.125, 9.375], "texture": "#2"},
				"up": {"uv": [2.25, 8.375, 1.75, 8.25], "texture": "#2"},
				"down": {"uv": [8.75, 2, 8.25, 2.125], "texture": "#2"}
			}
		},
		{
			"from": [7, 24, 2.25],
			"to": [9, 25.25, 2.5],
			"faces": {
				"north": {"uv": [7, 3, 7.5, 3.375], "texture": "#2"},
				"east": {"uv": [9, 0, 9.125, 0.375], "texture": "#2"},
				"south": {"uv": [3.5, 7, 4, 7.375], "texture": "#2"},
				"west": {"uv": [0.25, 9, 0.375, 9.375], "texture": "#2"},
				"up": {"uv": [2.75, 8.375, 2.25, 8.25], "texture": "#2"},
				"down": {"uv": [8.75, 2.25, 8.25, 2.375], "texture": "#2"}
			}
		},
		{
			"from": [9, 24, 2.25],
			"to": [11, 25.25, 2.5],
			"faces": {
				"north": {"uv": [7, 3.5, 7.5, 3.875], "texture": "#2"},
				"east": {"uv": [0.5, 9, 0.625, 9.375], "texture": "#2"},
				"south": {"uv": [4, 7, 4.5, 7.375], "texture": "#2"},
				"west": {"uv": [9, 0.5, 9.125, 0.875], "texture": "#2"},
				"up": {"uv": [8.75, 2.625, 8.25, 2.5], "texture": "#2"},
				"down": {"uv": [3.25, 8.25, 2.75, 8.375], "texture": "#2"}
			}
		},
		{
			"from": [11, 24, 2.25],
			"to": [11.75, 25.25, 2.5],
			"faces": {
				"north": {"uv": [3.5, 8, 3.75, 8.375], "texture": "#2"},
				"east": {"uv": [0.75, 9, 0.875, 9.375], "texture": "#2"},
				"south": {"uv": [8, 3.5, 8.25, 3.875], "texture": "#2"},
				"west": {"uv": [1, 9, 1.125, 9.375], "texture": "#2"},
				"up": {"uv": [9.5, 1.625, 9.25, 1.5], "texture": "#2"},
				"down": {"uv": [9.5, 1.75, 9.25, 1.875], "texture": "#2"}
			}
		},
		{
			"from": [11, 25.25, 2.25],
			"to": [11.75, 26.5, 2.5],
			"faces": {
				"north": {"uv": [3.75, 8, 4, 8.375], "texture": "#2"},
				"east": {"uv": [9, 1, 9.125, 1.375], "texture": "#2"},
				"south": {"uv": [4, 8, 4.25, 8.375], "texture": "#2"},
				"west": {"uv": [1.25, 9, 1.375, 9.375], "texture": "#2"},
				"up": {"uv": [9.5, 2.125, 9.25, 2], "texture": "#2"},
				"down": {"uv": [9.5, 2.25, 9.25, 2.375], "texture": "#2"}
			}
		},
		{
			"from": [5, 25.25, 2.25],
			"to": [5.75, 26.5, 2.5],
			"faces": {
				"north": {"uv": [8, 4, 8.25, 4.375], "texture": "#2"},
				"east": {"uv": [1.5, 9, 1.625, 9.375], "texture": "#2"},
				"south": {"uv": [4.25, 8, 4.5, 8.375], "texture": "#2"},
				"west": {"uv": [9, 1.5, 9.125, 1.875], "texture": "#2"},
				"up": {"uv": [9.5, 2.625, 9.25, 2.5], "texture": "#2"},
				"down": {"uv": [3, 9.25, 2.75, 9.375], "texture": "#2"}
			}
		},
		{
			"from": [11.75, 24, 5],
			"to": [12, 25.25, 7],
			"faces": {
				"north": {"uv": [1.75, 9, 1.875, 9.375], "texture": "#2"},
				"east": {"uv": [7, 4, 7.5, 4.375], "texture": "#2"},
				"south": {"uv": [2, 9, 2.125, 9.375], "texture": "#2"},
				"west": {"uv": [7, 4.5, 7.5, 4.875], "texture": "#2"},
				"up": {"uv": [3.375, 8.75, 3.25, 8.25], "texture": "#2"},
				"down": {"uv": [8.375, 3.5, 8.25, 4], "texture": "#2"}
			}
		},
		{
			"from": [11.75, 24, 7],
			"to": [12, 25.25, 9],
			"faces": {
				"north": {"uv": [2.25, 9, 2.375, 9.375], "texture": "#2"},
				"east": {"uv": [7, 5.75, 7.5, 6.125], "texture": "#2"},
				"south": {"uv": [2.5, 9, 2.625, 9.375], "texture": "#2"},
				"west": {"uv": [6, 7, 6.5, 7.375], "texture": "#2"},
				"up": {"uv": [8.375, 4.5, 8.25, 4], "texture": "#2"},
				"down": {"uv": [8.375, 4.5, 8.25, 5], "texture": "#2"}
			}
		},
		{
			"from": [4.75, 25.25, 5],
			"to": [5, 26, 7],
			"faces": {
				"north": {"uv": [9.25, 2.75, 9.375, 3], "texture": "#2"},
				"east": {"uv": [7.75, 5, 8.25, 5.25], "texture": "#2"},
				"south": {"uv": [3, 9.25, 3.125, 9.5], "texture": "#2"},
				"west": {"uv": [7.75, 5.25, 8.25, 5.5], "texture": "#2"},
				"up": {"uv": [4.875, 8.75, 4.75, 8.25], "texture": "#2"},
				"down": {"uv": [5.125, 8.25, 5, 8.75], "texture": "#2"}
			}
		},
		{
			"from": [11.75, 25.25, 5],
			"to": [12, 26, 7],
			"faces": {
				"north": {"uv": [3.25, 9.25, 3.375, 9.5], "texture": "#2"},
				"east": {"uv": [5.5, 7.75, 6, 8], "texture": "#2"},
				"south": {"uv": [3.5, 9.25, 3.625, 9.5], "texture": "#2"},
				"west": {"uv": [7, 7.75, 7.5, 8], "texture": "#2"},
				"up": {"uv": [8.375, 5.5, 8.25, 5], "texture": "#2"},
				"down": {"uv": [5.375, 8.25, 5.25, 8.75], "texture": "#2"}
			}
		},
		{
			"from": [6.25, 26.25, 9],
			"to": [7.5, 27.5, 9.75],
			"faces": {
				"north": {"uv": [4, 7.5, 4.375, 7.875], "texture": "#2"},
				"east": {"uv": [4.5, 8, 4.75, 8.375], "texture": "#2"},
				"south": {"uv": [7.5, 4, 7.875, 4.375], "texture": "#2"},
				"west": {"uv": [8, 4.5, 8.25, 4.875], "texture": "#2"},
				"up": {"uv": [5.125, 8.25, 4.75, 8], "texture": "#2"},
				"down": {"uv": [5.625, 8, 5.25, 8.25], "texture": "#2"}
			}
		},
		{
			"from": [9.25, 26.25, 9],
			"to": [10.5, 27.5, 9.75],
			"faces": {
				"north": {"uv": [7.5, 4.5, 7.875, 4.875], "texture": "#2"},
				"east": {"uv": [8, 5.5, 8.25, 5.875], "texture": "#2"},
				"south": {"uv": [7.5, 5.5, 7.875, 5.875], "texture": "#2"},
				"west": {"uv": [5.75, 8, 6, 8.375], "texture": "#2"},
				"up": {"uv": [6.375, 8.25, 6, 8], "texture": "#2"},
				"down": {"uv": [8.375, 6, 8, 6.25], "texture": "#2"}
			}
		},
		{
			"from": [6, 18.25, 5],
			"to": [10.75, 24, 7.75],
			"faces": {
				"north": {"uv": [2.25, 3.5, 3.5, 5], "texture": "#2"},
				"east": {"uv": [4, 5, 4.75, 6.5], "texture": "#2"},
				"south": {"uv": [3.5, 3.5, 4.75, 5], "texture": "#2"},
				"west": {"uv": [4.75, 5.25, 5.5, 6.75], "texture": "#2"},
				"up": {"uv": [1.25, 6.25, 0, 5.5], "texture": "#2"},
				"down": {"uv": [6.75, 5.25, 5.5, 6], "texture": "#2"}
			}
		},
		{
			"from": [6.75, 13.5, 5.5],
			"to": [8.25, 18.25, 7],
			"faces": {
				"north": {"uv": [1.25, 5.5, 1.625, 6.75], "texture": "#2"},
				"east": {"uv": [5.75, 0, 6.125, 1.25], "texture": "#2"},
				"south": {"uv": [5.75, 1.25, 6.125, 2.5], "texture": "#2"},
				"west": {"uv": [1.75, 5.75, 2.125, 7], "texture": "#2"},
				"up": {"uv": [6.375, 7.875, 6, 7.5], "texture": "#2"},
				"down": {"uv": [7.875, 6, 7.5, 6.375], "texture": "#2"}
			}
		},
		{
			"from": [8.5, 13.5, 5.5],
			"to": [10, 18.25, 7],
			"faces": {
				"north": {"uv": [2.25, 5.75, 2.625, 7], "texture": "#2"},
				"east": {"uv": [2.75, 5.75, 3.125, 7], "texture": "#2"},
				"south": {"uv": [3.25, 5.75, 3.625, 7], "texture": "#2"},
				"west": {"uv": [5.5, 6, 5.875, 7.25], "texture": "#2"},
				"up": {"uv": [6.875, 7.875, 6.5, 7.5], "texture": "#2"},
				"down": {"uv": [7.875, 6.5, 7.5, 6.875], "texture": "#2"}
			}
		},
		{
			"from": [10.75, 22, 5.25],
			"to": [11.75, 24, 7],
			"faces": {
				"north": {"uv": [4.5, 3, 4.75, 3.5], "texture": "#2"},
				"east": {"uv": [4, 3, 4.5, 3.5], "texture": "#2"},
				"south": {"uv": [3.75, 5.75, 4, 6.25], "texture": "#2"},
				"west": {"uv": [1.75, 4.5, 2.25, 5], "texture": "#2"},
				"up": {"uv": [1.25, 6.75, 1, 6.25], "texture": "#2"},
				"down": {"uv": [5.5, 6.75, 5.25, 7.25], "texture": "#2"}
			}
		},
		{
			"from": [5, 22, 5.25],
			"to": [6, 24, 7],
			"faces": {
				"north": {"uv": [7.5, 7.75, 7.75, 8.25], "texture": "#2"},
				"east": {"uv": [5.75, 2.5, 6.25, 3], "texture": "#2"},
				"south": {"uv": [7.75, 7.75, 8, 8.25], "texture": "#2"},
				"west": {"uv": [6, 6, 6.5, 6.5], "texture": "#2"},
				"up": {"uv": [0.25, 8.5, 0, 8], "texture": "#2"},
				"down": {"uv": [0.5, 8, 0.25, 8.5], "texture": "#2"}
			}
		},
		{
			"from": [4, 27.8, 1.75],
			"to": [12.75, 30.95, 10.25],
			"faces": {
				"north": {"uv": [4.75, 3, 7, 3.75], "texture": "#2"},
				"east": {"uv": [4.75, 4.5, 6.875, 5.25], "texture": "#2"},
				"south": {"uv": [4.75, 3.75, 7, 4.5], "texture": "#2"},
				"west": {"uv": [1.75, 5, 3.875, 5.75], "texture": "#2"},
				"up": {"uv": [2.25, 2.125, 0, 0], "texture": "#2"},
				"down": {"uv": [2.25, 2.25, 0, 4.375], "texture": "#2"}
			}
		},
		{
			"from": [4, 27.75, 10],
			"to": [6, 28, 11.5],
			"faces": {
				"north": {"uv": [8.25, 2.75, 8.75, 2.875], "texture": "#2"},
				"east": {"uv": [2.75, 9, 3.125, 9.125], "texture": "#2"},
				"south": {"uv": [8.25, 5.5, 8.75, 5.625], "texture": "#2"},
				"west": {"uv": [9, 3, 9.375, 3.125], "texture": "#2"},
				"up": {"uv": [7.5, 6.625, 7, 6.25], "texture": "#2"},
				"down": {"uv": [7, 7, 6.5, 7.375], "texture": "#2"}
			}
		},
		{
			"from": [4, 27.75, 0.25],
			"to": [6, 28, 1.75],
			"faces": {
				"north": {"uv": [8.25, 5.75, 8.75, 5.875], "texture": "#2"},
				"east": {"uv": [3.25, 9, 3.625, 9.125], "texture": "#2"},
				"south": {"uv": [6, 8.25, 6.5, 8.375], "texture": "#2"},
				"west": {"uv": [9, 3.25, 9.375, 3.375], "texture": "#2"},
				"up": {"uv": [7.5, 7.125, 7, 6.75], "texture": "#2"},
				"down": {"uv": [0.5, 7.25, 0, 7.625], "texture": "#2"}
			}
		},
		{
			"from": [8, 27.75, 10],
			"to": [10, 28, 11.5],
			"faces": {
				"north": {"uv": [6.5, 8.25, 7, 8.375], "texture": "#2"},
				"east": {"uv": [9, 3.5, 9.375, 3.625], "texture": "#2"},
				"south": {"uv": [7, 8.25, 7.5, 8.375], "texture": "#2"},
				"west": {"uv": [3.75, 9, 4.125, 9.125], "texture": "#2"},
				"up": {"uv": [7.75, 0.375, 7.25, 0], "texture": "#2"},
				"down": {"uv": [1, 7.25, 0.5, 7.625], "texture": "#2"}
			}
		},
		{
			"from": [8, 27.75, 0.25],
			"to": [10, 28, 1.75],
			"faces": {
				"north": {"uv": [8.25, 7.25, 8.75, 7.375], "texture": "#2"},
				"east": {"uv": [9, 3.75, 9.375, 3.875], "texture": "#2"},
				"south": {"uv": [7.5, 8.25, 8, 8.375], "texture": "#2"},
				"west": {"uv": [9, 4, 9.375, 4.125], "texture": "#2"},
				"up": {"uv": [7.75, 0.875, 7.25, 0.5], "texture": "#2"},
				"down": {"uv": [1.5, 7.25, 1, 7.625], "texture": "#2"}
			}
		},
		{
			"from": [6, 27.75, 10],
			"to": [8, 28, 11.75],
			"faces": {
				"north": {"uv": [8.25, 7.5, 8.75, 7.625], "texture": "#2"},
				"east": {"uv": [8.25, 7.75, 8.75, 7.875], "texture": "#2"},
				"south": {"uv": [8, 8.25, 8.5, 8.375], "texture": "#2"},
				"west": {"uv": [8.25, 8, 8.75, 8.125], "texture": "#2"},
				"up": {"uv": [0.5, 6.75, 0, 6.25], "texture": "#2"},
				"down": {"uv": [6.75, 0, 6.25, 0.5], "texture": "#2"}
			}
		},
		{
			"from": [2.25, 27.75, 6],
			"to": [4, 28, 7.75],
			"faces": {
				"north": {"uv": [0, 8.5, 0.5, 8.625], "texture": "#2"},
				"east": {"uv": [8.5, 0, 9, 0.125], "texture": "#2"},
				"south": {"uv": [8.5, 0.25, 9, 0.375], "texture": "#2"},
				"west": {"uv": [8.5, 0.5, 9, 0.625], "texture": "#2"},
				"up": {"uv": [1, 6.75, 0.5, 6.25], "texture": "#2"},
				"down": {"uv": [6.75, 0.5, 6.25, 1], "texture": "#2"}
			}
		},
		{
			"from": [12.75, 27.75, 6.5],
			"to": [14.5, 28, 8.25],
			"faces": {
				"north": {"uv": [8.5, 0.75, 9, 0.875], "texture": "#2"},
				"east": {"uv": [8.5, 1, 9, 1.125], "texture": "#2"},
				"south": {"uv": [8.5, 1.25, 9, 1.375], "texture": "#2"},
				"west": {"uv": [8.5, 1.5, 9, 1.625], "texture": "#2"},
				"up": {"uv": [6.75, 1.5, 6.25, 1], "texture": "#2"},
				"down": {"uv": [6.75, 1.5, 6.25, 2], "texture": "#2"}
			}
		},
		{
			"from": [12.75, 27.75, 3],
			"to": [14.5, 28, 4.75],
			"faces": {
				"north": {"uv": [1.75, 8.5, 2.25, 8.625], "texture": "#2"},
				"east": {"uv": [8.5, 1.75, 9, 1.875], "texture": "#2"},
				"south": {"uv": [2.25, 8.5, 2.75, 8.625], "texture": "#2"},
				"west": {"uv": [2.75, 8.5, 3.25, 8.625], "texture": "#2"},
				"up": {"uv": [6.75, 2.5, 6.25, 2], "texture": "#2"},
				"down": {"uv": [6.75, 2.5, 6.25, 3], "texture": "#2"}
			}
		},
		{
			"from": [2.25, 27.75, 2.5],
			"to": [4, 28, 4.25],
			"faces": {
				"north": {"uv": [8.5, 3, 9, 3.125], "texture": "#2"},
				"east": {"uv": [8.5, 3.25, 9, 3.375], "texture": "#2"},
				"south": {"uv": [3.5, 8.5, 4, 8.625], "texture": "#2"},
				"west": {"uv": [8.5, 3.5, 9, 3.625], "texture": "#2"},
				"up": {"uv": [4.25, 7, 3.75, 6.5], "texture": "#2"},
				"down": {"uv": [4.75, 6.5, 4.25, 7], "texture": "#2"}
			}
		},
		{
			"from": [2.25, 27.75, 9.5],
			"to": [4, 28, 11.25],
			"faces": {
				"north": {"uv": [8.5, 3.75, 9, 3.875], "texture": "#2"},
				"east": {"uv": [4, 8.5, 4.5, 8.625], "texture": "#2"},
				"south": {"uv": [8.5, 4, 9, 4.125], "texture": "#2"},
				"west": {"uv": [8.5, 4.25, 9, 4.375], "texture": "#2"},
				"up": {"uv": [6.5, 7, 6, 6.5], "texture": "#2"},
				"down": {"uv": [7, 6, 6.5, 6.5], "texture": "#2"}
			}
		},
		{
			"from": [2.75, 27.75, 7.75],
			"to": [4, 28, 9.5],
			"faces": {
				"north": {"uv": [4.25, 9, 4.625, 9.125], "texture": "#2"},
				"east": {"uv": [8.5, 4.5, 9, 4.625], "texture": "#2"},
				"south": {"uv": [9, 4.25, 9.375, 4.375], "texture": "#2"},
				"west": {"uv": [8.5, 4.75, 9, 4.875], "texture": "#2"},
				"up": {"uv": [7.625, 1.5, 7.25, 1], "texture": "#2"},
				"down": {"uv": [7.625, 1.5, 7.25, 2], "texture": "#2"}
			}
		},
		{
			"from": [12.75, 27.75, 8.25],
			"to": [14, 28, 10],
			"faces": {
				"north": {"uv": [9, 4.5, 9.375, 4.625], "texture": "#2"},
				"east": {"uv": [8.5, 5, 9, 5.125], "texture": "#2"},
				"south": {"uv": [4.75, 9, 5.125, 9.125], "texture": "#2"},
				"west": {"uv": [8.5, 5.25, 9, 5.375], "texture": "#2"},
				"up": {"uv": [7.625, 2.5, 7.25, 2], "texture": "#2"},
				"down": {"uv": [7.625, 2.5, 7.25, 3], "texture": "#2"}
			}
		},
		{
			"from": [2.75, 27.75, 4.25],
			"to": [4, 28, 6],
			"faces": {
				"north": {"uv": [9, 4.75, 9.375, 4.875], "texture": "#2"},
				"east": {"uv": [5.5, 8.5, 6, 8.625], "texture": "#2"},
				"south": {"uv": [9, 5, 9.375, 5.125], "texture": "#2"},
				"west": {"uv": [6, 8.5, 6.5, 8.625], "texture": "#2"},
				"up": {"uv": [4.875, 7.75, 4.5, 7.25], "texture": "#2"},
				"down": {"uv": [5.375, 7.25, 5, 7.75], "texture": "#2"}
			}
		},
		{
			"from": [12.75, 27.75, 4.75],
			"to": [14, 28, 6.5],
			"faces": {
				"north": {"uv": [9, 5.25, 9.375, 5.375], "texture": "#2"},
				"east": {"uv": [8.5, 6, 9, 6.125], "texture": "#2"},
				"south": {"uv": [9, 5.5, 9.375, 5.625], "texture": "#2"},
				"west": {"uv": [8.5, 6.25, 9, 6.375], "texture": "#2"},
				"up": {"uv": [7.625, 5.5, 7.25, 5], "texture": "#2"},
				"down": {"uv": [5.875, 7.25, 5.5, 7.75], "texture": "#2"}
			}
		},
		{
			"from": [12.75, 27.75, 1.25],
			"to": [14, 28, 3],
			"faces": {
				"north": {"uv": [9, 5.75, 9.375, 5.875], "texture": "#2"},
				"east": {"uv": [6.5, 8.5, 7, 8.625], "texture": "#2"},
				"south": {"uv": [9, 6, 9.375, 6.125], "texture": "#2"},
				"west": {"uv": [8.5, 6.5, 9, 6.625], "texture": "#2"},
				"up": {"uv": [7.375, 7.75, 7, 7.25], "texture": "#2"},
				"down": {"uv": [1.875, 7.5, 1.5, 8], "texture": "#2"}
			}
		},
		{
			"from": [2.75, 27.75, 0.75],
			"to": [4, 28, 2.5],
			"faces": {
				"north": {"uv": [9, 6.25, 9.375, 6.375], "texture": "#2"},
				"east": {"uv": [8.5, 6.75, 9, 6.875], "texture": "#2"},
				"south": {"uv": [9, 6.5, 9.375, 6.625], "texture": "#2"},
				"west": {"uv": [7, 8.5, 7.5, 8.625], "texture": "#2"},
				"up": {"uv": [2.375, 8, 2, 7.5], "texture": "#2"},
				"down": {"uv": [2.875, 7.5, 2.5, 8], "texture": "#2"}
			}
		},
		{
			"from": [6, 27.75, 0],
			"to": [8, 28, 1.75],
			"faces": {
				"north": {"uv": [8.5, 7, 9, 7.125], "texture": "#2"},
				"east": {"uv": [7.5, 8.5, 8, 8.625], "texture": "#2"},
				"south": {"uv": [8, 8.5, 8.5, 8.625], "texture": "#2"},
				"west": {"uv": [8.5, 8.25, 9, 8.375], "texture": "#2"},
				"up": {"uv": [7, 7, 6.5, 6.5], "texture": "#2"},
				"down": {"uv": [0.5, 6.75, 0, 7.25], "texture": "#2"}
			}
		},
		{
			"from": [10, 27.75, 10],
			"to": [12, 28, 11.75],
			"faces": {
				"north": {"uv": [8.5, 8.5, 9, 8.625], "texture": "#2"},
				"east": {"uv": [0, 8.75, 0.5, 8.875], "texture": "#2"},
				"south": {"uv": [0.5, 8.75, 1, 8.875], "texture": "#2"},
				"west": {"uv": [1, 8.75, 1.5, 8.875], "texture": "#2"},
				"up": {"uv": [7.25, 0.5, 6.75, 0], "texture": "#2"},
				"down": {"uv": [1, 6.75, 0.5, 7.25], "texture": "#2"}
			}
		},
		{
			"from": [10, 27.75, 0],
			"to": [12, 28, 1.75],
			"faces": {
				"north": {"uv": [1.5, 8.75, 2, 8.875], "texture": "#2"},
				"east": {"uv": [2, 8.75, 2.5, 8.875], "texture": "#2"},
				"south": {"uv": [8.75, 2, 9.25, 2.125], "texture": "#2"},
				"west": {"uv": [8.75, 2.25, 9.25, 2.375], "texture": "#2"},
				"up": {"uv": [7.25, 1, 6.75, 0.5], "texture": "#2"},
				"down": {"uv": [1.5, 6.75, 1, 7.25], "texture": "#2"}
			}
		},
		{
			"from": [12, 27.75, 10],
			"to": [13.25, 28, 11.75],
			"faces": {
				"north": {"uv": [9, 6.75, 9.375, 6.875], "texture": "#2"},
				"east": {"uv": [2.5, 8.75, 3, 8.875], "texture": "#2"},
				"south": {"uv": [9, 7, 9.375, 7.125], "texture": "#2"},
				"west": {"uv": [8.75, 2.5, 9.25, 2.625], "texture": "#2"},
				"up": {"uv": [3.375, 8, 3, 7.5], "texture": "#2"},
				"down": {"uv": [7.875, 3, 7.5, 3.5], "texture": "#2"}
			}
		},
		{
			"from": [12, 27.75, 0],
			"to": [13.25, 28, 1.75],
			"faces": {
				"north": {"uv": [9, 7.25, 9.375, 7.375], "texture": "#2"},
				"east": {"uv": [8.75, 2.75, 9.25, 2.875], "texture": "#2"},
				"south": {"uv": [9, 7.5, 9.375, 7.625], "texture": "#2"},
				"west": {"uv": [3, 8.75, 3.5, 8.875], "texture": "#2"},
				"up": {"uv": [3.875, 8, 3.5, 7.5], "texture": "#2"},
				"down": {"uv": [7.875, 3.5, 7.5, 4], "texture": "#2"}
			}
		},
		{
			"from": [12.6, 29, 6.5],
			"to": [13, 29.8, 8],
			"faces": {
				"north": {"uv": [3.75, 9.25, 3.875, 9.5], "texture": "#2"},
				"east": {"uv": [8, 6.25, 8.375, 6.5], "texture": "#2"},
				"south": {"uv": [4, 9.25, 4.125, 9.5], "texture": "#2"},
				"west": {"uv": [6.5, 8, 6.875, 8.25], "texture": "#2"},
				"up": {"uv": [5.375, 9.375, 5.25, 9], "texture": "#2"},
				"down": {"uv": [9.125, 7.75, 9, 8.125], "texture": "#2"}
			}
		},
		{
			"from": [12.6, 29.8, 7.1],
			"to": [13, 30.6, 8.6],
			"faces": {
				"north": {"uv": [4.25, 9.25, 4.375, 9.5], "texture": "#2"},
				"east": {"uv": [8, 6.5, 8.375, 6.75], "texture": "#2"},
				"south": {"uv": [4.5, 9.25, 4.625, 9.5], "texture": "#2"},
				"west": {"uv": [8, 6.75, 8.375, 7], "texture": "#2"},
				"up": {"uv": [9.125, 8.625, 9, 8.25], "texture": "#2"},
				"down": {"uv": [9.125, 8.75, 9, 9.125], "texture": "#2"}
			}
		},
		{
			"from": [12.6, 30.6, 7.7],
			"to": [13, 31.4, 9.2],
			"faces": {
				"north": {"uv": [4.75, 9.25, 4.875, 9.5], "texture": "#2"},
				"east": {"uv": [7, 8, 7.375, 8.25], "texture": "#2"},
				"south": {"uv": [5, 9.25, 5.125, 9.5], "texture": "#2"},
				"west": {"uv": [8, 7, 8.375, 7.25], "texture": "#2"},
				"up": {"uv": [9.375, 0.375, 9.25, 0], "texture": "#2"},
				"down": {"uv": [9.375, 0.5, 9.25, 0.875], "texture": "#2"}
			}
		}
	],
	"display": {
		"thirdperson_righthand": {
			"rotation": [26, -106, 0],
			"translation": [-1, -7.75, -2.75]
		},
		"thirdperson_lefthand": {
			"rotation": [26, -106, 0],
			"translation": [-1, -9.5, -2]
		},
		"firstperson_righthand": {
			"rotation": [0, -52, 0],
			"translation": [0, -8.25, 0]
		},
		"firstperson_lefthand": {
			"rotation": [3, -56, 0],
			"translation": [0.5, -8.5, 0]
		},
		"ground": {
			"translation": [0, -9.25, 0]
		},
		"gui": {
			"rotation": [5, -17, 0],
			"translation": [-0.25, -13.25, 0],
			"scale": [0.9, 0.9, 0.89]
		},
		"head": {
			"rotation": [0, 180, 0],
			"translation": [1, -46.25, -4.75],
			"scale": [2.61, 2.59, 2.5]
		},
		"fixed": {
			"rotation": [0, -180, 0],
			"translation": [1, -31.75, -10],
			"scale": [2.34, 2.32, 2.25]
		}
	},
	"groups": [
		{
			"name": "group",
			"origin": [8, 8, 8],
			"color": 0,
			"children": [0, 1, 2, 3, 4, 5, 6, 7, 8, 9, 10, 11, 12, 13, 14, 15, 16, 17, 18, 19, 20, 21, 22, 23, 24, 25]
		},
		26,
		27,
		28,
		29,
		30,
		31,
		32,
		33,
		34,
		35,
		36,
		37,
		38,
		39,
		40,
		41,
		42,
		43,
		44,
		45,
		46,
		47,
		48,
		49,
		50,
		51,
		52,
		53,
		54,
		55,
		56,
		57
	]
}