{
	"credit": "Made with Blockbench",
	"texture_size": [32, 32],
	"textures": {
		"1": "custom/hut/schlachterkopf",
		"particle": "custom/hut/schlachterkopf"
	},
	"elements": [
		{
			"from": [5, 24, 2.5],
			"to": [11.75, 29.25, 9.5],
			"faces": {
				"north": {"uv": [7, 0, 10.5, 2.25], "texture": "#1"},
				"east": {"uv": [7, 2.5, 10.5, 4.75], "texture": "#1"},
				"south": {"uv": [7, 5, 10.5, 7.25], "texture": "#1"},
				"west": {"uv": [0, 7.5, 3.5, 9.75], "texture": "#1"},
				"up": {"uv": [3.5, 7.5, 0, 4], "texture": "#1"},
				"down": {"uv": [7, 4, 3.5, 7.5], "texture": "#1"}
			}
		},
		{
			"from": [8, 24, 9],
			"to": [10, 25, 9.75],
			"faces": {
				"north": {"uv": [2.5, 10, 3.5, 10.5], "texture": "#1"},
				"east": {"uv": [10.5, 7, 11, 7.5], "texture": "#1"},
				"south": {"uv": [13, 3.5, 14, 4], "texture": "#1"},
				"west": {"uv": [11, 9.5, 11.5, 10], "texture": "#1"},
				"up": {"uv": [14, 7.5, 13, 7], "texture": "#1"},
				"down": {"uv": [14, 7.5, 13, 8], "texture": "#1"}
			}
		},
		{
			"from": [10, 24, 9],
			"to": [12, 25, 9.75],
			"faces": {
				"north": {"uv": [8, 13, 9, 13.5], "texture": "#1"},
				"east": {"uv": [2, 12.5, 2.5, 13], "texture": "#1"},
				"south": {"uv": [13, 8, 14, 8.5], "texture": "#1"},
				"west": {"uv": [8, 12.5, 8.5, 13], "texture": "#1"},
				"up": {"uv": [14, 9, 13, 8.5], "texture": "#1"},
				"down": {"uv": [10, 13, 9, 13.5], "texture": "#1"}
			}
		},
		{
			"from": [4.75, 24, 9],
			"to": [6, 25, 9.75],
			"faces": {
				"north": {"uv": [13.5, 10.5, 14.25, 11], "texture": "#1"},
				"east": {"uv": [8.5, 14, 9, 14.5], "texture": "#1"},
				"south": {"uv": [13.5, 11, 14.25, 11.5], "texture": "#1"},
				"west": {"uv": [14, 8.5, 14.5, 9], "texture": "#1"},
				"up": {"uv": [12.25, 14, 11.5, 13.5], "texture": "#1"},
				"down": {"uv": [13.25, 13.5, 12.5, 14], "texture": "#1"}
			}
		},
		{
			"from": [4.85, 25, 9],
			"to": [6.1, 26, 9.75],
			"faces": {
				"north": {"uv": [14, 2, 14.75, 2.5], "texture": "#1"},
				"east": {"uv": [3, 14.5, 3.5, 15], "texture": "#1"},
				"south": {"uv": [14, 2.5, 14.75, 3], "texture": "#1"},
				"west": {"uv": [3.5, 14.5, 4, 15], "texture": "#1"},
				"up": {"uv": [3.75, 14.5, 3, 14], "texture": "#1"},
				"down": {"uv": [14.75, 3, 14, 3.5], "texture": "#1"}
			}
		},
		{
			"from": [10.65, 25, 9],
			"to": [11.9, 26, 9.75],
			"faces": {
				"north": {"uv": [14, 3.5, 14.75, 4], "texture": "#1"},
				"east": {"uv": [4, 14.5, 4.5, 15], "texture": "#1"},
				"south": {"uv": [4, 14, 4.75, 14.5], "texture": "#1"},
				"west": {"uv": [4.5, 14.5, 5, 15], "texture": "#1"},
				"up": {"uv": [5.75, 14.5, 5, 14], "texture": "#1"},
				"down": {"uv": [6.75, 14, 6, 14.5], "texture": "#1"}
			}
		},
		{
			"from": [6, 24, 9],
			"to": [8, 25, 9.75],
			"faces": {
				"north": {"uv": [10, 13, 11, 13.5], "texture": "#1"},
				"east": {"uv": [14, 9.5, 14.5, 10], "texture": "#1"},
				"south": {"uv": [0, 13.5, 1, 14], "texture": "#1"},
				"west": {"uv": [14, 10, 14.5, 10.5], "texture": "#1"},
				"up": {"uv": [2, 14, 1, 13.5], "texture": "#1"},
				"down": {"uv": [14.5, 5, 13.5, 5.5], "texture": "#1"}
			}
		},
		{
			"from": [4.75, 26, 4],
			"to": [5, 27.25, 6],
			"faces": {
				"north": {"uv": [5, 14.5, 5.25, 15.25], "texture": "#1"},
				"east": {"uv": [0, 12.5, 1, 13.25], "texture": "#1"},
				"south": {"uv": [14.5, 5, 14.75, 5.75], "texture": "#1"},
				"west": {"uv": [1, 12.5, 2, 13.25], "texture": "#1"},
				"up": {"uv": [11.25, 15, 11, 14], "texture": "#1"},
				"down": {"uv": [11.75, 14, 11.5, 15], "texture": "#1"}
			}
		},
		{
			"from": [4.75, 24.8, 3],
			"to": [5, 26.05, 5],
			"faces": {
				"north": {"uv": [5.5, 14.5, 5.75, 15.25], "texture": "#1"},
				"east": {"uv": [12.5, 5, 13.5, 5.75], "texture": "#1"},
				"south": {"uv": [6, 14.5, 6.25, 15.25], "texture": "#1"},
				"west": {"uv": [12.5, 6, 13.5, 6.75], "texture": "#1"},
				"up": {"uv": [12.25, 15, 12, 14], "texture": "#1"},
				"down": {"uv": [12.75, 14, 12.5, 15], "texture": "#1"}
			}
		},
		{
			"from": [11.75, 24.8, 3],
			"to": [12, 26.05, 5],
			"faces": {
				"north": {"uv": [14.5, 6, 14.75, 6.75], "texture": "#1"},
				"east": {"uv": [12.5, 9.5, 13.5, 10.25], "texture": "#1"},
				"south": {"uv": [6.5, 14.5, 6.75, 15.25], "texture": "#1"},
				"west": {"uv": [12.5, 10.5, 13.5, 11.25], "texture": "#1"},
				"up": {"uv": [14.25, 13.5, 14, 12.5], "texture": "#1"},
				"down": {"uv": [13.25, 14, 13, 15], "texture": "#1"}
			}
		},
		{
			"from": [11.75, 26, 4],
			"to": [12, 27.25, 6],
			"faces": {
				"north": {"uv": [7, 14.5, 7.25, 15.25], "texture": "#1"},
				"east": {"uv": [11.5, 12.5, 12.5, 13.25], "texture": "#1"},
				"south": {"uv": [7.5, 14.5, 7.75, 15.25], "texture": "#1"},
				"west": {"uv": [12.5, 12.5, 13.5, 13.25], "texture": "#1"},
				"up": {"uv": [13.75, 15, 13.5, 14], "texture": "#1"},
				"down": {"uv": [14.25, 14, 14, 15], "texture": "#1"}
			}
		},
		{
			"from": [4.75, 25.25, 5],
			"to": [5, 26, 7],
			"faces": {
				"north": {"uv": [8, 14.5, 8.25, 15], "texture": "#1"},
				"east": {"uv": [13.5, 5.5, 14.5, 6], "texture": "#1"},
				"south": {"uv": [8.5, 14.5, 8.75, 15], "texture": "#1"},
				"west": {"uv": [13.5, 6, 14.5, 6.5], "texture": "#1"},
				"up": {"uv": [0.25, 15.5, 0, 14.5], "texture": "#1"},
				"down": {"uv": [0.75, 14.5, 0.5, 15.5], "texture": "#1"}
			}
		},
		{
			"from": [11.75, 25.25, 5],
			"to": [12, 26, 7],
			"faces": {
				"north": {"uv": [14.5, 8.5, 14.75, 9], "texture": "#1"},
				"east": {"uv": [13.5, 6.5, 14.5, 7], "texture": "#1"},
				"south": {"uv": [9, 14.5, 9.25, 15], "texture": "#1"},
				"west": {"uv": [8, 13.5, 9, 14], "texture": "#1"},
				"up": {"uv": [2.25, 15.5, 2, 14.5], "texture": "#1"},
				"down": {"uv": [2.75, 14.5, 2.5, 15.5], "texture": "#1"}
			}
		},
		{
			"from": [6.25, 26.25, 9],
			"to": [7.5, 27.5, 9.75],
			"faces": {
				"north": {"uv": [13, 1.5, 13.75, 2.25], "texture": "#1"},
				"east": {"uv": [10.5, 13.5, 11, 14.25], "texture": "#1"},
				"south": {"uv": [2, 13, 2.75, 13.75], "texture": "#1"},
				"west": {"uv": [13.5, 12.5, 14, 13.25], "texture": "#1"},
				"up": {"uv": [14.25, 14, 13.5, 13.5], "texture": "#1"},
				"down": {"uv": [0.75, 14, 0, 14.5], "texture": "#1"}
			}
		},
		{
			"from": [9.25, 26.25, 9],
			"to": [10.5, 27.5, 9.75],
			"faces": {
				"north": {"uv": [13, 2.5, 13.75, 3.25], "texture": "#1"},
				"east": {"uv": [1, 14, 1.5, 14.75], "texture": "#1"},
				"south": {"uv": [3, 13, 3.75, 13.75], "texture": "#1"},
				"west": {"uv": [1.5, 14, 2, 14.75], "texture": "#1"},
				"up": {"uv": [14.75, 2, 14, 1.5], "texture": "#1"},
				"down": {"uv": [2.75, 14, 2, 14.5], "texture": "#1"}
			}
		},
		{
			"from": [6, 18.25, 5],
			"to": [10.75, 24, 7.75],
			"faces": {
				"north": {"uv": [3.5, 7.5, 6, 10.5], "texture": "#1"},
				"east": {"uv": [8.5, 10, 10, 13], "texture": "#1"},
				"south": {"uv": [6, 7.5, 8.5, 10.5], "texture": "#1"},
				"west": {"uv": [10, 10, 11.5, 13], "texture": "#1"},
				"up": {"uv": [13, 1.5, 10.5, 0], "texture": "#1"},
				"down": {"uv": [13, 1.5, 10.5, 3], "texture": "#1"}
			}
		},
		{
			"from": [6.75, 13.5, 5.5],
			"to": [8.25, 18.25, 7],
			"faces": {
				"north": {"uv": [4, 10.5, 4.75, 13], "texture": "#1"},
				"east": {"uv": [10.5, 4.5, 11.25, 7], "texture": "#1"},
				"south": {"uv": [5, 10.5, 5.75, 13], "texture": "#1"},
				"west": {"uv": [6, 10.5, 6.75, 13], "texture": "#1"},
				"up": {"uv": [4.75, 13.75, 4, 13], "texture": "#1"},
				"down": {"uv": [5.75, 13, 5, 13.75], "texture": "#1"}
			}
		},
		{
			"from": [8.5, 13.5, 5.5],
			"to": [10, 18.25, 7],
			"faces": {
				"north": {"uv": [7, 10.5, 7.75, 13], "texture": "#1"},
				"east": {"uv": [11, 7, 11.75, 9.5], "texture": "#1"},
				"south": {"uv": [11.5, 4.5, 12.25, 7], "texture": "#1"},
				"west": {"uv": [11.5, 9.5, 12.25, 12], "texture": "#1"},
				"up": {"uv": [6.75, 13.75, 6, 13], "texture": "#1"},
				"down": {"uv": [7.75, 13, 7, 13.75], "texture": "#1"}
			}
		},
		{
			"from": [10.75, 22, 5.25],
			"to": [11.75, 24, 7],
			"faces": {
				"north": {"uv": [8, 10.5, 8.5, 11.5], "texture": "#1"},
				"east": {"uv": [2.5, 12, 3.5, 13], "texture": "#1"},
				"south": {"uv": [8, 11.5, 8.5, 12.5], "texture": "#1"},
				"west": {"uv": [12, 3, 13, 4], "texture": "#1"},
				"up": {"uv": [4, 13, 3.5, 12], "texture": "#1"},
				"down": {"uv": [11.5, 13, 11, 14], "texture": "#1"}
			}
		},
		{
			"from": [5, 22, 5.25],
			"to": [6, 24, 7],
			"faces": {
				"north": {"uv": [9, 13.5, 9.5, 14.5], "texture": "#1"},
				"east": {"uv": [12, 7, 13, 8], "texture": "#1"},
				"south": {"uv": [9.5, 13.5, 10, 14.5], "texture": "#1"},
				"west": {"uv": [12, 8, 13, 9], "texture": "#1"},
				"up": {"uv": [14, 10.5, 13.5, 9.5], "texture": "#1"},
				"down": {"uv": [10.5, 13.5, 10, 14.5], "texture": "#1"}
			}
		},
		{
			"from": [4.8, 29.2, 2.4],
			"to": [11.9, 29.4, 9.9],
			"faces": {
				"north": {"uv": [11.5, 12, 15, 12.25], "texture": "#1"},
				"east": {"uv": [12, 4, 15.75, 4.25], "texture": "#1"},
				"south": {"uv": [12.5, 4.5, 16, 4.75], "texture": "#1"},
				"west": {"uv": [12, 9, 15.75, 9.25], "texture": "#1"},
				"up": {"uv": [3.5, 3.75, 0, 0], "texture": "#1"},
				"down": {"uv": [7, 0, 3.5, 3.75], "texture": "#1"}
			}
		},
		{
			"from": [5.8, 29.3, 3.6],
			"to": [10.8, 30, 8.6],
			"faces": {
				"north": {"uv": [12.5, 11.5, 15, 11.75], "texture": "#1"},
				"east": {"uv": [13, 0, 15.5, 0.25], "texture": "#1"},
				"south": {"uv": [13, 0.5, 15.5, 0.75], "texture": "#1"},
				"west": {"uv": [13, 1, 15.5, 1.25], "texture": "#1"},
				"up": {"uv": [11, 10, 8.5, 7.5], "texture": "#1"},
				"down": {"uv": [2.5, 10, 0, 12.5], "texture": "#1"}
			}
		},
		{
			"from": [6.7, 30, 4.6],
			"to": [9.7, 30.7, 7.5],
			"faces": {
				"north": {"uv": [7, 14, 8.5, 14.25], "texture": "#1"},
				"east": {"uv": [14, 7, 15.5, 7.25], "texture": "#1"},
				"south": {"uv": [14, 7.5, 15.5, 7.75], "texture": "#1"},
				"west": {"uv": [14, 8, 15.5, 8.25], "texture": "#1"},
				"up": {"uv": [4, 12, 2.5, 10.5], "texture": "#1"},
				"down": {"uv": [12, 3, 10.5, 4.5], "texture": "#1"}
			}
		}
	],
	"display": {
		"thirdperson_righthand": {
			"rotation": [26, -106, 0],
			"translation": [-1, -7.75, -2.75]
		},
		"thirdperson_lefthand": {
			"rotation": [26, -106, 0],
			"translation": [-1, -9.5, -2]
		},
		"firstperson_righthand": {
			"rotation": [0, -52, 0],
			"translation": [0, -8.25, 0]
		},
		"firstperson_lefthand": {
			"rotation": [3, -56, 0],
			"translation": [0.5, -8.5, 0]
		},
		"ground": {
			"translation": [0, -9.25, 0]
		},
		"gui": {
			"rotation": [5, -17, 0],
			"translation": [-0.25, -13.25, 0],
			"scale": [0.9, 0.9, 0.89]
		},
		"head": {
			"rotation": [0, 180, 0],
			"translation": [1, -46.25, -4.75],
			"scale": [2.61, 2.59, 2.5]
		},
		"fixed": {
			"rotation": [0, -180, 0],
			"translation": [1, -31.75, -10],
			"scale": [2.34, 2.32, 2.25]
		}
	},
	"groups": [
		{
			"name": "group",
			"origin": [8, 8, 8],
			"color": 0,
			"children": [0, 1, 2, 3, 4, 5, 6, 7, 8, 9, 10, 11, 12]
		},
		13,
		14,
		15,
		16,
		17,
		18,
		19,
		20,
		21,
		22
	]
}