{
	"credit": "Made with Blockbench",
	"texture_size": [64, 64],
	"textures": {
		"0": "custom/hut/strohhut",
		"particle": "custom/hut/strohhut"
	},
	"elements": [
		{
			"from": [-2.75, 3, 18.25],
			"to": [-0.75, 3.5, 20.25],
			"faces": {
				"north": {"uv": [5, 11, 5.5, 11.25], "texture": "#0"},
				"east": {"uv": [11, 5, 11.5, 5.25], "texture": "#0"},
				"south": {"uv": [11, 5.25, 11.5, 5.5], "texture": "#0"},
				"west": {"uv": [5.5, 11, 6, 11.25], "texture": "#0"},
				"up": {"uv": [0.5, 0.5, 0, 0], "texture": "#0"},
				"down": {"uv": [0.5, 0.5, 0, 1], "texture": "#0"}
			}
		},
		{
			"from": [-2.75, 3, 20.25],
			"to": [-0.75, 3.5, 22.25],
			"faces": {
				"north": {"uv": [8.5, 11.25, 9, 11.5], "texture": "#0"},
				"east": {"uv": [9, 11.25, 9.5, 11.5], "texture": "#0"},
				"south": {"uv": [9.5, 11.25, 10, 11.5], "texture": "#0"},
				"west": {"uv": [10, 11.25, 10.5, 11.5], "texture": "#0"},
				"up": {"uv": [2, 2.5, 1.5, 2], "texture": "#0"},
				"down": {"uv": [2.5, 1.5, 2, 2], "texture": "#0"}
			}
		},
		{
			"from": [-0.75, 3, 20.25],
			"to": [1.25, 3.5, 22.25],
			"faces": {
				"north": {"uv": [10.5, 11.25, 11, 11.5], "texture": "#0"},
				"east": {"uv": [11, 11.25, 11.5, 11.5], "texture": "#0"},
				"south": {"uv": [0, 11.5, 0.5, 11.75], "texture": "#0"},
				"west": {"uv": [11.5, 0, 12, 0.25], "texture": "#0"},
				"up": {"uv": [2.5, 2.5, 2, 2], "texture": "#0"},
				"down": {"uv": [0.5, 2.5, 0, 3], "texture": "#0"}
			}
		},
		{
			"from": [-0.75, 3, 8.25],
			"to": [1.25, 3.5, 10.25],
			"faces": {
				"north": {"uv": [12.5, 12.25, 13, 12.5], "texture": "#0"},
				"east": {"uv": [12.5, 12.5, 13, 12.75], "texture": "#0"},
				"south": {"uv": [0, 12.75, 0.5, 13], "texture": "#0"},
				"west": {"uv": [0.5, 12.75, 1, 13], "texture": "#0"},
				"up": {"uv": [6, 1.5, 5.5, 1], "texture": "#0"},
				"down": {"uv": [2, 5.5, 1.5, 6], "texture": "#0"}
			}
		},
		{
			"from": [-2.75, 3, 8.25],
			"to": [-0.75, 3.5, 10.25],
			"faces": {
				"north": {"uv": [12.5, 11.5, 13, 11.75], "texture": "#0"},
				"east": {"uv": [12.5, 11.75, 13, 12], "texture": "#0"},
				"south": {"uv": [12, 12.5, 12.5, 12.75], "texture": "#0"},
				"west": {"uv": [12.5, 12, 13, 12.25], "texture": "#0"},
				"up": {"uv": [6, 1, 5.5, 0.5], "texture": "#0"},
				"down": {"uv": [1.5, 5.5, 1, 6], "texture": "#0"}
			}
		},
		{
			"from": [18.75, 3, 8.25],
			"to": [20.75, 3.5, 10.25],
			"faces": {
				"north": {"uv": [3, 12.75, 3.5, 13], "texture": "#0"},
				"east": {"uv": [3.5, 12.75, 4, 13], "texture": "#0"},
				"south": {"uv": [4, 12.75, 4.5, 13], "texture": "#0"},
				"west": {"uv": [4.5, 12.75, 5, 13], "texture": "#0"},
				"up": {"uv": [6, 2.5, 5.5, 2], "texture": "#0"},
				"down": {"uv": [3, 5.5, 2.5, 6], "texture": "#0"}
			}
		},
		{
			"from": [16.75, 3, 8.25],
			"to": [18.75, 3.5, 10.25],
			"faces": {
				"north": {"uv": [1, 12.75, 1.5, 13], "texture": "#0"},
				"east": {"uv": [1.5, 12.75, 2, 13], "texture": "#0"},
				"south": {"uv": [2, 12.75, 2.5, 13], "texture": "#0"},
				"west": {"uv": [2.5, 12.75, 3, 13], "texture": "#0"},
				"up": {"uv": [6, 2, 5.5, 1.5], "texture": "#0"},
				"down": {"uv": [2.5, 5.5, 2, 6], "texture": "#0"}
			}
		},
		{
			"from": [1.25, 3, 20.25],
			"to": [3.25, 3.5, 22.25],
			"faces": {
				"north": {"uv": [11.5, 1.5, 12, 1.75], "texture": "#0"},
				"east": {"uv": [11.5, 1.75, 12, 2], "texture": "#0"},
				"south": {"uv": [2, 11.5, 2.5, 11.75], "texture": "#0"},
				"west": {"uv": [11.5, 2, 12, 2.25], "texture": "#0"},
				"up": {"uv": [3, 1.5, 2.5, 1], "texture": "#0"},
				"down": {"uv": [2, 2.5, 1.5, 3], "texture": "#0"}
			}
		},
		{
			"from": [1.25, 3, 22.25],
			"to": [3.25, 3.5, 24.25],
			"faces": {
				"north": {"uv": [11.5, 2.25, 12, 2.5], "texture": "#0"},
				"east": {"uv": [2.5, 11.5, 3, 11.75], "texture": "#0"},
				"south": {"uv": [11.5, 2.5, 12, 2.75], "texture": "#0"},
				"west": {"uv": [11.5, 2.75, 12, 3], "texture": "#0"},
				"up": {"uv": [3, 2, 2.5, 1.5], "texture": "#0"},
				"down": {"uv": [2.5, 2.5, 2, 3], "texture": "#0"}
			}
		},
		{
			"from": [1.25, 3, 24.25],
			"to": [3.25, 3.5, 25.25],
			"faces": {
				"north": {"uv": [3, 11.5, 3.5, 11.75], "texture": "#0"},
				"east": {"uv": [5, 12.75, 5.25, 13], "texture": "#0"},
				"south": {"uv": [11.5, 3, 12, 3.25], "texture": "#0"},
				"west": {"uv": [5.25, 12.75, 5.5, 13], "texture": "#0"},
				"up": {"uv": [12, 3.5, 11.5, 3.25], "texture": "#0"},
				"down": {"uv": [4, 11.5, 3.5, 11.75], "texture": "#0"}
			}
		},
		{
			"from": [3.25, 3, 20.25],
			"to": [5.25, 3.5, 22.25],
			"faces": {
				"north": {"uv": [5, 11.5, 5.5, 11.75], "texture": "#0"},
				"east": {"uv": [11.5, 5, 12, 5.25], "texture": "#0"},
				"south": {"uv": [11.5, 5.25, 12, 5.5], "texture": "#0"},
				"west": {"uv": [5.5, 11.5, 6, 11.75], "texture": "#0"},
				"up": {"uv": [0.5, 3.5, 0, 3], "texture": "#0"},
				"down": {"uv": [3.5, 0, 3, 0.5], "texture": "#0"}
			}
		},
		{
			"from": [3.25, 3, 22.25],
			"to": [5.25, 3.5, 24.25],
			"faces": {
				"north": {"uv": [11.5, 4.25, 12, 4.5], "texture": "#0"},
				"east": {"uv": [4.5, 11.5, 5, 11.75], "texture": "#0"},
				"south": {"uv": [11.5, 4.5, 12, 4.75], "texture": "#0"},
				"west": {"uv": [11.5, 4.75, 12, 5], "texture": "#0"},
				"up": {"uv": [3, 2.5, 2.5, 2], "texture": "#0"},
				"down": {"uv": [3, 2.5, 2.5, 3], "texture": "#0"}
			}
		},
		{
			"from": [3.25, 3, 24.25],
			"to": [5.25, 3.5, 25],
			"faces": {
				"north": {"uv": [11.5, 3.5, 12, 3.75], "texture": "#0"},
				"east": {"uv": [5.5, 12.75, 5.75, 13], "texture": "#0"},
				"south": {"uv": [11.5, 3.75, 12, 4], "texture": "#0"},
				"west": {"uv": [5.75, 12.75, 6, 13], "texture": "#0"},
				"up": {"uv": [4.5, 11.75, 4, 11.5], "texture": "#0"},
				"down": {"uv": [12, 4, 11.5, 4.25], "texture": "#0"}
			}
		},
		{
			"from": [7.25, 3, 22.25],
			"to": [9.25, 3.5, 23.75],
			"faces": {
				"north": {"uv": [9, 11.5, 9.5, 11.75], "texture": "#0"},
				"east": {"uv": [11.5, 9, 12, 9.25], "texture": "#0"},
				"south": {"uv": [11.5, 9.25, 12, 9.5], "texture": "#0"},
				"west": {"uv": [9.5, 11.5, 10, 11.75], "texture": "#0"},
				"up": {"uv": [2.5, 3.5, 2, 3], "texture": "#0"},
				"down": {"uv": [3.5, 2, 3, 2.5], "texture": "#0"}
			}
		},
		{
			"from": [5.25, 3, 24.25],
			"to": [7.25, 3.5, 25.25],
			"faces": {
				"north": {"uv": [11.5, 8.25, 12, 8.5], "texture": "#0"},
				"east": {"uv": [6.5, 12.75, 6.75, 13], "texture": "#0"},
				"south": {"uv": [8.5, 11.5, 9, 11.75], "texture": "#0"},
				"west": {"uv": [6.75, 12.75, 7, 13], "texture": "#0"},
				"up": {"uv": [12, 8.75, 11.5, 8.5], "texture": "#0"},
				"down": {"uv": [12, 8.75, 11.5, 9], "texture": "#0"}
			}
		},
		{
			"from": [5.25, 3, 22.25],
			"to": [7.25, 3.5, 24.25],
			"faces": {
				"north": {"uv": [11.5, 7.5, 12, 7.75], "texture": "#0"},
				"east": {"uv": [11.5, 7.75, 12, 8], "texture": "#0"},
				"south": {"uv": [8, 11.5, 8.5, 11.75], "texture": "#0"},
				"west": {"uv": [11.5, 8, 12, 8.25], "texture": "#0"},
				"up": {"uv": [2, 3.5, 1.5, 3], "texture": "#0"},
				"down": {"uv": [3.5, 1.5, 3, 2], "texture": "#0"}
			}
		},
		{
			"from": [7.25, 3, 20.25],
			"to": [9.25, 3.5, 22.25],
			"faces": {
				"north": {"uv": [7, 11.5, 7.5, 11.75], "texture": "#0"},
				"east": {"uv": [11.5, 7, 12, 7.25], "texture": "#0"},
				"south": {"uv": [11.5, 7.25, 12, 7.5], "texture": "#0"},
				"west": {"uv": [7.5, 11.5, 8, 11.75], "texture": "#0"},
				"up": {"uv": [1.5, 3.5, 1, 3], "texture": "#0"},
				"down": {"uv": [3.5, 1, 3, 1.5], "texture": "#0"}
			}
		},
		{
			"from": [5.25, 3, 20.25],
			"to": [7.25, 3.5, 22.25],
			"faces": {
				"north": {"uv": [11.5, 6.25, 12, 6.5], "texture": "#0"},
				"east": {"uv": [6.5, 11.5, 7, 11.75], "texture": "#0"},
				"south": {"uv": [11.5, 6.5, 12, 6.75], "texture": "#0"},
				"west": {"uv": [11.5, 6.75, 12, 7], "texture": "#0"},
				"up": {"uv": [1, 3.5, 0.5, 3], "texture": "#0"},
				"down": {"uv": [3.5, 0.5, 3, 1], "texture": "#0"}
			}
		},
		{
			"from": [7.25, 3, 23.75],
			"to": [9.25, 3.5, 24.5],
			"faces": {
				"north": {"uv": [11.5, 5.5, 12, 5.75], "texture": "#0"},
				"east": {"uv": [6, 12.75, 6.25, 13], "texture": "#0"},
				"south": {"uv": [11.5, 5.75, 12, 6], "texture": "#0"},
				"west": {"uv": [6.25, 12.75, 6.5, 13], "texture": "#0"},
				"up": {"uv": [6.5, 11.75, 6, 11.5], "texture": "#0"},
				"down": {"uv": [12, 6, 11.5, 6.25], "texture": "#0"}
			}
		},
		{
			"from": [-0.75, 3, 18.25],
			"to": [1.25, 3.5, 20.25],
			"faces": {
				"north": {"uv": [11, 6.25, 11.5, 6.5], "texture": "#0"},
				"east": {"uv": [6.5, 11, 7, 11.25], "texture": "#0"},
				"south": {"uv": [11, 6.5, 11.5, 6.75], "texture": "#0"},
				"west": {"uv": [11, 6.75, 11.5, 7], "texture": "#0"},
				"up": {"uv": [0.5, 1.5, 0, 1], "texture": "#0"},
				"down": {"uv": [1.5, 0, 1, 0.5], "texture": "#0"}
			}
		},
		{
			"from": [-0.75, 3, 16.25],
			"to": [1.25, 3.5, 18.25],
			"faces": {
				"north": {"uv": [7, 11, 7.5, 11.25], "texture": "#0"},
				"east": {"uv": [11, 7, 11.5, 7.25], "texture": "#0"},
				"south": {"uv": [11, 7.25, 11.5, 7.5], "texture": "#0"},
				"west": {"uv": [7.5, 11, 8, 11.25], "texture": "#0"},
				"up": {"uv": [1, 1.5, 0.5, 1], "texture": "#0"},
				"down": {"uv": [1.5, 0.5, 1, 1], "texture": "#0"}
			}
		},
		{
			"from": [-0.75, 3, 14.25],
			"to": [1.25, 3.5, 16.25],
			"faces": {
				"north": {"uv": [11, 7.5, 11.5, 7.75], "texture": "#0"},
				"east": {"uv": [11, 7.75, 11.5, 8], "texture": "#0"},
				"south": {"uv": [8, 11, 8.5, 11.25], "texture": "#0"},
				"west": {"uv": [11, 8, 11.5, 8.25], "texture": "#0"},
				"up": {"uv": [1.5, 1.5, 1, 1], "texture": "#0"},
				"down": {"uv": [0.5, 1.5, 0, 2], "texture": "#0"}
			}
		},
		{
			"from": [-0.75, 3, 12.25],
			"to": [1.25, 3.5, 14.25],
			"faces": {
				"north": {"uv": [11, 8.25, 11.5, 8.5], "texture": "#0"},
				"east": {"uv": [8.5, 11, 9, 11.25], "texture": "#0"},
				"south": {"uv": [11, 8.5, 11.5, 8.75], "texture": "#0"},
				"west": {"uv": [11, 8.75, 11.5, 9], "texture": "#0"},
				"up": {"uv": [2, 0.5, 1.5, 0], "texture": "#0"},
				"down": {"uv": [1, 1.5, 0.5, 2], "texture": "#0"}
			}
		},
		{
			"from": [-2.75, 3, 12.25],
			"to": [-0.75, 3.5, 14.25],
			"faces": {
				"north": {"uv": [9, 11, 9.5, 11.25], "texture": "#0"},
				"east": {"uv": [11, 9, 11.5, 9.25], "texture": "#0"},
				"south": {"uv": [11, 9.25, 11.5, 9.5], "texture": "#0"},
				"west": {"uv": [9.5, 11, 10, 11.25], "texture": "#0"},
				"up": {"uv": [2, 1, 1.5, 0.5], "texture": "#0"},
				"down": {"uv": [1.5, 1.5, 1, 2], "texture": "#0"}
			}
		},
		{
			"from": [-2.75, 3, 10.25],
			"to": [-0.75, 3.5, 12.25],
			"faces": {
				"north": {"uv": [11, 9.5, 11.5, 9.75], "texture": "#0"},
				"east": {"uv": [11, 9.75, 11.5, 10], "texture": "#0"},
				"south": {"uv": [10, 11, 10.5, 11.25], "texture": "#0"},
				"west": {"uv": [11, 10, 11.5, 10.25], "texture": "#0"},
				"up": {"uv": [2, 1.5, 1.5, 1], "texture": "#0"},
				"down": {"uv": [2, 1.5, 1.5, 2], "texture": "#0"}
			}
		},
		{
			"from": [-0.75, 3, 10.25],
			"to": [1.25, 3.5, 12.25],
			"faces": {
				"north": {"uv": [11, 10.25, 11.5, 10.5], "texture": "#0"},
				"east": {"uv": [10.5, 11, 11, 11.25], "texture": "#0"},
				"south": {"uv": [11, 10.5, 11.5, 10.75], "texture": "#0"},
				"west": {"uv": [11, 10.75, 11.5, 11], "texture": "#0"},
				"up": {"uv": [0.5, 2.5, 0, 2], "texture": "#0"},
				"down": {"uv": [2.5, 0, 2, 0.5], "texture": "#0"}
			}
		},
		{
			"from": [-2.75, 3, 16.25],
			"to": [-0.75, 3.5, 18.25],
			"faces": {
				"north": {"uv": [11, 5.5, 11.5, 5.75], "texture": "#0"},
				"east": {"uv": [11, 5.75, 11.5, 6], "texture": "#0"},
				"south": {"uv": [6, 11, 6.5, 11.25], "texture": "#0"},
				"west": {"uv": [11, 6, 11.5, 6.25], "texture": "#0"},
				"up": {"uv": [1, 0.5, 0.5, 0], "texture": "#0"},
				"down": {"uv": [1, 0.5, 0.5, 1], "texture": "#0"}
			}
		},
		{
			"from": [-4.25, 3, 16.25],
			"to": [-2.75, 3.5, 18.25],
			"faces": {
				"north": {"uv": [11, 11, 11.5, 11.25], "texture": "#0"},
				"east": {"uv": [5, 11.25, 5.5, 11.5], "texture": "#0"},
				"south": {"uv": [5.5, 11.25, 6, 11.5], "texture": "#0"},
				"west": {"uv": [6, 11.25, 6.5, 11.5], "texture": "#0"},
				"up": {"uv": [1, 2.5, 0.5, 2], "texture": "#0"},
				"down": {"uv": [2.5, 0.5, 2, 1], "texture": "#0"}
			}
		},
		{
			"from": [-4.25, 3, 12.25],
			"to": [-2.75, 3.5, 14.25],
			"faces": {
				"north": {"uv": [11.5, 0.25, 12, 0.5], "texture": "#0"},
				"east": {"uv": [0.5, 11.5, 1, 11.75], "texture": "#0"},
				"south": {"uv": [11.5, 0.5, 12, 0.75], "texture": "#0"},
				"west": {"uv": [11.5, 0.75, 12, 1], "texture": "#0"},
				"up": {"uv": [3, 0.5, 2.5, 0], "texture": "#0"},
				"down": {"uv": [1, 2.5, 0.5, 3], "texture": "#0"}
			}
		},
		{
			"from": [-4.25, 3, 10.25],
			"to": [-2.75, 3.5, 12.25],
			"faces": {
				"north": {"uv": [1, 11.5, 1.5, 11.75], "texture": "#0"},
				"east": {"uv": [11.5, 1, 12, 1.25], "texture": "#0"},
				"south": {"uv": [11.5, 1.25, 12, 1.5], "texture": "#0"},
				"west": {"uv": [1.5, 11.5, 2, 11.75], "texture": "#0"},
				"up": {"uv": [3, 1, 2.5, 0.5], "texture": "#0"},
				"down": {"uv": [1.5, 2.5, 1, 3], "texture": "#0"}
			}
		},
		{
			"from": [-4.25, 3, 18.25],
			"to": [-2.75, 3.5, 20.25],
			"faces": {
				"north": {"uv": [6.5, 11.25, 7, 11.5], "texture": "#0"},
				"east": {"uv": [7, 11.25, 7.5, 11.5], "texture": "#0"},
				"south": {"uv": [7.5, 11.25, 8, 11.5], "texture": "#0"},
				"west": {"uv": [8, 11.25, 8.5, 11.5], "texture": "#0"},
				"up": {"uv": [1.5, 2.5, 1, 2], "texture": "#0"},
				"down": {"uv": [2.5, 1, 2, 1.5], "texture": "#0"}
			}
		},
		{
			"from": [18.75, 3, 18.25],
			"to": [20.75, 3.5, 20.25],
			"rotation": {"angle": 0, "axis": "y", "origin": [16, 16, 0]},
			"faces": {
				"north": {"uv": [12, 11.25, 12.5, 11.5], "texture": "#0"},
				"east": {"uv": [11.5, 12, 12, 12.25], "texture": "#0"},
				"south": {"uv": [12, 11.5, 12.5, 11.75], "texture": "#0"},
				"west": {"uv": [12, 11.75, 12.5, 12], "texture": "#0"},
				"up": {"uv": [5, 2.5, 4.5, 2], "texture": "#0"},
				"down": {"uv": [3, 4.5, 2.5, 5], "texture": "#0"}
			}
		},
		{
			"from": [18.75, 3, 16.25],
			"to": [20.75, 3.5, 18.25],
			"rotation": {"angle": 0, "axis": "y", "origin": [16, 16, 0]},
			"faces": {
				"north": {"uv": [12, 10.5, 12.5, 10.75], "texture": "#0"},
				"east": {"uv": [12, 10.75, 12.5, 11], "texture": "#0"},
				"south": {"uv": [11, 12, 11.5, 12.25], "texture": "#0"},
				"west": {"uv": [12, 11, 12.5, 11.25], "texture": "#0"},
				"up": {"uv": [5, 2, 4.5, 1.5], "texture": "#0"},
				"down": {"uv": [2.5, 4.5, 2, 5], "texture": "#0"}
			}
		},
		{
			"from": [16.75, 3, 18.25],
			"to": [18.75, 3.5, 20.25],
			"rotation": {"angle": 0, "axis": "y", "origin": [16, 16, 0]},
			"faces": {
				"north": {"uv": [10, 12, 10.5, 12.25], "texture": "#0"},
				"east": {"uv": [12, 10, 12.5, 10.25], "texture": "#0"},
				"south": {"uv": [12, 10.25, 12.5, 10.5], "texture": "#0"},
				"west": {"uv": [10.5, 12, 11, 12.25], "texture": "#0"},
				"up": {"uv": [5, 1.5, 4.5, 1], "texture": "#0"},
				"down": {"uv": [2, 4.5, 1.5, 5], "texture": "#0"}
			}
		},
		{
			"from": [16.75, 3, 16.25],
			"to": [18.75, 3.5, 18.25],
			"rotation": {"angle": 0, "axis": "y", "origin": [16, 16, 0]},
			"faces": {
				"north": {"uv": [12, 9.25, 12.5, 9.5], "texture": "#0"},
				"east": {"uv": [9.5, 12, 10, 12.25], "texture": "#0"},
				"south": {"uv": [12, 9.5, 12.5, 9.75], "texture": "#0"},
				"west": {"uv": [12, 9.75, 12.5, 10], "texture": "#0"},
				"up": {"uv": [5, 1, 4.5, 0.5], "texture": "#0"},
				"down": {"uv": [1.5, 4.5, 1, 5], "texture": "#0"}
			}
		},
		{
			"from": [16.75, 3, 14.25],
			"to": [18.75, 3.5, 16.25],
			"rotation": {"angle": 0, "axis": "y", "origin": [16, 16, 0]},
			"faces": {
				"north": {"uv": [12, 8.5, 12.5, 8.75], "texture": "#0"},
				"east": {"uv": [12, 8.75, 12.5, 9], "texture": "#0"},
				"south": {"uv": [9, 12, 9.5, 12.25], "texture": "#0"},
				"west": {"uv": [12, 9, 12.5, 9.25], "texture": "#0"},
				"up": {"uv": [5, 0.5, 4.5, 0], "texture": "#0"},
				"down": {"uv": [1, 4.5, 0.5, 5], "texture": "#0"}
			}
		},
		{
			"from": [16.75, 3, 12.25],
			"to": [18.75, 3.5, 14.25],
			"rotation": {"angle": 0, "axis": "y", "origin": [16, 16, 0]},
			"faces": {
				"north": {"uv": [8, 12, 8.5, 12.25], "texture": "#0"},
				"east": {"uv": [12, 8, 12.5, 8.25], "texture": "#0"},
				"south": {"uv": [12, 8.25, 12.5, 8.5], "texture": "#0"},
				"west": {"uv": [8.5, 12, 9, 12.25], "texture": "#0"},
				"up": {"uv": [4.5, 4.5, 4, 4], "texture": "#0"},
				"down": {"uv": [0.5, 4.5, 0, 5], "texture": "#0"}
			}
		},
		{
			"from": [18.75, 3, 12.25],
			"to": [20.75, 3.5, 14.25],
			"rotation": {"angle": 0, "axis": "y", "origin": [16, 16, 0]},
			"faces": {
				"north": {"uv": [12, 7.25, 12.5, 7.5], "texture": "#0"},
				"east": {"uv": [7.5, 12, 8, 12.25], "texture": "#0"},
				"south": {"uv": [12, 7.5, 12.5, 7.75], "texture": "#0"},
				"west": {"uv": [12, 7.75, 12.5, 8], "texture": "#0"},
				"up": {"uv": [4, 4.5, 3.5, 4], "texture": "#0"},
				"down": {"uv": [4.5, 3.5, 4, 4], "texture": "#0"}
			}
		},
		{
			"from": [18.75, 3, 10.25],
			"to": [20.75, 3.5, 12.25],
			"rotation": {"angle": 0, "axis": "y", "origin": [16, 16, 0]},
			"faces": {
				"north": {"uv": [12, 6.5, 12.5, 6.75], "texture": "#0"},
				"east": {"uv": [12, 6.75, 12.5, 7], "texture": "#0"},
				"south": {"uv": [7, 12, 7.5, 12.25], "texture": "#0"},
				"west": {"uv": [12, 7, 12.5, 7.25], "texture": "#0"},
				"up": {"uv": [3.5, 4.5, 3, 4], "texture": "#0"},
				"down": {"uv": [4.5, 3, 4, 3.5], "texture": "#0"}
			}
		},
		{
			"from": [16.75, 3, 10.25],
			"to": [18.75, 3.5, 12.25],
			"rotation": {"angle": 0, "axis": "y", "origin": [16, 16, 0]},
			"faces": {
				"north": {"uv": [6, 12, 6.5, 12.25], "texture": "#0"},
				"east": {"uv": [12, 6, 12.5, 6.25], "texture": "#0"},
				"south": {"uv": [12, 6.25, 12.5, 6.5], "texture": "#0"},
				"west": {"uv": [6.5, 12, 7, 12.25], "texture": "#0"},
				"up": {"uv": [3, 4.5, 2.5, 4], "texture": "#0"},
				"down": {"uv": [4.5, 2.5, 4, 3], "texture": "#0"}
			}
		},
		{
			"from": [20.75, 3, 16.25],
			"to": [22.25, 3.5, 18.25],
			"rotation": {"angle": 0, "axis": "y", "origin": [16, 16, 0]},
			"faces": {
				"north": {"uv": [12, 5.25, 12.5, 5.5], "texture": "#0"},
				"east": {"uv": [5.5, 12, 6, 12.25], "texture": "#0"},
				"south": {"uv": [12, 5.5, 12.5, 5.75], "texture": "#0"},
				"west": {"uv": [12, 5.75, 12.5, 6], "texture": "#0"},
				"up": {"uv": [2.5, 4.5, 2, 4], "texture": "#0"},
				"down": {"uv": [4.5, 2, 4, 2.5], "texture": "#0"}
			}
		},
		{
			"from": [20.75, 3, 18.25],
			"to": [22.25, 3.5, 20.25],
			"rotation": {"angle": 0, "axis": "y", "origin": [16, 16, 0]},
			"faces": {
				"north": {"uv": [12, 4.5, 12.5, 4.75], "texture": "#0"},
				"east": {"uv": [12, 4.75, 12.5, 5], "texture": "#0"},
				"south": {"uv": [5, 12, 5.5, 12.25], "texture": "#0"},
				"west": {"uv": [12, 5, 12.5, 5.25], "texture": "#0"},
				"up": {"uv": [2, 4.5, 1.5, 4], "texture": "#0"},
				"down": {"uv": [4.5, 1.5, 4, 2], "texture": "#0"}
			}
		},
		{
			"from": [18.75, 3, 20.25],
			"to": [20.75, 3.5, 22.25],
			"rotation": {"angle": 0, "axis": "y", "origin": [16, 16, 0]},
			"faces": {
				"north": {"uv": [4, 12, 4.5, 12.25], "texture": "#0"},
				"east": {"uv": [12, 4, 12.5, 4.25], "texture": "#0"},
				"south": {"uv": [12, 4.25, 12.5, 4.5], "texture": "#0"},
				"west": {"uv": [4.5, 12, 5, 12.25], "texture": "#0"},
				"up": {"uv": [1.5, 4.5, 1, 4], "texture": "#0"},
				"down": {"uv": [4.5, 1, 4, 1.5], "texture": "#0"}
			}
		},
		{
			"from": [16.75, 3, 20.25],
			"to": [18.75, 3.5, 22.25],
			"rotation": {"angle": 0, "axis": "y", "origin": [16, 16, 0]},
			"faces": {
				"north": {"uv": [12, 3.25, 12.5, 3.5], "texture": "#0"},
				"east": {"uv": [3.5, 12, 4, 12.25], "texture": "#0"},
				"south": {"uv": [12, 3.5, 12.5, 3.75], "texture": "#0"},
				"west": {"uv": [12, 3.75, 12.5, 4], "texture": "#0"},
				"up": {"uv": [1, 4.5, 0.5, 4], "texture": "#0"},
				"down": {"uv": [4.5, 0.5, 4, 1], "texture": "#0"}
			}
		},
		{
			"from": [20.75, 3, 12.25],
			"to": [22.25, 3.5, 14.25],
			"rotation": {"angle": 0, "axis": "y", "origin": [16, 16, 0]},
			"faces": {
				"north": {"uv": [12, 2.5, 12.5, 2.75], "texture": "#0"},
				"east": {"uv": [12, 2.75, 12.5, 3], "texture": "#0"},
				"south": {"uv": [3, 12, 3.5, 12.25], "texture": "#0"},
				"west": {"uv": [12, 3, 12.5, 3.25], "texture": "#0"},
				"up": {"uv": [0.5, 4.5, 0, 4], "texture": "#0"},
				"down": {"uv": [4.5, 0, 4, 0.5], "texture": "#0"}
			}
		},
		{
			"from": [20.75, 3, 10.25],
			"to": [22.25, 3.5, 12.25],
			"rotation": {"angle": 0, "axis": "y", "origin": [16, 16, 0]},
			"faces": {
				"north": {"uv": [2, 12, 2.5, 12.25], "texture": "#0"},
				"east": {"uv": [12, 2, 12.5, 2.25], "texture": "#0"},
				"south": {"uv": [12, 2.25, 12.5, 2.5], "texture": "#0"},
				"west": {"uv": [2.5, 12, 3, 12.25], "texture": "#0"},
				"up": {"uv": [4, 3.5, 3.5, 3], "texture": "#0"},
				"down": {"uv": [4, 3.5, 3.5, 4], "texture": "#0"}
			}
		},
		{
			"from": [14.75, 3, 20.25],
			"to": [16.75, 3.5, 22.25],
			"rotation": {"angle": 0, "axis": "y", "origin": [16, 16, 0]},
			"faces": {
				"north": {"uv": [12, 1.25, 12.5, 1.5], "texture": "#0"},
				"east": {"uv": [1.5, 12, 2, 12.25], "texture": "#0"},
				"south": {"uv": [12, 1.5, 12.5, 1.75], "texture": "#0"},
				"west": {"uv": [12, 1.75, 12.5, 2], "texture": "#0"},
				"up": {"uv": [4, 3, 3.5, 2.5], "texture": "#0"},
				"down": {"uv": [3.5, 3.5, 3, 4], "texture": "#0"}
			}
		},
		{
			"from": [14.75, 3, 22.25],
			"to": [16.75, 3.5, 24.25],
			"rotation": {"angle": 0, "axis": "y", "origin": [16, 16, 0]},
			"faces": {
				"north": {"uv": [12, 0.5, 12.5, 0.75], "texture": "#0"},
				"east": {"uv": [12, 0.75, 12.5, 1], "texture": "#0"},
				"south": {"uv": [1, 12, 1.5, 12.25], "texture": "#0"},
				"west": {"uv": [12, 1, 12.5, 1.25], "texture": "#0"},
				"up": {"uv": [4, 2.5, 3.5, 2], "texture": "#0"},
				"down": {"uv": [3, 3.5, 2.5, 4], "texture": "#0"}
			}
		},
		{
			"from": [14.75, 3, 24.25],
			"to": [16.75, 3.5, 25.25],
			"rotation": {"angle": 0, "axis": "y", "origin": [16, 16, 0]},
			"faces": {
				"north": {"uv": [0, 12, 0.5, 12.25], "texture": "#0"},
				"east": {"uv": [8.5, 12.75, 8.75, 13], "texture": "#0"},
				"south": {"uv": [12, 0, 12.5, 0.25], "texture": "#0"},
				"west": {"uv": [8.75, 12.75, 9, 13], "texture": "#0"},
				"up": {"uv": [12.5, 0.5, 12, 0.25], "texture": "#0"},
				"down": {"uv": [1, 12, 0.5, 12.25], "texture": "#0"}
			}
		},
		{
			"from": [12.75, 3, 24.25],
			"to": [14.75, 3.5, 25],
			"rotation": {"angle": 0, "axis": "y", "origin": [16, 16, 0]},
			"faces": {
				"north": {"uv": [10, 11.75, 10.5, 12], "texture": "#0"},
				"east": {"uv": [8, 12.75, 8.25, 13], "texture": "#0"},
				"south": {"uv": [10.5, 11.75, 11, 12], "texture": "#0"},
				"west": {"uv": [8.25, 12.75, 8.5, 13], "texture": "#0"},
				"up": {"uv": [11.5, 12, 11, 11.75], "texture": "#0"},
				"down": {"uv": [12, 11.75, 11.5, 12], "texture": "#0"}
			}
		},
		{
			"from": [12.75, 3, 22.25],
			"to": [14.75, 3.5, 24.25],
			"rotation": {"angle": 0, "axis": "y", "origin": [16, 16, 0]},
			"faces": {
				"north": {"uv": [8, 11.75, 8.5, 12], "texture": "#0"},
				"east": {"uv": [8.5, 11.75, 9, 12], "texture": "#0"},
				"south": {"uv": [9, 11.75, 9.5, 12], "texture": "#0"},
				"west": {"uv": [9.5, 11.75, 10, 12], "texture": "#0"},
				"up": {"uv": [4, 2, 3.5, 1.5], "texture": "#0"},
				"down": {"uv": [2.5, 3.5, 2, 4], "texture": "#0"}
			}
		},
		{
			"from": [12.75, 3, 20.25],
			"to": [14.75, 3.5, 22.25],
			"rotation": {"angle": 0, "axis": "y", "origin": [16, 16, 0]},
			"faces": {
				"north": {"uv": [6, 11.75, 6.5, 12], "texture": "#0"},
				"east": {"uv": [6.5, 11.75, 7, 12], "texture": "#0"},
				"south": {"uv": [7, 11.75, 7.5, 12], "texture": "#0"},
				"west": {"uv": [7.5, 11.75, 8, 12], "texture": "#0"},
				"up": {"uv": [4, 1.5, 3.5, 1], "texture": "#0"},
				"down": {"uv": [2, 3.5, 1.5, 4], "texture": "#0"}
			}
		},
		{
			"from": [8.75, 3, 23.75],
			"to": [10.75, 3.5, 24.5],
			"rotation": {"angle": 0, "axis": "y", "origin": [16, 16, 0]},
			"faces": {
				"north": {"uv": [4, 11.75, 4.5, 12], "texture": "#0"},
				"east": {"uv": [7.5, 12.75, 7.75, 13], "texture": "#0"},
				"south": {"uv": [4.5, 11.75, 5, 12], "texture": "#0"},
				"west": {"uv": [7.75, 12.75, 8, 13], "texture": "#0"},
				"up": {"uv": [5.5, 12, 5, 11.75], "texture": "#0"},
				"down": {"uv": [6, 11.75, 5.5, 12], "texture": "#0"}
			}
		},
		{
			"from": [10.75, 3, 20.25],
			"to": [12.75, 3.5, 22.25],
			"rotation": {"angle": 0, "axis": "y", "origin": [16, 16, 0]},
			"faces": {
				"north": {"uv": [2, 11.75, 2.5, 12], "texture": "#0"},
				"east": {"uv": [2.5, 11.75, 3, 12], "texture": "#0"},
				"south": {"uv": [3, 11.75, 3.5, 12], "texture": "#0"},
				"west": {"uv": [3.5, 11.75, 4, 12], "texture": "#0"},
				"up": {"uv": [4, 1, 3.5, 0.5], "texture": "#0"},
				"down": {"uv": [1.5, 3.5, 1, 4], "texture": "#0"}
			}
		},
		{
			"from": [8.75, 3, 20.25],
			"to": [10.75, 3.5, 22.25],
			"rotation": {"angle": 0, "axis": "y", "origin": [16, 16, 0]},
			"faces": {
				"north": {"uv": [0, 11.75, 0.5, 12], "texture": "#0"},
				"east": {"uv": [0.5, 11.75, 1, 12], "texture": "#0"},
				"south": {"uv": [1, 11.75, 1.5, 12], "texture": "#0"},
				"west": {"uv": [1.5, 11.75, 2, 12], "texture": "#0"},
				"up": {"uv": [4, 0.5, 3.5, 0], "texture": "#0"},
				"down": {"uv": [1, 3.5, 0.5, 4], "texture": "#0"}
			}
		},
		{
			"from": [10.75, 3, 22.25],
			"to": [12.75, 3.5, 24.25],
			"rotation": {"angle": 0, "axis": "y", "origin": [16, 16, 0]},
			"faces": {
				"north": {"uv": [11, 11.5, 11.5, 11.75], "texture": "#0"},
				"east": {"uv": [11.5, 11, 12, 11.25], "texture": "#0"},
				"south": {"uv": [11.5, 11.25, 12, 11.5], "texture": "#0"},
				"west": {"uv": [11.5, 11.5, 12, 11.75], "texture": "#0"},
				"up": {"uv": [3.5, 3.5, 3, 3], "texture": "#0"},
				"down": {"uv": [0.5, 3.5, 0, 4], "texture": "#0"}
			}
		},
		{
			"from": [10.75, 3, 24.25],
			"to": [12.75, 3.5, 25.25],
			"rotation": {"angle": 0, "axis": "y", "origin": [16, 16, 0]},
			"faces": {
				"north": {"uv": [11.5, 10.25, 12, 10.5], "texture": "#0"},
				"east": {"uv": [7, 12.75, 7.25, 13], "texture": "#0"},
				"south": {"uv": [10.5, 11.5, 11, 11.75], "texture": "#0"},
				"west": {"uv": [7.25, 12.75, 7.5, 13], "texture": "#0"},
				"up": {"uv": [12, 10.75, 11.5, 10.5], "texture": "#0"},
				"down": {"uv": [12, 10.75, 11.5, 11], "texture": "#0"}
			}
		},
		{
			"from": [8.75, 3, 22.25],
			"to": [10.75, 3.5, 23.75],
			"rotation": {"angle": 0, "axis": "y", "origin": [16, 16, 0]},
			"faces": {
				"north": {"uv": [11.5, 9.5, 12, 9.75], "texture": "#0"},
				"east": {"uv": [11.5, 9.75, 12, 10], "texture": "#0"},
				"south": {"uv": [10, 11.5, 10.5, 11.75], "texture": "#0"},
				"west": {"uv": [11.5, 10, 12, 10.25], "texture": "#0"},
				"up": {"uv": [3, 3.5, 2.5, 3], "texture": "#0"},
				"down": {"uv": [3.5, 2.5, 3, 3], "texture": "#0"}
			}
		},
		{
			"from": [14.75, 3, 8.25],
			"to": [16.75, 3.5, 10.25],
			"rotation": {"angle": 0, "axis": "y", "origin": [16, 16, 16]},
			"faces": {
				"north": {"uv": [11, 12.5, 11.5, 12.75], "texture": "#0"},
				"east": {"uv": [12.5, 11, 13, 11.25], "texture": "#0"},
				"south": {"uv": [12.5, 11.25, 13, 11.5], "texture": "#0"},
				"west": {"uv": [11.5, 12.5, 12, 12.75], "texture": "#0"},
				"up": {"uv": [6, 0.5, 5.5, 0], "texture": "#0"},
				"down": {"uv": [1, 5.5, 0.5, 6], "texture": "#0"}
			}
		},
		{
			"from": [14.75, 3, 5.25],
			"to": [16.75, 3.5, 6.25],
			"rotation": {"angle": 0, "axis": "y", "origin": [16, 16, 16]},
			"faces": {
				"north": {"uv": [12.5, 10.25, 13, 10.5], "texture": "#0"},
				"east": {"uv": [12.5, 12.75, 12.75, 13], "texture": "#0"},
				"south": {"uv": [10.5, 12.5, 11, 12.75], "texture": "#0"},
				"west": {"uv": [12.75, 12.75, 13, 13], "texture": "#0"},
				"up": {"uv": [13, 10.75, 12.5, 10.5], "texture": "#0"},
				"down": {"uv": [13, 10.75, 12.5, 11], "texture": "#0"}
			}
		},
		{
			"from": [14.75, 3, 6.25],
			"to": [16.75, 3.5, 8.25],
			"rotation": {"angle": 0, "axis": "y", "origin": [16, 16, 16]},
			"faces": {
				"north": {"uv": [12.5, 9.5, 13, 9.75], "texture": "#0"},
				"east": {"uv": [12.5, 9.75, 13, 10], "texture": "#0"},
				"south": {"uv": [10, 12.5, 10.5, 12.75], "texture": "#0"},
				"west": {"uv": [12.5, 10, 13, 10.25], "texture": "#0"},
				"up": {"uv": [5.5, 5.5, 5, 5], "texture": "#0"},
				"down": {"uv": [0.5, 5.5, 0, 6], "texture": "#0"}
			}
		},
		{
			"from": [12.75, 3, 6.25],
			"to": [14.75, 3.5, 8.25],
			"rotation": {"angle": 0, "axis": "y", "origin": [16, 16, 16]},
			"faces": {
				"north": {"uv": [9, 12.5, 9.5, 12.75], "texture": "#0"},
				"east": {"uv": [12.5, 9, 13, 9.25], "texture": "#0"},
				"south": {"uv": [12.5, 9.25, 13, 9.5], "texture": "#0"},
				"west": {"uv": [9.5, 12.5, 10, 12.75], "texture": "#0"},
				"up": {"uv": [5, 5.5, 4.5, 5], "texture": "#0"},
				"down": {"uv": [5.5, 4.5, 5, 5], "texture": "#0"}
			}
		},
		{
			"from": [12.75, 3, 5.5],
			"to": [14.75, 3.5, 6.25],
			"rotation": {"angle": 0, "axis": "y", "origin": [16, 16, 16]},
			"faces": {
				"north": {"uv": [12.5, 8.25, 13, 8.5], "texture": "#0"},
				"east": {"uv": [12, 12.75, 12.25, 13], "texture": "#0"},
				"south": {"uv": [8.5, 12.5, 9, 12.75], "texture": "#0"},
				"west": {"uv": [12.25, 12.75, 12.5, 13], "texture": "#0"},
				"up": {"uv": [13, 8.75, 12.5, 8.5], "texture": "#0"},
				"down": {"uv": [13, 8.75, 12.5, 9], "texture": "#0"}
			}
		},
		{
			"from": [12.75, 3, 8.25],
			"to": [14.75, 3.5, 10.25],
			"rotation": {"angle": 0, "axis": "y", "origin": [16, 16, 16]},
			"faces": {
				"north": {"uv": [12.5, 7.5, 13, 7.75], "texture": "#0"},
				"east": {"uv": [12.5, 7.75, 13, 8], "texture": "#0"},
				"south": {"uv": [8, 12.5, 8.5, 12.75], "texture": "#0"},
				"west": {"uv": [12.5, 8, 13, 8.25], "texture": "#0"},
				"up": {"uv": [4.5, 5.5, 4, 5], "texture": "#0"},
				"down": {"uv": [5.5, 4, 5, 4.5], "texture": "#0"}
			}
		},
		{
			"from": [10.75, 3, 8.25],
			"to": [12.75, 3.5, 10.25],
			"rotation": {"angle": 0, "axis": "y", "origin": [16, 16, 16]},
			"faces": {
				"north": {"uv": [7, 12.5, 7.5, 12.75], "texture": "#0"},
				"east": {"uv": [12.5, 7, 13, 7.25], "texture": "#0"},
				"south": {"uv": [12.5, 7.25, 13, 7.5], "texture": "#0"},
				"west": {"uv": [7.5, 12.5, 8, 12.75], "texture": "#0"},
				"up": {"uv": [4, 5.5, 3.5, 5], "texture": "#0"},
				"down": {"uv": [5.5, 3.5, 5, 4], "texture": "#0"}
			}
		},
		{
			"from": [10.75, 3, 6.25],
			"to": [12.75, 3.5, 8.25],
			"rotation": {"angle": 0, "axis": "y", "origin": [16, 16, 16]},
			"faces": {
				"north": {"uv": [12.5, 6.25, 13, 6.5], "texture": "#0"},
				"east": {"uv": [6.5, 12.5, 7, 12.75], "texture": "#0"},
				"south": {"uv": [12.5, 6.5, 13, 6.75], "texture": "#0"},
				"west": {"uv": [12.5, 6.75, 13, 7], "texture": "#0"},
				"up": {"uv": [3.5, 5.5, 3, 5], "texture": "#0"},
				"down": {"uv": [5.5, 3, 5, 3.5], "texture": "#0"}
			}
		},
		{
			"from": [10.75, 3, 5.25],
			"to": [12.75, 3.5, 6.25],
			"rotation": {"angle": 0, "axis": "y", "origin": [16, 16, 16]},
			"faces": {
				"north": {"uv": [12.5, 5.5, 13, 5.75], "texture": "#0"},
				"east": {"uv": [11.5, 12.75, 11.75, 13], "texture": "#0"},
				"south": {"uv": [12.5, 5.75, 13, 6], "texture": "#0"},
				"west": {"uv": [11.75, 12.75, 12, 13], "texture": "#0"},
				"up": {"uv": [6.5, 12.75, 6, 12.5], "texture": "#0"},
				"down": {"uv": [13, 6, 12.5, 6.25], "texture": "#0"}
			}
		},
		{
			"from": [8.75, 3, 6],
			"to": [10.75, 3.5, 6.75],
			"rotation": {"angle": 0, "axis": "y", "origin": [16, 16, 16]},
			"faces": {
				"north": {"uv": [5, 12.5, 5.5, 12.75], "texture": "#0"},
				"east": {"uv": [11, 12.75, 11.25, 13], "texture": "#0"},
				"south": {"uv": [12.5, 5, 13, 5.25], "texture": "#0"},
				"west": {"uv": [11.25, 12.75, 11.5, 13], "texture": "#0"},
				"up": {"uv": [13, 5.5, 12.5, 5.25], "texture": "#0"},
				"down": {"uv": [6, 12.5, 5.5, 12.75], "texture": "#0"}
			}
		},
		{
			"from": [7.25, 3, 6],
			"to": [9.25, 3.5, 6.75],
			"rotation": {"angle": 0, "axis": "y", "origin": [0, 0, 16]},
			"faces": {
				"north": {"uv": [12.5, 4.25, 13, 4.5], "texture": "#0"},
				"east": {"uv": [10.5, 12.75, 10.75, 13], "texture": "#0"},
				"south": {"uv": [4.5, 12.5, 5, 12.75], "texture": "#0"},
				"west": {"uv": [10.75, 12.75, 11, 13], "texture": "#0"},
				"up": {"uv": [13, 4.75, 12.5, 4.5], "texture": "#0"},
				"down": {"uv": [13, 4.75, 12.5, 5], "texture": "#0"}
			}
		},
		{
			"from": [7.25, 3, 6.75],
			"to": [9.25, 3.5, 8.25],
			"rotation": {"angle": 0, "axis": "y", "origin": [0, 0, 16]},
			"faces": {
				"north": {"uv": [12.5, 3.5, 13, 3.75], "texture": "#0"},
				"east": {"uv": [12.5, 3.75, 13, 4], "texture": "#0"},
				"south": {"uv": [4, 12.5, 4.5, 12.75], "texture": "#0"},
				"west": {"uv": [12.5, 4, 13, 4.25], "texture": "#0"},
				"up": {"uv": [3, 5.5, 2.5, 5], "texture": "#0"},
				"down": {"uv": [5.5, 2.5, 5, 3], "texture": "#0"}
			}
		},
		{
			"from": [8.75, 3, 6.75],
			"to": [10.75, 3.5, 8.25],
			"rotation": {"angle": 0, "axis": "y", "origin": [16, 16, 16]},
			"faces": {
				"north": {"uv": [3, 12.5, 3.5, 12.75], "texture": "#0"},
				"east": {"uv": [12.5, 3, 13, 3.25], "texture": "#0"},
				"south": {"uv": [12.5, 3.25, 13, 3.5], "texture": "#0"},
				"west": {"uv": [3.5, 12.5, 4, 12.75], "texture": "#0"},
				"up": {"uv": [2.5, 5.5, 2, 5], "texture": "#0"},
				"down": {"uv": [5.5, 2, 5, 2.5], "texture": "#0"}
			}
		},
		{
			"from": [8.75, 3, 8.25],
			"to": [10.75, 3.5, 10.25],
			"rotation": {"angle": 0, "axis": "y", "origin": [16, 16, 16]},
			"faces": {
				"north": {"uv": [12.5, 2.25, 13, 2.5], "texture": "#0"},
				"east": {"uv": [2.5, 12.5, 3, 12.75], "texture": "#0"},
				"south": {"uv": [12.5, 2.5, 13, 2.75], "texture": "#0"},
				"west": {"uv": [12.5, 2.75, 13, 3], "texture": "#0"},
				"up": {"uv": [2, 5.5, 1.5, 5], "texture": "#0"},
				"down": {"uv": [5.5, 1.5, 5, 2], "texture": "#0"}
			}
		},
		{
			"from": [7.25, 3, 8.25],
			"to": [9.25, 3.5, 10.25],
			"rotation": {"angle": 0, "axis": "y", "origin": [0, 0, 16]},
			"faces": {
				"north": {"uv": [12.5, 1.5, 13, 1.75], "texture": "#0"},
				"east": {"uv": [12.5, 1.75, 13, 2], "texture": "#0"},
				"south": {"uv": [2, 12.5, 2.5, 12.75], "texture": "#0"},
				"west": {"uv": [12.5, 2, 13, 2.25], "texture": "#0"},
				"up": {"uv": [1.5, 5.5, 1, 5], "texture": "#0"},
				"down": {"uv": [5.5, 1, 5, 1.5], "texture": "#0"}
			}
		},
		{
			"from": [5.25, 3, 8.25],
			"to": [7.25, 3.5, 10.25],
			"rotation": {"angle": 0, "axis": "y", "origin": [0, 0, 16]},
			"faces": {
				"north": {"uv": [1, 12.5, 1.5, 12.75], "texture": "#0"},
				"east": {"uv": [12.5, 1, 13, 1.25], "texture": "#0"},
				"south": {"uv": [12.5, 1.25, 13, 1.5], "texture": "#0"},
				"west": {"uv": [1.5, 12.5, 2, 12.75], "texture": "#0"},
				"up": {"uv": [1, 5.5, 0.5, 5], "texture": "#0"},
				"down": {"uv": [5.5, 0.5, 5, 1], "texture": "#0"}
			}
		},
		{
			"from": [3.25, 3, 8.25],
			"to": [5.25, 3.5, 10.25],
			"rotation": {"angle": 0, "axis": "y", "origin": [0, 0, 16]},
			"faces": {
				"north": {"uv": [12.5, 0.25, 13, 0.5], "texture": "#0"},
				"east": {"uv": [0.5, 12.5, 1, 12.75], "texture": "#0"},
				"south": {"uv": [12.5, 0.5, 13, 0.75], "texture": "#0"},
				"west": {"uv": [12.5, 0.75, 13, 1], "texture": "#0"},
				"up": {"uv": [0.5, 5.5, 0, 5], "texture": "#0"},
				"down": {"uv": [5.5, 0, 5, 0.5], "texture": "#0"}
			}
		},
		{
			"from": [1.25, 3, 8.25],
			"to": [3.25, 3.5, 10.25],
			"rotation": {"angle": 0, "axis": "y", "origin": [0, 0, 16]},
			"faces": {
				"north": {"uv": [11.5, 12.25, 12, 12.5], "texture": "#0"},
				"east": {"uv": [12, 12.25, 12.5, 12.5], "texture": "#0"},
				"south": {"uv": [0, 12.5, 0.5, 12.75], "texture": "#0"},
				"west": {"uv": [12.5, 0, 13, 0.25], "texture": "#0"},
				"up": {"uv": [5, 4.5, 4.5, 4], "texture": "#0"},
				"down": {"uv": [5, 4.5, 4.5, 5], "texture": "#0"}
			}
		},
		{
			"from": [1.25, 3, 6.25],
			"to": [3.25, 3.5, 8.25],
			"rotation": {"angle": 0, "axis": "y", "origin": [0, 0, 16]},
			"faces": {
				"north": {"uv": [9.5, 12.25, 10, 12.5], "texture": "#0"},
				"east": {"uv": [10, 12.25, 10.5, 12.5], "texture": "#0"},
				"south": {"uv": [10.5, 12.25, 11, 12.5], "texture": "#0"},
				"west": {"uv": [11, 12.25, 11.5, 12.5], "texture": "#0"},
				"up": {"uv": [5, 4, 4.5, 3.5], "texture": "#0"},
				"down": {"uv": [4.5, 4.5, 4, 5], "texture": "#0"}
			}
		},
		{
			"from": [3.25, 3, 6.25],
			"to": [5.25, 3.5, 8.25],
			"rotation": {"angle": 0, "axis": "y", "origin": [0, 0, 16]},
			"faces": {
				"north": {"uv": [7.5, 12.25, 8, 12.5], "texture": "#0"},
				"east": {"uv": [8, 12.25, 8.5, 12.5], "texture": "#0"},
				"south": {"uv": [8.5, 12.25, 9, 12.5], "texture": "#0"},
				"west": {"uv": [9, 12.25, 9.5, 12.5], "texture": "#0"},
				"up": {"uv": [5, 3.5, 4.5, 3], "texture": "#0"},
				"down": {"uv": [4, 4.5, 3.5, 5], "texture": "#0"}
			}
		},
		{
			"from": [5.25, 3, 6.25],
			"to": [7.25, 3.5, 8.25],
			"rotation": {"angle": 0, "axis": "y", "origin": [0, 0, 16]},
			"faces": {
				"north": {"uv": [5.5, 12.25, 6, 12.5], "texture": "#0"},
				"east": {"uv": [6, 12.25, 6.5, 12.5], "texture": "#0"},
				"south": {"uv": [6.5, 12.25, 7, 12.5], "texture": "#0"},
				"west": {"uv": [7, 12.25, 7.5, 12.5], "texture": "#0"},
				"up": {"uv": [5, 3, 4.5, 2.5], "texture": "#0"},
				"down": {"uv": [3.5, 4.5, 3, 5], "texture": "#0"}
			}
		},
		{
			"from": [5.25, 3, 5.25],
			"to": [7.25, 3.5, 6.25],
			"rotation": {"angle": 0, "axis": "y", "origin": [0, 0, 16]},
			"faces": {
				"north": {"uv": [3.5, 12.25, 4, 12.5], "texture": "#0"},
				"east": {"uv": [10, 12.75, 10.25, 13], "texture": "#0"},
				"south": {"uv": [4, 12.25, 4.5, 12.5], "texture": "#0"},
				"west": {"uv": [10.25, 12.75, 10.5, 13], "texture": "#0"},
				"up": {"uv": [5, 12.5, 4.5, 12.25], "texture": "#0"},
				"down": {"uv": [5.5, 12.25, 5, 12.5], "texture": "#0"}
			}
		},
		{
			"from": [3.25, 3, 5.5],
			"to": [5.25, 3.5, 6.25],
			"rotation": {"angle": 0, "axis": "y", "origin": [0, 0, 16]},
			"faces": {
				"north": {"uv": [1.5, 12.25, 2, 12.5], "texture": "#0"},
				"east": {"uv": [9.5, 12.75, 9.75, 13], "texture": "#0"},
				"south": {"uv": [2, 12.25, 2.5, 12.5], "texture": "#0"},
				"west": {"uv": [9.75, 12.75, 10, 13], "texture": "#0"},
				"up": {"uv": [3, 12.5, 2.5, 12.25], "texture": "#0"},
				"down": {"uv": [3.5, 12.25, 3, 12.5], "texture": "#0"}
			}
		},
		{
			"from": [1.25, 3, 5.25],
			"to": [3.25, 3.5, 6.25],
			"rotation": {"angle": 0, "axis": "y", "origin": [0, 0, 16]},
			"faces": {
				"north": {"uv": [12, 12, 12.5, 12.25], "texture": "#0"},
				"east": {"uv": [9, 12.75, 9.25, 13], "texture": "#0"},
				"south": {"uv": [0, 12.25, 0.5, 12.5], "texture": "#0"},
				"west": {"uv": [9.25, 12.75, 9.5, 13], "texture": "#0"},
				"up": {"uv": [1, 12.5, 0.5, 12.25], "texture": "#0"},
				"down": {"uv": [1.5, 12.25, 1, 12.5], "texture": "#0"}
			}
		},
		{
			"from": [1.25, 3, 10.25],
			"to": [3.25, 5, 12.25],
			"faces": {
				"north": {"uv": [5.5, 2.5, 6, 3], "texture": "#0"},
				"east": {"uv": [3, 5.5, 3.5, 6], "texture": "#0"},
				"south": {"uv": [5.5, 3, 6, 3.5], "texture": "#0"},
				"west": {"uv": [3.5, 5.5, 4, 6], "texture": "#0"},
				"up": {"uv": [6, 4, 5.5, 3.5], "texture": "#0"},
				"down": {"uv": [4.5, 5.5, 4, 6], "texture": "#0"}
			}
		},
		{
			"from": [3.25, 3, 10.25],
			"to": [5.25, 5, 12.25],
			"faces": {
				"north": {"uv": [5.5, 4, 6, 4.5], "texture": "#0"},
				"east": {"uv": [4.5, 5.5, 5, 6], "texture": "#0"},
				"south": {"uv": [5.5, 4.5, 6, 5], "texture": "#0"},
				"west": {"uv": [5, 5.5, 5.5, 6], "texture": "#0"},
				"up": {"uv": [6, 5.5, 5.5, 5], "texture": "#0"},
				"down": {"uv": [6, 5.5, 5.5, 6], "texture": "#0"}
			}
		},
		{
			"from": [5.25, 3, 10.25],
			"to": [7.25, 5, 12.25],
			"faces": {
				"north": {"uv": [0, 6, 0.5, 6.5], "texture": "#0"},
				"east": {"uv": [6, 0, 6.5, 0.5], "texture": "#0"},
				"south": {"uv": [0.5, 6, 1, 6.5], "texture": "#0"},
				"west": {"uv": [6, 0.5, 6.5, 1], "texture": "#0"},
				"up": {"uv": [1.5, 6.5, 1, 6], "texture": "#0"},
				"down": {"uv": [6.5, 1, 6, 1.5], "texture": "#0"}
			}
		},
		{
			"from": [7.25, 3, 10.25],
			"to": [9.25, 5, 12.25],
			"faces": {
				"north": {"uv": [1.5, 6, 2, 6.5], "texture": "#0"},
				"east": {"uv": [6, 1.5, 6.5, 2], "texture": "#0"},
				"south": {"uv": [2, 6, 2.5, 6.5], "texture": "#0"},
				"west": {"uv": [6, 2, 6.5, 2.5], "texture": "#0"},
				"up": {"uv": [3, 6.5, 2.5, 6], "texture": "#0"},
				"down": {"uv": [6.5, 2.5, 6, 3], "texture": "#0"}
			}
		},
		{
			"from": [9.25, 3, 10.25],
			"to": [11.25, 5, 12.25],
			"faces": {
				"north": {"uv": [3, 6, 3.5, 6.5], "texture": "#0"},
				"east": {"uv": [6, 3, 6.5, 3.5], "texture": "#0"},
				"south": {"uv": [3.5, 6, 4, 6.5], "texture": "#0"},
				"west": {"uv": [6, 3.5, 6.5, 4], "texture": "#0"},
				"up": {"uv": [4.5, 6.5, 4, 6], "texture": "#0"},
				"down": {"uv": [6.5, 4, 6, 4.5], "texture": "#0"}
			}
		},
		{
			"from": [13.25, 3, 10.25],
			"to": [15.25, 5, 12.25],
			"faces": {
				"north": {"uv": [6, 6, 6.5, 6.5], "texture": "#0"},
				"east": {"uv": [0, 6.5, 0.5, 7], "texture": "#0"},
				"south": {"uv": [6.5, 0, 7, 0.5], "texture": "#0"},
				"west": {"uv": [0.5, 6.5, 1, 7], "texture": "#0"},
				"up": {"uv": [7, 1, 6.5, 0.5], "texture": "#0"},
				"down": {"uv": [1.5, 6.5, 1, 7], "texture": "#0"}
			}
		},
		{
			"from": [15.25, 3, 10.25],
			"to": [16.75, 5, 12.25],
			"faces": {
				"north": {"uv": [6.5, 1, 7, 1.5], "texture": "#0"},
				"east": {"uv": [1.5, 6.5, 2, 7], "texture": "#0"},
				"south": {"uv": [6.5, 1.5, 7, 2], "texture": "#0"},
				"west": {"uv": [2, 6.5, 2.5, 7], "texture": "#0"},
				"up": {"uv": [7, 2.5, 6.5, 2], "texture": "#0"},
				"down": {"uv": [3, 6.5, 2.5, 7], "texture": "#0"}
			}
		},
		{
			"from": [11.25, 3, 10.25],
			"to": [13.25, 5, 12.25],
			"faces": {
				"north": {"uv": [4.5, 6, 5, 6.5], "texture": "#0"},
				"east": {"uv": [6, 4.5, 6.5, 5], "texture": "#0"},
				"south": {"uv": [5, 6, 5.5, 6.5], "texture": "#0"},
				"west": {"uv": [6, 5, 6.5, 5.5], "texture": "#0"},
				"up": {"uv": [6, 6.5, 5.5, 6], "texture": "#0"},
				"down": {"uv": [6.5, 5.5, 6, 6], "texture": "#0"}
			}
		},
		{
			"from": [1.25, 3, 18.25],
			"to": [3.25, 5, 20.25],
			"faces": {
				"north": {"uv": [6.5, 7, 7, 7.5], "texture": "#0"},
				"east": {"uv": [7, 6.5, 7.5, 7], "texture": "#0"},
				"south": {"uv": [7, 7, 7.5, 7.5], "texture": "#0"},
				"west": {"uv": [0, 7.5, 0.5, 8], "texture": "#0"},
				"up": {"uv": [8, 0.5, 7.5, 0], "texture": "#0"},
				"down": {"uv": [1, 7.5, 0.5, 8], "texture": "#0"}
			}
		},
		{
			"from": [1.25, 3, 16.25],
			"to": [3.25, 5, 18.25],
			"faces": {
				"north": {"uv": [7.5, 0.5, 8, 1], "texture": "#0"},
				"east": {"uv": [1, 7.5, 1.5, 8], "texture": "#0"},
				"south": {"uv": [7.5, 1, 8, 1.5], "texture": "#0"},
				"west": {"uv": [1.5, 7.5, 2, 8], "texture": "#0"},
				"up": {"uv": [8, 2, 7.5, 1.5], "texture": "#0"},
				"down": {"uv": [2.5, 7.5, 2, 8], "texture": "#0"}
			}
		},
		{
			"from": [1.25, 3, 12.25],
			"to": [3.25, 5, 14.25],
			"faces": {
				"north": {"uv": [7.5, 3.5, 8, 4], "texture": "#0"},
				"east": {"uv": [4, 7.5, 4.5, 8], "texture": "#0"},
				"south": {"uv": [7.5, 4, 8, 4.5], "texture": "#0"},
				"west": {"uv": [4.5, 7.5, 5, 8], "texture": "#0"},
				"up": {"uv": [8, 5, 7.5, 4.5], "texture": "#0"},
				"down": {"uv": [5.5, 7.5, 5, 8], "texture": "#0"}
			}
		},
		{
			"from": [1.25, 3, 14.25],
			"to": [3.25, 5, 16.25],
			"faces": {
				"north": {"uv": [7.5, 2, 8, 2.5], "texture": "#0"},
				"east": {"uv": [2.5, 7.5, 3, 8], "texture": "#0"},
				"south": {"uv": [7.5, 2.5, 8, 3], "texture": "#0"},
				"west": {"uv": [3, 7.5, 3.5, 8], "texture": "#0"},
				"up": {"uv": [8, 3.5, 7.5, 3], "texture": "#0"},
				"down": {"uv": [4, 7.5, 3.5, 8], "texture": "#0"}
			}
		},
		{
			"from": [14.75, 3, 12.25],
			"to": [16.75, 5, 14.25],
			"faces": {
				"north": {"uv": [0.5, 8, 1, 8.5], "texture": "#0"},
				"east": {"uv": [8, 0.5, 8.5, 1], "texture": "#0"},
				"south": {"uv": [1, 8, 1.5, 8.5], "texture": "#0"},
				"west": {"uv": [8, 1, 8.5, 1.5], "texture": "#0"},
				"up": {"uv": [2, 8.5, 1.5, 8], "texture": "#0"},
				"down": {"uv": [8.5, 1.5, 8, 2], "texture": "#0"}
			}
		},
		{
			"from": [14.75, 3, 14.25],
			"to": [16.75, 5, 16.25],
			"faces": {
				"north": {"uv": [7.5, 6.5, 8, 7], "texture": "#0"},
				"east": {"uv": [7, 7.5, 7.5, 8], "texture": "#0"},
				"south": {"uv": [7.5, 7, 8, 7.5], "texture": "#0"},
				"west": {"uv": [7.5, 7.5, 8, 8], "texture": "#0"},
				"up": {"uv": [0.5, 8.5, 0, 8], "texture": "#0"},
				"down": {"uv": [8.5, 0, 8, 0.5], "texture": "#0"}
			}
		},
		{
			"from": [14.75, 3, 16.25],
			"to": [16.75, 5, 18.25],
			"faces": {
				"north": {"uv": [7.5, 5, 8, 5.5], "texture": "#0"},
				"east": {"uv": [5.5, 7.5, 6, 8], "texture": "#0"},
				"south": {"uv": [7.5, 5.5, 8, 6], "texture": "#0"},
				"west": {"uv": [6, 7.5, 6.5, 8], "texture": "#0"},
				"up": {"uv": [8, 6.5, 7.5, 6], "texture": "#0"},
				"down": {"uv": [7, 7.5, 6.5, 8], "texture": "#0"}
			}
		},
		{
			"from": [7.25, 3, 18.25],
			"to": [9.25, 5, 20.25],
			"faces": {
				"north": {"uv": [5, 7, 5.5, 7.5], "texture": "#0"},
				"east": {"uv": [7, 5, 7.5, 5.5], "texture": "#0"},
				"south": {"uv": [5.5, 7, 6, 7.5], "texture": "#0"},
				"west": {"uv": [7, 5.5, 7.5, 6], "texture": "#0"},
				"up": {"uv": [6.5, 7.5, 6, 7], "texture": "#0"},
				"down": {"uv": [7.5, 6, 7, 6.5], "texture": "#0"}
			}
		},
		{
			"from": [3.25, 3, 18.25],
			"to": [5.25, 5, 20.25],
			"faces": {
				"north": {"uv": [3.5, 7, 4, 7.5], "texture": "#0"},
				"east": {"uv": [7, 3.5, 7.5, 4], "texture": "#0"},
				"south": {"uv": [4, 7, 4.5, 7.5], "texture": "#0"},
				"west": {"uv": [7, 4, 7.5, 4.5], "texture": "#0"},
				"up": {"uv": [5, 7.5, 4.5, 7], "texture": "#0"},
				"down": {"uv": [7.5, 4.5, 7, 5], "texture": "#0"}
			}
		},
		{
			"from": [9.25, 3, 18.25],
			"to": [11.25, 5, 20.25],
			"faces": {
				"north": {"uv": [2, 7, 2.5, 7.5], "texture": "#0"},
				"east": {"uv": [7, 2, 7.5, 2.5], "texture": "#0"},
				"south": {"uv": [2.5, 7, 3, 7.5], "texture": "#0"},
				"west": {"uv": [7, 2.5, 7.5, 3], "texture": "#0"},
				"up": {"uv": [3.5, 7.5, 3, 7], "texture": "#0"},
				"down": {"uv": [7.5, 3, 7, 3.5], "texture": "#0"}
			}
		},
		{
			"from": [11.25, 3, 18.25],
			"to": [13.25, 5, 20.25],
			"faces": {
				"north": {"uv": [0.5, 7, 1, 7.5], "texture": "#0"},
				"east": {"uv": [7, 0.5, 7.5, 1], "texture": "#0"},
				"south": {"uv": [1, 7, 1.5, 7.5], "texture": "#0"},
				"west": {"uv": [7, 1, 7.5, 1.5], "texture": "#0"},
				"up": {"uv": [2, 7.5, 1.5, 7], "texture": "#0"},
				"down": {"uv": [7.5, 1.5, 7, 2], "texture": "#0"}
			}
		},
		{
			"from": [13.25, 3, 18.25],
			"to": [15.25, 5, 20.25],
			"faces": {
				"north": {"uv": [6.5, 5.5, 7, 6], "texture": "#0"},
				"east": {"uv": [6, 6.5, 6.5, 7], "texture": "#0"},
				"south": {"uv": [6.5, 6, 7, 6.5], "texture": "#0"},
				"west": {"uv": [6.5, 6.5, 7, 7], "texture": "#0"},
				"up": {"uv": [0.5, 7.5, 0, 7], "texture": "#0"},
				"down": {"uv": [7.5, 0, 7, 0.5], "texture": "#0"}
			}
		},
		{
			"from": [15.25, 3, 18.25],
			"to": [16.75, 5, 20.25],
			"faces": {
				"north": {"uv": [6.5, 4, 7, 4.5], "texture": "#0"},
				"east": {"uv": [4.5, 6.5, 5, 7], "texture": "#0"},
				"south": {"uv": [6.5, 4.5, 7, 5], "texture": "#0"},
				"west": {"uv": [5, 6.5, 5.5, 7], "texture": "#0"},
				"up": {"uv": [7, 5.5, 6.5, 5], "texture": "#0"},
				"down": {"uv": [6, 6.5, 5.5, 7], "texture": "#0"}
			}
		},
		{
			"from": [5.25, 3, 18.25],
			"to": [7.25, 5, 20.25],
			"faces": {
				"north": {"uv": [6.5, 2.5, 7, 3], "texture": "#0"},
				"east": {"uv": [3, 6.5, 3.5, 7], "texture": "#0"},
				"south": {"uv": [6.5, 3, 7, 3.5], "texture": "#0"},
				"west": {"uv": [3.5, 6.5, 4, 7], "texture": "#0"},
				"up": {"uv": [7, 4, 6.5, 3.5], "texture": "#0"},
				"down": {"uv": [4.5, 6.5, 4, 7], "texture": "#0"}
			}
		},
		{
			"from": [14.75, 5, 12.25],
			"to": [16.75, 7, 14.25],
			"faces": {
				"north": {"uv": [8.5, 7, 9, 7.5], "texture": "#0"},
				"east": {"uv": [7.5, 8.5, 8, 9], "texture": "#0"},
				"south": {"uv": [8.5, 7.5, 9, 8], "texture": "#0"},
				"west": {"uv": [8, 8.5, 8.5, 9], "texture": "#0"},
				"up": {"uv": [9, 8.5, 8.5, 8], "texture": "#0"},
				"down": {"uv": [9, 8.5, 8.5, 9], "texture": "#0"}
			}
		},
		{
			"from": [14.75, 5, 10.25],
			"to": [16.75, 7, 12.25],
			"faces": {
				"north": {"uv": [7.5, 9, 8, 9.5], "texture": "#0"},
				"east": {"uv": [9, 7.5, 9.5, 8], "texture": "#0"},
				"south": {"uv": [8, 9, 8.5, 9.5], "texture": "#0"},
				"west": {"uv": [9, 8, 9.5, 8.5], "texture": "#0"},
				"up": {"uv": [9, 9.5, 8.5, 9], "texture": "#0"},
				"down": {"uv": [9.5, 8.5, 9, 9], "texture": "#0"}
			}
		},
		{
			"from": [12.75, 5, 10.25],
			"to": [14.75, 7, 12.25],
			"faces": {
				"north": {"uv": [9, 9, 9.5, 9.5], "texture": "#0"},
				"east": {"uv": [0, 9.5, 0.5, 10], "texture": "#0"},
				"south": {"uv": [9.5, 0, 10, 0.5], "texture": "#0"},
				"west": {"uv": [0.5, 9.5, 1, 10], "texture": "#0"},
				"up": {"uv": [10, 1, 9.5, 0.5], "texture": "#0"},
				"down": {"uv": [1.5, 9.5, 1, 10], "texture": "#0"}
			}
		},
		{
			"from": [10.75, 5, 10.25],
			"to": [12.75, 7, 12.25],
			"faces": {
				"north": {"uv": [9.5, 1, 10, 1.5], "texture": "#0"},
				"east": {"uv": [1.5, 9.5, 2, 10], "texture": "#0"},
				"south": {"uv": [9.5, 1.5, 10, 2], "texture": "#0"},
				"west": {"uv": [2, 9.5, 2.5, 10], "texture": "#0"},
				"up": {"uv": [10, 2.5, 9.5, 2], "texture": "#0"},
				"down": {"uv": [3, 9.5, 2.5, 10], "texture": "#0"}
			}
		},
		{
			"from": [8.75, 5, 10.25],
			"to": [10.75, 7, 12.25],
			"faces": {
				"north": {"uv": [9.5, 2.5, 10, 3], "texture": "#0"},
				"east": {"uv": [3, 9.5, 3.5, 10], "texture": "#0"},
				"south": {"uv": [9.5, 3, 10, 3.5], "texture": "#0"},
				"west": {"uv": [3.5, 9.5, 4, 10], "texture": "#0"},
				"up": {"uv": [10, 4, 9.5, 3.5], "texture": "#0"},
				"down": {"uv": [4.5, 9.5, 4, 10], "texture": "#0"}
			}
		},
		{
			"from": [6.75, 5, 10.25],
			"to": [8.75, 7, 12.25],
			"faces": {
				"north": {"uv": [9.5, 4, 10, 4.5], "texture": "#0"},
				"east": {"uv": [4.5, 9.5, 5, 10], "texture": "#0"},
				"south": {"uv": [9.5, 4.5, 10, 5], "texture": "#0"},
				"west": {"uv": [5, 9.5, 5.5, 10], "texture": "#0"},
				"up": {"uv": [10, 5.5, 9.5, 5], "texture": "#0"},
				"down": {"uv": [6, 9.5, 5.5, 10], "texture": "#0"}
			}
		},
		{
			"from": [4.75, 5, 10.25],
			"to": [6.75, 7, 12.25],
			"faces": {
				"north": {"uv": [9.5, 5.5, 10, 6], "texture": "#0"},
				"east": {"uv": [6, 9.5, 6.5, 10], "texture": "#0"},
				"south": {"uv": [9.5, 6, 10, 6.5], "texture": "#0"},
				"west": {"uv": [6.5, 9.5, 7, 10], "texture": "#0"},
				"up": {"uv": [10, 7, 9.5, 6.5], "texture": "#0"},
				"down": {"uv": [7.5, 9.5, 7, 10], "texture": "#0"}
			}
		},
		{
			"from": [3.25, 5, 10.25],
			"to": [4.75, 7, 12.25],
			"faces": {
				"north": {"uv": [9.5, 7, 10, 7.5], "texture": "#0"},
				"east": {"uv": [7.5, 9.5, 8, 10], "texture": "#0"},
				"south": {"uv": [9.5, 7.5, 10, 8], "texture": "#0"},
				"west": {"uv": [8, 9.5, 8.5, 10], "texture": "#0"},
				"up": {"uv": [10, 8.5, 9.5, 8], "texture": "#0"},
				"down": {"uv": [9, 9.5, 8.5, 10], "texture": "#0"}
			}
		},
		{
			"from": [14.75, 5, 14.25],
			"to": [16.75, 7, 16.25],
			"faces": {
				"north": {"uv": [8.5, 5.5, 9, 6], "texture": "#0"},
				"east": {"uv": [6, 8.5, 6.5, 9], "texture": "#0"},
				"south": {"uv": [8.5, 6, 9, 6.5], "texture": "#0"},
				"west": {"uv": [6.5, 8.5, 7, 9], "texture": "#0"},
				"up": {"uv": [9, 7, 8.5, 6.5], "texture": "#0"},
				"down": {"uv": [7.5, 8.5, 7, 9], "texture": "#0"}
			}
		},
		{
			"from": [14.75, 5, 16.25],
			"to": [16.75, 7, 18.25],
			"faces": {
				"north": {"uv": [8.5, 4, 9, 4.5], "texture": "#0"},
				"east": {"uv": [4.5, 8.5, 5, 9], "texture": "#0"},
				"south": {"uv": [8.5, 4.5, 9, 5], "texture": "#0"},
				"west": {"uv": [5, 8.5, 5.5, 9], "texture": "#0"},
				"up": {"uv": [9, 5.5, 8.5, 5], "texture": "#0"},
				"down": {"uv": [6, 8.5, 5.5, 9], "texture": "#0"}
			}
		},
		{
			"from": [7.25, 5, 18.25],
			"to": [9.25, 7, 20.25],
			"faces": {
				"north": {"uv": [8.5, 2.5, 9, 3], "texture": "#0"},
				"east": {"uv": [3, 8.5, 3.5, 9], "texture": "#0"},
				"south": {"uv": [8.5, 3, 9, 3.5], "texture": "#0"},
				"west": {"uv": [3.5, 8.5, 4, 9], "texture": "#0"},
				"up": {"uv": [9, 4, 8.5, 3.5], "texture": "#0"},
				"down": {"uv": [4.5, 8.5, 4, 9], "texture": "#0"}
			}
		},
		{
			"from": [3.25, 5, 18.25],
			"to": [5.25, 7, 20.25],
			"faces": {
				"north": {"uv": [8.5, 1, 9, 1.5], "texture": "#0"},
				"east": {"uv": [1.5, 8.5, 2, 9], "texture": "#0"},
				"south": {"uv": [8.5, 1.5, 9, 2], "texture": "#0"},
				"west": {"uv": [2, 8.5, 2.5, 9], "texture": "#0"},
				"up": {"uv": [9, 2.5, 8.5, 2], "texture": "#0"},
				"down": {"uv": [3, 8.5, 2.5, 9], "texture": "#0"}
			}
		},
		{
			"from": [1.25, 5, 18.25],
			"to": [3.25, 7, 20.25],
			"faces": {
				"north": {"uv": [0, 9, 0.5, 9.5], "texture": "#0"},
				"east": {"uv": [9, 0, 9.5, 0.5], "texture": "#0"},
				"south": {"uv": [0.5, 9, 1, 9.5], "texture": "#0"},
				"west": {"uv": [9, 0.5, 9.5, 1], "texture": "#0"},
				"up": {"uv": [1.5, 9.5, 1, 9], "texture": "#0"},
				"down": {"uv": [9.5, 1, 9, 1.5], "texture": "#0"}
			}
		},
		{
			"from": [1.25, 5, 16.25],
			"to": [3.25, 7, 18.25],
			"faces": {
				"north": {"uv": [1.5, 9, 2, 9.5], "texture": "#0"},
				"east": {"uv": [9, 1.5, 9.5, 2], "texture": "#0"},
				"south": {"uv": [2, 9, 2.5, 9.5], "texture": "#0"},
				"west": {"uv": [9, 2, 9.5, 2.5], "texture": "#0"},
				"up": {"uv": [3, 9.5, 2.5, 9], "texture": "#0"},
				"down": {"uv": [9.5, 2.5, 9, 3], "texture": "#0"}
			}
		},
		{
			"from": [1.25, 5, 14.25],
			"to": [3.25, 7, 16.25],
			"faces": {
				"north": {"uv": [4.5, 9, 5, 9.5], "texture": "#0"},
				"east": {"uv": [9, 4.5, 9.5, 5], "texture": "#0"},
				"south": {"uv": [5, 9, 5.5, 9.5], "texture": "#0"},
				"west": {"uv": [9, 5, 9.5, 5.5], "texture": "#0"},
				"up": {"uv": [6, 9.5, 5.5, 9], "texture": "#0"},
				"down": {"uv": [9.5, 5.5, 9, 6], "texture": "#0"}
			}
		},
		{
			"from": [1.25, 5, 12.25],
			"to": [3.25, 7, 14.25],
			"faces": {
				"north": {"uv": [3, 9, 3.5, 9.5], "texture": "#0"},
				"east": {"uv": [9, 3, 9.5, 3.5], "texture": "#0"},
				"south": {"uv": [3.5, 9, 4, 9.5], "texture": "#0"},
				"west": {"uv": [9, 3.5, 9.5, 4], "texture": "#0"},
				"up": {"uv": [4.5, 9.5, 4, 9], "texture": "#0"},
				"down": {"uv": [9.5, 4, 9, 4.5], "texture": "#0"}
			}
		},
		{
			"from": [1.25, 5, 10.25],
			"to": [3.25, 7, 12.25],
			"faces": {
				"north": {"uv": [6, 9, 6.5, 9.5], "texture": "#0"},
				"east": {"uv": [9, 6, 9.5, 6.5], "texture": "#0"},
				"south": {"uv": [6.5, 9, 7, 9.5], "texture": "#0"},
				"west": {"uv": [9, 6.5, 9.5, 7], "texture": "#0"},
				"up": {"uv": [7.5, 9.5, 7, 9], "texture": "#0"},
				"down": {"uv": [9.5, 7, 9, 7.5], "texture": "#0"}
			}
		},
		{
			"from": [9.25, 5, 18.25],
			"to": [11.25, 7, 20.25],
			"faces": {
				"north": {"uv": [8, 8, 8.5, 8.5], "texture": "#0"},
				"east": {"uv": [0, 8.5, 0.5, 9], "texture": "#0"},
				"south": {"uv": [8.5, 0, 9, 0.5], "texture": "#0"},
				"west": {"uv": [0.5, 8.5, 1, 9], "texture": "#0"},
				"up": {"uv": [9, 1, 8.5, 0.5], "texture": "#0"},
				"down": {"uv": [1.5, 8.5, 1, 9], "texture": "#0"}
			}
		},
		{
			"from": [11.25, 5, 18.25],
			"to": [13.25, 7, 20.25],
			"faces": {
				"north": {"uv": [6.5, 8, 7, 8.5], "texture": "#0"},
				"east": {"uv": [8, 6.5, 8.5, 7], "texture": "#0"},
				"south": {"uv": [7, 8, 7.5, 8.5], "texture": "#0"},
				"west": {"uv": [8, 7, 8.5, 7.5], "texture": "#0"},
				"up": {"uv": [8, 8.5, 7.5, 8], "texture": "#0"},
				"down": {"uv": [8.5, 7.5, 8, 8], "texture": "#0"}
			}
		},
		{
			"from": [13.25, 5, 18.25],
			"to": [15.25, 7, 20.25],
			"faces": {
				"north": {"uv": [5, 8, 5.5, 8.5], "texture": "#0"},
				"east": {"uv": [8, 5, 8.5, 5.5], "texture": "#0"},
				"south": {"uv": [5.5, 8, 6, 8.5], "texture": "#0"},
				"west": {"uv": [8, 5.5, 8.5, 6], "texture": "#0"},
				"up": {"uv": [6.5, 8.5, 6, 8], "texture": "#0"},
				"down": {"uv": [8.5, 6, 8, 6.5], "texture": "#0"}
			}
		},
		{
			"from": [15.25, 5, 18.25],
			"to": [16.75, 7, 20.25],
			"faces": {
				"north": {"uv": [3.5, 8, 4, 8.5], "texture": "#0"},
				"east": {"uv": [8, 3.5, 8.5, 4], "texture": "#0"},
				"south": {"uv": [4, 8, 4.5, 8.5], "texture": "#0"},
				"west": {"uv": [8, 4, 8.5, 4.5], "texture": "#0"},
				"up": {"uv": [5, 8.5, 4.5, 8], "texture": "#0"},
				"down": {"uv": [8.5, 4.5, 8, 5], "texture": "#0"}
			}
		},
		{
			"from": [5.25, 5, 18.25],
			"to": [7.25, 7, 20.25],
			"faces": {
				"north": {"uv": [2, 8, 2.5, 8.5], "texture": "#0"},
				"east": {"uv": [8, 2, 8.5, 2.5], "texture": "#0"},
				"south": {"uv": [2.5, 8, 3, 8.5], "texture": "#0"},
				"west": {"uv": [8, 2.5, 8.5, 3], "texture": "#0"},
				"up": {"uv": [3.5, 8.5, 3, 8], "texture": "#0"},
				"down": {"uv": [8.5, 3, 8, 3.5], "texture": "#0"}
			}
		},
		{
			"from": [5.25, 6.25, 16.25],
			"to": [7.25, 8.25, 18.25],
			"faces": {
				"north": {"uv": [9.5, 8.5, 10, 9], "texture": "#0"},
				"east": {"uv": [9, 9.5, 9.5, 10], "texture": "#0"},
				"south": {"uv": [9.5, 9, 10, 9.5], "texture": "#0"},
				"west": {"uv": [9.5, 9.5, 10, 10], "texture": "#0"},
				"up": {"uv": [0.5, 10.5, 0, 10], "texture": "#0"},
				"down": {"uv": [10.5, 0, 10, 0.5], "texture": "#0"}
			}
		},
		{
			"from": [3.25, 6.25, 16.25],
			"to": [5.25, 8.25, 18.25],
			"faces": {
				"north": {"uv": [6.5, 10, 7, 10.5], "texture": "#0"},
				"east": {"uv": [10, 6.5, 10.5, 7], "texture": "#0"},
				"south": {"uv": [7, 10, 7.5, 10.5], "texture": "#0"},
				"west": {"uv": [10, 7, 10.5, 7.5], "texture": "#0"},
				"up": {"uv": [8, 10.5, 7.5, 10], "texture": "#0"},
				"down": {"uv": [10.5, 7.5, 10, 8], "texture": "#0"}
			}
		},
		{
			"from": [7.25, 6.25, 16.25],
			"to": [9.25, 8.25, 18.25],
			"faces": {
				"north": {"uv": [0.5, 10, 1, 10.5], "texture": "#0"},
				"east": {"uv": [10, 0.5, 10.5, 1], "texture": "#0"},
				"south": {"uv": [1, 10, 1.5, 10.5], "texture": "#0"},
				"west": {"uv": [10, 1, 10.5, 1.5], "texture": "#0"},
				"up": {"uv": [2, 10.5, 1.5, 10], "texture": "#0"},
				"down": {"uv": [10.5, 1.5, 10, 2], "texture": "#0"}
			}
		},
		{
			"from": [9.25, 6.25, 16.25],
			"to": [11.25, 8.25, 18.25],
			"faces": {
				"north": {"uv": [2, 10, 2.5, 10.5], "texture": "#0"},
				"east": {"uv": [10, 2, 10.5, 2.5], "texture": "#0"},
				"south": {"uv": [2.5, 10, 3, 10.5], "texture": "#0"},
				"west": {"uv": [10, 2.5, 10.5, 3], "texture": "#0"},
				"up": {"uv": [3.5, 10.5, 3, 10], "texture": "#0"},
				"down": {"uv": [10.5, 3, 10, 3.5], "texture": "#0"}
			}
		},
		{
			"from": [11.25, 6.25, 16.25],
			"to": [13.25, 8.25, 18.25],
			"faces": {
				"north": {"uv": [3.5, 10, 4, 10.5], "texture": "#0"},
				"east": {"uv": [10, 3.5, 10.5, 4], "texture": "#0"},
				"south": {"uv": [4, 10, 4.5, 10.5], "texture": "#0"},
				"west": {"uv": [10, 4, 10.5, 4.5], "texture": "#0"},
				"up": {"uv": [5, 10.5, 4.5, 10], "texture": "#0"},
				"down": {"uv": [10.5, 4.5, 10, 5], "texture": "#0"}
			}
		},
		{
			"from": [13.25, 6.25, 16.25],
			"to": [14.75, 8.25, 18.25],
			"faces": {
				"north": {"uv": [5, 10, 5.5, 10.5], "texture": "#0"},
				"east": {"uv": [10, 5, 10.5, 5.5], "texture": "#0"},
				"south": {"uv": [5.5, 10, 6, 10.5], "texture": "#0"},
				"west": {"uv": [10, 5.5, 10.5, 6], "texture": "#0"},
				"up": {"uv": [6.5, 10.5, 6, 10], "texture": "#0"},
				"down": {"uv": [10.5, 6, 10, 6.5], "texture": "#0"}
			}
		},
		{
			"from": [3.25, 6.25, 12.25],
			"to": [5.25, 8.25, 14.25],
			"faces": {
				"north": {"uv": [10.5, 5, 11, 5.5], "texture": "#0"},
				"east": {"uv": [5.5, 10.5, 6, 11], "texture": "#0"},
				"south": {"uv": [10.5, 5.5, 11, 6], "texture": "#0"},
				"west": {"uv": [6, 10.5, 6.5, 11], "texture": "#0"},
				"up": {"uv": [11, 6.5, 10.5, 6], "texture": "#0"},
				"down": {"uv": [7, 10.5, 6.5, 11], "texture": "#0"}
			}
		},
		{
			"from": [7.25, 6.25, 12.25],
			"to": [9.25, 8.25, 14.25],
			"faces": {
				"north": {"uv": [10.5, 3.5, 11, 4], "texture": "#0"},
				"east": {"uv": [4, 10.5, 4.5, 11], "texture": "#0"},
				"south": {"uv": [10.5, 4, 11, 4.5], "texture": "#0"},
				"west": {"uv": [4.5, 10.5, 5, 11], "texture": "#0"},
				"up": {"uv": [11, 5, 10.5, 4.5], "texture": "#0"},
				"down": {"uv": [5.5, 10.5, 5, 11], "texture": "#0"}
			}
		},
		{
			"from": [9.25, 6.25, 12.25],
			"to": [11.25, 8.25, 14.25],
			"faces": {
				"north": {"uv": [10.5, 2, 11, 2.5], "texture": "#0"},
				"east": {"uv": [2.5, 10.5, 3, 11], "texture": "#0"},
				"south": {"uv": [10.5, 2.5, 11, 3], "texture": "#0"},
				"west": {"uv": [3, 10.5, 3.5, 11], "texture": "#0"},
				"up": {"uv": [11, 3.5, 10.5, 3], "texture": "#0"},
				"down": {"uv": [4, 10.5, 3.5, 11], "texture": "#0"}
			}
		},
		{
			"from": [11.25, 6.25, 12.25],
			"to": [13.25, 8.25, 14.25],
			"faces": {
				"north": {"uv": [10.5, 0.5, 11, 1], "texture": "#0"},
				"east": {"uv": [1, 10.5, 1.5, 11], "texture": "#0"},
				"south": {"uv": [10.5, 1, 11, 1.5], "texture": "#0"},
				"west": {"uv": [1.5, 10.5, 2, 11], "texture": "#0"},
				"up": {"uv": [11, 2, 10.5, 1.5], "texture": "#0"},
				"down": {"uv": [2.5, 10.5, 2, 11], "texture": "#0"}
			}
		},
		{
			"from": [13.25, 6.25, 12.25],
			"to": [14.75, 8.25, 14.25],
			"faces": {
				"north": {"uv": [9.5, 10, 10, 10.5], "texture": "#0"},
				"east": {"uv": [10, 9.5, 10.5, 10], "texture": "#0"},
				"south": {"uv": [10, 10, 10.5, 10.5], "texture": "#0"},
				"west": {"uv": [0, 10.5, 0.5, 11], "texture": "#0"},
				"up": {"uv": [11, 0.5, 10.5, 0], "texture": "#0"},
				"down": {"uv": [1, 10.5, 0.5, 11], "texture": "#0"}
			}
		},
		{
			"from": [5.25, 6.25, 12.25],
			"to": [7.25, 8.25, 14.25],
			"faces": {
				"north": {"uv": [8, 10, 8.5, 10.5], "texture": "#0"},
				"east": {"uv": [10, 8, 10.5, 8.5], "texture": "#0"},
				"south": {"uv": [8.5, 10, 9, 10.5], "texture": "#0"},
				"west": {"uv": [10, 8.5, 10.5, 9], "texture": "#0"},
				"up": {"uv": [9.5, 10.5, 9, 10], "texture": "#0"},
				"down": {"uv": [10.5, 9, 10, 9.5], "texture": "#0"}
			}
		},
		{
			"from": [3.25, 6.25, 14.25],
			"to": [5.25, 8.25, 16.25],
			"faces": {
				"north": {"uv": [3.5, 11, 4, 11.5], "texture": "#0"},
				"east": {"uv": [11, 3.5, 11.5, 4], "texture": "#0"},
				"south": {"uv": [4, 11, 4.5, 11.5], "texture": "#0"},
				"west": {"uv": [11, 4, 11.5, 4.5], "texture": "#0"},
				"up": {"uv": [5, 11.5, 4.5, 11], "texture": "#0"},
				"down": {"uv": [11.5, 4.5, 11, 5], "texture": "#0"}
			}
		},
		{
			"from": [7.25, 6.25, 14.25],
			"to": [9.25, 8.25, 16.25],
			"faces": {
				"north": {"uv": [2, 11, 2.5, 11.5], "texture": "#0"},
				"east": {"uv": [11, 2, 11.5, 2.5], "texture": "#0"},
				"south": {"uv": [2.5, 11, 3, 11.5], "texture": "#0"},
				"west": {"uv": [11, 2.5, 11.5, 3], "texture": "#0"},
				"up": {"uv": [3.5, 11.5, 3, 11], "texture": "#0"},
				"down": {"uv": [11.5, 3, 11, 3.5], "texture": "#0"}
			}
		},
		{
			"from": [9.25, 6.25, 14.25],
			"to": [11.25, 8.25, 16.25],
			"faces": {
				"north": {"uv": [0.5, 11, 1, 11.5], "texture": "#0"},
				"east": {"uv": [11, 0.5, 11.5, 1], "texture": "#0"},
				"south": {"uv": [1, 11, 1.5, 11.5], "texture": "#0"},
				"west": {"uv": [11, 1, 11.5, 1.5], "texture": "#0"},
				"up": {"uv": [2, 11.5, 1.5, 11], "texture": "#0"},
				"down": {"uv": [11.5, 1.5, 11, 2], "texture": "#0"}
			}
		},
		{
			"from": [11.25, 6.25, 14.25],
			"to": [13.25, 8.25, 16.25],
			"faces": {
				"north": {"uv": [10.5, 9.5, 11, 10], "texture": "#0"},
				"east": {"uv": [10, 10.5, 10.5, 11], "texture": "#0"},
				"south": {"uv": [10.5, 10, 11, 10.5], "texture": "#0"},
				"west": {"uv": [10.5, 10.5, 11, 11], "texture": "#0"},
				"up": {"uv": [0.5, 11.5, 0, 11], "texture": "#0"},
				"down": {"uv": [11.5, 0, 11, 0.5], "texture": "#0"}
			}
		},
		{
			"from": [13.25, 6.25, 14.25],
			"to": [14.75, 8.25, 16.25],
			"faces": {
				"north": {"uv": [10.5, 8, 11, 8.5], "texture": "#0"},
				"east": {"uv": [8.5, 10.5, 9, 11], "texture": "#0"},
				"south": {"uv": [10.5, 8.5, 11, 9], "texture": "#0"},
				"west": {"uv": [9, 10.5, 9.5, 11], "texture": "#0"},
				"up": {"uv": [11, 9.5, 10.5, 9], "texture": "#0"},
				"down": {"uv": [10, 10.5, 9.5, 11], "texture": "#0"}
			}
		},
		{
			"from": [5.25, 6.25, 14.25],
			"to": [7.25, 8.25, 16.25],
			"faces": {
				"north": {"uv": [10.5, 6.5, 11, 7], "texture": "#0"},
				"east": {"uv": [7, 10.5, 7.5, 11], "texture": "#0"},
				"south": {"uv": [10.5, 7, 11, 7.5], "texture": "#0"},
				"west": {"uv": [7.5, 10.5, 8, 11], "texture": "#0"},
				"up": {"uv": [11, 8, 10.5, 7.5], "texture": "#0"},
				"down": {"uv": [8.5, 10.5, 8, 11], "texture": "#0"}
			}
		}
	],
	"display": {
		"thirdperson_righthand": {
			"rotation": [19, -167, -31],
			"translation": [-1, 1.75, 2],
			"scale": [0.4, 0.39, 0.38]
		},
		"thirdperson_lefthand": {
			"rotation": [19, -167, -31],
			"translation": [-1, 1.75, 2],
			"scale": [0.4, 0.39, 0.38]
		},
		"firstperson_righthand": {
			"rotation": [27, 0, 0],
			"translation": [2.25, 5.5, 0],
			"scale": [0.34, 0.34, 0.33]
		},
		"firstperson_lefthand": {
			"rotation": [27, 26, 0],
			"translation": [0, 6.25, 1.5],
			"scale": [0.37, 0.35, 0.37]
		},
		"ground": {
			"translation": [0, -1.25, -2.75],
			"scale": [0.38, 0.4, 0.4]
		},
		"gui": {
			"rotation": [27, 0, 0],
			"translation": [0, 7.75, 0],
			"scale": [0.75, 1, 1]
		},
		"head": {
			"translation": [-1.5, 8.75, -12],
			"scale": [1.22, 0.84, 1.56]
		},
		"fixed": {
			"rotation": [-40, 0, 0],
			"translation": [-0.75, 0, -9.25],
			"scale": [0.75, 0.76, 0.75]
		}
	}
}