{
    "parent": "item/generated",
    "textures": {
        "layer0": "item/blaze_rod"
    },
    "overrides": [
    {"predicate": {"custom_model_data":1}, "model": "custom/kiste/normal_chest"},
    {"predicate": {"custom_model_data":2}, "model": "custom/kiste/medium_chest"},
    {"predicate": {"custom_model_data":3}, "model": "custom/kiste/chest"},
    {"predicate": {"custom_model_data":4}, "model": "custom/wither/lvl2_crate"},
    {"predicate": {"custom_model_data":5}, "model": "custom/dekocrate/pirate_crate"}
 ]
}