{
    "parent": "item/generated",
    "textures": {
        "layer0": "item/bone"
    },
    "overrides": [
    {"predicate": {"custom_model_data":1}, "model": "custom/hut/strohhut"},
    {"predicate": {"custom_model_data":2}, "model": "custom/hut/holzfaellerhut"},
    {"predicate": {"custom_model_data":3}, "model": "custom/hut/minerhut"},
    {"predicate": {"custom_model_data":4}, "model": "custom/hut/fluegel"},
    {"predicate": {"custom_model_data":5}, "model": "custom/hut/minerhutkopf"},
    {"predicate": {"custom_model_data":6}, "model": "custom/hut/holzfaellerhutkopf"},
    {"predicate": {"custom_model_data":7}, "model": "custom/hut/farmerhutkopf"},
    {"predicate": {"custom_model_data":8}, "model": "custom/hut/schlachterkopf"},
    {"predicate": {"custom_model_data":9}, "model": "custom/hut/sammlerkopf"},
    {"predicate": {"custom_model_data":10}, "model": "custom/hut/anglerkopf"},
    {"predicate": {"custom_model_data":11}, "model": "custom/hut/kochkopf"},
    {"predicate": {"custom_model_data":12}, "model": "custom/deko/spongi"},
    {"predicate": {"custom_model_data":13}, "model": "custom/deko/perry"},
    {"predicate": {"custom_model_data":14}, "model": "custom/deko/katze"},
    {"predicate": {"custom_model_data":15}, "model": "custom/deko/ferb"},
    {"predicate": {"custom_model_data":16}, "model": "custom/deko/skull_hat"},
    {"predicate": {"custom_model_data":17}, "model": "custom/deko/setup"},
    {"predicate": {"custom_model_data":18}, "model": "custom/deko/mario"}
 ]
}