{
    "parent": "item/generated",
    "textures": {
        "layer0": "item/emerald"
    },
    "overrides": [
    {"predicate": {"custom_model_data":2}, "model": "custom/plusch/alex"},
    {"predicate": {"custom_model_data":3}, "model": "custom/plusch/anna"},
    {"predicate": {"custom_model_data":4}, "model": "custom/plusch/luca"},
    {"predicate": {"custom_model_data":5}, "model": "custom/plusch/micha"},
    {"predicate": {"custom_model_data":6}, "model": "custom/plusch/seb"},
    {"predicate": {"custom_model_data":7}, "model": "custom/plusch/tim"}
 ]
}