{
    "parent": "item/generated",
    "textures": {
        "layer0": "item/magma_cream"
    },
    "overrides": [
    {"predicate": {"custom_model_data":1}, "model": "custom/bbm/automat"},
    {"predicate": {"custom_model_data":2}, "model": "custom/bbm/bitteabonniertstammtyp"},
    {"predicate": {"custom_model_data":3}, "model": "custom/bbm/happymeal"},
    {"predicate": {"custom_model_data":4}, "model": "custom/bbm/kacke"},
    {"predicate": {"custom_model_data":5}, "model": "custom/bbm/kleinerleon"},
    {"predicate": {"custom_model_data":6}, "model": "custom/bbm/laptop"},
    {"predicate": {"custom_model_data":7}, "model": "custom/bbm/limo"},
    {"predicate": {"custom_model_data":8}, "model": "custom/bbm/mikro"},
    {"predicate": {"custom_model_data":9}, "model": "custom/bbm/mstone"},
    {"predicate": {"custom_model_data":10}, "model": "custom/bbm/pepe"},
    {"predicate": {"custom_model_data":11}, "model": "custom/bbm/ramen"},
    {"predicate": {"custom_model_data":12}, "model": "custom/bbm/rtx"},
    {"predicate": {"custom_model_data":13}, "model": "custom/bbm/zylinder"},
    {"predicate": {"custom_model_data":14}, "model": "custom/jonny/greifautomat"},
    {"predicate": {"custom_model_data":16}, "model": "custom/jonny/stamm_spezi"}
 ]
}