{
    "parent": "item/generated",
    "textures": {
        "layer0": "item/netherite_sword"
    },
    "overrides": [
    {"predicate": {"custom_model_data":1}, "model": "custom/schwert/slicer"},
    {"predicate": {"custom_model_data":2}, "model": "custom/schwert/vanquisher_sword"},
    {"predicate": {"custom_model_data":3}, "model": "custom/schwert/poison_sword"},
    {"predicate": {"custom_model_data":4}, "model": "custom/schwert/warden_sense"},
	{"predicate": {"custom_model_data":5}, "model": "custom/schwert/giraffe"},
	{"predicate": {"custom_model_data":6}, "model": "custom/schwert/lichtschwert"},
    { "predicate": {"custom_model_data": 1540}, "model": "item/toffy/zelda/toffy_master_sword"}
 ]
}