{
	"parent": "item/generated",
	"textures": {
		"layer0": "item/paper"
	},
	
	"overrides": [
		{"predicate": {"custom_model_data":2000003}, "model":"custom/custom/wooden_pack/wooden_club"},
		{"predicate": {"custom_model_data":2000005}, "model":"custom/custom/wooden_pack/wooden_helmet"},
		{"predicate": {"custom_model_data":2000009}, "model":"custom/custom/wooden_pack/box_wood"},
                {"predicate": {"custom_model_data":5}, "model":"custom/deko/barral"},
                {"predicate": {"custom_model_data":6}, "model":"custom/deko/bigbox"},
                {"predicate": {"custom_model_data":7}, "model":"custom/deko/bin_1"},
                {"predicate": {"custom_model_data":8}, "model":"custom/deko/bin_2"},
                {"predicate": {"custom_model_data":9}, "model":"custom/deko/bin_3"},
                {"predicate": {"custom_model_data":10}, "model":"custom/deko/chair"},
                {"predicate": {"custom_model_data":11}, "model":"custom/deko/clock"},
                {"predicate": {"custom_model_data":12}, "model":"custom/deko/fishbar_1"},
                {"predicate": {"custom_model_data":13}, "model":"custom/deko/fishbar_2"},
                {"predicate": {"custom_model_data":14}, "model":"custom/deko/fioor_sign_1"},
                {"predicate": {"custom_model_data":15}, "model":"custom/deko/floor_sign_2"},
                {"predicate": {"custom_model_data":16}, "model":"custom/deko/flower_bed_1"},
                {"predicate": {"custom_model_data":17}, "model":"custom/deko/fiower_bed_2"},
                {"predicate": {"custom_model_data":18}, "model":"custom/deko/flower_bed_3"},
                {"predicate": {"custom_model_data":19}, "model":"custom/deko/shop_1"},
                {"predicate": {"custom_model_data":20}, "model":"custom/deko/shop_6"},
                {"predicate": {"custom_model_data":21}, "model":"custom/deko/water_dispenser_3"},
                {"predicate": {"custom_model_data":22}, "model":"custom/deko/small_table"}
	]
}