{
    "parent": "item/generated",
    "textures": {
        "layer0": "item/sea_pickle"
    },
    "overrides": [
    {"predicate": {"custom_model_data":1}, "model": "custom/deko/pfeil"},
    {"predicate": {"custom_model_data":2}, "model": "custom/deko/meimer"},
    {"predicate": {"custom_model_data":3}, "model": "custom/deko/fass"},
    {"predicate": {"custom_model_data":4}, "model": "custom/deko/patrick"},
    {"predicate": {"custom_model_data":5}, "model": "custom/deko/leon"},
    {"predicate": {"custom_model_data":6}, "model": "custom/deko/schildi"},
    {"predicate": {"custom_model_data":7}, "model": "custom/deko/seelowe"}
 ]
}