{
    "parent": "item/generated",
    "textures": {
        "layer0": "item/string"
    },
    "overrides": [
    {"predicate": {"custom_model_data":1}, "model": "custom/dekocrate/banc"},
    {"predicate": {"custom_model_data":2}, "model": "custom/dekocrate/baquet"},
    {"predicate": {"custom_model_data":3}, "model": "custom/dekocrate/cruche_terre_cuite"},
    {"predicate": {"custom_model_data":4}, "model": "custom/dekocrate/eponge_savon"},
    {"predicate": {"custom_model_data":5}, "model": "custom/dekocrate/lampe_huile"},
    {"predicate": {"custom_model_data":6}, "model": "custom/dekocrate/long_miroir"},
    {"predicate": {"custom_model_data":7}, "model": "custom/dekocrate/petite_table"},
    {"predicate": {"custom_model_data":8}, "model": "custom/dekocrate/seau"},
    {"predicate": {"custom_model_data":9}, "model": "custom/dekocrate/seau_remplie"},
    {"predicate": {"custom_model_data":10}, "model": "custom/dekocrate/seche_linge"},
    {"predicate": {"custom_model_data":11}, "model": "custom/dekocrate/serviette"},
    {"predicate": {"custom_model_data":12}, "model": "custom/dekocrate/table"},
    {"predicate": {"custom_model_data":13}, "model": "custom/dekocrate/tabouret"},
    {"predicate": {"custom_model_data":14}, "model": "custom/dekocrate/toilettes"}
 ]
}