{
	"credit": "Made by Nog's Menagerie",
	"textures": {
		"0": "custom/plusch/micha",
		"particle": "custom/plusch/micha"
	},
	"elements": [
		{
			"name": "skull",
			"from": [4, 6.3, 3.35],
			"to": [12, 14.3, 11.35],
			"rotation": {"angle": -22.5, "axis": "x", "origin": [8, 11, 9.225]},
			"faces": {
				"north": {"uv": [4, 2, 2, 4], "texture": "#0"},
				"east": {"uv": [6, 2, 4, 4], "texture": "#0"},
				"south": {"uv": [8, 2, 6, 4], "texture": "#0"},
				"west": {"uv": [2, 2, 0, 4], "texture": "#0"},
				"up": {"uv": [2, 2, 4, 0], "texture": "#0"},
				"down": {"uv": [4, 0, 6, 2], "texture": "#0"}
			}
		},
		{
			"name": "layer",
			"from": [3.5, 14.8, 2.85],
			"to": [12.5, 14.8, 11.85],
			"rotation": {"angle": -22.5, "axis": "x", "origin": [8, 11, 9.225]},
			"faces": {
				"north": {"uv": [4, 2, 2, 4], "texture": "#0"},
				"east": {"uv": [6, 2, 4, 4], "texture": "#0"},
				"south": {"uv": [8, 2, 6, 4], "texture": "#0"},
				"west": {"uv": [2, 2, 0, 4], "texture": "#0"},
				"up": {"uv": [10, 2, 12, 0], "texture": "#0"},
				"down": {"uv": [12, 0, 10, 2], "texture": "#0"}
			}
		},
		{
			"name": "layer",
			"from": [12.5, 5.8, 2.85],
			"to": [12.5, 14.8, 11.85],
			"rotation": {"angle": -22.5, "axis": "x", "origin": [8, 11, 9.225]},
			"faces": {
				"north": {"uv": [4, 2, 2, 4], "texture": "#0"},
				"east": {"uv": [14, 2, 12, 4], "texture": "#0"},
				"south": {"uv": [8, 2, 6, 4], "texture": "#0"},
				"west": {"uv": [12, 2, 14, 4], "texture": "#0"},
				"up": {"uv": [10, 2, 12, 0], "texture": "#0"},
				"down": {"uv": [10, 0, 12, 2], "texture": "#0"}
			}
		},
		{
			"name": "layer",
			"from": [3.5, 5.8, 11.85],
			"to": [12.5, 14.8, 11.85],
			"rotation": {"angle": -22.5, "axis": "x", "origin": [8, 11, 9.225]},
			"faces": {
				"north": {"uv": [16, 2, 14, 4], "texture": "#0"},
				"east": {"uv": [6, 2, 4, 4], "texture": "#0"},
				"south": {"uv": [16, 2, 14, 4], "texture": "#0"},
				"west": {"uv": [10, 2, 8, 4], "texture": "#0"},
				"up": {"uv": [10, 2, 12, 0], "texture": "#0"},
				"down": {"uv": [10, 0, 12, 2], "texture": "#0"}
			}
		},
		{
			"name": "layer",
			"from": [3.5, 5.8, 2.85],
			"to": [12.5, 14.8, 2.85],
			"rotation": {"angle": -22.5, "axis": "x", "origin": [8, 11, 9.225]},
			"faces": {
				"north": {"uv": [12, 2, 10, 4], "texture": "#0"},
				"east": {"uv": [6, 2, 4, 4], "texture": "#0"},
				"south": {"uv": [12, 2, 10, 4], "texture": "#0"},
				"west": {"uv": [2, 2, 0, 4], "texture": "#0"},
				"up": {"uv": [10, 2, 12, 0], "texture": "#0"},
				"down": {"uv": [10, 0, 12, 2], "texture": "#0"}
			}
		},
		{
			"name": "layer",
			"from": [3.5, 5.8, 2.85],
			"to": [12.5, 5.8, 11.85],
			"rotation": {"angle": -22.5, "axis": "x", "origin": [8, 11, 9.225]},
			"faces": {
				"north": {"uv": [4, 2, 2, 4], "texture": "#0"},
				"east": {"uv": [6, 2, 4, 4], "texture": "#0"},
				"south": {"uv": [8, 2, 6, 4], "texture": "#0"},
				"west": {"uv": [2, 2, 0, 4], "texture": "#0"},
				"up": {"uv": [0, 0, 0.25, 0.25], "texture": "#0"},
				"down": {"uv": [12, 0, 14, 2], "texture": "#0"}
			}
		},
		{
			"name": "layer",
			"from": [3.5, 5.8, 2.85],
			"to": [3.5, 14.8, 11.85],
			"rotation": {"angle": -22.5, "axis": "x", "origin": [8, 11, 9.225]},
			"faces": {
				"north": {"uv": [2, 2, 4, 4], "texture": "#0"},
				"east": {"uv": [14, 2, 12, 4], "texture": "#0"},
				"south": {"uv": [6, 2, 8, 4], "texture": "#0"},
				"west": {"uv": [12, 2, 14, 4], "texture": "#0"},
				"up": {"uv": [12, 2, 10, 0], "texture": "#0"},
				"down": {"uv": [12, 0, 10, 2], "texture": "#0"}
			}
		},
		{
			"name": "torso",
			"from": [5, 2, 7.225],
			"to": [11, 6, 11.225],
			"rotation": {"angle": 0, "axis": "y", "origin": [8, 6.5, 9.225]},
			"faces": {
				"north": {"uv": [6.75, 5.5, 5.25, 6.5], "texture": "#0"},
				"east": {"uv": [8, 5.5, 7, 6.5], "texture": "#0"},
				"south": {"uv": [9.75, 5.5, 8.25, 6.5], "texture": "#0"},
				"west": {"uv": [5, 5.5, 4, 6.5], "texture": "#0"},
				"up": {"uv": [5.25, 5, 6.75, 4], "texture": "#0"},
				"down": {"uv": [7.25, 4, 8.75, 5], "texture": "#0"}
			}
		},
		{
			"name": "left_leg_cube",
			"from": [5.725, 0.025, 4.85],
			"to": [7.725, 2.025, 8.85],
			"rotation": {"angle": 22.5, "axis": "y", "origin": [6.5, -2, 9.225]},
			"faces": {
				"north": {"uv": [2.25, 4.25, 2.75, 4.75], "rotation": 180, "texture": "#0"},
				"east": {"uv": [2.75, 5.5, 2.25, 6.5], "rotation": 270, "texture": "#0"},
				"south": {"uv": [1.25, 4.75, 1.75, 4.25], "texture": "#0"},
				"west": {"uv": [0.75, 5.5, 0.25, 6.5], "rotation": 90, "texture": "#0"},
				"up": {"uv": [1.75, 5.5, 1.25, 6.5], "rotation": 180, "texture": "#0"},
				"down": {"uv": [3.75, 5.5, 3.25, 6.5], "texture": "#0"}
			}
		},
		{
			"name": "left_leg_cube",
			"from": [5.725, 0.025, 3.85],
			"to": [7.725, 2.025, 4.85],
			"rotation": {"angle": 22.5, "axis": "y", "origin": [6.5, -2, 9.225]},
			"faces": {
				"north": {"uv": [2.25, 4.25, 2.75, 4.75], "rotation": 180, "texture": "#0"},
				"east": {"uv": [2.75, 7.75, 2.25, 8], "rotation": 270, "texture": "#0"},
				"south": {"uv": [1.25, 4.75, 1.75, 4.25], "texture": "#0"},
				"west": {"uv": [0.75, 7.75, 0.25, 8], "rotation": 90, "texture": "#0"},
				"up": {"uv": [1.75, 7.75, 1.25, 8], "rotation": 180, "texture": "#0"},
				"down": {"uv": [3.75, 7.75, 3.25, 8], "texture": "#0"}
			}
		},
		{
			"name": "left_leg_layer",
			"from": [5.475, 0.025, 4.6],
			"to": [5.475, 2.275, 9.6],
			"rotation": {"angle": 22.5, "axis": "y", "origin": [6.5, -2, 9.225]},
			"faces": {
				"north": {"uv": [2.25, 4.25, 2.75, 4.75], "rotation": 180, "texture": "#0"},
				"east": {"uv": [0, 0, 0.25, 0.25], "rotation": 270, "texture": "#0"},
				"south": {"uv": [1.25, 4.75, 1.75, 4.25], "texture": "#0"},
				"west": {"uv": [0.75, 9.25, 0.25, 10.5], "rotation": 90, "texture": "#0"},
				"up": {"uv": [1.75, 5.5, 1.25, 6.5], "rotation": 180, "texture": "#0"},
				"down": {"uv": [3.75, 5.5, 3.25, 6.5], "texture": "#0"}
			}
		},
		{
			"name": "left_leg_layer",
			"from": [7.975, 0.025, 4.6],
			"to": [7.975, 2.275, 9.6],
			"rotation": {"angle": 22.5, "axis": "y", "origin": [6.5, -2, 9.225]},
			"faces": {
				"north": {"uv": [2.25, 4.25, 2.75, 4.75], "rotation": 180, "texture": "#0"},
				"east": {"uv": [2.75, 9.25, 2.25, 10.5], "rotation": 270, "texture": "#0"},
				"south": {"uv": [1.25, 4.75, 1.75, 4.25], "texture": "#0"},
				"west": {"uv": [0, 0, 0.25, 0.25], "rotation": 90, "texture": "#0"},
				"up": {"uv": [1.75, 5.5, 1.25, 6.5], "rotation": 180, "texture": "#0"},
				"down": {"uv": [3.75, 5.5, 3.25, 6.5], "texture": "#0"}
			}
		},
		{
			"name": "left_leg_layer",
			"from": [5.475, 2.275, 4.6],
			"to": [7.975, 2.275, 9.6],
			"rotation": {"angle": 22.5, "axis": "y", "origin": [6.5, -2, 9.225]},
			"faces": {
				"north": {"uv": [2.25, 4.25, 2.75, 4.75], "rotation": 180, "texture": "#0"},
				"east": {"uv": [2.75, 5.5, 2.25, 6.5], "rotation": 270, "texture": "#0"},
				"south": {"uv": [1.25, 4.75, 1.75, 4.25], "texture": "#0"},
				"west": {"uv": [0.75, 5.5, 0.25, 6.5], "rotation": 90, "texture": "#0"},
				"up": {"uv": [1.75, 9.25, 1.25, 10.5], "rotation": 180, "texture": "#0"},
				"down": {"uv": [0, 0, 0.25, 0.25], "texture": "#0"}
			}
		},
		{
			"name": "left_leg_layer",
			"from": [5.475, 0.025, 3.6],
			"to": [5.475, 2.275, 4.6],
			"rotation": {"angle": 22.5, "axis": "y", "origin": [6.5, -2, 9.225]},
			"faces": {
				"north": {"uv": [2.25, 4.25, 2.75, 4.75], "rotation": 180, "texture": "#0"},
				"east": {"uv": [0, 0, 0.25, 0.25], "rotation": 270, "texture": "#0"},
				"south": {"uv": [1.25, 4.75, 1.75, 4.25], "texture": "#0"},
				"west": {"uv": [0.75, 11.5, 0.25, 11.75], "rotation": 90, "texture": "#0"},
				"up": {"uv": [1.75, 5.5, 1.25, 6.5], "rotation": 180, "texture": "#0"},
				"down": {"uv": [3.75, 5.5, 3.25, 6.5], "texture": "#0"}
			}
		},
		{
			"name": "left_leg_layer",
			"from": [5.475, -0.225, 3.85],
			"to": [7.975, -0.225, 4.85],
			"rotation": {"angle": 22.5, "axis": "y", "origin": [6.5, -2, 9.225]},
			"faces": {
				"north": {"uv": [2.25, 4.25, 2.75, 4.75], "rotation": 180, "texture": "#0"},
				"east": {"uv": [2.75, 5.5, 2.25, 6.5], "rotation": 270, "texture": "#0"},
				"south": {"uv": [1.25, 4.75, 1.75, 4.25], "texture": "#0"},
				"west": {"uv": [0.75, 5.5, 0.25, 6.5], "rotation": 90, "texture": "#0"},
				"up": {"uv": [0, 0, 0.25, 0.25], "rotation": 180, "texture": "#0"},
				"down": {"uv": [3.75, 11.5, 3.25, 11.75], "texture": "#0"}
			}
		},
		{
			"name": "left_leg_layer",
			"from": [7.975, 0.025, 3.6],
			"to": [7.975, 2.275, 4.6],
			"rotation": {"angle": 22.5, "axis": "y", "origin": [6.5, -2, 9.225]},
			"faces": {
				"north": {"uv": [2.25, 4.25, 2.75, 4.75], "rotation": 180, "texture": "#0"},
				"east": {"uv": [2.75, 11.5, 2.25, 11.75], "rotation": 270, "texture": "#0"},
				"south": {"uv": [1.25, 4.75, 1.75, 4.25], "texture": "#0"},
				"west": {"uv": [0, 0, 0.25, 0.25], "rotation": 90, "texture": "#0"},
				"up": {"uv": [1.75, 5.5, 1.25, 6.5], "rotation": 180, "texture": "#0"},
				"down": {"uv": [3.75, 5.5, 3.25, 6.5], "texture": "#0"}
			}
		},
		{
			"name": "left_leg_layer",
			"from": [5.475, 2.275, 3.6],
			"to": [7.975, 2.275, 4.6],
			"rotation": {"angle": 22.5, "axis": "y", "origin": [6.5, -2, 9.225]},
			"faces": {
				"north": {"uv": [2.25, 4.25, 2.75, 4.75], "rotation": 180, "texture": "#0"},
				"east": {"uv": [2.75, 5.5, 2.25, 6.5], "rotation": 270, "texture": "#0"},
				"south": {"uv": [1.25, 4.75, 1.75, 4.25], "texture": "#0"},
				"west": {"uv": [0.75, 5.5, 0.25, 6.5], "rotation": 90, "texture": "#0"},
				"up": {"uv": [1.75, 11.5, 1.25, 11.75], "rotation": 180, "texture": "#0"},
				"down": {"uv": [0, 0, 0.25, 0.25], "texture": "#0"}
			}
		},
		{
			"name": "left_leg_layer",
			"from": [5.475, 0.025, 3.6],
			"to": [7.975, 2.275, 3.6],
			"rotation": {"angle": 22.5, "axis": "y", "origin": [6.5, -2, 9.225]},
			"faces": {
				"north": {"uv": [2.25, 8.25, 2.75, 8.75], "rotation": 180, "texture": "#0"},
				"east": {"uv": [2.75, 5.5, 2.25, 6.5], "rotation": 270, "texture": "#0"},
				"south": {"uv": [0, 0, 0.25, 0.25], "texture": "#0"},
				"west": {"uv": [0.75, 5.5, 0.25, 6.5], "rotation": 90, "texture": "#0"},
				"up": {"uv": [1.75, 11.5, 1.25, 11.75], "rotation": 180, "texture": "#0"},
				"down": {"uv": [0, 0, 0.25, 0.25], "texture": "#0"}
			}
		},
		{
			"name": "left_arm_cube",
			"from": [3.175, 6.025, 8.225],
			"to": [5.175, 7.025, 10.225],
			"rotation": {"angle": -45, "axis": "z", "origin": [4, 3.5, 9.225]},
			"faces": {
				"north": {"uv": [11.5, 5, 11, 5.25], "texture": "#0"},
				"east": {"uv": [12.5, 5, 12, 5.25], "texture": "#0"},
				"south": {"uv": [13.5, 5, 13, 5.25], "texture": "#0"},
				"west": {"uv": [10.5, 5, 10, 5.25], "texture": "#0"},
				"up": {"uv": [11, 4.5, 11.5, 4], "texture": "#0"},
				"down": {"uv": [12, 4.25, 12.5, 4.75], "texture": "#0"}
			}
		},
		{
			"name": "left_arm_cube",
			"from": [3.175, 2.025, 8.225],
			"to": [5.175, 3.025, 10.225],
			"rotation": {"angle": -45, "axis": "z", "origin": [4, 3.5, 9.225]},
			"faces": {
				"north": {"uv": [11.5, 7.75, 11, 8], "texture": "#0"},
				"east": {"uv": [12.5, 7.75, 12, 8], "texture": "#0"},
				"south": {"uv": [13.5, 7.75, 13, 8], "texture": "#0"},
				"west": {"uv": [10.5, 7.75, 10, 8], "texture": "#0"},
				"up": {"uv": [11.25, 4.75, 11.75, 4.25], "texture": "#0"},
				"down": {"uv": [12, 4.25, 12.5, 4.75], "texture": "#0"}
			}
		},
		{
			"name": "left_arm_cube",
			"from": [3.175, 3.025, 8.225],
			"to": [5.175, 6.025, 10.225],
			"rotation": {"angle": -45, "axis": "z", "origin": [4, 3.5, 9.225]},
			"faces": {
				"north": {"uv": [11.5, 6, 11, 6.75], "texture": "#0"},
				"east": {"uv": [12.5, 6, 12, 6.75], "texture": "#0"},
				"south": {"uv": [13.5, 6, 13, 6.75], "texture": "#0"},
				"west": {"uv": [10.5, 6, 10, 6.75], "texture": "#0"},
				"up": {"uv": [11.25, 4.75, 11.75, 4.25], "texture": "#0"},
				"down": {"uv": [12.25, 4.25, 12.75, 4.75], "texture": "#0"}
			}
		},
		{
			"name": "left_arm_layer",
			"from": [2.925, 3.025, 7.975],
			"to": [5.425, 6.025, 7.975],
			"rotation": {"angle": -45, "axis": "z", "origin": [4, 3.5, 9.225]},
			"faces": {
				"north": {"uv": [11.5, 10, 11, 10.75], "texture": "#0"},
				"east": {"uv": [12.75, 6, 12.25, 6.75], "texture": "#0"},
				"south": {"uv": [0, 0, 0.25, 0.25], "texture": "#0"},
				"west": {"uv": [10.75, 6, 10.25, 6.75], "texture": "#0"},
				"up": {"uv": [11.25, 4.75, 11.75, 4.25], "texture": "#0"},
				"down": {"uv": [12.25, 4.25, 12.75, 4.75], "texture": "#0"}
			}
		},
		{
			"name": "left_arm_layer",
			"from": [2.925, 3.025, 7.975],
			"to": [2.925, 6.025, 10.475],
			"rotation": {"angle": -45, "axis": "z", "origin": [4, 3.5, 9.225]},
			"faces": {
				"north": {"uv": [11.75, 10, 11.25, 10.75], "texture": "#0"},
				"east": {"uv": [0, 0, 0.25, 0.25], "texture": "#0"},
				"south": {"uv": [11.75, 10, 11.25, 10.75], "texture": "#0"},
				"west": {"uv": [10.75, 10, 10.25, 10.75], "texture": "#0"},
				"up": {"uv": [11.25, 4.75, 11.75, 4.25], "texture": "#0"},
				"down": {"uv": [12.25, 4.25, 12.75, 4.75], "texture": "#0"}
			}
		},
		{
			"name": "left_arm_layer",
			"from": [2.925, 3.025, 10.475],
			"to": [5.425, 6.025, 10.475],
			"rotation": {"angle": -45, "axis": "z", "origin": [4, 3.5, 9.225]},
			"faces": {
				"north": {"uv": [0, 0, 0.25, 0.25], "texture": "#0"},
				"east": {"uv": [12.75, 6, 12.25, 6.75], "texture": "#0"},
				"south": {"uv": [13.5, 10, 13, 10.75], "texture": "#0"},
				"west": {"uv": [10.75, 6, 10.25, 6.75], "texture": "#0"},
				"up": {"uv": [11.25, 4.75, 11.75, 4.25], "texture": "#0"},
				"down": {"uv": [12.25, 4.25, 12.75, 4.75], "texture": "#0"}
			}
		},
		{
			"name": "left_arm_layer",
			"from": [5.425, 3.025, 7.975],
			"to": [5.425, 6.025, 10.475],
			"rotation": {"angle": -45, "axis": "z", "origin": [4, 3.5, 9.225]},
			"faces": {
				"north": {"uv": [11.75, 10, 11.25, 10.75], "texture": "#0"},
				"east": {"uv": [12.75, 10, 12.25, 10.75], "texture": "#0"},
				"south": {"uv": [11.75, 10, 11.25, 10.75], "texture": "#0"},
				"west": {"uv": [0, 0, 0.25, 0.25], "texture": "#0"},
				"up": {"uv": [11.25, 4.75, 11.75, 4.25], "texture": "#0"},
				"down": {"uv": [12.25, 4.25, 12.75, 4.75], "texture": "#0"}
			}
		},
		{
			"name": "left_arm_layer",
			"from": [2.925, 6.025, 7.975],
			"to": [5.425, 7.275, 7.975],
			"rotation": {"angle": -45, "axis": "z", "origin": [4, 3.5, 9.225]},
			"faces": {
				"north": {"uv": [11.75, 9, 11.25, 9.25], "texture": "#0"},
				"east": {"uv": [12.75, 6, 12.25, 6.75], "texture": "#0"},
				"south": {"uv": [0, 0, 0.25, 0.25], "texture": "#0"},
				"west": {"uv": [10.75, 6, 10.25, 6.75], "texture": "#0"},
				"up": {"uv": [11.25, 4.75, 11.75, 4.25], "texture": "#0"},
				"down": {"uv": [12.25, 4.25, 12.75, 4.75], "texture": "#0"}
			}
		},
		{
			"name": "left_arm_layer",
			"from": [2.925, 6.025, 7.975],
			"to": [2.925, 7.275, 10.475],
			"rotation": {"angle": -45, "axis": "z", "origin": [4, 3.5, 9.225]},
			"faces": {
				"north": {"uv": [11.75, 10, 11.25, 10.75], "texture": "#0"},
				"east": {"uv": [0, 0, 0.25, 0.25], "texture": "#0"},
				"south": {"uv": [11.75, 10, 11.25, 10.75], "texture": "#0"},
				"west": {"uv": [10.75, 9, 10.25, 9.25], "texture": "#0"},
				"up": {"uv": [11.25, 4.75, 11.75, 4.25], "texture": "#0"},
				"down": {"uv": [12.25, 4.25, 12.75, 4.75], "texture": "#0"}
			}
		},
		{
			"name": "left_arm_layer",
			"from": [2.925, 6.025, 10.475],
			"to": [5.425, 7.275, 10.475],
			"rotation": {"angle": -45, "axis": "z", "origin": [4, 3.5, 9.225]},
			"faces": {
				"north": {"uv": [0, 0, 0.25, 0.25], "texture": "#0"},
				"east": {"uv": [12.75, 6, 12.25, 6.75], "texture": "#0"},
				"south": {"uv": [13.5, 9, 13, 9.25], "texture": "#0"},
				"west": {"uv": [10.75, 6, 10.25, 6.75], "texture": "#0"},
				"up": {"uv": [11.25, 4.75, 11.75, 4.25], "texture": "#0"},
				"down": {"uv": [12.25, 4.25, 12.75, 4.75], "texture": "#0"}
			}
		},
		{
			"name": "left_arm_layer",
			"from": [5.425, 6.025, 7.975],
			"to": [5.425, 7.275, 10.475],
			"rotation": {"angle": -45, "axis": "z", "origin": [4, 3.5, 9.225]},
			"faces": {
				"north": {"uv": [11.75, 10, 11.25, 10.75], "texture": "#0"},
				"east": {"uv": [12.75, 9, 12.25, 9.25], "texture": "#0"},
				"south": {"uv": [11.75, 10, 11.25, 10.75], "texture": "#0"},
				"west": {"uv": [0, 0, 0.25, 0.25], "texture": "#0"},
				"up": {"uv": [11.25, 4.75, 11.75, 4.25], "texture": "#0"},
				"down": {"uv": [12.25, 4.25, 12.75, 4.75], "texture": "#0"}
			}
		},
		{
			"name": "left_arm_layer",
			"from": [2.925, 7.275, 7.975],
			"to": [5.425, 7.275, 10.475],
			"rotation": {"angle": -45, "axis": "z", "origin": [4, 3.5, 9.225]},
			"faces": {
				"north": {"uv": [11.75, 9, 11.25, 9.25], "texture": "#0"},
				"east": {"uv": [12.75, 6, 12.25, 6.75], "texture": "#0"},
				"south": {"uv": [11.75, 9, 11.25, 9.25], "texture": "#0"},
				"west": {"uv": [10.75, 6, 10.25, 6.75], "texture": "#0"},
				"up": {"uv": [11.25, 8.75, 11.75, 8.25], "texture": "#0"},
				"down": {"uv": [0, 0, 0.25, 0.25], "texture": "#0"}
			}
		},
		{
			"name": "left_arm_layer",
			"from": [2.925, 1.775, 10.475],
			"to": [5.425, 3.025, 10.475],
			"rotation": {"angle": -45, "axis": "z", "origin": [4, 3.5, 9.225]},
			"faces": {
				"north": {"uv": [0, 0, 0.25, 0.25], "texture": "#0"},
				"east": {"uv": [12.75, 6, 12.25, 6.75], "texture": "#0"},
				"south": {"uv": [13.75, 11.75, 13.25, 12], "texture": "#0"},
				"west": {"uv": [10.75, 6, 10.25, 6.75], "texture": "#0"},
				"up": {"uv": [11.25, 4.75, 11.75, 4.25], "texture": "#0"},
				"down": {"uv": [12.25, 4.25, 12.75, 4.75], "texture": "#0"}
			}
		},
		{
			"name": "left_arm_layer",
			"from": [5.425, 1.775, 7.975],
			"to": [5.425, 3.025, 10.475],
			"rotation": {"angle": -45, "axis": "z", "origin": [4, 3.5, 9.225]},
			"faces": {
				"north": {"uv": [11.75, 10, 11.25, 10.75], "texture": "#0"},
				"east": {"uv": [12.75, 11.75, 12.25, 12], "texture": "#0"},
				"south": {"uv": [11.75, 10, 11.25, 10.75], "texture": "#0"},
				"west": {"uv": [0, 0, 0.25, 0.25], "texture": "#0"},
				"up": {"uv": [11.25, 4.75, 11.75, 4.25], "texture": "#0"},
				"down": {"uv": [12.25, 4.25, 12.75, 4.75], "texture": "#0"}
			}
		},
		{
			"name": "left_arm_layer",
			"from": [2.925, 1.775, 7.975],
			"to": [2.925, 3.025, 10.475],
			"rotation": {"angle": -45, "axis": "z", "origin": [4, 3.5, 9.225]},
			"faces": {
				"north": {"uv": [11.75, 10, 11.25, 10.75], "texture": "#0"},
				"east": {"uv": [0, 0, 0.25, 0.25], "texture": "#0"},
				"south": {"uv": [11.75, 10, 11.25, 10.75], "texture": "#0"},
				"west": {"uv": [10.75, 11.75, 10.25, 12], "texture": "#0"},
				"up": {"uv": [11.25, 4.75, 11.75, 4.25], "texture": "#0"},
				"down": {"uv": [12.25, 4.25, 12.75, 4.75], "texture": "#0"}
			}
		},
		{
			"name": "left_arm_layer",
			"from": [2.925, 1.775, 7.975],
			"to": [5.425, 3.025, 7.975],
			"rotation": {"angle": -45, "axis": "z", "origin": [4, 3.5, 9.225]},
			"faces": {
				"north": {"uv": [11.75, 11.75, 11.25, 12], "texture": "#0"},
				"east": {"uv": [12.75, 6, 12.25, 6.75], "texture": "#0"},
				"south": {"uv": [0, 0, 0.25, 0.25], "texture": "#0"},
				"west": {"uv": [10.75, 6, 10.25, 6.75], "texture": "#0"},
				"up": {"uv": [11.25, 4.75, 11.75, 4.25], "texture": "#0"},
				"down": {"uv": [12.25, 4.25, 12.75, 4.75], "texture": "#0"}
			}
		},
		{
			"name": "left_arm_layer",
			"from": [2.925, 1.775, 7.975],
			"to": [5.425, 1.775, 10.475],
			"rotation": {"angle": -45, "axis": "z", "origin": [4, 3.5, 9.225]},
			"faces": {
				"north": {"uv": [11.75, 9, 11.25, 9.25], "texture": "#0"},
				"east": {"uv": [12.75, 6, 12.25, 6.75], "texture": "#0"},
				"south": {"uv": [11.75, 9, 11.25, 9.25], "texture": "#0"},
				"west": {"uv": [10.75, 6, 10.25, 6.75], "texture": "#0"},
				"up": {"uv": [0, 0, 0.25, 0.25], "texture": "#0"},
				"down": {"uv": [12.25, 8.25, 12.75, 8.75], "texture": "#0"}
			}
		},
		{
			"name": "right_leg_cube",
			"from": [8.275, 0.025, 4.85],
			"to": [10.275, 2.025, 8.85],
			"rotation": {"angle": -22.5, "axis": "y", "origin": [9.5, -2, 9.225]},
			"faces": {
				"north": {"uv": [2.75, 4.25, 2.25, 4.75], "rotation": 180, "texture": "#0"},
				"east": {"uv": [0.75, 6.5, 0.25, 5.5], "rotation": 90, "texture": "#0"},
				"south": {"uv": [1.75, 4.75, 1.25, 4.25], "texture": "#0"},
				"west": {"uv": [2.75, 6.5, 2.25, 5.5], "rotation": 270, "texture": "#0"},
				"up": {"uv": [1.25, 5.5, 1.75, 6.5], "rotation": 180, "texture": "#0"},
				"down": {"uv": [3.25, 5.5, 3.75, 6.5], "texture": "#0"}
			}
		},
		{
			"name": "right_leg_cube",
			"from": [8.275, 0.025, 3.85],
			"to": [10.275, 2.025, 4.85],
			"rotation": {"angle": -22.5, "axis": "y", "origin": [9.5, -2, 9.225]},
			"faces": {
				"north": {"uv": [2.75, 4.25, 2.25, 4.75], "rotation": 180, "texture": "#0"},
				"east": {"uv": [0.75, 8, 0.25, 7.75], "rotation": 90, "texture": "#0"},
				"south": {"uv": [1.75, 4.75, 1.25, 4.25], "texture": "#0"},
				"west": {"uv": [2.75, 8, 2.25, 7.75], "rotation": 270, "texture": "#0"},
				"up": {"uv": [1.25, 7.75, 1.75, 8], "rotation": 180, "texture": "#0"},
				"down": {"uv": [3.25, 7.75, 3.75, 8], "texture": "#0"}
			}
		},
		{
			"name": "right_leg_layer",
			"from": [8.025, 0.025, 3.6],
			"to": [10.525, 2.275, 3.6],
			"rotation": {"angle": -22.5, "axis": "y", "origin": [9.5, -2, 9.225]},
			"faces": {
				"north": {"uv": [2.75, 8.25, 2.25, 8.75], "rotation": 180, "texture": "#0"},
				"east": {"uv": [0.75, 6.5, 0.25, 5.5], "rotation": 90, "texture": "#0"},
				"south": {"uv": [0, 0, 0.25, 0.25], "texture": "#0"},
				"west": {"uv": [2.75, 6.5, 2.25, 5.5], "rotation": 270, "texture": "#0"},
				"up": {"uv": [1.25, 11.5, 1.75, 11.75], "rotation": 180, "texture": "#0"},
				"down": {"uv": [0, 0, 0.25, 0.25], "texture": "#0"}
			}
		},
		{
			"name": "right_leg_layer",
			"from": [10.525, 0.025, 3.6],
			"to": [10.525, 2.275, 4.6],
			"rotation": {"angle": -22.5, "axis": "y", "origin": [9.5, -2, 9.225]},
			"faces": {
				"north": {"uv": [2.75, 4.25, 2.25, 4.75], "rotation": 180, "texture": "#0"},
				"east": {"uv": [0.75, 11.75, 0.25, 11.5], "rotation": 90, "texture": "#0"},
				"south": {"uv": [1.75, 4.75, 1.25, 4.25], "texture": "#0"},
				"west": {"uv": [0, 0, 0.25, 0.25], "rotation": 270, "texture": "#0"},
				"up": {"uv": [1.25, 5.5, 1.75, 6.5], "rotation": 180, "texture": "#0"},
				"down": {"uv": [3.25, 5.5, 3.75, 6.5], "texture": "#0"}
			}
		},
		{
			"name": "right_leg_layer",
			"from": [8.025, -0.225, 3.85],
			"to": [10.525, -0.225, 4.85],
			"rotation": {"angle": -22.5, "axis": "y", "origin": [9.5, -2, 9.225]},
			"faces": {
				"north": {"uv": [2.75, 4.25, 2.25, 4.75], "rotation": 180, "texture": "#0"},
				"east": {"uv": [0.75, 6.5, 0.25, 5.5], "rotation": 90, "texture": "#0"},
				"south": {"uv": [1.75, 4.75, 1.25, 4.25], "texture": "#0"},
				"west": {"uv": [2.75, 6.5, 2.25, 5.5], "rotation": 270, "texture": "#0"},
				"up": {"uv": [0, 0, 0.25, 0.25], "rotation": 180, "texture": "#0"},
				"down": {"uv": [3.25, 11.5, 3.75, 11.75], "texture": "#0"}
			}
		},
		{
			"name": "right_leg_layer",
			"from": [8.025, 0.025, 3.6],
			"to": [8.025, 2.275, 4.6],
			"rotation": {"angle": -22.5, "axis": "y", "origin": [9.5, -2, 9.225]},
			"faces": {
				"north": {"uv": [2.75, 4.25, 2.25, 4.75], "rotation": 180, "texture": "#0"},
				"east": {"uv": [0, 0, 0.25, 0.25], "rotation": 90, "texture": "#0"},
				"south": {"uv": [1.75, 4.75, 1.25, 4.25], "texture": "#0"},
				"west": {"uv": [2.75, 11.75, 2.25, 11.5], "rotation": 270, "texture": "#0"},
				"up": {"uv": [1.25, 5.5, 1.75, 6.5], "rotation": 180, "texture": "#0"},
				"down": {"uv": [3.25, 5.5, 3.75, 6.5], "texture": "#0"}
			}
		},
		{
			"name": "right_leg_layer",
			"from": [8.025, 2.275, 4.6],
			"to": [10.525, 2.275, 9.6],
			"rotation": {"angle": -22.5, "axis": "y", "origin": [9.5, -2, 9.225]},
			"faces": {
				"north": {"uv": [2.75, 4.25, 2.25, 4.75], "rotation": 180, "texture": "#0"},
				"east": {"uv": [0.75, 6.5, 0.25, 5.5], "rotation": 90, "texture": "#0"},
				"south": {"uv": [1.75, 4.75, 1.25, 4.25], "texture": "#0"},
				"west": {"uv": [2.75, 6.5, 2.25, 5.5], "rotation": 270, "texture": "#0"},
				"up": {"uv": [1.25, 9.25, 1.75, 10.5], "rotation": 180, "texture": "#0"},
				"down": {"uv": [0, 0, 0.25, 0.25], "texture": "#0"}
			}
		},
		{
			"name": "right_leg_layer",
			"from": [10.525, 0.025, 4.6],
			"to": [10.525, 2.275, 9.6],
			"rotation": {"angle": -22.5, "axis": "y", "origin": [9.5, -2, 9.225]},
			"faces": {
				"north": {"uv": [2.75, 4.25, 2.25, 4.75], "rotation": 180, "texture": "#0"},
				"east": {"uv": [0.75, 10.5, 0.25, 9.25], "rotation": 90, "texture": "#0"},
				"south": {"uv": [1.75, 4.75, 1.25, 4.25], "texture": "#0"},
				"west": {"uv": [0, 0, 0.25, 0.25], "rotation": 270, "texture": "#0"},
				"up": {"uv": [1.25, 5.5, 1.75, 6.5], "rotation": 180, "texture": "#0"},
				"down": {"uv": [3.25, 5.5, 3.75, 6.5], "texture": "#0"}
			}
		},
		{
			"name": "right_leg_layer",
			"from": [8.025, 0.025, 4.6],
			"to": [8.025, 2.275, 9.6],
			"rotation": {"angle": -22.5, "axis": "y", "origin": [9.5, -2, 9.225]},
			"faces": {
				"north": {"uv": [2.75, 4.25, 2.25, 4.75], "rotation": 180, "texture": "#0"},
				"east": {"uv": [0, 0, 0.25, 0.25], "rotation": 90, "texture": "#0"},
				"south": {"uv": [1.75, 4.75, 1.25, 4.25], "texture": "#0"},
				"west": {"uv": [2.75, 10.5, 2.25, 9.25], "rotation": 270, "texture": "#0"},
				"up": {"uv": [1.25, 5.5, 1.75, 6.5], "rotation": 180, "texture": "#0"},
				"down": {"uv": [3.25, 5.5, 3.75, 6.5], "texture": "#0"}
			}
		},
		{
			"name": "right_leg_layer",
			"from": [8.025, 2.275, 3.6],
			"to": [10.525, 2.275, 4.6],
			"rotation": {"angle": -22.5, "axis": "y", "origin": [9.5, -2, 9.225]},
			"faces": {
				"north": {"uv": [2.75, 4.25, 2.25, 4.75], "rotation": 180, "texture": "#0"},
				"east": {"uv": [0.75, 6.5, 0.25, 5.5], "rotation": 90, "texture": "#0"},
				"south": {"uv": [1.75, 4.75, 1.25, 4.25], "texture": "#0"},
				"west": {"uv": [2.75, 6.5, 2.25, 5.5], "rotation": 270, "texture": "#0"},
				"up": {"uv": [1.25, 11.5, 1.75, 11.75], "rotation": 180, "texture": "#0"},
				"down": {"uv": [0, 0, 0.25, 0.25], "texture": "#0"}
			}
		},
		{
			"name": "torso_lower",
			"from": [5, 0, 7.225],
			"to": [11, 2, 11.225],
			"rotation": {"angle": 0, "axis": "y", "origin": [8, 6.5, 9.225]},
			"faces": {
				"north": {"uv": [6.75, 7.5, 5.25, 8], "texture": "#0"},
				"east": {"uv": [8, 7.5, 7, 8], "texture": "#0"},
				"south": {"uv": [9.75, 7.5, 8.25, 8], "texture": "#0"},
				"west": {"uv": [5, 7.5, 4, 8], "texture": "#0"},
				"up": {"uv": [5.25, 5, 6.75, 4], "texture": "#0"},
				"down": {"uv": [7.25, 4, 8.75, 5], "texture": "#0"}
			}
		},
		{
			"name": "right_arm_cube",
			"from": [10.675, 1.625, 8.225],
			"to": [12.675, 2.625, 10.225],
			"rotation": {"angle": 45, "axis": "z", "origin": [12, 3.5, 9.225]},
			"faces": {
				"north": {"uv": [11, 7.75, 11.5, 8], "texture": "#0"},
				"east": {"uv": [10, 7.75, 10.5, 8], "texture": "#0"},
				"south": {"uv": [13, 7.75, 13.5, 8], "texture": "#0"},
				"west": {"uv": [12, 7.75, 12.5, 8], "texture": "#0"},
				"up": {"uv": [11.75, 4.75, 11.25, 4.25], "texture": "#0"},
				"down": {"uv": [12.5, 4.25, 12, 4.75], "texture": "#0"}
			}
		},
		{
			"name": "right_arm_cube",
			"from": [10.675, 5.625, 8.225],
			"to": [12.675, 6.625, 10.225],
			"rotation": {"angle": 45, "axis": "z", "origin": [12, 3.5, 9.225]},
			"faces": {
				"north": {"uv": [11, 5, 11.5, 5.25], "texture": "#0"},
				"east": {"uv": [10, 5, 10.5, 5.25], "texture": "#0"},
				"south": {"uv": [13, 5, 13.5, 5.25], "texture": "#0"},
				"west": {"uv": [12, 5, 12.5, 5.25], "texture": "#0"},
				"up": {"uv": [11.5, 4.5, 11, 4], "texture": "#0"},
				"down": {"uv": [12.5, 4.25, 12, 4.75], "texture": "#0"}
			}
		},
		{
			"name": "right_arm_cube",
			"from": [10.675, 2.625, 8.225],
			"to": [12.675, 5.625, 10.225],
			"rotation": {"angle": 45, "axis": "z", "origin": [12, 3.5, 9.225]},
			"faces": {
				"north": {"uv": [11, 6, 11.5, 6.75], "texture": "#0"},
				"east": {"uv": [10, 6, 10.5, 6.75], "texture": "#0"},
				"south": {"uv": [13, 6, 13.5, 6.75], "texture": "#0"},
				"west": {"uv": [12, 6, 12.5, 6.75], "texture": "#0"},
				"up": {"uv": [11.75, 4.75, 11.25, 4.25], "texture": "#0"},
				"down": {"uv": [12.75, 4.25, 12.25, 4.75], "texture": "#0"}
			}
		},
		{
			"name": "right_arm_layer",
			"from": [10.425, 6.875, 7.975],
			"to": [12.925, 6.875, 10.475],
			"rotation": {"angle": 45, "axis": "z", "origin": [12, 3.5, 9.225]},
			"faces": {
				"north": {"uv": [11.25, 9, 11.75, 9.25], "texture": "#0"},
				"east": {"uv": [10.25, 6, 10.75, 6.75], "texture": "#0"},
				"south": {"uv": [11.25, 9, 11.75, 9.25], "texture": "#0"},
				"west": {"uv": [12.25, 6, 12.75, 6.75], "texture": "#0"},
				"up": {"uv": [11.75, 8.75, 11.25, 8.25], "texture": "#0"},
				"down": {"uv": [0, 0, 0.25, 0.25], "texture": "#0"}
			}
		},
		{
			"name": "right_arm_layer",
			"from": [10.425, 1.375, 7.975],
			"to": [12.925, 1.375, 10.475],
			"rotation": {"angle": 45, "axis": "z", "origin": [12, 3.5, 9.225]},
			"faces": {
				"north": {"uv": [11.25, 9, 11.75, 9.25], "texture": "#0"},
				"east": {"uv": [10.25, 6, 10.75, 6.75], "texture": "#0"},
				"south": {"uv": [11.25, 9, 11.75, 9.25], "texture": "#0"},
				"west": {"uv": [12.25, 6, 12.75, 6.75], "texture": "#0"},
				"up": {"uv": [0, 0, 0.25, 0.25], "texture": "#0"},
				"down": {"uv": [12.75, 8.25, 12.25, 8.75], "texture": "#0"}
			}
		},
		{
			"name": "right_arm_layer",
			"from": [10.425, 5.625, 7.975],
			"to": [12.925, 6.875, 7.975],
			"rotation": {"angle": 45, "axis": "z", "origin": [12, 3.5, 9.225]},
			"faces": {
				"north": {"uv": [11.25, 9, 11.75, 9.25], "texture": "#0"},
				"east": {"uv": [10.25, 6, 10.75, 6.75], "texture": "#0"},
				"south": {"uv": [0, 0, 0.25, 0.25], "texture": "#0"},
				"west": {"uv": [12.25, 6, 12.75, 6.75], "texture": "#0"},
				"up": {"uv": [11.75, 4.75, 11.25, 4.25], "texture": "#0"},
				"down": {"uv": [12.75, 4.25, 12.25, 4.75], "texture": "#0"}
			}
		},
		{
			"name": "right_arm_layer",
			"from": [12.925, 5.625, 7.975],
			"to": [12.925, 6.875, 10.475],
			"rotation": {"angle": 45, "axis": "z", "origin": [12, 3.5, 9.225]},
			"faces": {
				"north": {"uv": [11.25, 10, 11.75, 10.75], "texture": "#0"},
				"east": {"uv": [10.25, 9, 10.75, 9.25], "texture": "#0"},
				"south": {"uv": [11.25, 10, 11.75, 10.75], "texture": "#0"},
				"west": {"uv": [0, 0, 0.25, 0.25], "texture": "#0"},
				"up": {"uv": [11.75, 4.75, 11.25, 4.25], "texture": "#0"},
				"down": {"uv": [12.75, 4.25, 12.25, 4.75], "texture": "#0"}
			}
		},
		{
			"name": "right_arm_layer",
			"from": [10.425, 5.625, 10.475],
			"to": [12.925, 6.875, 10.475],
			"rotation": {"angle": 45, "axis": "z", "origin": [12, 3.5, 9.225]},
			"faces": {
				"north": {"uv": [0, 0, 0.25, 0.25], "texture": "#0"},
				"east": {"uv": [10.25, 6, 10.75, 6.75], "texture": "#0"},
				"south": {"uv": [13, 9, 13.5, 9.25], "texture": "#0"},
				"west": {"uv": [12.25, 6, 12.75, 6.75], "texture": "#0"},
				"up": {"uv": [11.75, 4.75, 11.25, 4.25], "texture": "#0"},
				"down": {"uv": [12.75, 4.25, 12.25, 4.75], "texture": "#0"}
			}
		},
		{
			"name": "right_arm_layer",
			"from": [10.425, 5.625, 7.975],
			"to": [10.425, 6.875, 10.475],
			"rotation": {"angle": 45, "axis": "z", "origin": [12, 3.5, 9.225]},
			"faces": {
				"north": {"uv": [11.25, 10, 11.75, 10.75], "texture": "#0"},
				"east": {"uv": [0, 0, 0.25, 0.25], "texture": "#0"},
				"south": {"uv": [11.25, 10, 11.75, 10.75], "texture": "#0"},
				"west": {"uv": [12.25, 9, 12.75, 9.25], "texture": "#0"},
				"up": {"uv": [11.75, 4.75, 11.25, 4.25], "texture": "#0"},
				"down": {"uv": [12.75, 4.25, 12.25, 4.75], "texture": "#0"}
			}
		},
		{
			"name": "right_arm_layer",
			"from": [10.425, 1.375, 10.475],
			"to": [12.925, 2.625, 10.475],
			"rotation": {"angle": 45, "axis": "z", "origin": [12, 3.5, 9.225]},
			"faces": {
				"north": {"uv": [0, 0, 0.25, 0.25], "texture": "#0"},
				"east": {"uv": [10.25, 6, 10.75, 6.75], "texture": "#0"},
				"south": {"uv": [13.25, 11.75, 13.75, 12], "texture": "#0"},
				"west": {"uv": [12.25, 6, 12.75, 6.75], "texture": "#0"},
				"up": {"uv": [11.75, 4.75, 11.25, 4.25], "texture": "#0"},
				"down": {"uv": [12.75, 4.25, 12.25, 4.75], "texture": "#0"}
			}
		},
		{
			"name": "right_arm_layer",
			"from": [10.425, 1.375, 7.975],
			"to": [10.425, 2.625, 10.475],
			"rotation": {"angle": 45, "axis": "z", "origin": [12, 3.5, 9.225]},
			"faces": {
				"north": {"uv": [11.25, 10, 11.75, 10.75], "texture": "#0"},
				"east": {"uv": [0, 0, 0.25, 0.25], "texture": "#0"},
				"south": {"uv": [11.25, 10, 11.75, 10.75], "texture": "#0"},
				"west": {"uv": [12.25, 11.75, 12.75, 12], "texture": "#0"},
				"up": {"uv": [11.75, 4.75, 11.25, 4.25], "texture": "#0"},
				"down": {"uv": [12.75, 4.25, 12.25, 4.75], "texture": "#0"}
			}
		},
		{
			"name": "right_arm_layer",
			"from": [12.925, 1.375, 7.975],
			"to": [12.925, 2.625, 10.475],
			"rotation": {"angle": 45, "axis": "z", "origin": [12, 3.5, 9.225]},
			"faces": {
				"north": {"uv": [11.25, 10, 11.75, 10.75], "texture": "#0"},
				"east": {"uv": [10.25, 11.75, 10.75, 12], "texture": "#0"},
				"south": {"uv": [11.25, 10, 11.75, 10.75], "texture": "#0"},
				"west": {"uv": [0, 0, 0.25, 0.25], "texture": "#0"},
				"up": {"uv": [11.75, 4.75, 11.25, 4.25], "texture": "#0"},
				"down": {"uv": [12.75, 4.25, 12.25, 4.75], "texture": "#0"}
			}
		},
		{
			"name": "right_arm_layer",
			"from": [10.425, 1.375, 7.975],
			"to": [12.925, 2.625, 7.975],
			"rotation": {"angle": 45, "axis": "z", "origin": [12, 3.5, 9.225]},
			"faces": {
				"north": {"uv": [11.25, 11.75, 11.75, 12], "texture": "#0"},
				"east": {"uv": [10.25, 6, 10.75, 6.75], "texture": "#0"},
				"south": {"uv": [0, 0, 0.25, 0.25], "texture": "#0"},
				"west": {"uv": [12.25, 6, 12.75, 6.75], "texture": "#0"},
				"up": {"uv": [11.75, 4.75, 11.25, 4.25], "texture": "#0"},
				"down": {"uv": [12.75, 4.25, 12.25, 4.75], "texture": "#0"}
			}
		},
		{
			"name": "right_arm_layer",
			"from": [10.425, 2.625, 7.975],
			"to": [10.425, 5.625, 10.475],
			"rotation": {"angle": 45, "axis": "z", "origin": [12, 3.5, 9.225]},
			"faces": {
				"north": {"uv": [11.25, 10, 11.75, 10.75], "texture": "#0"},
				"east": {"uv": [0, 0, 0.25, 0.25], "texture": "#0"},
				"south": {"uv": [11.25, 10, 11.75, 10.75], "texture": "#0"},
				"west": {"uv": [12.25, 10, 12.75, 10.75], "texture": "#0"},
				"up": {"uv": [11.75, 4.75, 11.25, 4.25], "texture": "#0"},
				"down": {"uv": [12.75, 4.25, 12.25, 4.75], "texture": "#0"}
			}
		},
		{
			"name": "right_arm_layer",
			"from": [12.925, 2.625, 7.975],
			"to": [12.925, 5.625, 10.475],
			"rotation": {"angle": 45, "axis": "z", "origin": [12, 3.5, 9.225]},
			"faces": {
				"north": {"uv": [11.25, 10, 11.75, 10.75], "texture": "#0"},
				"east": {"uv": [10.25, 10, 10.75, 10.75], "texture": "#0"},
				"south": {"uv": [11.25, 10, 11.75, 10.75], "texture": "#0"},
				"west": {"uv": [0, 0, 0.25, 0.25], "texture": "#0"},
				"up": {"uv": [11.75, 4.75, 11.25, 4.25], "texture": "#0"},
				"down": {"uv": [12.75, 4.25, 12.25, 4.75], "texture": "#0"}
			}
		},
		{
			"name": "right_arm_layer",
			"from": [10.425, 2.625, 10.475],
			"to": [12.925, 5.625, 10.475],
			"rotation": {"angle": 45, "axis": "z", "origin": [12, 3.5, 9.225]},
			"faces": {
				"north": {"uv": [0, 0, 0.25, 0.25], "texture": "#0"},
				"east": {"uv": [10.25, 6, 10.75, 6.75], "texture": "#0"},
				"south": {"uv": [13, 10, 13.5, 10.75], "texture": "#0"},
				"west": {"uv": [12.25, 6, 12.75, 6.75], "texture": "#0"},
				"up": {"uv": [11.75, 4.75, 11.25, 4.25], "texture": "#0"},
				"down": {"uv": [12.75, 4.25, 12.25, 4.75], "texture": "#0"}
			}
		},
		{
			"name": "right_arm_layer",
			"from": [10.425, 2.625, 7.975],
			"to": [12.925, 5.625, 7.975],
			"rotation": {"angle": 45, "axis": "z", "origin": [12, 3.5, 9.225]},
			"faces": {
				"north": {"uv": [11, 10, 11.5, 10.75], "texture": "#0"},
				"east": {"uv": [10.25, 6, 10.75, 6.75], "texture": "#0"},
				"south": {"uv": [0, 0, 0.25, 0.25], "texture": "#0"},
				"west": {"uv": [12.25, 6, 12.75, 6.75], "texture": "#0"},
				"up": {"uv": [11.75, 4.75, 11.25, 4.25], "texture": "#0"},
				"down": {"uv": [12.75, 4.25, 12.25, 4.75], "texture": "#0"}
			}
		},
		{
			"name": "torso_layer",
			"from": [4.5, 2.025, 6.725],
			"to": [11.5, 6.025, 6.725],
			"rotation": {"angle": 0, "axis": "y", "origin": [8, 6.5, 9.225]},
			"faces": {
				"north": {"uv": [7, 9.5, 5, 10.5], "texture": "#0"},
				"east": {"uv": [8, 5, 7, 6.5], "texture": "#0"},
				"south": {"uv": [0, 0, 0.25, 0.25], "texture": "#0"},
				"west": {"uv": [5, 5, 4, 6.5], "texture": "#0"},
				"up": {"uv": [5.25, 5, 6.75, 4], "texture": "#0"},
				"down": {"uv": [7.25, 4, 8.75, 5], "texture": "#0"}
			}
		},
		{
			"name": "torso_layer",
			"from": [4.5, 7.025, 6.725],
			"to": [11.5, 7.025, 11.725],
			"rotation": {"angle": 0, "axis": "y", "origin": [8, 6.5, 9.225]},
			"faces": {
				"north": {"uv": [6.875, 9, 5.125, 10.75], "texture": "#0"},
				"east": {"uv": [8, 5, 7, 6.5], "texture": "#0"},
				"south": {"uv": [0.25, 0, 0, 0.25], "texture": "#0"},
				"west": {"uv": [5, 5, 4, 6.5], "texture": "#0"},
				"up": {"uv": [5.125, 9, 6.875, 8], "texture": "#0"},
				"down": {"uv": [0, 0, 0, 0], "texture": "#0"}
			}
		},
		{
			"name": "torso_layer",
			"from": [4.5, 2.025, 11.725],
			"to": [11.5, 6.025, 11.725],
			"rotation": {"angle": 0, "axis": "y", "origin": [8, 6.5, 9.225]},
			"faces": {
				"north": {"uv": [0, 0, 0.25, 0.25], "texture": "#0"},
				"east": {"uv": [8, 5, 7, 6.5], "texture": "#0"},
				"south": {"uv": [10, 9.5, 8, 10.5], "texture": "#0"},
				"west": {"uv": [5, 5, 4, 6.5], "texture": "#0"},
				"up": {"uv": [5.25, 5, 6.75, 4], "texture": "#0"},
				"down": {"uv": [7.25, 4, 8.75, 5], "texture": "#0"}
			}
		},
		{
			"name": "torso_layer",
			"from": [11.5, 2.025, 6.725],
			"to": [11.5, 6.025, 11.725],
			"rotation": {"angle": 0, "axis": "y", "origin": [8, 6.5, 9.225]},
			"faces": {
				"north": {"uv": [6.875, 9, 5.125, 10.75], "texture": "#0"},
				"east": {"uv": [8, 9.5, 7, 10.5], "texture": "#0"},
				"south": {"uv": [0.25, 0, 0, 0.25], "texture": "#0"},
				"west": {"uv": [0, 0, 0.25, 0.25], "texture": "#0"},
				"up": {"uv": [5.25, 5, 6.75, 4], "texture": "#0"},
				"down": {"uv": [7.25, 4, 8.75, 5], "texture": "#0"}
			}
		},
		{
			"name": "torso_layer",
			"from": [4.5, 2.025, 6.725],
			"to": [4.5, 6.025, 11.725],
			"rotation": {"angle": 0, "axis": "y", "origin": [8, 6.5, 9.225]},
			"faces": {
				"north": {"uv": [5.125, 9, 6.875, 10.75], "texture": "#0"},
				"east": {"uv": [0, 0, 0.25, 0.25], "texture": "#0"},
				"south": {"uv": [0, 0, 0.25, 0.25], "texture": "#0"},
				"west": {"uv": [7, 9.5, 8, 10.5], "texture": "#0"},
				"up": {"uv": [6.75, 5, 5.25, 4], "texture": "#0"},
				"down": {"uv": [8.75, 4, 7.25, 5], "texture": "#0"}
			}
		},
		{
			"name": "torso_lower_layer",
			"from": [11.5, 0.025, 6.725],
			"to": [11.5, 2.025, 11.725],
			"rotation": {"angle": 0, "axis": "y", "origin": [8, 6.5, 9.225]},
			"faces": {
				"north": {"uv": [6.875, 9, 5.125, 10.75], "texture": "#0"},
				"east": {"uv": [5, 11.5, 4, 12], "texture": "#0"},
				"south": {"uv": [0.25, 0, 0, 0.25], "texture": "#0"},
				"west": {"uv": [0, 0, 0.25, 0.25], "texture": "#0"},
				"up": {"uv": [5.25, 5, 6.75, 4], "texture": "#0"},
				"down": {"uv": [7.25, 4, 8.75, 5], "texture": "#0"}
			}
		},
		{
			"name": "torso_lower_layer",
			"from": [4.5, 0.025, 11.725],
			"to": [11.5, 2.025, 11.725],
			"rotation": {"angle": 0, "axis": "y", "origin": [8, 6.5, 9.225]},
			"faces": {
				"north": {"uv": [0, 0, 0.25, 0.25], "texture": "#0"},
				"east": {"uv": [8, 5, 7, 6.5], "texture": "#0"},
				"south": {"uv": [10, 11.5, 8, 12], "texture": "#0"},
				"west": {"uv": [5, 5, 4, 6.5], "texture": "#0"},
				"up": {"uv": [5.25, 5, 6.75, 4], "texture": "#0"},
				"down": {"uv": [7.25, 4, 8.75, 5], "texture": "#0"}
			}
		},
		{
			"name": "torso_lower_layer",
			"from": [4.5, 0.025, 6.725],
			"to": [4.5, 2.025, 11.725],
			"rotation": {"angle": 0, "axis": "y", "origin": [8, 6.5, 9.225]},
			"faces": {
				"north": {"uv": [5.125, 9, 6.875, 10.75], "texture": "#0"},
				"east": {"uv": [0, 0, 0.25, 0.25], "texture": "#0"},
				"south": {"uv": [0, 0, 0.25, 0.25], "texture": "#0"},
				"west": {"uv": [4, 11.5, 5, 12], "texture": "#0"},
				"up": {"uv": [6.75, 5, 5.25, 4], "texture": "#0"},
				"down": {"uv": [8.75, 4, 7.25, 5], "texture": "#0"}
			}
		},
		{
			"name": "torso_lower_layer",
			"from": [4.5, 0.025, 6.725],
			"to": [11.5, 2.025, 6.725],
			"rotation": {"angle": 0, "axis": "y", "origin": [8, 6.5, 9.225]},
			"faces": {
				"north": {"uv": [7, 11.5, 5, 12], "texture": "#0"},
				"east": {"uv": [8, 5, 7, 6.5], "texture": "#0"},
				"south": {"uv": [0, 0, 0.25, 0.25], "texture": "#0"},
				"west": {"uv": [5, 5, 4, 6.5], "texture": "#0"},
				"up": {"uv": [5.25, 5, 6.75, 4], "texture": "#0"},
				"down": {"uv": [7.25, 4, 8.75, 5], "texture": "#0"}
			}
		},
		{
			"name": "torso",
			"from": [5, 6, 7.225],
			"to": [11, 7, 11.225],
			"rotation": {"angle": 0, "axis": "y", "origin": [8, 6.5, 9.225]},
			"faces": {
				"north": {"uv": [6.75, 5, 5.25, 5.25], "texture": "#0"},
				"east": {"uv": [8, 5, 7, 5.25], "texture": "#0"},
				"south": {"uv": [9.75, 5, 8.25, 5.25], "texture": "#0"},
				"west": {"uv": [5, 5, 4, 5.25], "texture": "#0"},
				"up": {"uv": [5.25, 5, 6.75, 4], "texture": "#0"},
				"down": {"uv": [7.25, 4, 8.75, 5], "texture": "#0"}
			}
		},
		{
			"name": "torso_layer",
			"from": [4.5, 6.025, 6.725],
			"to": [4.5, 7.025, 11.725],
			"rotation": {"angle": 0, "axis": "y", "origin": [8, 6.5, 9.225]},
			"faces": {
				"north": {"uv": [5.125, 9, 6.875, 10.75], "texture": "#0"},
				"east": {"uv": [0, 0, 0.25, 0.25], "texture": "#0"},
				"south": {"uv": [0, 0, 0.25, 0.25], "texture": "#0"},
				"west": {"uv": [4, 9.25, 5, 9.5], "texture": "#0"},
				"up": {"uv": [6.75, 5, 5.25, 4], "texture": "#0"},
				"down": {"uv": [8.75, 4, 7.25, 5], "texture": "#0"}
			}
		},
		{
			"name": "torso_layer",
			"from": [4.5, 6.025, 6.725],
			"to": [11.5, 7.025, 6.725],
			"rotation": {"angle": 0, "axis": "y", "origin": [8, 6.5, 9.225]},
			"faces": {
				"north": {"uv": [7, 9.25, 5, 9.5], "texture": "#0"},
				"east": {"uv": [8, 5, 7, 6.5], "texture": "#0"},
				"south": {"uv": [0, 0, 0.25, 0.25], "texture": "#0"},
				"west": {"uv": [5, 5, 4, 6.5], "texture": "#0"},
				"up": {"uv": [5.25, 5, 6.75, 4], "texture": "#0"},
				"down": {"uv": [7.25, 4, 8.75, 5], "texture": "#0"}
			}
		},
		{
			"name": "torso_layer",
			"from": [11.5, 6.025, 6.725],
			"to": [11.5, 7.025, 11.725],
			"rotation": {"angle": 0, "axis": "y", "origin": [8, 6.5, 9.225]},
			"faces": {
				"north": {"uv": [6.875, 9, 5.125, 10.75], "texture": "#0"},
				"east": {"uv": [5, 9.25, 4, 9.5], "texture": "#0"},
				"south": {"uv": [0.25, 0, 0, 0.25], "texture": "#0"},
				"west": {"uv": [0, 0, 0.25, 0.25], "texture": "#0"},
				"up": {"uv": [5.25, 5, 6.75, 4], "texture": "#0"},
				"down": {"uv": [7.25, 4, 8.75, 5], "texture": "#0"}
			}
		},
		{
			"name": "torso_layer",
			"from": [4.5, 6.025, 11.725],
			"to": [11.5, 7.025, 11.725],
			"rotation": {"angle": 0, "axis": "y", "origin": [8, 6.5, 9.225]},
			"faces": {
				"north": {"uv": [0, 0, 0.25, 0.25], "texture": "#0"},
				"east": {"uv": [8, 5, 7, 6.5], "texture": "#0"},
				"south": {"uv": [10, 9.25, 8, 9.5], "texture": "#0"},
				"west": {"uv": [5, 5, 4, 6.5], "texture": "#0"},
				"up": {"uv": [5.25, 5, 6.75, 4], "texture": "#0"},
				"down": {"uv": [7.25, 4, 8.75, 5], "texture": "#0"}
			}
		}
	],
	"display": {
		"thirdperson_righthand": {
			"rotation": [24, 13, 0],
			"translation": [0, 1.25, -0.5],
			"scale": [0.6, 0.6, 0.6]
		},
		"thirdperson_lefthand": {
			"rotation": [24, 13, 0],
			"translation": [0, 0.75, -0.5],
			"scale": [0.6, 0.6, 0.6]
		},
		"firstperson_righthand": {
			"rotation": [0, 109, 5],
			"translation": [2, 5.25, 0],
			"scale": [0.71, 0.71, 0.71]
		},
		"firstperson_lefthand": {
			"rotation": [0, 109, 5],
			"translation": [2, 5.25, 0],
			"scale": [0.71, 0.71, 0.71]
		},
		"ground": {
			"translation": [0, 3.5, 0],
			"scale": [0.65, 0.65, 0.65]
		},
		"gui": {
			"rotation": [25, 151, 0],
			"translation": [0.25, 0.25, 0],
			"scale": [0.73, 0.73, 0.73]
		},
		"head": {
			"translation": [0, 14.4, 0]
		},
		"fixed": {
			"rotation": [-90, 0, 0],
			"translation": [0, 0, -13.5],
			"scale": [1.7, 1.7, 1.7]
		}
	},
	"groups": [
		{
			"name": "base",
			"origin": [8, 5.6, 8],
			"color": 0,
			"children": [
				{
					"name": "head",
					"origin": [8, 10.02967, 7.925],
					"color": 0,
					"children": [0, 1, 2, 3, 4, 5, 6]
				},
				7,
				{
					"name": "left_leg",
					"origin": [6.5, 4, 8],
					"color": 0,
					"children": [8, 9, 10, 11, 12, 13, 14, 15, 16, 17]
				},
				{
					"name": "left_arm",
					"origin": [4.875, 9.5, 8],
					"color": 0,
					"children": [18, 19, 20, 21, 22, 23, 24, 25, 26, 27, 28, 29, 30, 31, 32, 33, 34]
				},
				{
					"name": "right_leg",
					"origin": [9.5, 4, 8],
					"color": 0,
					"children": [35, 36, 37, 38, 39, 40, 41, 42, 43, 44]
				},
				45,
				{
					"name": "right_arm",
					"origin": [11.125, 9.5, 8],
					"color": 0,
					"children": [46, 47, 48, 49, 50, 51, 52, 53, 54, 55, 56, 57, 58, 59, 60, 61, 62]
				},
				63,
				64,
				65,
				66,
				67,
				68,
				69,
				70,
				71,
				72,
				73,
				74,
				75,
				76
			]
		}
	]
}