{
	"credit": "Made with Blockbench",
	"textures": {
		"0": "custom/eis/41_2",
		"1": "custom/eis/texture",
		"particle": "custom/eis/41_2"
	},
	"elements": [
		{
			"from": [7, 0, 7],
			"to": [9, 2, 9],
			"rotation": {"angle": 0, "axis": "y", "origin": [7, 0, 7]},
			"faces": {
				"north": {"uv": [0, 13, 2, 15], "texture": "#1"},
				"east": {"uv": [2, 13, 4, 15], "texture": "#1"},
				"south": {"uv": [13, 12, 15, 14], "texture": "#1"},
				"west": {"uv": [14, 0, 16, 2], "texture": "#1"},
				"up": {"uv": [16, 4, 14, 2], "texture": "#1"},
				"down": {"uv": [6, 14, 4, 16], "texture": "#1"}
			}
		},
		{
			"from": [7.2, -0.4, 7.3],
			"to": [8.7, 0.4, 8.8],
			"rotation": {"angle": 0, "axis": "y", "origin": [7, -0.4, 7]},
			"faces": {
				"north": {"uv": [9, 11, 10, 12], "texture": "#1"},
				"east": {"uv": [14, 4, 16, 5], "texture": "#1"},
				"south": {"uv": [4, 13, 5, 14], "texture": "#1"},
				"west": {"uv": [14, 5, 16, 6], "texture": "#1"},
				"up": {"uv": [10, 8, 9, 6], "texture": "#1"},
				"down": {"uv": [7, 14, 6, 16], "texture": "#1"}
			}
		},
		{
			"from": [6.5, 0.9, 6.5],
			"to": [9.5, 2.9, 9.5],
			"rotation": {"angle": 0, "axis": "y", "origin": [7, 0.4, 7]},
			"faces": {
				"north": {"uv": [10, 6, 14, 9], "texture": "#1"},
				"east": {"uv": [10, 9, 14, 12], "texture": "#1"},
				"south": {"uv": [5, 11, 9, 14], "texture": "#1"},
				"west": {"uv": [9, 12, 13, 15], "texture": "#1"},
				"up": {"uv": [9, 4, 5, 0], "texture": "#1"},
				"down": {"uv": [9, 4, 5, 8], "texture": "#1"}
			}
		},
		{
			"from": [5.9, 1.6, 6],
			"to": [10.1, 3.6, 10.2],
			"rotation": {"angle": 0, "axis": "y", "origin": [7, 2.1, 7]},
			"faces": {
				"north": {"uv": [5, 8, 10, 11], "texture": "#1"},
				"east": {"uv": [9, 0, 14, 3], "texture": "#1"},
				"south": {"uv": [9, 3, 14, 6], "texture": "#1"},
				"west": {"uv": [0, 10, 5, 13], "texture": "#1"},
				"up": {"uv": [5, 5, 0, 0], "texture": "#1"},
				"down": {"uv": [5, 5, 0, 10], "texture": "#1"}
			}
		},
		{
			"from": [6.2, 2.3, 6.4],
			"to": [9.7, 5.8, 9.9],
			"rotation": {"angle": 0, "axis": "y", "origin": [7.3, 2.8, 7.4]},
			"faces": {
				"north": {"uv": [0, 0, 15.96667, 16], "texture": "#0"},
				"east": {"uv": [-0.2, 0, 16, 16], "texture": "#0"},
				"south": {"uv": [0, 0, 16, 16], "texture": "#0"},
				"west": {"uv": [0, 0, 16, 16], "texture": "#0"},
				"up": {"uv": [4.875, 0.69167, 10.89167, 6.54167], "texture": "#0"},
				"down": {"uv": [0, 0, 4.5, 4.5], "texture": "#missing"}
			}
		}
	],
	"display": {
		"thirdperson_righthand": {
			"translation": [0, 8.25, 0]
		},
		"thirdperson_lefthand": {
			"translation": [0, 8.25, 0]
		},
		"firstperson_righthand": {
			"translation": [-2.75, 10.5, 4.5]
		},
		"ground": {
			"translation": [0, 31.25, 0],
			"scale": [4, 4, 4]
		},
		"head": {
			"translation": [0, 14.75, 0]
		},
		"fixed": {
			"rotation": [-90, 0, 0],
			"translation": [0, -0.25, -33.5],
			"scale": [4, 4, 4]
		}
	}
}