{
	"credit": "Made with Blockbench",
	"texture_size": [32, 32],
	"textures": {
		"0": "custom/bag/bag",
		"particle": "custom/bag/bag"
	},
	"elements": [
		{
			"from": [5, 5, 6],
			"to": [9.1, 7, 6.4],
			"faces": {
				"north": {"uv": [0, 4, 2, 5], "texture": "#0"},
				"east": {"uv": [3.5, 8.5, 3.75, 9.5], "texture": "#0"},
				"south": {"uv": [2, 4, 4, 5], "texture": "#0"},
				"west": {"uv": [4, 8.5, 4.25, 9.5], "texture": "#0"},
				"up": {"uv": [9.5, 4.25, 7.5, 4], "texture": "#0"},
				"down": {"uv": [9.5, 4.5, 7.5, 4.75], "texture": "#0"}
			}
		},
		{
			"from": [4.6, 5, 6],
			"to": [5, 7, 10.4],
			"faces": {
				"north": {"uv": [9, 9, 9.25, 10], "texture": "#0"},
				"east": {"uv": [2, 0, 4.25, 1], "texture": "#0"},
				"south": {"uv": [0, 9.5, 0.25, 10.5], "texture": "#0"},
				"west": {"uv": [2, 1, 4.25, 2], "texture": "#0"},
				"up": {"uv": [4.75, 9.75, 4.5, 7.5], "texture": "#0"},
				"down": {"uv": [5.25, 7.5, 5, 9.75], "texture": "#0"}
			}
		},
		{
			"from": [9.1, 5, 6],
			"to": [9.5, 7, 10.4],
			"faces": {
				"north": {"uv": [0.5, 9.5, 0.75, 10.5], "texture": "#0"},
				"east": {"uv": [2, 2, 4.25, 3], "texture": "#0"},
				"south": {"uv": [1, 9.5, 1.25, 10.5], "texture": "#0"},
				"west": {"uv": [2, 3, 4.25, 4], "texture": "#0"},
				"up": {"uv": [7.75, 8.75, 7.5, 6.5], "texture": "#0"},
				"down": {"uv": [8.25, 0, 8, 2.25], "texture": "#0"}
			}
		},
		{
			"from": [5, 5, 10],
			"to": [9.1, 7, 10.4],
			"faces": {
				"north": {"uv": [4, 4, 6, 5], "texture": "#0"},
				"east": {"uv": [1.5, 9, 1.75, 10], "texture": "#0"},
				"south": {"uv": [4.5, 0, 6.5, 1], "texture": "#0"},
				"west": {"uv": [8.5, 9, 8.75, 10], "texture": "#0"},
				"up": {"uv": [9.5, 5.25, 7.5, 5], "texture": "#0"},
				"down": {"uv": [10, 2.5, 8, 2.75], "texture": "#0"}
			}
		},
		{
			"from": [5, 5.8, 9.6],
			"to": [9.1, 7.8, 10],
			"faces": {
				"north": {"uv": [4.5, 1, 6.5, 2], "texture": "#0"},
				"east": {"uv": [2, 9.5, 2.25, 10.5], "texture": "#0"},
				"south": {"uv": [4.5, 2, 6.5, 3], "texture": "#0"},
				"west": {"uv": [2.5, 9.5, 2.75, 10.5], "texture": "#0"},
				"up": {"uv": [7.5, 8.25, 5.5, 8], "texture": "#0"},
				"down": {"uv": [10, 5.5, 8, 5.75], "texture": "#0"}
			}
		},
		{
			"from": [5.4, 6.5, 9.2],
			"to": [8.7, 8.5, 9.6],
			"faces": {
				"north": {"uv": [2, 5, 3.75, 6], "texture": "#0"},
				"east": {"uv": [6.5, 9.5, 6.75, 10.5], "texture": "#0"},
				"south": {"uv": [4, 5, 5.75, 6], "texture": "#0"},
				"west": {"uv": [7, 9.5, 7.25, 10.5], "texture": "#0"},
				"up": {"uv": [9.75, 8.25, 8, 8], "texture": "#0"},
				"down": {"uv": [1.75, 8.5, 0, 8.75], "texture": "#0"}
			}
		},
		{
			"from": [5.8, 7.2, 7.2],
			"to": [8.3, 9.6, 9.2],
			"faces": {
				"north": {"uv": [4, 6, 5.25, 7.25], "texture": "#0"},
				"east": {"uv": [0, 7, 1, 8.25], "texture": "#0"},
				"south": {"uv": [6, 4, 7.25, 5.25], "texture": "#0"},
				"west": {"uv": [1, 7, 2, 8.25], "texture": "#0"},
				"up": {"uv": [7.75, 4, 6.5, 3], "texture": "#0"},
				"down": {"uv": [3.25, 7, 2, 8], "texture": "#0"}
			}
		},
		{
			"from": [5.4, 6.5, 6.8],
			"to": [8.7, 8.5, 7.2],
			"faces": {
				"north": {"uv": [0, 6, 1.75, 7], "texture": "#0"},
				"east": {"uv": [7.5, 9.5, 7.75, 10.5], "texture": "#0"},
				"south": {"uv": [2, 6, 3.75, 7], "texture": "#0"},
				"west": {"uv": [8, 9.5, 8.25, 10.5], "texture": "#0"},
				"up": {"uv": [10.25, 0.25, 8.5, 0], "texture": "#0"},
				"down": {"uv": [10.25, 0.5, 8.5, 0.75], "texture": "#0"}
			}
		},
		{
			"from": [5, 5.8, 6.4],
			"to": [9.1, 7.8, 6.8],
			"faces": {
				"north": {"uv": [4.5, 3, 6.5, 4], "texture": "#0"},
				"east": {"uv": [3, 9.5, 3.25, 10.5], "texture": "#0"},
				"south": {"uv": [0, 5, 2, 6], "texture": "#0"},
				"west": {"uv": [3.5, 9.5, 3.75, 10.5], "texture": "#0"},
				"up": {"uv": [10, 6.25, 8, 6], "texture": "#0"},
				"down": {"uv": [10, 6.5, 8, 6.75], "texture": "#0"}
			}
		},
		{
			"from": [8.7, 5.8, 6.8],
			"to": [9.1, 7.8, 9.6],
			"faces": {
				"north": {"uv": [4, 9.5, 4.25, 10.5], "texture": "#0"},
				"east": {"uv": [5.5, 6, 7, 7], "texture": "#0"},
				"south": {"uv": [9.5, 4, 9.75, 5], "texture": "#0"},
				"west": {"uv": [6.5, 0, 8, 1], "texture": "#0"},
				"up": {"uv": [2.25, 9.5, 2, 8], "texture": "#0"},
				"down": {"uv": [2.75, 8, 2.5, 9.5], "texture": "#0"}
			}
		},
		{
			"from": [8.3, 6.5, 7.2],
			"to": [8.7, 8.5, 9.2],
			"faces": {
				"north": {"uv": [9.5, 8.5, 9.75, 9.5], "texture": "#0"},
				"east": {"uv": [5.5, 7, 6.5, 8], "texture": "#0"},
				"south": {"uv": [9.5, 9.5, 9.75, 10.5], "texture": "#0"},
				"west": {"uv": [7, 5.5, 8, 6.5], "texture": "#0"},
				"up": {"uv": [1.75, 11, 1.5, 10], "texture": "#0"},
				"down": {"uv": [10.25, 2.5, 10, 3.5], "texture": "#0"}
			}
		},
		{
			"from": [5.4, 6.5, 7.2],
			"to": [5.8, 8.5, 9.2],
			"faces": {
				"north": {"uv": [10, 3.5, 10.25, 4.5], "texture": "#0"},
				"east": {"uv": [6.5, 7, 7.5, 8], "texture": "#0"},
				"south": {"uv": [4.5, 10, 4.75, 11], "texture": "#0"},
				"west": {"uv": [3.5, 7.5, 4.5, 8.5], "texture": "#0"},
				"up": {"uv": [10.25, 5.5, 10, 4.5], "texture": "#0"},
				"down": {"uv": [5.25, 10, 5, 11], "texture": "#0"}
			}
		},
		{
			"from": [5.5, 9.6, 7.2],
			"to": [5.9, 10.1, 9.2],
			"faces": {
				"north": {"uv": [7.5, 12, 7.75, 12.25], "texture": "#0"},
				"east": {"uv": [6, 5.5, 7, 5.75], "texture": "#0"},
				"south": {"uv": [12, 7.5, 12.25, 7.75], "texture": "#0"},
				"west": {"uv": [10, 5.5, 11, 5.75], "texture": "#0"},
				"up": {"uv": [10.25, 7, 10, 6], "texture": "#0"},
				"down": {"uv": [10.25, 7, 10, 8], "texture": "#0"}
			}
		},
		{
			"from": [8.2, 9.6, 7.2],
			"to": [8.6, 10.1, 9.2],
			"faces": {
				"north": {"uv": [8, 12, 8.25, 12.25], "texture": "#0"},
				"east": {"uv": [10, 8, 11, 8.25], "texture": "#0"},
				"south": {"uv": [12, 8, 12.25, 8.25], "texture": "#0"},
				"west": {"uv": [8.5, 10, 9.5, 10.25], "texture": "#0"},
				"up": {"uv": [10.25, 9.5, 10, 8.5], "texture": "#0"},
				"down": {"uv": [10.25, 9.5, 10, 10.5], "texture": "#0"}
			}
		},
		{
			"from": [5.7, 9.6, 6.9],
			"to": [8.3, 10.1, 7.3],
			"faces": {
				"north": {"uv": [5.5, 8.5, 6.75, 8.75], "texture": "#0"},
				"east": {"uv": [8.5, 12, 8.75, 12.25], "texture": "#0"},
				"south": {"uv": [8, 8.5, 9.25, 8.75], "texture": "#0"},
				"west": {"uv": [12, 8.5, 12.25, 8.75], "texture": "#0"},
				"up": {"uv": [1.25, 9.25, 0, 9], "texture": "#0"},
				"down": {"uv": [10.25, 1, 9, 1.25], "texture": "#0"}
			}
		},
		{
			"from": [5.7, 9.6, 9.1],
			"to": [8.3, 10.1, 9.5],
			"faces": {
				"north": {"uv": [9, 1.5, 10.25, 1.75], "texture": "#0"},
				"east": {"uv": [9, 12, 9.25, 12.25], "texture": "#0"},
				"south": {"uv": [9, 2, 10.25, 2.25], "texture": "#0"},
				"west": {"uv": [12, 9, 12.25, 9.25], "texture": "#0"},
				"up": {"uv": [6.75, 9.25, 5.5, 9], "texture": "#0"},
				"down": {"uv": [8.25, 9, 7, 9.25], "texture": "#0"}
			}
		},
		{
			"from": [5, 5.8, 6.8],
			"to": [5.4, 7.8, 9.6],
			"faces": {
				"north": {"uv": [5.5, 9.5, 5.75, 10.5], "texture": "#0"},
				"east": {"uv": [6.5, 1, 8, 2], "texture": "#0"},
				"south": {"uv": [6, 9.5, 6.25, 10.5], "texture": "#0"},
				"west": {"uv": [6.5, 2, 8, 3], "texture": "#0"},
				"up": {"uv": [3.25, 9.5, 3, 8], "texture": "#0"},
				"down": {"uv": [8.75, 1, 8.5, 2.5], "texture": "#0"}
			}
		},
		{
			"from": [5, 5, 6.4],
			"to": [9.1, 5.3, 10],
			"faces": {
				"north": {"uv": [8, 3, 10, 3.25], "texture": "#0"},
				"east": {"uv": [8, 7, 9.75, 7.25], "texture": "#0"},
				"south": {"uv": [8, 3.5, 10, 3.75], "texture": "#0"},
				"west": {"uv": [8, 7.5, 9.75, 7.75], "texture": "#0"},
				"up": {"uv": [2, 1.75, 0, 0], "texture": "#0"},
				"down": {"uv": [2, 2, 0, 3.75], "texture": "#0"}
			}
		},
		{
			"from": [7, 9.5, 8],
			"to": [7.2, 10.3, 8.1],
			"faces": {
				"north": {"uv": [3.5, 7, 3.75, 7.5], "texture": "#0"},
				"east": {"uv": [7, 6.5, 7.25, 7], "texture": "#0"},
				"south": {"uv": [7, 8.5, 7.25, 9], "texture": "#0"},
				"west": {"uv": [9.5, 5, 9.75, 5.5], "texture": "#0"},
				"up": {"uv": [9.75, 12.25, 9.5, 12], "texture": "#0"},
				"down": {"uv": [12.25, 9.5, 12, 9.75], "texture": "#0"}
			}
		},
		{
			"from": [7.5, 9.5, 8.3],
			"to": [7.7, 10.3, 8.4],
			"faces": {
				"north": {"uv": [0, 10.5, 0.25, 11], "texture": "#0"},
				"east": {"uv": [10.5, 0, 10.75, 0.5], "texture": "#0"},
				"south": {"uv": [0.5, 10.5, 0.75, 11], "texture": "#0"},
				"west": {"uv": [10.5, 0.5, 10.75, 1], "texture": "#0"},
				"up": {"uv": [10.25, 12.25, 10, 12], "texture": "#0"},
				"down": {"uv": [12.25, 10, 12, 10.25], "texture": "#0"}
			}
		},
		{
			"from": [7.8, 9.5, 7.7],
			"to": [8, 10.3, 7.8],
			"faces": {
				"north": {"uv": [10.5, 3, 10.75, 3.5], "texture": "#0"},
				"east": {"uv": [3.5, 10.5, 3.75, 11], "texture": "#0"},
				"south": {"uv": [10.5, 3.5, 10.75, 4], "texture": "#0"},
				"west": {"uv": [4, 10.5, 4.25, 11], "texture": "#0"},
				"up": {"uv": [11.75, 12.25, 11.5, 12], "texture": "#0"},
				"down": {"uv": [12.25, 11.5, 12, 11.75], "texture": "#0"}
			}
		},
		{
			"from": [7.9, 10.3, 7.7],
			"to": [8, 11.1, 7.8],
			"faces": {
				"north": {"uv": [10.5, 4, 10.75, 4.5], "texture": "#0"},
				"east": {"uv": [10.5, 4.5, 10.75, 5], "texture": "#0"},
				"south": {"uv": [10.5, 5, 10.75, 5.5], "texture": "#0"},
				"west": {"uv": [5.5, 10.5, 5.75, 11], "texture": "#0"},
				"up": {"uv": [12.25, 12.25, 12, 12], "texture": "#0"},
				"down": {"uv": [0.25, 12.5, 0, 12.75], "texture": "#0"}
			}
		},
		{
			"from": [7.9, 11.1, 7.7],
			"to": [7.95, 11.9, 7.8],
			"faces": {
				"north": {"uv": [10.5, 10, 10.75, 10.5], "texture": "#0"},
				"east": {"uv": [10.5, 10.5, 10.75, 11], "texture": "#0"},
				"south": {"uv": [0, 11, 0.25, 11.5], "texture": "#0"},
				"west": {"uv": [11, 0, 11.25, 0.5], "texture": "#0"},
				"up": {"uv": [12.75, 2.25, 12.5, 2], "texture": "#0"},
				"down": {"uv": [2.75, 12.5, 2.5, 12.75], "texture": "#0"}
			}
		},
		{
			"from": [7.6, 11.1, 8.3],
			"to": [7.65, 11.9, 8.4],
			"faces": {
				"north": {"uv": [0.5, 11, 0.75, 11.5], "texture": "#0"},
				"east": {"uv": [11, 0.5, 11.25, 1], "texture": "#0"},
				"south": {"uv": [1, 11, 1.25, 11.5], "texture": "#0"},
				"west": {"uv": [11, 1, 11.25, 1.5], "texture": "#0"},
				"up": {"uv": [12.75, 2.75, 12.5, 2.5], "texture": "#0"},
				"down": {"uv": [3.25, 12.5, 3, 12.75], "texture": "#0"}
			}
		},
		{
			"from": [7.1, 11.1, 8],
			"to": [7.15, 11.9, 8.1],
			"faces": {
				"north": {"uv": [1.5, 11, 1.75, 11.5], "texture": "#0"},
				"east": {"uv": [11, 1.5, 11.25, 2], "texture": "#0"},
				"south": {"uv": [2, 11, 2.25, 11.5], "texture": "#0"},
				"west": {"uv": [11, 2, 11.25, 2.5], "texture": "#0"},
				"up": {"uv": [12.75, 3.25, 12.5, 3], "texture": "#0"},
				"down": {"uv": [3.75, 12.5, 3.5, 12.75], "texture": "#0"}
			}
		},
		{
			"from": [7.1, 11.9, 8],
			"to": [7.125, 12.7, 8.1],
			"faces": {
				"north": {"uv": [4.5, 11, 4.75, 11.5], "texture": "#0"},
				"east": {"uv": [11, 4.5, 11.25, 5], "texture": "#0"},
				"south": {"uv": [5, 11, 5.25, 11.5], "texture": "#0"},
				"west": {"uv": [11, 5, 11.25, 5.5], "texture": "#0"},
				"up": {"uv": [12.75, 4.75, 12.5, 4.5], "texture": "#0"},
				"down": {"uv": [5.25, 12.5, 5, 12.75], "texture": "#0"}
			}
		},
		{
			"from": [7.6, 11.9, 8.3],
			"to": [7.625, 12.7, 8.4],
			"faces": {
				"north": {"uv": [6.5, 11, 6.75, 11.5], "texture": "#0"},
				"east": {"uv": [11, 6.5, 11.25, 7], "texture": "#0"},
				"south": {"uv": [7, 11, 7.25, 11.5], "texture": "#0"},
				"west": {"uv": [11, 7, 11.25, 7.5], "texture": "#0"},
				"up": {"uv": [12.75, 5.75, 12.5, 5.5], "texture": "#0"},
				"down": {"uv": [6.25, 12.5, 6, 12.75], "texture": "#0"}
			}
		},
		{
			"from": [7.9, 11.9, 7.7],
			"to": [7.925, 12.7, 7.8],
			"faces": {
				"north": {"uv": [5.5, 11, 5.75, 11.5], "texture": "#0"},
				"east": {"uv": [11, 5.5, 11.25, 6], "texture": "#0"},
				"south": {"uv": [6, 11, 6.25, 11.5], "texture": "#0"},
				"west": {"uv": [11, 6, 11.25, 6.5], "texture": "#0"},
				"up": {"uv": [12.75, 5.25, 12.5, 5], "texture": "#0"},
				"down": {"uv": [5.75, 12.5, 5.5, 12.75], "texture": "#0"}
			}
		},
		{
			"from": [7.1, 10.3, 8],
			"to": [7.2, 11.1, 8.1],
			"faces": {
				"north": {"uv": [7, 10.5, 7.25, 11], "texture": "#0"},
				"east": {"uv": [10.5, 7, 10.75, 7.5], "texture": "#0"},
				"south": {"uv": [7.5, 10.5, 7.75, 11], "texture": "#0"},
				"west": {"uv": [10.5, 7.5, 10.75, 8], "texture": "#0"},
				"up": {"uv": [12.75, 0.75, 12.5, 0.5], "texture": "#0"},
				"down": {"uv": [1.25, 12.5, 1, 12.75], "texture": "#0"}
			}
		},
		{
			"from": [7.6, 10.3, 8.3],
			"to": [7.7, 11.1, 8.4],
			"faces": {
				"north": {"uv": [6, 10.5, 6.25, 11], "texture": "#0"},
				"east": {"uv": [10.5, 6, 10.75, 6.5], "texture": "#0"},
				"south": {"uv": [6.5, 10.5, 6.75, 11], "texture": "#0"},
				"west": {"uv": [10.5, 6.5, 10.75, 7], "texture": "#0"},
				"up": {"uv": [12.75, 0.25, 12.5, 0], "texture": "#0"},
				"down": {"uv": [0.75, 12.5, 0.5, 12.75], "texture": "#0"}
			}
		},
		{
			"from": [6.3, 9.5, 7.4],
			"to": [6.5, 10.3, 7.5],
			"faces": {
				"north": {"uv": [0, 10.5, 0.25, 11], "texture": "#0"},
				"east": {"uv": [10.5, 0, 10.75, 0.5], "texture": "#0"},
				"south": {"uv": [0.5, 10.5, 0.75, 11], "texture": "#0"},
				"west": {"uv": [10.5, 0.5, 10.75, 1], "texture": "#0"},
				"up": {"uv": [10.25, 12.25, 10, 12], "texture": "#0"},
				"down": {"uv": [12.25, 10, 12, 10.25], "texture": "#0"}
			}
		},
		{
			"from": [6.4, 10.3, 7.4],
			"to": [6.5, 11.1, 7.5],
			"faces": {
				"north": {"uv": [6, 10.5, 6.25, 11], "texture": "#0"},
				"east": {"uv": [10.5, 6, 10.75, 6.5], "texture": "#0"},
				"south": {"uv": [6.5, 10.5, 6.75, 11], "texture": "#0"},
				"west": {"uv": [10.5, 6.5, 10.75, 7], "texture": "#0"},
				"up": {"uv": [12.75, 0.25, 12.5, 0], "texture": "#0"},
				"down": {"uv": [0.75, 12.5, 0.5, 12.75], "texture": "#0"}
			}
		},
		{
			"from": [6.4, 10.3, 7.4],
			"to": [6.5, 11.1, 7.5],
			"faces": {
				"north": {"uv": [6, 10.5, 6.25, 11], "texture": "#0"},
				"east": {"uv": [10.5, 6, 10.75, 6.5], "texture": "#0"},
				"south": {"uv": [6.5, 10.5, 6.75, 11], "texture": "#0"},
				"west": {"uv": [10.5, 6.5, 10.75, 7], "texture": "#0"},
				"up": {"uv": [12.75, 0.25, 12.5, 0], "texture": "#0"},
				"down": {"uv": [0.75, 12.5, 0.5, 12.75], "texture": "#0"}
			}
		},
		{
			"from": [6.4, 11.1, 7.4],
			"to": [6.45, 11.9, 7.5],
			"faces": {
				"north": {"uv": [0.5, 11, 0.75, 11.5], "texture": "#0"},
				"east": {"uv": [11, 0.5, 11.25, 1], "texture": "#0"},
				"south": {"uv": [1, 11, 1.25, 11.5], "texture": "#0"},
				"west": {"uv": [11, 1, 11.25, 1.5], "texture": "#0"},
				"up": {"uv": [12.75, 2.75, 12.5, 2.5], "texture": "#0"},
				"down": {"uv": [3.25, 12.5, 3, 12.75], "texture": "#0"}
			}
		},
		{
			"from": [6.4, 11.9, 7.4],
			"to": [6.425, 12.7, 7.5],
			"faces": {
				"north": {"uv": [6.5, 11, 6.75, 11.5], "texture": "#0"},
				"east": {"uv": [11, 6.5, 11.25, 7], "texture": "#0"},
				"south": {"uv": [7, 11, 7.25, 11.5], "texture": "#0"},
				"west": {"uv": [11, 7, 11.25, 7.5], "texture": "#0"},
				"up": {"uv": [12.75, 5.75, 12.5, 5.5], "texture": "#0"},
				"down": {"uv": [6.25, 12.5, 6, 12.75], "texture": "#0"}
			}
		},
		{
			"from": [6.2, 9.5, 7.8],
			"to": [6.4, 10.3, 7.9],
			"faces": {
				"north": {"uv": [0, 10.5, 0.25, 11], "texture": "#0"},
				"east": {"uv": [10.5, 0, 10.75, 0.5], "texture": "#0"},
				"south": {"uv": [0.5, 10.5, 0.75, 11], "texture": "#0"},
				"west": {"uv": [10.5, 0.5, 10.75, 1], "texture": "#0"},
				"up": {"uv": [10.25, 12.25, 10, 12], "texture": "#0"},
				"down": {"uv": [12.25, 10, 12, 10.25], "texture": "#0"}
			}
		},
		{
			"from": [6.3, 11.1, 7.8],
			"to": [6.35, 11.9, 7.9],
			"faces": {
				"north": {"uv": [0.5, 11, 0.75, 11.5], "texture": "#0"},
				"east": {"uv": [11, 0.5, 11.25, 1], "texture": "#0"},
				"south": {"uv": [1, 11, 1.25, 11.5], "texture": "#0"},
				"west": {"uv": [11, 1, 11.25, 1.5], "texture": "#0"},
				"up": {"uv": [12.75, 2.75, 12.5, 2.5], "texture": "#0"},
				"down": {"uv": [3.25, 12.5, 3, 12.75], "texture": "#0"}
			}
		},
		{
			"from": [6.3, 11.9, 7.8],
			"to": [6.325, 12.7, 7.9],
			"faces": {
				"north": {"uv": [6.5, 11, 6.75, 11.5], "texture": "#0"},
				"east": {"uv": [11, 6.5, 11.25, 7], "texture": "#0"},
				"south": {"uv": [7, 11, 7.25, 11.5], "texture": "#0"},
				"west": {"uv": [11, 7, 11.25, 7.5], "texture": "#0"},
				"up": {"uv": [12.75, 5.75, 12.5, 5.5], "texture": "#0"},
				"down": {"uv": [6.25, 12.5, 6, 12.75], "texture": "#0"}
			}
		},
		{
			"from": [6.3, 10.3, 7.8],
			"to": [6.4, 11.1, 7.9],
			"faces": {
				"north": {"uv": [6, 10.5, 6.25, 11], "texture": "#0"},
				"east": {"uv": [10.5, 6, 10.75, 6.5], "texture": "#0"},
				"south": {"uv": [6.5, 10.5, 6.75, 11], "texture": "#0"},
				"west": {"uv": [10.5, 6.5, 10.75, 7], "texture": "#0"},
				"up": {"uv": [12.75, 0.25, 12.5, 0], "texture": "#0"},
				"down": {"uv": [0.75, 12.5, 0.5, 12.75], "texture": "#0"}
			}
		},
		{
			"from": [6.4, 9.5, 8.3],
			"to": [6.6, 10.3, 8.4],
			"faces": {
				"north": {"uv": [0, 10.5, 0.25, 11], "texture": "#0"},
				"east": {"uv": [10.5, 0, 10.75, 0.5], "texture": "#0"},
				"south": {"uv": [0.5, 10.5, 0.75, 11], "texture": "#0"},
				"west": {"uv": [10.5, 0.5, 10.75, 1], "texture": "#0"},
				"up": {"uv": [10.25, 12.25, 10, 12], "texture": "#0"},
				"down": {"uv": [12.25, 10, 12, 10.25], "texture": "#0"}
			}
		},
		{
			"from": [6.4, 9.5, 8.3],
			"to": [6.6, 10.3, 8.4],
			"faces": {
				"north": {"uv": [0, 10.5, 0.25, 11], "texture": "#0"},
				"east": {"uv": [10.5, 0, 10.75, 0.5], "texture": "#0"},
				"south": {"uv": [0.5, 10.5, 0.75, 11], "texture": "#0"},
				"west": {"uv": [10.5, 0.5, 10.75, 1], "texture": "#0"},
				"up": {"uv": [10.25, 12.25, 10, 12], "texture": "#0"},
				"down": {"uv": [12.25, 10, 12, 10.25], "texture": "#0"}
			}
		},
		{
			"from": [6.5, 10.3, 8.3],
			"to": [6.6, 11.1, 8.4],
			"faces": {
				"north": {"uv": [6, 10.5, 6.25, 11], "texture": "#0"},
				"east": {"uv": [10.5, 6, 10.75, 6.5], "texture": "#0"},
				"south": {"uv": [6.5, 10.5, 6.75, 11], "texture": "#0"},
				"west": {"uv": [10.5, 6.5, 10.75, 7], "texture": "#0"},
				"up": {"uv": [12.75, 0.25, 12.5, 0], "texture": "#0"},
				"down": {"uv": [0.75, 12.5, 0.5, 12.75], "texture": "#0"}
			}
		},
		{
			"from": [6.5, 11.1, 8.3],
			"to": [6.55, 11.9, 8.4],
			"faces": {
				"north": {"uv": [0.5, 11, 0.75, 11.5], "texture": "#0"},
				"east": {"uv": [11, 0.5, 11.25, 1], "texture": "#0"},
				"south": {"uv": [1, 11, 1.25, 11.5], "texture": "#0"},
				"west": {"uv": [11, 1, 11.25, 1.5], "texture": "#0"},
				"up": {"uv": [12.75, 2.75, 12.5, 2.5], "texture": "#0"},
				"down": {"uv": [3.25, 12.5, 3, 12.75], "texture": "#0"}
			}
		},
		{
			"from": [6.5, 11.9, 8.3],
			"to": [6.525, 12.7, 8.4],
			"faces": {
				"north": {"uv": [6.5, 11, 6.75, 11.5], "texture": "#0"},
				"east": {"uv": [11, 6.5, 11.25, 7], "texture": "#0"},
				"south": {"uv": [7, 11, 7.25, 11.5], "texture": "#0"},
				"west": {"uv": [11, 7, 11.25, 7.5], "texture": "#0"},
				"up": {"uv": [12.75, 5.75, 12.5, 5.5], "texture": "#0"},
				"down": {"uv": [6.25, 12.5, 6, 12.75], "texture": "#0"}
			}
		},
		{
			"from": [6.8, 9.5, 8.5],
			"to": [7, 10.3, 8.6],
			"faces": {
				"north": {"uv": [0, 10.5, 0.25, 11], "texture": "#0"},
				"east": {"uv": [10.5, 0, 10.75, 0.5], "texture": "#0"},
				"south": {"uv": [0.5, 10.5, 0.75, 11], "texture": "#0"},
				"west": {"uv": [10.5, 0.5, 10.75, 1], "texture": "#0"},
				"up": {"uv": [10.25, 12.25, 10, 12], "texture": "#0"},
				"down": {"uv": [12.25, 10, 12, 10.25], "texture": "#0"}
			}
		},
		{
			"from": [6.9, 10.3, 8.5],
			"to": [7, 11.1, 8.6],
			"faces": {
				"north": {"uv": [6, 10.5, 6.25, 11], "texture": "#0"},
				"east": {"uv": [10.5, 6, 10.75, 6.5], "texture": "#0"},
				"south": {"uv": [6.5, 10.5, 6.75, 11], "texture": "#0"},
				"west": {"uv": [10.5, 6.5, 10.75, 7], "texture": "#0"},
				"up": {"uv": [12.75, 0.25, 12.5, 0], "texture": "#0"},
				"down": {"uv": [0.75, 12.5, 0.5, 12.75], "texture": "#0"}
			}
		},
		{
			"from": [6.9, 11.1, 8.5],
			"to": [6.95, 11.9, 8.6],
			"faces": {
				"north": {"uv": [0.5, 11, 0.75, 11.5], "texture": "#0"},
				"east": {"uv": [11, 0.5, 11.25, 1], "texture": "#0"},
				"south": {"uv": [1, 11, 1.25, 11.5], "texture": "#0"},
				"west": {"uv": [11, 1, 11.25, 1.5], "texture": "#0"},
				"up": {"uv": [12.75, 2.75, 12.5, 2.5], "texture": "#0"},
				"down": {"uv": [3.25, 12.5, 3, 12.75], "texture": "#0"}
			}
		},
		{
			"from": [6.9, 11.9, 8.5],
			"to": [6.925, 12.7, 8.6],
			"faces": {
				"north": {"uv": [6.5, 11, 6.75, 11.5], "texture": "#0"},
				"east": {"uv": [11, 6.5, 11.25, 7], "texture": "#0"},
				"south": {"uv": [7, 11, 7.25, 11.5], "texture": "#0"},
				"west": {"uv": [11, 7, 11.25, 7.5], "texture": "#0"},
				"up": {"uv": [12.75, 5.75, 12.5, 5.5], "texture": "#0"},
				"down": {"uv": [6.25, 12.5, 6, 12.75], "texture": "#0"}
			}
		},
		{
			"from": [7.1, 9.5, 8.6],
			"to": [7.3, 10.3, 8.7],
			"faces": {
				"north": {"uv": [11.5, 1, 11.75, 1.5], "texture": "#0"},
				"east": {"uv": [1.5, 11.5, 1.75, 12], "texture": "#0"},
				"south": {"uv": [11.5, 1.5, 11.75, 2], "texture": "#0"},
				"west": {"uv": [2, 11.5, 2.25, 12], "texture": "#0"},
				"up": {"uv": [12.75, 8.75, 12.5, 8.5], "texture": "#0"},
				"down": {"uv": [9.25, 12.5, 9, 12.75], "texture": "#0"}
			}
		},
		{
			"from": [7.2, 11.1, 8.6],
			"to": [7.25, 11.9, 8.7],
			"faces": {
				"north": {"uv": [11.5, 0, 11.75, 0.5], "texture": "#0"},
				"east": {"uv": [0.5, 11.5, 0.75, 12], "texture": "#0"},
				"south": {"uv": [11.5, 0.5, 11.75, 1], "texture": "#0"},
				"west": {"uv": [1, 11.5, 1.25, 12], "texture": "#0"},
				"up": {"uv": [12.75, 8.25, 12.5, 8], "texture": "#0"},
				"down": {"uv": [8.75, 12.5, 8.5, 12.75], "texture": "#0"}
			}
		},
		{
			"from": [7.2, 10.3, 8.6],
			"to": [7.3, 11.1, 8.7],
			"faces": {
				"north": {"uv": [10.5, 11, 10.75, 11.5], "texture": "#0"},
				"east": {"uv": [11, 10.5, 11.25, 11], "texture": "#0"},
				"south": {"uv": [11, 11, 11.25, 11.5], "texture": "#0"},
				"west": {"uv": [0, 11.5, 0.25, 12], "texture": "#0"},
				"up": {"uv": [12.75, 7.75, 12.5, 7.5], "texture": "#0"},
				"down": {"uv": [8.25, 12.5, 8, 12.75], "texture": "#0"}
			}
		},
		{
			"from": [7.2, 11.9, 8.6],
			"to": [7.225, 12.7, 8.7],
			"faces": {
				"north": {"uv": [9.5, 11, 9.75, 11.5], "texture": "#0"},
				"east": {"uv": [11, 9.5, 11.25, 10], "texture": "#0"},
				"south": {"uv": [10, 11, 10.25, 11.5], "texture": "#0"},
				"west": {"uv": [11, 10, 11.25, 10.5], "texture": "#0"},
				"up": {"uv": [12.75, 7.25, 12.5, 7], "texture": "#0"},
				"down": {"uv": [7.75, 12.5, 7.5, 12.75], "texture": "#0"}
			}
		}
	],
	"display": {
		"thirdperson_righthand": {
			"rotation": [81, 0, 0],
			"translation": [0.75, 0, 0]
		},
		"thirdperson_lefthand": {
			"rotation": [67, 0, 0],
			"translation": [-0.75, 0, 0]
		},
		"firstperson_righthand": {
			"rotation": [12, -50, 0],
			"translation": [4.25, 2, 0]
		},
		"firstperson_lefthand": {
			"rotation": [13, -4, 0],
			"translation": [1.75, 2.75, 0]
		},
		"gui": {
			"rotation": [0, 28, 0],
			"translation": [1.5, -1.25, 0],
			"scale": [2.07, 2.01, 1.96]
		},
		"head": {
			"translation": [4, 8.5, -1],
			"scale": [4, 4, 4]
		},
		"fixed": {
			"rotation": [-90, 0, 0],
			"translation": [3.75, 0, -11.75],
			"scale": [4, 4, 4]
		}
	}
}