{
	"credit": "Made with Blockbench",
	"texture_size": [32, 32],
	"textures": {
		"2": "custom/bag/sack",
		"particle": "custom/bag/bag"
	},
	"elements": [
		{
			"from": [5, 5, 6],
			"to": [9.1, 7, 6.4],
			"faces": {
				"north": {"uv": [0, 4, 2, 5], "texture": "#2"},
				"east": {"uv": [3.5, 8.5, 3.75, 9.5], "texture": "#2"},
				"south": {"uv": [2, 4, 4, 5], "texture": "#2"},
				"west": {"uv": [4, 8.5, 4.25, 9.5], "texture": "#2"},
				"up": {"uv": [9.5, 4.25, 7.5, 4], "texture": "#2"},
				"down": {"uv": [9.5, 4.5, 7.5, 4.75], "texture": "#2"}
			}
		},
		{
			"from": [4.6, 5, 6],
			"to": [5, 7, 10.4],
			"faces": {
				"north": {"uv": [1.5, 9, 1.75, 10], "texture": "#2"},
				"east": {"uv": [2, 0, 4.25, 1], "texture": "#2"},
				"south": {"uv": [8.5, 9, 8.75, 10], "texture": "#2"},
				"west": {"uv": [2, 1, 4.25, 2], "texture": "#2"},
				"up": {"uv": [4.75, 9.75, 4.5, 7.5], "texture": "#2"},
				"down": {"uv": [5.25, 7.5, 5, 9.75], "texture": "#2"}
			}
		},
		{
			"from": [9.1, 5, 6],
			"to": [9.5, 7, 10.4],
			"faces": {
				"north": {"uv": [9, 9, 9.25, 10], "texture": "#2"},
				"east": {"uv": [2, 2, 4.25, 3], "texture": "#2"},
				"south": {"uv": [0, 9.5, 0.25, 10.5], "texture": "#2"},
				"west": {"uv": [2, 3, 4.25, 4], "texture": "#2"},
				"up": {"uv": [7.75, 8.75, 7.5, 6.5], "texture": "#2"},
				"down": {"uv": [8.25, 0, 8, 2.25], "texture": "#2"}
			}
		},
		{
			"from": [5, 5, 10],
			"to": [9.1, 7, 10.4],
			"faces": {
				"north": {"uv": [4, 4, 6, 5], "texture": "#2"},
				"east": {"uv": [0.5, 9.5, 0.75, 10.5], "texture": "#2"},
				"south": {"uv": [4.5, 0, 6.5, 1], "texture": "#2"},
				"west": {"uv": [1, 9.5, 1.25, 10.5], "texture": "#2"},
				"up": {"uv": [9.5, 5.25, 7.5, 5], "texture": "#2"},
				"down": {"uv": [10, 2.5, 8, 2.75], "texture": "#2"}
			}
		},
		{
			"from": [5, 5.8, 9.6],
			"to": [9.1, 7.8, 10],
			"faces": {
				"north": {"uv": [4.5, 1, 6.5, 2], "texture": "#2"},
				"east": {"uv": [2, 9.5, 2.25, 10.5], "texture": "#2"},
				"south": {"uv": [4.5, 2, 6.5, 3], "texture": "#2"},
				"west": {"uv": [2.5, 9.5, 2.75, 10.5], "texture": "#2"},
				"up": {"uv": [10, 3.25, 8, 3], "texture": "#2"},
				"down": {"uv": [10, 3.5, 8, 3.75], "texture": "#2"}
			}
		},
		{
			"from": [5.4, 6.5, 9.2],
			"to": [8.7, 8.5, 9.6],
			"faces": {
				"north": {"uv": [2, 5, 3.75, 6], "texture": "#2"},
				"east": {"uv": [3, 9.5, 3.25, 10.5], "texture": "#2"},
				"south": {"uv": [4, 5, 5.75, 6], "texture": "#2"},
				"west": {"uv": [3.5, 9.5, 3.75, 10.5], "texture": "#2"},
				"up": {"uv": [9.75, 7.25, 8, 7], "texture": "#2"},
				"down": {"uv": [9.75, 7.5, 8, 7.75], "texture": "#2"}
			}
		},
		{
			"from": [5.8, 7.2, 7.2],
			"to": [8.3, 9.6, 9.2],
			"faces": {
				"north": {"uv": [4, 6, 5.25, 7.25], "texture": "#2"},
				"east": {"uv": [0, 7, 1, 8.25], "texture": "#2"},
				"south": {"uv": [6, 4, 7.25, 5.25], "texture": "#2"},
				"west": {"uv": [1, 7, 2, 8.25], "texture": "#2"},
				"up": {"uv": [7.75, 4, 6.5, 3], "texture": "#2"},
				"down": {"uv": [3.25, 7, 2, 8], "texture": "#2"}
			}
		},
		{
			"from": [5.4, 6.5, 6.8],
			"to": [8.7, 8.5, 7.2],
			"faces": {
				"north": {"uv": [0, 6, 1.75, 7], "texture": "#2"},
				"east": {"uv": [4, 9.5, 4.25, 10.5], "texture": "#2"},
				"south": {"uv": [2, 6, 3.75, 7], "texture": "#2"},
				"west": {"uv": [9.5, 4, 9.75, 5], "texture": "#2"},
				"up": {"uv": [9.75, 8.25, 8, 8], "texture": "#2"},
				"down": {"uv": [1.75, 8.5, 0, 8.75], "texture": "#2"}
			}
		},
		{
			"from": [5, 5.8, 6.4],
			"to": [9.1, 7.8, 6.8],
			"faces": {
				"north": {"uv": [4.5, 3, 6.5, 4], "texture": "#2"},
				"east": {"uv": [5.5, 9.5, 5.75, 10.5], "texture": "#2"},
				"south": {"uv": [0, 5, 2, 6], "texture": "#2"},
				"west": {"uv": [6, 9.5, 6.25, 10.5], "texture": "#2"},
				"up": {"uv": [7.5, 8.25, 5.5, 8], "texture": "#2"},
				"down": {"uv": [10, 5.5, 8, 5.75], "texture": "#2"}
			}
		},
		{
			"from": [8.7, 5.8, 6.8],
			"to": [9.1, 7.8, 9.6],
			"faces": {
				"north": {"uv": [6.5, 9.5, 6.75, 10.5], "texture": "#2"},
				"east": {"uv": [5.5, 6, 7, 7], "texture": "#2"},
				"south": {"uv": [7, 9.5, 7.25, 10.5], "texture": "#2"},
				"west": {"uv": [6.5, 0, 8, 1], "texture": "#2"},
				"up": {"uv": [2.25, 9.5, 2, 8], "texture": "#2"},
				"down": {"uv": [2.75, 8, 2.5, 9.5], "texture": "#2"}
			}
		},
		{
			"from": [8.3, 6.5, 7.2],
			"to": [8.7, 8.5, 9.2],
			"faces": {
				"north": {"uv": [7.5, 9.5, 7.75, 10.5], "texture": "#2"},
				"east": {"uv": [5.5, 7, 6.5, 8], "texture": "#2"},
				"south": {"uv": [8, 9.5, 8.25, 10.5], "texture": "#2"},
				"west": {"uv": [7, 5.5, 8, 6.5], "texture": "#2"},
				"up": {"uv": [9.75, 9.5, 9.5, 8.5], "texture": "#2"},
				"down": {"uv": [9.75, 9.5, 9.5, 10.5], "texture": "#2"}
			}
		},
		{
			"from": [5.4, 6.5, 7.2],
			"to": [5.8, 8.5, 9.2],
			"faces": {
				"north": {"uv": [1.5, 10, 1.75, 11], "texture": "#2"},
				"east": {"uv": [6.5, 7, 7.5, 8], "texture": "#2"},
				"south": {"uv": [10, 2.5, 10.25, 3.5], "texture": "#2"},
				"west": {"uv": [3.5, 7.5, 4.5, 8.5], "texture": "#2"},
				"up": {"uv": [10.25, 4.5, 10, 3.5], "texture": "#2"},
				"down": {"uv": [4.75, 10, 4.5, 11], "texture": "#2"}
			}
		},
		{
			"from": [5.5, 9.6, 7.2],
			"to": [5.9, 10.1, 9.2],
			"faces": {
				"north": {"uv": [10.5, 6, 10.75, 6.25], "texture": "#2"},
				"east": {"uv": [6, 5.5, 7, 5.75], "texture": "#2"},
				"south": {"uv": [6.5, 10.5, 6.75, 10.75], "texture": "#2"},
				"west": {"uv": [9.5, 5, 10.5, 5.25], "texture": "#2"},
				"up": {"uv": [5.25, 11, 5, 10], "texture": "#2"},
				"down": {"uv": [10.25, 5.5, 10, 6.5], "texture": "#2"}
			}
		},
		{
			"from": [8.2, 9.6, 7.2],
			"to": [8.6, 10.1, 9.2],
			"faces": {
				"north": {"uv": [7, 10.5, 7.25, 10.75], "texture": "#2"},
				"east": {"uv": [10, 4.5, 11, 4.75], "texture": "#2"},
				"south": {"uv": [10.5, 7, 10.75, 7.25], "texture": "#2"},
				"west": {"uv": [10, 6.5, 11, 6.75], "texture": "#2"},
				"up": {"uv": [10.25, 8, 10, 7], "texture": "#2"},
				"down": {"uv": [10.25, 8, 10, 9], "texture": "#2"}
			}
		},
		{
			"from": [5.7, 9.6, 6.9],
			"to": [8.3, 10.1, 7.3],
			"faces": {
				"north": {"uv": [5.5, 8.5, 6.75, 8.75], "texture": "#2"},
				"east": {"uv": [7.5, 10.5, 7.75, 10.75], "texture": "#2"},
				"south": {"uv": [8, 8.5, 9.25, 8.75], "texture": "#2"},
				"west": {"uv": [10.5, 7.5, 10.75, 7.75], "texture": "#2"},
				"up": {"uv": [1.25, 9.25, 0, 9], "texture": "#2"},
				"down": {"uv": [10.25, 1, 9, 1.25], "texture": "#2"}
			}
		},
		{
			"from": [5.7, 9.6, 9.1],
			"to": [8.3, 10.1, 9.5],
			"faces": {
				"north": {"uv": [9, 1.5, 10.25, 1.75], "texture": "#2"},
				"east": {"uv": [8, 10.5, 8.25, 10.75], "texture": "#2"},
				"south": {"uv": [9, 2, 10.25, 2.25], "texture": "#2"},
				"west": {"uv": [10.5, 8, 10.75, 8.25], "texture": "#2"},
				"up": {"uv": [6.75, 9.25, 5.5, 9], "texture": "#2"},
				"down": {"uv": [8.25, 9, 7, 9.25], "texture": "#2"}
			}
		},
		{
			"from": [5, 5.8, 6.8],
			"to": [5.4, 7.8, 9.6],
			"faces": {
				"north": {"uv": [8.5, 10, 8.75, 11], "texture": "#2"},
				"east": {"uv": [6.5, 1, 8, 2], "texture": "#2"},
				"south": {"uv": [9, 10, 9.25, 11], "texture": "#2"},
				"west": {"uv": [6.5, 2, 8, 3], "texture": "#2"},
				"up": {"uv": [3.25, 9.5, 3, 8], "texture": "#2"},
				"down": {"uv": [8.75, 1, 8.5, 2.5], "texture": "#2"}
			}
		},
		{
			"from": [5, 5, 6.4],
			"to": [9.1, 5.3, 10],
			"faces": {
				"north": {"uv": [8, 6, 10, 6.25], "texture": "#2"},
				"east": {"uv": [8.5, 0, 10.25, 0.25], "texture": "#2"},
				"south": {"uv": [8, 6.5, 10, 6.75], "texture": "#2"},
				"west": {"uv": [8.5, 0.5, 10.25, 0.75], "texture": "#2"},
				"up": {"uv": [2, 1.75, 0, 0], "texture": "#2"},
				"down": {"uv": [2, 2, 0, 3.75], "texture": "#2"}
			}
		},
		{
			"from": [9.4, 6.7, 8.4],
			"to": [9.9, 8, 9],
			"rotation": {"angle": 22.5, "axis": "z", "origin": [0, 0, 0]},
			"faces": {
				"north": {"uv": [3.5, 7, 3.75, 7.5], "texture": "#2"},
				"east": {"uv": [7, 6.5, 7.25, 7], "texture": "#2"},
				"south": {"uv": [7, 8.5, 7.25, 9], "texture": "#2"},
				"west": {"uv": [10.5, 2, 10.75, 2.5], "texture": "#2"},
				"up": {"uv": [10.75, 8.75, 10.5, 8.5], "texture": "#2"},
				"down": {"uv": [10.75, 9, 10.5, 9.25], "texture": "#2"}
			}
		},
		{
			"from": [2.7, 11.9, 8.4],
			"to": [3.2, 13.4, 9],
			"rotation": {"angle": -22.5, "axis": "z", "origin": [0, 0, 0]},
			"faces": {
				"north": {"uv": [2.5, 10.5, 2.75, 11], "texture": "#2"},
				"east": {"uv": [10.5, 2.5, 10.75, 3], "texture": "#2"},
				"south": {"uv": [3, 10.5, 3.25, 11], "texture": "#2"},
				"west": {"uv": [10.5, 3, 10.75, 3.5], "texture": "#2"},
				"up": {"uv": [10.75, 10.25, 10.5, 10], "texture": "#2"},
				"down": {"uv": [10.75, 10.5, 10.5, 10.75], "texture": "#2"}
			}
		},
		{
			"from": [6.5, 9.7, 8.4],
			"to": [7.1, 12.1, 8.8],
			"faces": {
				"north": {"uv": [10, 9, 10.25, 9.75], "texture": "#2"},
				"east": {"uv": [10, 10, 10.25, 10.75], "texture": "#2"},
				"south": {"uv": [0, 10.5, 0.25, 11.25], "texture": "#2"},
				"west": {"uv": [10.5, 0, 10.75, 0.75], "texture": "#2"},
				"up": {"uv": [9.75, 10.75, 9.5, 10.5], "texture": "#2"},
				"down": {"uv": [10.75, 9.5, 10.5, 9.75], "texture": "#2"}
			}
		},
		{
			"from": [3.1, 11.9, 7.4],
			"to": [3.6, 13.1, 8],
			"rotation": {"angle": -22.5, "axis": "z", "origin": [0.4, 0, -1]},
			"faces": {
				"north": {"uv": [10.5, 5, 10.75, 5.5], "texture": "#2"},
				"east": {"uv": [5.5, 10.5, 5.75, 11], "texture": "#2"},
				"south": {"uv": [10.5, 5.5, 10.75, 6], "texture": "#2"},
				"west": {"uv": [6, 10.5, 6.25, 11], "texture": "#2"},
				"up": {"uv": [11.25, 1.75, 11, 1.5], "texture": "#2"},
				"down": {"uv": [11.25, 2, 11, 2.25], "texture": "#2"}
			}
		},
		{
			"from": [9.8, 6.7, 7.4],
			"to": [10.3, 8.1, 8],
			"rotation": {"angle": 22.5, "axis": "z", "origin": [0.4, 0, -1]},
			"faces": {
				"north": {"uv": [3.5, 10.5, 3.75, 11], "texture": "#2"},
				"east": {"uv": [10.5, 3.5, 10.75, 4], "texture": "#2"},
				"south": {"uv": [4, 10.5, 4.25, 11], "texture": "#2"},
				"west": {"uv": [10.5, 4, 10.75, 4.5], "texture": "#2"},
				"up": {"uv": [11.25, 1.25, 11, 1], "texture": "#2"},
				"down": {"uv": [1.75, 11, 1.5, 11.25], "texture": "#2"}
			}
		},
		{
			"from": [6.9, 9.7, 7.4],
			"to": [7.5, 12.1, 7.8],
			"rotation": {"angle": 0, "axis": "y", "origin": [0.4, 0, -1]},
			"faces": {
				"north": {"uv": [0.5, 10.5, 0.75, 11.25], "texture": "#2"},
				"east": {"uv": [1, 10.5, 1.25, 11.25], "texture": "#2"},
				"south": {"uv": [10.5, 1, 10.75, 1.75], "texture": "#2"},
				"west": {"uv": [2, 10.5, 2.25, 11.25], "texture": "#2"},
				"up": {"uv": [11.25, 0.25, 11, 0], "texture": "#2"},
				"down": {"uv": [11.25, 0.5, 11, 0.75], "texture": "#2"}
			}
		}
	],
	"display": {
		"thirdperson_righthand": {
			"rotation": [79, 136, -21],
			"translation": [-1.75, 1, 0.75],
			"scale": [1.29, 1.2, 1.11]
		},
		"thirdperson_lefthand": {
			"rotation": [67, 0, 0],
			"translation": [-0.75, 0, 0]
		},
		"firstperson_righthand": {
			"rotation": [12, -50, 0],
			"translation": [4.25, 2, 0]
		},
		"firstperson_lefthand": {
			"rotation": [13, -4, 0],
			"translation": [1.75, 2.75, 0]
		},
		"gui": {
			"rotation": [0, 28, 0],
			"translation": [1.5, -1.25, 0],
			"scale": [2.07, 2.01, 1.96]
		},
		"head": {
			"translation": [4, 8.5, -1],
			"scale": [4, 4, 4]
		},
		"fixed": {
			"rotation": [-90, 0, 0],
			"translation": [3.75, 0, -11.75],
			"scale": [4, 4, 4]
		}
	}
}