{
	"credit": "MadewithBlockbench",
	"texture_size": [64, 64],
	"textures": {
		"0": "custom/deko/barraltexture",
		"particle": "custom/deko/barraltexture"
	},
	"elements": [
		{
			"from": [0, 0, 0],
			"to": [16, 24, 16],
			"rotation": {"angle": 0, "axis": "y", "origin": [8, 0, 8]},
			"faces": {
				"north": {"uv": [0, 0, 4, 6], "texture": "#0"},
				"east": {"uv": [4, 0, 0, 6], "texture": "#0"},
				"south": {"uv": [4, 0, 0, 6], "texture": "#0"},
				"west": {"uv": [0, 0, 4, 6], "texture": "#0"},
				"up": {"uv": [4, 4, 8, 0], "texture": "#0"},
				"down": {"uv": [12, 0, 8, 4], "texture": "#0"}
			}
		}
	],
	"gui_light": "front",
	"display": {
		"thirdperson_righthand": {
			"rotation": [67.5, 0, 0],
			"translation": [0.25, 1.75, -0.75],
			"scale": [0.23344, 0.23344, 0.23344]
		},
		"thirdperson_lefthand": {
			"rotation": [67.5, 0, 0],
			"translation": [0.25, 1.75, -0.75],
			"scale": [0.23344, 0.23344, 0.23344]
		},
		"firstperson_righthand": {
			"translation": [1.75, 2.75, 0],
			"scale": [0.27344, 0.27344, 0.27344]
		},
		"firstperson_lefthand": {
			"translation": [1.75, 2.75, 0],
			"scale": [0.27344, 0.27344, 0.27344]
		},
		"ground": {
			"translation": [0, 6, 0],
			"scale": [0.4, 0.4, 0.4]
		},
		"gui": {
			"rotation": [30, 135, 0],
			"translation": [0, -1.75, 0],
			"scale": [0.48437, 0.48437, 0.48437]
		},
		"head": {
			"rotation": [0, 180, 0],
			"translation": [0, -30.4, 0],
			"scale": [1.6, 1.6, 1.6]
		},
		"fixed": {
			"rotation": [-90, 0, 0],
			"translation": [0, 0, -16],
			"scale": [2, 2, 2]
		}
	},
	"groups": [
		{
			"name": "group",
			"origin": [8, 0, 8],
			"color": 0,
			"children": [0]
		}
	]
}