{
	"credit": "Made with Blockbench",
	"texture_size": [32, 32],
	"textures": {
		"0": "custom/deko/belanahund",
		"particle": "custom/deko/belanahund"
	},
	"elements": [
		{
			"from": [4, 0, 3],
			"to": [6, 2, 5],
			"rotation": {"angle": 0, "axis": "y", "origin": [4, 0, 3]},
			"faces": {
				"north": {"uv": [0, 11.5, 1, 12.5], "texture": "#0"},
				"east": {"uv": [1, 11.5, 2, 12.5], "texture": "#0"},
				"south": {"uv": [11.5, 2, 12.5, 3], "texture": "#0"},
				"west": {"uv": [11.5, 3, 12.5, 4], "texture": "#0"},
				"up": {"uv": [4.5, 12.5, 3.5, 11.5], "texture": "#0"},
				"down": {"uv": [5.5, 11.5, 4.5, 12.5], "texture": "#0"}
			}
		},
		{
			"from": [4, 0, 11],
			"to": [6, 2, 13],
			"rotation": {"angle": 0, "axis": "y", "origin": [4, 0, 11]},
			"faces": {
				"north": {"uv": [12.5, 2, 13.5, 3], "texture": "#0"},
				"east": {"uv": [12.5, 3, 13.5, 4], "texture": "#0"},
				"south": {"uv": [3.5, 12.5, 4.5, 13.5], "texture": "#0"},
				"west": {"uv": [4.5, 12.5, 5.5, 13.5], "texture": "#0"},
				"up": {"uv": [9.5, 13.5, 8.5, 12.5], "texture": "#0"},
				"down": {"uv": [10.5, 12.5, 9.5, 13.5], "texture": "#0"}
			}
		},
		{
			"from": [8.25, 0, 3],
			"to": [10.25, 2, 5],
			"rotation": {"angle": 0, "axis": "y", "origin": [8.25, 0, 3]},
			"faces": {
				"north": {"uv": [11.5, 9.5, 12.5, 10.5], "texture": "#0"},
				"east": {"uv": [5.5, 12, 6.5, 13], "texture": "#0"},
				"south": {"uv": [12, 5.5, 13, 6.5], "texture": "#0"},
				"west": {"uv": [6.5, 12, 7.5, 13], "texture": "#0"},
				"up": {"uv": [13, 7.5, 12, 6.5], "texture": "#0"},
				"down": {"uv": [8.5, 12, 7.5, 13], "texture": "#0"}
			}
		},
		{
			"from": [8.25, 0, 11],
			"to": [10.25, 2, 13],
			"rotation": {"angle": 0, "axis": "y", "origin": [8.25, 0, 11]},
			"faces": {
				"north": {"uv": [12, 7.5, 13, 8.5], "texture": "#0"},
				"east": {"uv": [12, 8.5, 13, 9.5], "texture": "#0"},
				"south": {"uv": [12, 10.5, 13, 11.5], "texture": "#0"},
				"west": {"uv": [12, 11.5, 13, 12.5], "texture": "#0"},
				"up": {"uv": [1, 13.5, 0, 12.5], "texture": "#0"},
				"down": {"uv": [2, 12.5, 1, 13.5], "texture": "#0"}
			}
		},
		{
			"from": [3.75, 2, 2.75],
			"to": [10.5, 6.25, 13.25],
			"rotation": {"angle": 0, "axis": "y", "origin": [4, 2, 2.75]},
			"faces": {
				"north": {"uv": [7, 0, 10.5, 2.25], "texture": "#0"},
				"east": {"uv": [0, 5.5, 5.25, 7.75], "texture": "#0"},
				"south": {"uv": [7, 2.5, 10.5, 4.75], "texture": "#0"},
				"west": {"uv": [5.5, 5.5, 10.75, 7.75], "texture": "#0"},
				"up": {"uv": [3.5, 5.25, 0, 0], "texture": "#0"},
				"down": {"uv": [7, 0, 3.5, 5.25], "texture": "#0"}
			}
		},
		{
			"from": [6.5, 7.75, -0.75],
			"to": [8, 9.25, 4.25],
			"rotation": {"angle": 45, "axis": "x", "origin": [8.5, 7.75, -0.75]},
			"faces": {
				"north": {"uv": [13, 0, 13.75, 0.75], "texture": "#0"},
				"east": {"uv": [10.5, 0, 13, 0.75], "texture": "#0"},
				"south": {"uv": [13, 1, 13.75, 1.75], "texture": "#0"},
				"west": {"uv": [10.5, 1, 13, 1.75], "texture": "#0"},
				"up": {"uv": [11.25, 4.5, 10.5, 2], "texture": "#0"},
				"down": {"uv": [3.25, 10.5, 2.5, 13], "texture": "#0"}
			}
		},
		{
			"from": [4.5, 5.25, 12],
			"to": [9.75, 9.75, 14.5],
			"rotation": {"angle": 0, "axis": "y", "origin": [4.25, 5.75, 12.5]},
			"faces": {
				"north": {"uv": [0, 8, 2.75, 10.25], "texture": "#0"},
				"east": {"uv": [6, 9.5, 7.25, 11.75], "texture": "#0"},
				"south": {"uv": [3, 8, 5.75, 10.25], "texture": "#0"},
				"west": {"uv": [7.5, 9.5, 8.75, 11.75], "texture": "#0"},
				"up": {"uv": [8.75, 9.25, 6, 8], "texture": "#0"},
				"down": {"uv": [11.75, 8, 9, 9.25], "texture": "#0"}
			}
		},
		{
			"from": [4.25, 8, 12.75],
			"to": [5.75, 11.25, 13.75],
			"rotation": {"angle": 0, "axis": "y", "origin": [4.25, 8, 11.75]},
			"faces": {
				"north": {"uv": [9, 10.5, 9.75, 12.25], "texture": "#0"},
				"east": {"uv": [2, 11.5, 2.5, 13.25], "texture": "#0"},
				"south": {"uv": [10, 10.5, 10.75, 12.25], "texture": "#0"},
				"west": {"uv": [10.5, 12.5, 11, 14.25], "texture": "#0"},
				"up": {"uv": [7.75, 5.5, 7, 5], "texture": "#0"},
				"down": {"uv": [8.75, 5, 8, 5.5], "texture": "#0"}
			}
		},
		{
			"from": [8.5, 8, 12.75],
			"to": [10, 11.25, 13.75],
			"rotation": {"angle": 0, "axis": "y", "origin": [8.5, 8, 11.75]},
			"faces": {
				"north": {"uv": [11, 5.5, 11.75, 7.25], "texture": "#0"},
				"east": {"uv": [11, 12.5, 11.5, 14.25], "texture": "#0"},
				"south": {"uv": [11, 10.5, 11.75, 12.25], "texture": "#0"},
				"west": {"uv": [11.5, 12.5, 12, 14.25], "texture": "#0"},
				"up": {"uv": [9.75, 5.5, 9, 5], "texture": "#0"},
				"down": {"uv": [11.75, 7.5, 11, 8], "texture": "#0"}
			}
		},
		{
			"from": [5, 5.75, 14],
			"to": [9.25, 7, 16],
			"rotation": {"angle": 0, "axis": "y", "origin": [4.5, 5.75, 14]},
			"faces": {
				"north": {"uv": [3.5, 10.5, 5.75, 11.25], "texture": "#0"},
				"east": {"uv": [12.5, 9.5, 13.5, 10.25], "texture": "#0"},
				"south": {"uv": [10.5, 4.5, 12.75, 5.25], "texture": "#0"},
				"west": {"uv": [12, 12.5, 13, 13.25], "texture": "#0"},
				"up": {"uv": [11.25, 10.5, 9, 9.5], "texture": "#0"},
				"down": {"uv": [2.25, 10.5, 0, 11.5], "texture": "#0"}
			}
		}
	],
	"display": {
		"thirdperson_righthand": {
			"rotation": [79, -133, 0],
			"translation": [0, 0, 3.5]
		},
		"thirdperson_lefthand": {
			"rotation": [79, -133, 0],
			"translation": [0, 0, 3.5]
		},
		"firstperson_righthand": {
			"rotation": [-1, -67, 0],
			"translation": [3.5, 7.25, 0.5]
		},
		"firstperson_lefthand": {
			"rotation": [-1, -67, 0],
			"translation": [3.5, 7.25, 0.5]
		},
		"ground": {
			"translation": [0, 4.5, 0]
		},
		"gui": {
			"rotation": [0, 35, 0],
			"translation": [0.5, 3.75, 0]
		},
		"head": {
			"rotation": [0, -180, 0],
			"translation": [-1, 14.25, -1],
			"scale": [0.96, 1, 0.99]
		},
		"fixed": {
			"rotation": [-90, -180, 0],
			"translation": [-4, 0, -32],
			"scale": [4, 4, 4]
		}
	}
}