{
	"credit": "MadewithBlockbench",
	"texture_size": [128, 128],
	"textures": {
		"0": "custom/deko/bigboxtexture",
		"particle": "custom/deko/bigboxtexture"
	},
	"elements": [
		{
			"from": [-16, 0, -16],
			"to": [16, 32, 16],
			"rotation": {"angle": 0, "axis": "y", "origin": [8, 0, 8]},
			"faces": {
				"north": {"uv": [0, 0, 4, 4], "texture": "#0"},
				"east": {"uv": [4, 0, 8, 4], "texture": "#0"},
				"south": {"uv": [0, 4, 4, 8], "texture": "#0"},
				"west": {"uv": [4, 0, 8, 4], "texture": "#0"},
				"up": {"uv": [4, 12, 0, 8], "texture": "#0"},
				"down": {"uv": [8, 4, 12, 0], "texture": "#0"}
			}
		}
	],
	"gui_light": "front",
	"display": {
		"thirdperson_righthand": {
			"rotation": [67.5, 0, 0],
			"translation": [1, 0.75, -0.75],
			"scale": [0.12406, 0.12406, 0.12406]
		},
		"thirdperson_lefthand": {
			"rotation": [67.5, 0, 0],
			"translation": [-1, 0.75, -0.75],
			"scale": [0.12406, 0.12406, 0.12406]
		},
		"firstperson_righthand": {
			"translation": [51.75, -21.25, -44.5],
			"scale": [0.92187, 0.92187, 0.92187]
		},
		"firstperson_lefthand": {
			"translation": [35.5, -21.25, -44.5],
			"scale": [0.92187, 0.92187, 0.92187]
		},
		"ground": {
			"translation": [2, 6, 2],
			"scale": [0.25, 0.25, 0.25]
		},
		"gui": {
			"rotation": [30, 135, 0],
			"translation": [0, -0.5, 0],
			"scale": [0.30664, 0.30664, 0.30664]
		},
		"head": {
			"rotation": [0, 180, 0],
			"translation": [0, -30.4, 0],
			"scale": [1.6, 1.6, 1.6]
		},
		"fixed": {
			"rotation": [-90, 0, 0],
			"translation": [0, 0, -16],
			"scale": [2, 2, 2]
		}
	},
	"groups": [
		{
			"name": "group",
			"origin": [8, 0, 8],
			"color": 0,
			"children": [0]
		}
	]
}