{
	"credit": "MadewithBlockbench",
	"texture_size": [64, 64],
	"textures": {
		"0": "custom/deko/bin01texture",
		"particle": "custom/deko/bin01texture"
	},
	"elements": [
		{
			"from": [2, 1.5, 2],
			"to": [14, 18, 14],
			"rotation": {"angle": 0, "axis": "y", "origin": [8, 0, 8]},
			"faces": {
				"north": {"uv": [2, 4.875, 4, 7.625], "texture": "#0"},
				"east": {"uv": [0, 4.875, 2, 7.625], "texture": "#0"},
				"south": {"uv": [4, 4.875, 6, 7.625], "texture": "#0"},
				"west": {"uv": [2, 4.875, 0, 7.625], "texture": "#0"},
				"up": {"uv": [16, 2, 14, 0], "texture": "#0"},
				"down": {"uv": [2, 7.625, 0, 9.625], "texture": "#0"}
			}
		},
		{
			"from": [0.875, 17.925, 0.875],
			"to": [15.125, 20.925, 15.125],
			"rotation": {"angle": 0, "axis": "y", "origin": [8, 3.3, 8]},
			"faces": {
				"north": {"uv": [6.25, 5.375, 8.625, 5.875], "texture": "#0"},
				"east": {"uv": [6.25, 5.875, 8.625, 6.375], "texture": "#0"},
				"south": {"uv": [6.25, 4.375, 8.625, 4.875], "texture": "#0"},
				"west": {"uv": [6.25, 4.875, 8.625, 5.375], "texture": "#0"},
				"up": {"uv": [4.5, 10.125, 2.125, 7.75], "texture": "#0"},
				"down": {"uv": [8.625, 6.5, 6.25, 8.875], "texture": "#0"}
			}
		},
		{
			"from": [14.375, 0, 11],
			"to": [15.875, 4.5, 15.5],
			"rotation": {"angle": 0, "axis": "y", "origin": [8, 0, 8]},
			"faces": {
				"north": {"uv": [5.875, 2.875, 5.625, 3.625], "texture": "#0"},
				"east": {"uv": [4.875, 2.875, 4.125, 3.625], "texture": "#0"},
				"south": {"uv": [5.375, 2.875, 5.125, 3.625], "texture": "#0"},
				"west": {"uv": [4.875, 2.875, 4.125, 3.625], "texture": "#0"},
				"up": {"uv": [5.375, 3.625, 5.625, 2.875], "texture": "#0"},
				"down": {"uv": [4.875, 2.875, 5.125, 3.625], "texture": "#0"}
			}
		},
		{
			"from": [2, 0, 2],
			"to": [14, 1.5, 8],
			"rotation": {"angle": 0, "axis": "y", "origin": [8, 0, 8]},
			"faces": {
				"north": {"uv": [7.125, 4, 9.125, 4.25], "texture": "#0"},
				"east": {"uv": [6.125, 3.75, 7.125, 4], "texture": "#0"},
				"south": {"uv": [7.125, 3.75, 9.125, 4], "texture": "#0"},
				"west": {"uv": [6.125, 4, 7.125, 4.25], "texture": "#0"},
				"up": {"uv": [16, 1, 14, 0], "texture": "#0"},
				"down": {"uv": [6.125, 3.75, 4.125, 4.75], "texture": "#0"}
			}
		},
		{
			"from": [2.375, 20.925, 2.375],
			"to": [13.625, 22.425, 13.625],
			"rotation": {"angle": 0, "axis": "y", "origin": [8, 3.3, 8]},
			"faces": {
				"north": {"uv": [8.75, 5.125, 10.625, 5.375], "texture": "#0"},
				"east": {"uv": [8.75, 4.875, 10.625, 5.125], "texture": "#0"},
				"south": {"uv": [8.75, 4.625, 10.625, 4.875], "texture": "#0"},
				"west": {"uv": [8.75, 4.375, 10.625, 4.625], "texture": "#0"},
				"up": {"uv": [10.625, 7.375, 8.75, 5.5], "texture": "#0"},
				"down": {"uv": [16, 0, 14.125, 1.875], "texture": "#0"}
			}
		},
		{
			"from": [0.125, 0, 11],
			"to": [1.625, 4.5, 15.5],
			"rotation": {"angle": 0, "axis": "y", "origin": [8, 0, 8]},
			"faces": {
				"north": {"uv": [5.625, 2.875, 5.875, 3.625], "texture": "#0"},
				"east": {"uv": [4.125, 2.875, 4.875, 3.625], "texture": "#0"},
				"south": {"uv": [5.125, 2.875, 5.375, 3.625], "texture": "#0"},
				"west": {"uv": [4.125, 2.875, 4.875, 3.625], "texture": "#0"},
				"up": {"uv": [5.625, 3.625, 5.375, 2.875], "texture": "#0"},
				"down": {"uv": [5.125, 2.875, 4.875, 3.625], "texture": "#0"}
			}
		}
	],
	"gui_light": "front",
	"display": {
		"thirdperson_righthand": {
			"rotation": [67.5, 0, 0],
			"translation": [0, 1.25, -0.5],
			"scale": [0.22461, 0.22461, 0.22461]
		},
		"thirdperson_lefthand": {
			"rotation": [67.5, 0, 0],
			"translation": [0, 1.25, -0.5],
			"scale": [0.22461, 0.22461, 0.22461]
		},
		"firstperson_righthand": {
			"translation": [2.25, 3, 0],
			"scale": [0.30274, 0.30274, 0.30274]
		},
		"firstperson_lefthand": {
			"translation": [2.25, 3, 0],
			"scale": [0.30274, 0.30274, 0.30274]
		},
		"ground": {
			"translation": [0, 6, 0],
			"scale": [0.45, 0.45, 0.45]
		},
		"gui": {
			"rotation": [30, 135, 0],
			"translation": [0, -1.5, 0],
			"scale": [0.55664, 0.55664, 0.55664]
		},
		"head": {
			"rotation": [0, 180, 0],
			"translation": [0, -30.4, 0],
			"scale": [1.6, 1.6, 1.6]
		},
		"fixed": {
			"rotation": [-90, 0, 0],
			"translation": [0, 0, -16],
			"scale": [2, 2, 2]
		}
	},
	"groups": [
		{
			"name": "group",
			"origin": [8, 0, 8],
			"color": 0,
			"children": [0, 1, 2, 3, 4, 5]
		}
	]
}