{
	"credit": "MadewithBlockbench",
	"texture_size": [64, 64],
	"textures": {
		"0": "custom/deko/mod",
		"particle": "custom/deko/mod"
	},
	"elements": [
		{
			"from": [2, 8, 2],
			"to": [14, 10, 13],
			"rotation": {"angle": 0, "axis": "y", "origin": [8, 0, 8]},
			"faces": {
				"north": {"uv": [2, 1, 5, 1.5], "texture": "#0"},
				"east": {"uv": [2, 0.5, 4.75, 1], "texture": "#0"},
				"south": {"uv": [2, 1.5, 5, 2], "texture": "#0"},
				"west": {"uv": [2, 2, 4.75, 2.5], "texture": "#0"},
				"up": {"uv": [8, 2.75, 5, 0], "texture": "#0"},
				"down": {"uv": [11, 0, 8, 2.75], "texture": "#0"}
			}
		},
		{
			"from": [2, 8, 13],
			"to": [14, 21, 15],
			"rotation": {"angle": 0, "axis": "y", "origin": [8, 8, 13]},
			"faces": {
				"north": {"uv": [9.25, 4.75, 6.25, 8], "rotation": 180, "texture": "#0"},
				"east": {"uv": [0, 8, 3.25, 8.5], "rotation": 270, "texture": "#0"},
				"south": {"uv": [6.25, 8, 3.25, 4.75], "texture": "#0"},
				"west": {"uv": [6.25, 8, 9.5, 8.5], "rotation": 90, "texture": "#0"},
				"up": {"uv": [3.25, 8, 6.25, 8.5], "rotation": 180, "texture": "#0"},
				"down": {"uv": [9.5, 8, 12.5, 8.5], "texture": "#0"}
			}
		},
		{
			"from": [5, 2, 2.825],
			"to": [11, 3, 4.575],
			"rotation": {"angle": 0, "axis": "y", "origin": [8, 7, 12]},
			"faces": {
				"north": {"uv": [3, 3.5, 4.5, 3.75], "texture": "#0"},
				"east": {"uv": [2.5, 3.5, 3, 3.75], "texture": "#0"},
				"south": {"uv": [5, 3.5, 6.5, 3.75], "texture": "#0"},
				"west": {"uv": [4.5, 3.5, 5, 3.75], "texture": "#0"},
				"up": {"uv": [4.5, 3.5, 3, 3], "texture": "#0"},
				"down": {"uv": [6, 3, 4.5, 3.5], "texture": "#0"}
			}
		},
		{
			"from": [11, -1, 1.75],
			"to": [12.9, 9, 3.75],
			"rotation": {"angle": 22.5, "axis": "x", "origin": [12, 0, 3.75]},
			"faces": {
				"north": {"uv": [0.5, 0.5, 0.975, 3], "texture": "#0"},
				"east": {"uv": [0, 0.5, 0.5, 3], "texture": "#0"},
				"south": {"uv": [1.5, 0.5, 1.975, 3], "texture": "#0"},
				"west": {"uv": [1, 0.5, 1.5, 3], "texture": "#0"},
				"up": {"uv": [0.975, 0.5, 0.5, 0], "texture": "#0"},
				"down": {"uv": [1.475, 0, 1, 0.5], "texture": "#0"}
			}
		},
		{
			"from": [11, -1, 13.25],
			"to": [12.9, 9, 15.25],
			"rotation": {"angle": -22.5, "axis": "x", "origin": [12, 0, 13.25]},
			"faces": {
				"north": {"uv": [1.975, 0.5, 1.5, 3], "texture": "#0"},
				"east": {"uv": [0.5, 0.5, 0, 3], "texture": "#0"},
				"south": {"uv": [0.975, 0.5, 0.5, 3], "texture": "#0"},
				"west": {"uv": [1.5, 0.5, 1, 3], "texture": "#0"},
				"up": {"uv": [0.975, 0, 0.5, 0.5], "texture": "#0"},
				"down": {"uv": [1.475, 0.5, 1, 0], "texture": "#0"}
			}
		},
		{
			"from": [3.1, -1, 13.25],
			"to": [5, 9, 15.25],
			"rotation": {"angle": -22.5, "axis": "x", "origin": [4, 0, 13.25]},
			"faces": {
				"north": {"uv": [1.5, 0.5, 1.975, 3], "texture": "#0"},
				"east": {"uv": [1, 0.5, 1.5, 3], "texture": "#0"},
				"south": {"uv": [0.5, 0.5, 0.975, 3], "texture": "#0"},
				"west": {"uv": [0, 0.5, 0.5, 3], "texture": "#0"},
				"up": {"uv": [0.5, 0, 0.975, 0.5], "texture": "#0"},
				"down": {"uv": [1, 0.5, 1.475, 0], "texture": "#0"}
			}
		},
		{
			"from": [3.27145, 2, 4.05355],
			"to": [4.97145, 3, 13.05355],
			"rotation": {"angle": 0, "axis": "y", "origin": [3.64645, 2.5, 8.30355]},
			"faces": {
				"north": {"uv": [2.5, 3.5, 3, 3.75], "texture": "#0"},
				"east": {"uv": [5, 3.5, 6.5, 3.75], "texture": "#0"},
				"south": {"uv": [4.5, 3.5, 5, 3.75], "texture": "#0"},
				"west": {"uv": [3, 3.5, 4.5, 3.75], "texture": "#0"},
				"up": {"uv": [4.5, 3.5, 3, 3], "rotation": 270, "texture": "#0"},
				"down": {"uv": [6, 3, 4.5, 3.5], "rotation": 90, "texture": "#0"}
			}
		},
		{
			"from": [11.02855, 2, 4.05355],
			"to": [12.72855, 3, 13.05355],
			"rotation": {"angle": 0, "axis": "y", "origin": [12.35355, 2.5, 8.30355]},
			"faces": {
				"north": {"uv": [3, 3.5, 2.5, 3.75], "texture": "#0"},
				"east": {"uv": [4.5, 3.5, 3, 3.75], "texture": "#0"},
				"south": {"uv": [5, 3.5, 4.5, 3.75], "texture": "#0"},
				"west": {"uv": [6.5, 3.5, 5, 3.75], "texture": "#0"},
				"up": {"uv": [4.5, 3, 3, 3.5], "rotation": 270, "texture": "#0"},
				"down": {"uv": [6, 3.5, 4.5, 3], "rotation": 90, "texture": "#0"}
			}
		},
		{
			"from": [3.1, -1, 1.75],
			"to": [5, 9, 3.75],
			"rotation": {"angle": 22.5, "axis": "x", "origin": [4, 0, 3.75]},
			"faces": {
				"north": {"uv": [0.975, 0.5, 0.5, 3], "texture": "#0"},
				"east": {"uv": [1.5, 0.5, 1, 3], "texture": "#0"},
				"south": {"uv": [1.975, 0.5, 1.5, 3], "texture": "#0"},
				"west": {"uv": [0.5, 0.5, 0, 3], "texture": "#0"},
				"up": {"uv": [0.5, 0.5, 0.975, 0], "texture": "#0"},
				"down": {"uv": [1, 0, 1.475, 0.5], "texture": "#0"}
			}
		},
		{
			"from": [5, 2, 12.425],
			"to": [11, 3, 14.175],
			"rotation": {"angle": 0, "axis": "y", "origin": [8, 7, 5]},
			"faces": {
				"north": {"uv": [6.5, 3.5, 5, 3.75], "texture": "#0"},
				"east": {"uv": [3, 3.5, 2.5, 3.75], "texture": "#0"},
				"south": {"uv": [4.5, 3.5, 3, 3.75], "texture": "#0"},
				"west": {"uv": [5, 3.5, 4.5, 3.75], "texture": "#0"},
				"up": {"uv": [4.5, 3, 3, 3.5], "texture": "#0"},
				"down": {"uv": [6, 3.5, 4.5, 3], "texture": "#0"}
			}
		}
	],
	"gui_light": "front",
	"display": {
		"thirdperson_righthand": {
			"rotation": [67.5, 0, 0],
			"translation": [0, 1.5, 0.25],
			"scale": [0.24805, 0.24805, 0.24805]
		},
		"thirdperson_lefthand": {
			"rotation": [67.5, 0, 0],
			"translation": [0, 1.5, 0.25],
			"scale": [0.24805, 0.24805, 0.24805]
		},
		"firstperson_righthand": {
			"translation": [1.25, 4, 0],
			"scale": [0.36329, 0.36329, 0.36329]
		},
		"firstperson_lefthand": {
			"translation": [1.25, 4, 0],
			"scale": [0.36329, 0.36329, 0.36329]
		},
		"ground": {
			"translation": [0, 6, 0],
			"scale": [0.45, 0.45, 0.45]
		},
		"gui": {
			"rotation": [30, 135, 0],
			"translation": [-0.25, -1.5, 0],
			"scale": [0.57617, 0.57617, 0.57617]
		},
		"head": {
			"rotation": [0, 180, 0],
			"translation": [0, -30.4, 0],
			"scale": [1.6, 1.6, 1.6]
		},
		"fixed": {
			"rotation": [-90, 0, 0],
			"translation": [0, 0, -16],
			"scale": [2, 2, 2]
		}
	}
}