{
	"credit": "Made with Blockbench",
	"textures": {
		"0": "custom/deko/eimer",
		"particle": "custom/deko/eimer"
	},
	"elements": [
		{
			"from": [6.7, 1.2, 5.6],
			"to": [10.3, 5.6, 9.3],
			"faces": {
				"north": {"uv": [0, 0, 3.5, 4.5], "texture": "#0"},
				"east": {"uv": [4, 0, 7.5, 4.5], "texture": "#0"},
				"south": {"uv": [0, 5, 3.5, 9.5], "texture": "#0"},
				"west": {"uv": [4, 5, 7.5, 9.5], "texture": "#0"},
				"up": {"uv": [11.5, 3.5, 8, 0], "texture": "#0"},
				"down": {"uv": [11.5, 4, 8, 7.5], "texture": "#0"}
			}
		},
		{
			"from": [7, 5.5, 5.9],
			"to": [10, 5.7, 9],
			"faces": {
				"north": {"uv": [11, 10, 14, 10.5], "texture": "#0"},
				"east": {"uv": [11, 11, 14, 11.5], "texture": "#0"},
				"south": {"uv": [12, 0, 15, 0.5], "texture": "#0"},
				"west": {"uv": [12, 1, 15, 1.5], "texture": "#0"},
				"up": {"uv": [11, 11, 8, 8], "texture": "#0"},
				"down": {"uv": [3, 10, 0, 13], "texture": "#0"}
			}
		},
		{
			"from": [6.5, 7, 5],
			"to": [7, 7.3, 7.3],
			"rotation": {"angle": 22.5, "axis": "x", "origin": [0, 0, 0]},
			"faces": {
				"north": {"uv": [7, 10, 7.5, 10.5], "texture": "#0"},
				"east": {"uv": [12, 2, 14.5, 2.5], "texture": "#0"},
				"south": {"uv": [0, 13, 0.5, 13.5], "texture": "#0"},
				"west": {"uv": [12, 3, 14.5, 3.5], "texture": "#0"},
				"up": {"uv": [12.5, 6.5, 12, 4], "texture": "#0"},
				"down": {"uv": [11.5, 12, 11, 14.5], "texture": "#0"}
			}
		},
		{
			"from": [7, 7, 5],
			"to": [10.5, 7.3, 7.3],
			"rotation": {"angle": 22.5, "axis": "x", "origin": [0, 0, 0]},
			"faces": {
				"north": {"uv": [11, 8, 14.5, 8.5], "texture": "#0"},
				"east": {"uv": [12, 7, 14.5, 7.5], "texture": "#0"},
				"south": {"uv": [11, 9, 14.5, 9.5], "texture": "#0"},
				"west": {"uv": [12, 12, 14.5, 12.5], "texture": "#0"},
				"up": {"uv": [6.5, 12.5, 3, 10], "texture": "#0"},
				"down": {"uv": [10.5, 11, 7, 13.5], "texture": "#0"}
			}
		}
	],
	"display": {
		"thirdperson_righthand": {
			"rotation": [39, 0, 0],
			"translation": [-0.75, 3.75, 4],
			"scale": [1.17, 1, 1]
		},
		"thirdperson_lefthand": {
			"rotation": [48, -17, 0],
			"translation": [1, 3.5, 7],
			"scale": [1.41, 1.53, 1.38]
		},
		"firstperson_righthand": {
			"rotation": [5, -78, 0],
			"translation": [2, 9.25, 0],
			"scale": [1.53, 1.62, 1.81]
		},
		"firstperson_lefthand": {
			"rotation": [-1, 41, 0],
			"translation": [2.75, 9.5, 0],
			"scale": [1.62, 1.69, 1.5]
		},
		"ground": {
			"translation": [0, 5.25, 0]
		},
		"gui": {
			"rotation": [32, -39, 6],
			"translation": [-2, 8.25, 0],
			"scale": [2.08, 1.93, 1.84]
		},
		"head": {
			"rotation": [21, 0, 0],
			"translation": [-1.5, -7.25, -8.25],
			"scale": [4, 4, 4]
		},
		"fixed": {
			"rotation": [-90, 36, 3],
			"translation": [-2, 2.5, -25.5],
			"scale": [4, 4, 4]
		}
	}
}