{
	"credit": "Made with Blockbench",
	"texture_size": [64, 64],
	"textures": {
		"0": "custom/deko/kenny",
		"particle": "custom/deko/kenny"
	},
	"elements": [
		{
			"from": [3.5, 0, 3],
			"to": [5, 0.75, 5.5],
			"rotation": {"angle": 0, "axis": "y", "origin": [3, 0, 3]},
			"faces": {
				"north": {"uv": [8.25, 5.75, 8.625, 6], "texture": "#0"},
				"east": {"uv": [4, 5.25, 4.625, 5.5], "texture": "#0"},
				"south": {"uv": [1.25, 8.5, 1.625, 8.75], "texture": "#0"},
				"west": {"uv": [7, 6, 7.625, 6.25], "texture": "#0"},
				"up": {"uv": [0.375, 6.875, 0, 6.25], "texture": "#0"},
				"down": {"uv": [6.375, 6.25, 6, 6.875], "texture": "#0"}
			}
		},
		{
			"from": [8.75, 0, 3],
			"to": [10.25, 0.75, 5.5],
			"rotation": {"angle": 0, "axis": "y", "origin": [8.25, 0, 3]},
			"faces": {
				"north": {"uv": [8.5, 1.5, 8.875, 1.75], "texture": "#0"},
				"east": {"uv": [1, 7.25, 1.625, 7.5], "texture": "#0"},
				"south": {"uv": [1.75, 8.5, 2.125, 8.75], "texture": "#0"},
				"west": {"uv": [1.75, 7.25, 2.375, 7.5], "texture": "#0"},
				"up": {"uv": [0.875, 7.125, 0.5, 6.5], "texture": "#0"},
				"down": {"uv": [1.375, 6.5, 1, 7.125], "texture": "#0"}
			}
		},
		{
			"from": [8.75, 0, 11],
			"to": [10.25, 0.75, 13.5],
			"rotation": {"angle": 0, "axis": "y", "origin": [8.25, 0, 11]},
			"faces": {
				"north": {"uv": [8.5, 1.75, 8.875, 2], "texture": "#0"},
				"east": {"uv": [7.25, 2, 7.875, 2.25], "texture": "#0"},
				"south": {"uv": [8.5, 2, 8.875, 2.25], "texture": "#0"},
				"west": {"uv": [7.25, 2.25, 7.875, 2.5], "texture": "#0"},
				"up": {"uv": [1.875, 7.125, 1.5, 6.5], "texture": "#0"},
				"down": {"uv": [2.375, 6.5, 2, 7.125], "texture": "#0"}
			}
		},
		{
			"from": [3.5, 0, 11],
			"to": [5, 0.75, 13.5],
			"rotation": {"angle": 0, "axis": "y", "origin": [3, 0, 11]},
			"faces": {
				"north": {"uv": [2.25, 8.5, 2.625, 8.75], "texture": "#0"},
				"east": {"uv": [2.5, 7.25, 3.125, 7.5], "texture": "#0"},
				"south": {"uv": [8.5, 2.25, 8.875, 2.5], "texture": "#0"},
				"west": {"uv": [7.25, 2.5, 7.875, 2.75], "texture": "#0"},
				"up": {"uv": [2.875, 7.125, 2.5, 6.5], "texture": "#0"},
				"down": {"uv": [3.375, 6.5, 3, 7.125], "texture": "#0"}
			}
		},
		{
			"from": [3.75, 0.75, 4.25],
			"to": [4.75, 2.75, 5.25],
			"rotation": {"angle": 22.5, "axis": "x", "origin": [2.75, 0.75, 4.25]},
			"faces": {
				"north": {"uv": [3.5, 1.5, 3.75, 2], "texture": "#0"},
				"east": {"uv": [6.75, 7.5, 7, 8], "texture": "#0"},
				"south": {"uv": [7.5, 6.75, 7.75, 7.25], "texture": "#0"},
				"west": {"uv": [7.5, 7.25, 7.75, 7.75], "texture": "#0"},
				"up": {"uv": [3.25, 5.25, 3, 5], "texture": "#0"},
				"down": {"uv": [2, 5.25, 1.75, 5.5], "texture": "#0"}
			}
		},
		{
			"from": [9, 0.75, 4.25],
			"to": [10, 2.75, 5.25],
			"rotation": {"angle": 22.5, "axis": "x", "origin": [8, 0.75, 4.25]},
			"faces": {
				"north": {"uv": [0, 7.75, 0.25, 8.25], "texture": "#0"},
				"east": {"uv": [0.25, 7.75, 0.5, 8.25], "texture": "#0"},
				"south": {"uv": [3.5, 7.75, 3.75, 8.25], "texture": "#0"},
				"west": {"uv": [3.75, 7.75, 4, 8.25], "texture": "#0"},
				"up": {"uv": [3, 5.75, 2.75, 5.5], "texture": "#0"},
				"down": {"uv": [4, 5.75, 3.75, 6], "texture": "#0"}
			}
		},
		{
			"from": [9, 0.25, 12.5],
			"to": [10, 2.25, 13.5],
			"rotation": {"angle": -22.5, "axis": "x", "origin": [8, 0.25, 12.5]},
			"faces": {
				"north": {"uv": [7.75, 4.25, 8, 4.75], "texture": "#0"},
				"east": {"uv": [7.75, 4.75, 8, 5.25], "texture": "#0"},
				"south": {"uv": [5, 7.75, 5.25, 8.25], "texture": "#0"},
				"west": {"uv": [5.25, 7.75, 5.5, 8.25], "texture": "#0"},
				"up": {"uv": [0.75, 6.5, 0.5, 6.25], "texture": "#0"},
				"down": {"uv": [3.5, 7.25, 3.25, 7.5], "texture": "#0"}
			}
		},
		{
			"from": [3.75, 0.25, 12.5],
			"to": [4.75, 2.25, 13.5],
			"rotation": {"angle": -22.5, "axis": "x", "origin": [2.75, 0.25, 12.5]},
			"faces": {
				"north": {"uv": [7.75, 5.25, 8, 5.75], "texture": "#0"},
				"east": {"uv": [5.5, 7.75, 5.75, 8.25], "texture": "#0"},
				"south": {"uv": [7.75, 5.75, 8, 6.25], "texture": "#0"},
				"west": {"uv": [7.75, 6.25, 8, 6.75], "texture": "#0"},
				"up": {"uv": [6, 7.5, 5.75, 7.25], "texture": "#0"},
				"down": {"uv": [8.75, 4.25, 8.5, 4.5], "texture": "#0"}
			}
		},
		{
			"from": [5.5, 2.75, 11],
			"to": [8.25, 4.75, 12.25],
			"rotation": {"angle": 45, "axis": "x", "origin": [5.75, 2.75, 11.25]},
			"faces": {
				"north": {"uv": [4.75, 5, 5.5, 5.5], "texture": "#0"},
				"east": {"uv": [4, 7, 4.375, 7.5], "texture": "#0"},
				"south": {"uv": [0, 5.25, 0.75, 5.75], "texture": "#0"},
				"west": {"uv": [4.5, 7, 4.875, 7.5], "texture": "#0"},
				"up": {"uv": [6.25, 5.375, 5.5, 5], "texture": "#0"},
				"down": {"uv": [0.75, 5.75, 0, 6.125], "texture": "#0"}
			}
		},
		{
			"from": [6, 5.5, 14],
			"to": [7.75, 8.5, 14.75],
			"rotation": {"angle": 22.5, "axis": "x", "origin": [5.75, 5.5, 14]},
			"faces": {
				"north": {"uv": [0.75, 5.25, 1.25, 6], "texture": "#0"},
				"east": {"uv": [5.25, 7, 5.5, 7.75], "texture": "#0"},
				"south": {"uv": [1.25, 5.25, 1.75, 6], "texture": "#0"},
				"west": {"uv": [5.5, 7, 5.75, 7.75], "texture": "#0"},
				"up": {"uv": [3.75, 4.5, 3.25, 4.25], "texture": "#0"},
				"down": {"uv": [6.75, 5.25, 6.25, 5.5], "texture": "#0"}
			}
		},
		{
			"from": [6.25, 7.75, 15.25],
			"to": [7.5, 10.75, 15.75],
			"rotation": {"angle": 0, "axis": "x", "origin": [5.75, 7.75, 15]},
			"faces": {
				"north": {"uv": [2.75, 5.75, 3.125, 6.5], "texture": "#0"},
				"east": {"uv": [8.5, 2.5, 8.625, 3.25], "texture": "#0"},
				"south": {"uv": [3.25, 5.75, 3.625, 6.5], "texture": "#0"},
				"west": {"uv": [2.75, 8.5, 2.875, 9.25], "texture": "#0"},
				"up": {"uv": [8.125, 8.875, 7.75, 8.75], "texture": "#0"},
				"down": {"uv": [9.125, 7.75, 8.75, 7.875], "texture": "#0"}
			}
		},
		{
			"from": [5, 3, 3.75],
			"to": [8.75, 4, 6.25],
			"rotation": {"angle": 0, "axis": "y", "origin": [6.75, 3, 3.75]},
			"faces": {
				"north": {"uv": [6, 6, 7, 6.25], "texture": "#0"},
				"east": {"uv": [7.25, 2.75, 7.875, 3], "texture": "#0"},
				"south": {"uv": [6.25, 5, 7.25, 5.25], "texture": "#0"},
				"west": {"uv": [7.25, 3, 7.875, 3.25], "texture": "#0"},
				"up": {"uv": [4.75, 2.125, 3.75, 1.5], "texture": "#0"},
				"down": {"uv": [4.75, 2.25, 3.75, 2.875], "texture": "#0"}
			}
		},
		{
			"from": [4.75, 1.75, 4.5],
			"to": [9, 3, 7],
			"rotation": {"angle": 0, "axis": "y", "origin": [7, 1, 4.5]},
			"faces": {
				"north": {"uv": [0, 4.75, 1.125, 5.125], "texture": "#0"},
				"east": {"uv": [3.5, 6.5, 4.125, 6.875], "texture": "#0"},
				"south": {"uv": [4.75, 0, 5.875, 0.375], "texture": "#0"},
				"west": {"uv": [4.25, 6.5, 4.875, 6.875], "texture": "#0"},
				"up": {"uv": [3.625, 2.625, 2.5, 2], "texture": "#0"},
				"down": {"uv": [3.625, 2.75, 2.5, 3.375], "texture": "#0"}
			}
		},
		{
			"from": [4.75, 2.25, 6],
			"to": [9, 3.5, 8.5],
			"rotation": {"angle": 0, "axis": "y", "origin": [7, 1.5, 6]},
			"faces": {
				"north": {"uv": [4.75, 0.5, 5.875, 0.875], "texture": "#0"},
				"east": {"uv": [5, 6.5, 5.625, 6.875], "texture": "#0"},
				"south": {"uv": [4.75, 1, 5.875, 1.375], "texture": "#0"},
				"west": {"uv": [6.5, 6.25, 7.125, 6.625], "texture": "#0"},
				"up": {"uv": [2.375, 3.625, 1.25, 3], "texture": "#0"},
				"down": {"uv": [1.125, 3.5, 0, 4.125], "texture": "#0"}
			}
		},
		{
			"from": [4.75, 2.25, 8],
			"to": [9, 3.5, 10.5],
			"rotation": {"angle": 0, "axis": "y", "origin": [7, 1.5, 8]},
			"faces": {
				"north": {"uv": [4.75, 1.5, 5.875, 1.875], "texture": "#0"},
				"east": {"uv": [6.75, 0, 7.375, 0.375], "texture": "#0"},
				"south": {"uv": [4.75, 2, 5.875, 2.375], "texture": "#0"},
				"west": {"uv": [6.75, 0.5, 7.375, 0.875], "texture": "#0"},
				"up": {"uv": [4.625, 0.625, 3.5, 0], "texture": "#0"},
				"down": {"uv": [4.625, 0.75, 3.5, 1.375], "texture": "#0"}
			}
		},
		{
			"from": [4.75, 1.75, 10],
			"to": [9, 3, 12.5],
			"rotation": {"angle": 0, "axis": "y", "origin": [7, 1, 10]},
			"faces": {
				"north": {"uv": [4.75, 2.5, 5.875, 2.875], "texture": "#0"},
				"east": {"uv": [6.75, 1, 7.375, 1.375], "texture": "#0"},
				"south": {"uv": [4.75, 4.5, 5.875, 4.875], "texture": "#0"},
				"west": {"uv": [6.75, 1.5, 7.375, 1.875], "texture": "#0"},
				"up": {"uv": [3.625, 4.125, 2.5, 3.5], "texture": "#0"},
				"down": {"uv": [2.375, 3.75, 1.25, 4.375], "texture": "#0"}
			}
		},
		{
			"from": [4.75, 3.75, 2],
			"to": [9, 7.5, 6.5],
			"rotation": {"angle": 0, "axis": "y", "origin": [6, 3.75, 3]},
			"faces": {
				"north": {"uv": [1.25, 0, 2.375, 1], "texture": "#0"},
				"east": {"uv": [1.25, 1, 2.375, 2], "texture": "#0"},
				"south": {"uv": [1.25, 2, 2.375, 3], "texture": "#0"},
				"west": {"uv": [0, 2.5, 1.125, 3.5], "texture": "#0"},
				"up": {"uv": [1.125, 1.125, 0, 0], "texture": "#0"},
				"down": {"uv": [1.125, 1.25, 0, 2.375], "texture": "#0"}
			}
		},
		{
			"from": [4.75, 3.75, 0],
			"to": [9, 5.5, 2],
			"rotation": {"angle": 0, "axis": "y", "origin": [4.75, 3.75, 0]},
			"faces": {
				"north": {"uv": [3.75, 3, 4.875, 3.5], "texture": "#0"},
				"east": {"uv": [2, 4.5, 2.5, 5], "texture": "#0"},
				"south": {"uv": [3.75, 3.5, 4.875, 4], "texture": "#0"},
				"west": {"uv": [2.25, 6, 2.75, 6.5], "texture": "#0"},
				"up": {"uv": [4.875, 4.5, 3.75, 4], "texture": "#0"},
				"down": {"uv": [1.125, 4.25, 0, 4.75], "texture": "#0"}
			}
		},
		{
			"from": [5, 7.25, 3.5],
			"to": [6.25, 9.75, 4.75],
			"rotation": {"angle": 22.5, "axis": "x", "origin": [4, 7.25, 2.75]},
			"faces": {
				"north": {"uv": [6.75, 2, 7.125, 2.625], "texture": "#0"},
				"east": {"uv": [6.75, 2.75, 7.125, 3.375], "texture": "#0"},
				"south": {"uv": [6.75, 3.5, 7.125, 4.125], "texture": "#0"},
				"west": {"uv": [6.75, 4.25, 7.125, 4.875], "texture": "#0"},
				"up": {"uv": [7.625, 4.625, 7.25, 4.25], "texture": "#0"},
				"down": {"uv": [7.625, 4.75, 7.25, 5.125], "texture": "#0"}
			}
		},
		{
			"from": [7.5, 7.25, 3.5],
			"to": [8.75, 9.75, 4.75],
			"rotation": {"angle": 22.5, "axis": "x", "origin": [6.5, 7.25, 2.75]},
			"faces": {
				"north": {"uv": [6.75, 5.25, 7.125, 5.875], "texture": "#0"},
				"east": {"uv": [6.5, 6.75, 6.875, 7.375], "texture": "#0"},
				"south": {"uv": [0, 7, 0.375, 7.625], "texture": "#0"},
				"west": {"uv": [3.5, 7, 3.875, 7.625], "texture": "#0"},
				"up": {"uv": [7.625, 5.625, 7.25, 5.25], "texture": "#0"},
				"down": {"uv": [7.625, 6.25, 7.25, 6.625], "texture": "#0"}
			}
		},
		{
			"from": [7.75, 9.25, 4.5],
			"to": [8.5, 11, 5.5],
			"rotation": {"angle": 45, "axis": "x", "origin": [6.25, 9.25, 3.5]},
			"faces": {
				"north": {"uv": [7.75, 6.75, 8, 7.25], "texture": "#0"},
				"east": {"uv": [7, 7.75, 7.25, 8.25], "texture": "#0"},
				"south": {"uv": [7.25, 7.75, 7.5, 8.25], "texture": "#0"},
				"west": {"uv": [7.75, 7.25, 8, 7.75], "texture": "#0"},
				"up": {"uv": [8.75, 5.25, 8.5, 5], "texture": "#0"},
				"down": {"uv": [8.75, 5.25, 8.5, 5.5], "texture": "#0"}
			}
		},
		{
			"from": [5.25, 9.25, 4.5],
			"to": [6, 11, 5.5],
			"rotation": {"angle": 45, "axis": "x", "origin": [3.75, 9.25, 3.5]},
			"faces": {
				"north": {"uv": [7.5, 7.75, 7.75, 8.25], "texture": "#0"},
				"east": {"uv": [7.75, 7.75, 8, 8.25], "texture": "#0"},
				"south": {"uv": [8, 0, 8.25, 0.5], "texture": "#0"},
				"west": {"uv": [0.5, 8, 0.75, 8.5], "texture": "#0"},
				"up": {"uv": [1.5, 9, 1.25, 8.75], "texture": "#0"},
				"down": {"uv": [1.75, 8.75, 1.5, 9], "texture": "#0"}
			}
		},
		{
			"from": [5, 3.25, 6.5],
			"to": [8.75, 4.5, 10.25],
			"rotation": {"angle": 0, "axis": "y", "origin": [5, 3.25, 8.25]},
			"faces": {
				"north": {"uv": [2, 5, 3, 5.375], "texture": "#0"},
				"east": {"uv": [5, 3, 6, 3.375], "texture": "#0"},
				"south": {"uv": [5, 3.5, 6, 3.875], "texture": "#0"},
				"west": {"uv": [5, 4, 6, 4.375], "texture": "#0"},
				"up": {"uv": [3.5, 1, 2.5, 0], "texture": "#0"},
				"down": {"uv": [3.5, 1, 2.5, 2], "texture": "#0"}
			}
		},
		{
			"from": [6, 10, 14.75],
			"to": [7.75, 11, 16.25],
			"rotation": {"angle": 0, "axis": "y", "origin": [6, 10, 14.75]},
			"faces": {
				"north": {"uv": [7.25, 5.75, 7.75, 6], "texture": "#0"},
				"east": {"uv": [3, 8.5, 3.375, 8.75], "texture": "#0"},
				"south": {"uv": [8, 0.5, 8.5, 0.75], "texture": "#0"},
				"west": {"uv": [8.5, 3.25, 8.875, 3.5], "texture": "#0"},
				"up": {"uv": [6.5, 7.375, 6, 7], "texture": "#0"},
				"down": {"uv": [7.5, 6.75, 7, 7.125], "texture": "#0"}
			}
		},
		{
			"from": [5.25, 2.75, 10.25],
			"to": [8.5, 4, 11.75],
			"rotation": {"angle": 0, "axis": "y", "origin": [5.75, 2.75, 9.75]},
			"faces": {
				"north": {"uv": [3, 5.25, 3.875, 5.625], "texture": "#0"},
				"east": {"uv": [7, 7.25, 7.375, 7.625], "texture": "#0"},
				"south": {"uv": [1.75, 5.5, 2.625, 5.875], "texture": "#0"},
				"west": {"uv": [7.5, 0, 7.875, 0.375], "texture": "#0"},
				"up": {"uv": [4.875, 5.875, 4, 5.5], "texture": "#0"},
				"down": {"uv": [5.875, 5.5, 5, 5.875], "texture": "#0"}
			}
		},
		{
			"from": [8.75, 3.5, 7.25],
			"to": [9.5, 5.5, 8.25],
			"rotation": {"angle": 22.5, "axis": "x", "origin": [8.75, 3.5, 7.25]},
			"faces": {
				"north": {"uv": [8.5, 0.5, 8.75, 1], "texture": "#0"},
				"east": {"uv": [0.75, 8.5, 1, 9], "texture": "#0"},
				"south": {"uv": [1, 8.5, 1.25, 9], "texture": "#0"},
				"west": {"uv": [8.5, 1, 8.75, 1.5], "texture": "#0"},
				"up": {"uv": [7.75, 9, 7.5, 8.75], "texture": "#0"},
				"down": {"uv": [9, 7.5, 8.75, 7.75], "texture": "#0"}
			}
		},
		{
			"from": [8.75, 5.25, 8.25],
			"to": [9.5, 7.25, 9],
			"rotation": {"angle": 22.5, "axis": "x", "origin": [8.75, 5.25, 8]},
			"faces": {
				"north": {"uv": [8, 8.25, 8.25, 8.75], "texture": "#0"},
				"east": {"uv": [8.25, 8.25, 8.5, 8.75], "texture": "#0"},
				"south": {"uv": [8.5, 0, 8.75, 0.5], "texture": "#0"},
				"west": {"uv": [0.5, 8.5, 0.75, 9], "texture": "#0"},
				"up": {"uv": [7.5, 9, 7.25, 8.75], "texture": "#0"},
				"down": {"uv": [9, 7.25, 8.75, 7.5], "texture": "#0"}
			}
		},
		{
			"from": [8.75, 7, 9],
			"to": [9.5, 9, 9.75],
			"rotation": {"angle": 22.5, "axis": "x", "origin": [8.75, 7, 8.75]},
			"faces": {
				"north": {"uv": [8.25, 7.25, 8.5, 7.75], "texture": "#0"},
				"east": {"uv": [7.5, 8.25, 7.75, 8.75], "texture": "#0"},
				"south": {"uv": [7.75, 8.25, 8, 8.75], "texture": "#0"},
				"west": {"uv": [8.25, 7.75, 8.5, 8.25], "texture": "#0"},
				"up": {"uv": [7.25, 9, 7, 8.75], "texture": "#0"},
				"down": {"uv": [9, 7, 8.75, 7.25], "texture": "#0"}
			}
		},
		{
			"from": [8.75, 8.5, 9.5],
			"to": [9.5, 10.5, 10.25],
			"rotation": {"angle": 45, "axis": "x", "origin": [8.75, 8.5, 9.25]},
			"faces": {
				"north": {"uv": [8.25, 6.25, 8.5, 6.75], "texture": "#0"},
				"east": {"uv": [8.25, 6.75, 8.5, 7.25], "texture": "#0"},
				"south": {"uv": [7, 8.25, 7.25, 8.75], "texture": "#0"},
				"west": {"uv": [7.25, 8.25, 7.5, 8.75], "texture": "#0"},
				"up": {"uv": [9, 6.75, 8.75, 6.5], "texture": "#0"},
				"down": {"uv": [9, 6.75, 8.75, 7], "texture": "#0"}
			}
		},
		{
			"from": [8.75, 8.75, 10.5],
			"to": [9.5, 9.5, 12.5],
			"rotation": {"angle": -22.5, "axis": "x", "origin": [8.75, 9.75, 10.5]},
			"faces": {
				"north": {"uv": [6.25, 8.75, 6.5, 9], "texture": "#0"},
				"east": {"uv": [5.25, 8.25, 5.75, 8.5], "texture": "#0"},
				"south": {"uv": [8.75, 6.25, 9, 6.5], "texture": "#0"},
				"west": {"uv": [8.25, 5.5, 8.75, 5.75], "texture": "#0"},
				"up": {"uv": [6.25, 8.75, 6, 8.25], "texture": "#0"},
				"down": {"uv": [6.5, 8.25, 6.25, 8.75], "texture": "#0"}
			}
		},
		{
			"from": [8.75, 9.25, 12],
			"to": [9.5, 10, 14],
			"rotation": {"angle": 0, "axis": "x", "origin": [8.75, 10.25, 12]},
			"faces": {
				"north": {"uv": [6, 8.75, 6.25, 9], "texture": "#0"},
				"east": {"uv": [8.25, 4.5, 8.75, 4.75], "texture": "#0"},
				"south": {"uv": [8.75, 6, 9, 6.25], "texture": "#0"},
				"west": {"uv": [8.25, 4.75, 8.75, 5], "texture": "#0"},
				"up": {"uv": [4.75, 8.75, 4.5, 8.25], "texture": "#0"},
				"down": {"uv": [5.25, 8.25, 5, 8.75], "texture": "#0"}
			}
		},
		{
			"from": [5.75, 3.75, 12],
			"to": [8, 6.75, 13],
			"rotation": {"angle": 45, "axis": "x", "origin": [5.75, 3.75, 12]},
			"faces": {
				"north": {"uv": [3.25, 4.5, 3.875, 5.25], "texture": "#0"},
				"east": {"uv": [0.5, 7.25, 0.75, 8], "texture": "#0"},
				"south": {"uv": [4, 4.5, 4.625, 5.25], "texture": "#0"},
				"west": {"uv": [0.75, 7.25, 1, 8], "texture": "#0"},
				"up": {"uv": [7.875, 4, 7.25, 3.75], "texture": "#0"},
				"down": {"uv": [7.875, 4, 7.25, 4.25], "texture": "#0"}
			}
		},
		{
			"from": [4.25, 3.5, 7.25],
			"to": [5, 5.5, 8.25],
			"rotation": {"angle": 22.5, "axis": "x", "origin": [4.25, 3.5, 7.25]},
			"faces": {
				"north": {"uv": [3.5, 8.25, 3.75, 8.75], "texture": "#0"},
				"east": {"uv": [3.75, 8.25, 4, 8.75], "texture": "#0"},
				"south": {"uv": [8.25, 3.75, 8.5, 4.25], "texture": "#0"},
				"west": {"uv": [4.25, 8.25, 4.5, 8.75], "texture": "#0"},
				"up": {"uv": [9, 5.75, 8.75, 5.5], "texture": "#0"},
				"down": {"uv": [9, 5.75, 8.75, 6], "texture": "#0"}
			}
		},
		{
			"from": [4.25, 5.25, 8.25],
			"to": [5, 7.25, 9],
			"rotation": {"angle": 22.5, "axis": "x", "origin": [4.25, 5.25, 8]},
			"faces": {
				"north": {"uv": [8.25, 1.25, 8.5, 1.75], "texture": "#0"},
				"east": {"uv": [8.25, 1.75, 8.5, 2.25], "texture": "#0"},
				"south": {"uv": [8.25, 2.25, 8.5, 2.75], "texture": "#0"},
				"west": {"uv": [8.25, 2.75, 8.5, 3.25], "texture": "#0"},
				"up": {"uv": [9, 5.25, 8.75, 5], "texture": "#0"},
				"down": {"uv": [9, 5.25, 8.75, 5.5], "texture": "#0"}
			}
		},
		{
			"from": [4.25, 7, 9],
			"to": [5, 9, 9.75],
			"rotation": {"angle": 22.5, "axis": "x", "origin": [4.25, 7, 8.75]},
			"faces": {
				"north": {"uv": [0, 8.25, 0.25, 8.75], "texture": "#0"},
				"east": {"uv": [8.25, 0, 8.5, 0.5], "texture": "#0"},
				"south": {"uv": [0.25, 8.25, 0.5, 8.75], "texture": "#0"},
				"west": {"uv": [8.25, 0.75, 8.5, 1.25], "texture": "#0"},
				"up": {"uv": [9, 5, 8.75, 4.75], "texture": "#0"},
				"down": {"uv": [5.25, 8.75, 5, 9], "texture": "#0"}
			}
		},
		{
			"from": [4.25, 8.5, 9.5],
			"to": [5, 10.5, 10.25],
			"rotation": {"angle": 45, "axis": "x", "origin": [4.25, 8.5, 9.25]},
			"faces": {
				"north": {"uv": [6.75, 8, 7, 8.5], "texture": "#0"},
				"east": {"uv": [8, 6.75, 8.25, 7.25], "texture": "#0"},
				"south": {"uv": [8, 7.25, 8.25, 7.75], "texture": "#0"},
				"west": {"uv": [8, 7.75, 8.25, 8.25], "texture": "#0"},
				"up": {"uv": [4.75, 9, 4.5, 8.75], "texture": "#0"},
				"down": {"uv": [9, 4.5, 8.75, 4.75], "texture": "#0"}
			}
		},
		{
			"from": [4.25, 8.75, 10.5],
			"to": [5, 9.5, 12.5],
			"rotation": {"angle": -22.5, "axis": "x", "origin": [4.25, 9.75, 10.5]},
			"faces": {
				"north": {"uv": [4.25, 8.75, 4.5, 9], "texture": "#0"},
				"east": {"uv": [6, 8, 6.5, 8.25], "texture": "#0"},
				"south": {"uv": [8.75, 4.25, 9, 4.5], "texture": "#0"},
				"west": {"uv": [8, 6, 8.5, 6.25], "texture": "#0"},
				"up": {"uv": [8.25, 6.75, 8, 6.25], "texture": "#0"},
				"down": {"uv": [6.75, 8, 6.5, 8.5], "texture": "#0"}
			}
		},
		{
			"from": [4.25, 9.25, 12],
			"to": [5, 10, 14],
			"rotation": {"angle": 0, "axis": "x", "origin": [4.25, 10.25, 12]},
			"faces": {
				"north": {"uv": [8.75, 3.75, 9, 4], "texture": "#0"},
				"east": {"uv": [8, 5, 8.5, 5.25], "texture": "#0"},
				"south": {"uv": [8.75, 4, 9, 4.25], "texture": "#0"},
				"west": {"uv": [8, 5.25, 8.5, 5.5], "texture": "#0"},
				"up": {"uv": [8.25, 6, 8, 5.5], "texture": "#0"},
				"down": {"uv": [6, 8, 5.75, 8.5], "texture": "#0"}
			}
		},
		{
			"from": [4.5, 5, 9],
			"to": [4.75, 6.25, 12],
			"rotation": {"angle": 0, "axis": "y", "origin": [4.5, 5, 8.25]},
			"faces": {
				"north": {"uv": [8.75, 8, 8.875, 8.375], "texture": "#0"},
				"east": {"uv": [6, 0, 6.75, 0.375], "texture": "#0"},
				"south": {"uv": [8.25, 8.75, 8.375, 9.125], "texture": "#0"},
				"west": {"uv": [6, 0.5, 6.75, 0.875], "texture": "#0"},
				"up": {"uv": [8.625, 4.25, 8.5, 3.5], "texture": "#0"},
				"down": {"uv": [4.125, 8.5, 4, 9.25], "texture": "#0"}
			}
		},
		{
			"from": [4.5, 5.5, 9.5],
			"to": [4.75, 6.75, 10.75],
			"rotation": {"angle": 0, "axis": "y", "origin": [4.5, 5.5, 8.75]},
			"faces": {
				"north": {"uv": [8.75, 8.5, 8.875, 8.875], "texture": "#0"},
				"east": {"uv": [7.5, 0.5, 7.875, 0.875], "texture": "#0"},
				"south": {"uv": [9, 0, 9.125, 0.375], "texture": "#0"},
				"west": {"uv": [1, 7.5, 1.375, 7.875], "texture": "#0"},
				"up": {"uv": [0.625, 9.375, 0.5, 9], "texture": "#0"},
				"down": {"uv": [9.125, 0.5, 9, 0.875], "texture": "#0"}
			}
		},
		{
			"from": [4.5, 6.25, 9.75],
			"to": [4.75, 7.5, 12.5],
			"rotation": {"angle": 0, "axis": "y", "origin": [4.5, 6.25, 9]},
			"faces": {
				"north": {"uv": [0.75, 9, 0.875, 9.375], "texture": "#0"},
				"east": {"uv": [0.75, 6, 1.5, 6.375], "texture": "#0"},
				"south": {"uv": [1, 9, 1.125, 9.375], "texture": "#0"},
				"west": {"uv": [6, 1, 6.75, 1.375], "texture": "#0"},
				"up": {"uv": [4.875, 9.25, 4.75, 8.5], "texture": "#0"},
				"down": {"uv": [5.375, 8.5, 5.25, 9.25], "texture": "#0"}
			}
		},
		{
			"from": [4.5, 7.25, 10],
			"to": [4.75, 8.5, 13],
			"rotation": {"angle": 0, "axis": "y", "origin": [4.5, 7.25, 9.25]},
			"faces": {
				"north": {"uv": [2.5, 9, 2.625, 9.375], "texture": "#0"},
				"east": {"uv": [1.5, 6, 2.25, 6.375], "texture": "#0"},
				"south": {"uv": [9, 2.5, 9.125, 2.875], "texture": "#0"},
				"west": {"uv": [6, 1.5, 6.75, 1.875], "texture": "#0"},
				"up": {"uv": [5.625, 9.25, 5.5, 8.5], "texture": "#0"},
				"down": {"uv": [5.875, 8.5, 5.75, 9.25], "texture": "#0"}
			}
		},
		{
			"from": [4.5, 8.25, 10.75],
			"to": [4.75, 9.5, 13.75],
			"rotation": {"angle": 0, "axis": "y", "origin": [4.5, 8.25, 10]},
			"faces": {
				"north": {"uv": [3, 9, 3.125, 9.375], "texture": "#0"},
				"east": {"uv": [6, 2, 6.75, 2.375], "texture": "#0"},
				"south": {"uv": [9, 3, 9.125, 3.375], "texture": "#0"},
				"west": {"uv": [6, 2.5, 6.75, 2.875], "texture": "#0"},
				"up": {"uv": [8.625, 6.75, 8.5, 6], "texture": "#0"},
				"down": {"uv": [6.625, 8.5, 6.5, 9.25], "texture": "#0"}
			}
		},
		{
			"from": [4.5, 4.5, 8.75],
			"to": [4.75, 5.75, 10],
			"rotation": {"angle": 0, "axis": "y", "origin": [4.5, 4.5, 8]},
			"faces": {
				"north": {"uv": [9, 1, 9.125, 1.375], "texture": "#0"},
				"east": {"uv": [7.5, 1, 7.875, 1.375], "texture": "#0"},
				"south": {"uv": [1.25, 9, 1.375, 9.375], "texture": "#0"},
				"west": {"uv": [1.5, 7.5, 1.875, 7.875], "texture": "#0"},
				"up": {"uv": [1.625, 9.375, 1.5, 9], "texture": "#0"},
				"down": {"uv": [9.125, 1.5, 9, 1.875], "texture": "#0"}
			}
		},
		{
			"from": [4.5, 4.5, 9.75],
			"to": [4.75, 5.75, 11],
			"rotation": {"angle": 0, "axis": "y", "origin": [4.5, 4.5, 9]},
			"faces": {
				"north": {"uv": [1.75, 9, 1.875, 9.375], "texture": "#0"},
				"east": {"uv": [7.5, 1.5, 7.875, 1.875], "texture": "#0"},
				"south": {"uv": [2, 9, 2.125, 9.375], "texture": "#0"},
				"west": {"uv": [2, 7.5, 2.375, 7.875], "texture": "#0"},
				"up": {"uv": [9.125, 2.375, 9, 2], "texture": "#0"},
				"down": {"uv": [2.375, 9, 2.25, 9.375], "texture": "#0"}
			}
		},
		{
			"from": [9, 5.5, 9.5],
			"to": [9.25, 6.75, 10.75],
			"rotation": {"angle": 0, "axis": "y", "origin": [9, 5.5, 8.75]},
			"faces": {
				"north": {"uv": [9, 7, 9.125, 7.375], "texture": "#0"},
				"east": {"uv": [5.75, 7.5, 6.125, 7.875], "texture": "#0"},
				"south": {"uv": [7.25, 9, 7.375, 9.375], "texture": "#0"},
				"west": {"uv": [6.25, 7.5, 6.625, 7.875], "texture": "#0"},
				"up": {"uv": [7.625, 9.375, 7.5, 9], "texture": "#0"},
				"down": {"uv": [7.875, 9, 7.75, 9.375], "texture": "#0"}
			}
		},
		{
			"from": [9, 4.5, 8.75],
			"to": [9.25, 5.75, 10],
			"rotation": {"angle": 0, "axis": "y", "origin": [9, 4.5, 8]},
			"faces": {
				"north": {"uv": [9, 6, 9.125, 6.375], "texture": "#0"},
				"east": {"uv": [4, 7.5, 4.375, 7.875], "texture": "#0"},
				"south": {"uv": [6.25, 9, 6.375, 9.375], "texture": "#0"},
				"west": {"uv": [4.5, 7.5, 4.875, 7.875], "texture": "#0"},
				"up": {"uv": [9.125, 6.875, 9, 6.5], "texture": "#0"},
				"down": {"uv": [7.125, 9, 7, 9.375], "texture": "#0"}
			}
		},
		{
			"from": [9, 4.5, 9.75],
			"to": [9.25, 5.75, 11],
			"rotation": {"angle": 0, "axis": "y", "origin": [9, 4.5, 9]},
			"faces": {
				"north": {"uv": [5, 9, 5.125, 9.375], "texture": "#0"},
				"east": {"uv": [2.5, 7.5, 2.875, 7.875], "texture": "#0"},
				"south": {"uv": [9, 5, 9.125, 5.375], "texture": "#0"},
				"west": {"uv": [3, 7.5, 3.375, 7.875], "texture": "#0"},
				"up": {"uv": [9.125, 5.875, 9, 5.5], "texture": "#0"},
				"down": {"uv": [6.125, 9, 6, 9.375], "texture": "#0"}
			}
		},
		{
			"from": [9, 5, 9],
			"to": [9.25, 6.25, 12],
			"rotation": {"angle": 0, "axis": "y", "origin": [9, 5, 8.25]},
			"faces": {
				"north": {"uv": [4.5, 9, 4.625, 9.375], "texture": "#0"},
				"east": {"uv": [5.25, 6, 6, 6.375], "texture": "#0"},
				"south": {"uv": [9, 4.5, 9.125, 4.875], "texture": "#0"},
				"west": {"uv": [6, 5.5, 6.75, 5.875], "texture": "#0"},
				"up": {"uv": [0.375, 9.5, 0.25, 8.75], "texture": "#0"},
				"down": {"uv": [8.875, 0.75, 8.75, 1.5], "texture": "#0"}
			}
		},
		{
			"from": [9, 6.25, 9.75],
			"to": [9.25, 7.5, 12.5],
			"rotation": {"angle": 0, "axis": "y", "origin": [9, 6.25, 9]},
			"faces": {
				"north": {"uv": [9, 4, 9.125, 4.375], "texture": "#0"},
				"east": {"uv": [4.5, 6, 5.25, 6.375], "texture": "#0"},
				"south": {"uv": [4.25, 9, 4.375, 9.375], "texture": "#0"},
				"west": {"uv": [6, 4.5, 6.75, 4.875], "texture": "#0"},
				"up": {"uv": [0.125, 9.5, 0, 8.75], "texture": "#0"},
				"down": {"uv": [8.875, 0, 8.75, 0.75], "texture": "#0"}
			}
		},
		{
			"from": [9, 7.25, 10],
			"to": [9.25, 8.5, 13],
			"rotation": {"angle": 0, "axis": "y", "origin": [9, 7.25, 9.25]},
			"faces": {
				"north": {"uv": [9, 3.5, 9.125, 3.875], "texture": "#0"},
				"east": {"uv": [3.75, 6, 4.5, 6.375], "texture": "#0"},
				"south": {"uv": [3.75, 9, 3.875, 9.375], "texture": "#0"},
				"west": {"uv": [6, 4, 6.75, 4.375], "texture": "#0"},
				"up": {"uv": [8.625, 8.25, 8.5, 7.5], "texture": "#0"},
				"down": {"uv": [8.625, 8.25, 8.5, 9], "texture": "#0"}
			}
		},
		{
			"from": [9, 8.25, 10.75],
			"to": [9.25, 9.5, 13.75],
			"rotation": {"angle": 0, "axis": "y", "origin": [9, 8.25, 10]},
			"faces": {
				"north": {"uv": [3.25, 9, 3.375, 9.375], "texture": "#0"},
				"east": {"uv": [6, 3, 6.75, 3.375], "texture": "#0"},
				"south": {"uv": [3.5, 9, 3.625, 9.375], "texture": "#0"},
				"west": {"uv": [6, 3.5, 6.75, 3.875], "texture": "#0"},
				"up": {"uv": [6.875, 9.25, 6.75, 8.5], "texture": "#0"},
				"down": {"uv": [8.625, 6.75, 8.5, 7.5], "texture": "#0"}
			}
		}
	],
	"display": {
		"thirdperson_righthand": {
			"rotation": [63, 39, 1],
			"translation": [-0.5, 1, 4]
		},
		"thirdperson_lefthand": {
			"rotation": [63, 39, 1],
			"translation": [-0.5, 1, 4]
		},
		"firstperson_righthand": {
			"rotation": [0, 120, 0],
			"translation": [2.25, 7.5, -1.5]
		},
		"firstperson_lefthand": {
			"rotation": [0, 120, 0],
			"translation": [5.5, 7.25, -1.5]
		},
		"ground": {
			"translation": [0, 4.5, 0]
		},
		"gui": {
			"rotation": [0, -140, 0],
			"translation": [-0.5, 3, 0]
		},
		"head": {
			"translation": [2.25, 21, -1],
			"scale": [1.99, 1.96, 1.74]
		},
		"fixed": {
			"rotation": [-90, 0, 0],
			"translation": [4.5, 0, -32],
			"scale": [4, 4, 4]
		}
	}
}