{
	"credit": "Made by L3g72 with Blockbench",
	"textures": {
		"2": "custom/deko/fass",
		"particle": "custom/deko/fass"
	},
	"elements": [
		{
			"from": [5, 0, 4],
			"to": [11, 1, 12],
			"faces": {
				"north": {"uv": [0, 1, 8, 2], "texture": "#2"},
				"east": {"uv": [0, 1, 8, 2], "texture": "#2"},
				"south": {"uv": [0, 1, 8, 2], "texture": "#2"},
				"west": {"uv": [0, 1, 8, 2], "texture": "#2"},
				"up": {"uv": [0, 0, 8, 6], "rotation": 90, "texture": "#2"},
				"down": {"uv": [0, 0, 8, 6], "rotation": 90, "texture": "#2"}
			}
		},
		{
			"from": [5, 15, 4],
			"to": [11, 16, 12],
			"faces": {
				"north": {"uv": [0, 1, 8, 2], "texture": "#2"},
				"east": {"uv": [0, 1, 8, 2], "texture": "#2"},
				"south": {"uv": [0, 1, 4, 2], "texture": "#2"},
				"west": {"uv": [0, 1, 8, 2], "texture": "#2"},
				"up": {"uv": [0, 0, 8, 6], "rotation": 90, "texture": "#2"},
				"down": {"uv": [0, 1.5, 8, 8], "rotation": 90, "texture": "#2"}
			}
		},
		{
			"from": [5, 14, 12],
			"to": [11, 15, 16],
			"faces": {
				"north": {"uv": [0, 1, 8, 2], "texture": "#2"},
				"east": {"uv": [9.5, 1, 13.5, 2], "texture": "#2"},
				"south": {"uv": [0, 0, 4, 1], "texture": "#2"},
				"west": {"uv": [7.5, 8, 11.5, 9], "texture": "#2"},
				"up": {"uv": [0, 0, 4, 6], "rotation": 90, "texture": "#2"},
				"down": {"uv": [0, 1.5, 6, 8], "rotation": 90, "texture": "#2"}
			}
		},
		{
			"from": [5, 14, 0],
			"to": [11, 15, 4],
			"faces": {
				"north": {"uv": [0, 1, 8, 2], "texture": "#2"},
				"east": {"uv": [9.5, 1, 13.5, 2], "texture": "#2"},
				"south": {"uv": [0, 0, 4, 1], "texture": "#2"},
				"west": {"uv": [7.5, 8, 11.5, 9], "texture": "#2"},
				"up": {"uv": [0, 0, 4, 6], "rotation": 90, "texture": "#2"},
				"down": {"uv": [0, 1.5, 6, 8], "rotation": 90, "texture": "#2"}
			}
		},
		{
			"from": [5, 1, 12],
			"to": [11, 2, 16],
			"faces": {
				"north": {"uv": [2.5, 2, 10.5, 3], "texture": "#2"},
				"east": {"uv": [9, 1.5, 13, 2.5], "texture": "#2"},
				"south": {"uv": [0, 2, 4, 3], "texture": "#2"},
				"west": {"uv": [7.5, 9.5, 11.5, 10.5], "texture": "#2"},
				"up": {"uv": [0, 0, 4, 6], "rotation": 90, "texture": "#2"},
				"down": {"uv": [0, 1.5, 6, 8], "rotation": 90, "texture": "#2"}
			}
		},
		{
			"from": [5, 2, 13.4],
			"to": [11, 3, 14.4],
			"faces": {
				"north": {"uv": [2.5, 2, 10.5, 3], "texture": "#2"},
				"east": {"uv": [9, 1.5, 13, 2.5], "texture": "#2"},
				"south": {"uv": [0, 1, 4, 2], "texture": "#2"},
				"west": {"uv": [7.5, 9.5, 11.5, 10.5], "texture": "#2"},
				"up": {"uv": [0, 0, 4, 6], "rotation": 90, "texture": "#2"},
				"down": {"uv": [0, 1.5, 6, 8], "rotation": 90, "texture": "#2"}
			}
		},
		{
			"from": [5, 2, 1.6],
			"to": [11, 3, 2.6],
			"faces": {
				"north": {"uv": [0, 1, 4, 2], "texture": "#2"},
				"east": {"uv": [7.5, 9.5, 11.5, 10.5], "texture": "#2"},
				"south": {"uv": [2.5, 2, 10.5, 3], "texture": "#2"},
				"west": {"uv": [9, 1.5, 13, 2.5], "texture": "#2"},
				"up": {"uv": [0, 0, 4, 6], "rotation": 270, "texture": "#2"},
				"down": {"uv": [0, 1.5, 6, 8], "rotation": 270, "texture": "#2"}
			}
		},
		{
			"from": [5, 13, 13.4],
			"to": [11, 14, 14.4],
			"faces": {
				"north": {"uv": [2.5, 2, 10.5, 3], "texture": "#2"},
				"east": {"uv": [9, 1.5, 13, 2.5], "texture": "#2"},
				"south": {"uv": [0, 1, 4, 2], "texture": "#2"},
				"west": {"uv": [7.5, 9.5, 11.5, 10.5], "texture": "#2"},
				"up": {"uv": [0, 0, 4, 6], "rotation": 90, "texture": "#2"},
				"down": {"uv": [0, 1.5, 6, 8], "rotation": 90, "texture": "#2"}
			}
		},
		{
			"from": [5, 13, 1.6],
			"to": [11, 14, 2.6],
			"faces": {
				"north": {"uv": [0, 1, 4, 2], "texture": "#2"},
				"east": {"uv": [7.5, 9.5, 11.5, 10.5], "texture": "#2"},
				"south": {"uv": [2.5, 2, 10.5, 3], "texture": "#2"},
				"west": {"uv": [9, 1.5, 13, 2.5], "texture": "#2"},
				"up": {"uv": [0, 0, 4, 6], "rotation": 270, "texture": "#2"},
				"down": {"uv": [0, 1.5, 6, 8], "rotation": 270, "texture": "#2"}
			}
		},
		{
			"from": [3, 3, 13.4],
			"to": [13, 5, 14.4],
			"faces": {
				"north": {"uv": [2.5, 2, 10.5, 3], "texture": "#2"},
				"east": {"uv": [9, 1.5, 13, 2.5], "texture": "#2"},
				"south": {"uv": [0, 0, 10, 2], "texture": "#2"},
				"west": {"uv": [7.5, 9.5, 11.5, 10.5], "texture": "#2"},
				"up": {"uv": [0, 0, 4, 6], "rotation": 90, "texture": "#2"},
				"down": {"uv": [0, 1.5, 6, 8], "rotation": 90, "texture": "#2"}
			}
		},
		{
			"from": [3, 3, 1.6],
			"to": [13, 5, 2.6],
			"faces": {
				"north": {"uv": [0, 0, 10, 2], "texture": "#2"},
				"east": {"uv": [7.5, 9.5, 11.5, 10.5], "texture": "#2"},
				"south": {"uv": [2.5, 2, 10.5, 3], "texture": "#2"},
				"west": {"uv": [9, 1.5, 13, 2.5], "texture": "#2"},
				"up": {"uv": [0, 0, 4, 6], "rotation": 270, "texture": "#2"},
				"down": {"uv": [0, 1.5, 6, 8], "rotation": 270, "texture": "#2"}
			}
		},
		{
			"from": [3, 11, 13.4],
			"to": [13, 13, 14.4],
			"faces": {
				"north": {"uv": [2.5, 2, 10.5, 3], "texture": "#2"},
				"east": {"uv": [9, 1.5, 13, 2.5], "texture": "#2"},
				"south": {"uv": [0, 0, 10, 2], "texture": "#2"},
				"west": {"uv": [7.5, 9.5, 11.5, 10.5], "texture": "#2"},
				"up": {"uv": [0, 0, 4, 6], "rotation": 90, "texture": "#2"},
				"down": {"uv": [0, 1.5, 6, 8], "rotation": 90, "texture": "#2"}
			}
		},
		{
			"from": [3, 11, 1.6],
			"to": [13, 13, 2.6],
			"faces": {
				"north": {"uv": [0, 0, 10, 2], "texture": "#2"},
				"east": {"uv": [7.5, 9.5, 11.5, 10.5], "texture": "#2"},
				"south": {"uv": [2.5, 2, 10.5, 3], "texture": "#2"},
				"west": {"uv": [9, 1.5, 13, 2.5], "texture": "#2"},
				"up": {"uv": [0, 0, 4, 6], "rotation": 270, "texture": "#2"},
				"down": {"uv": [0, 1.5, 6, 8], "rotation": 270, "texture": "#2"}
			}
		},
		{
			"from": [2, 5, 13.4],
			"to": [14, 11, 14.4],
			"faces": {
				"north": {"uv": [2.5, 2, 10.5, 3], "texture": "#2"},
				"east": {"uv": [9, 1.5, 13, 2.5], "texture": "#2"},
				"south": {"uv": [0, 0, 10, 6], "texture": "#2"},
				"west": {"uv": [7.5, 9.5, 11.5, 10.5], "texture": "#2"},
				"up": {"uv": [0, 0, 4, 6], "rotation": 90, "texture": "#2"},
				"down": {"uv": [0, 1.5, 6, 8], "rotation": 90, "texture": "#2"}
			}
		},
		{
			"from": [2, 5, 1.6],
			"to": [14, 11, 2.6],
			"faces": {
				"north": {"uv": [0, 0, 10, 6], "texture": "#2"},
				"east": {"uv": [7.5, 9.5, 11.5, 10.5], "texture": "#2"},
				"south": {"uv": [2.5, 2, 10.5, 3], "texture": "#2"},
				"west": {"uv": [9, 1.5, 13, 2.5], "texture": "#2"},
				"up": {"uv": [0, 0, 4, 6], "rotation": 270, "texture": "#2"},
				"down": {"uv": [0, 1.5, 6, 8], "rotation": 270, "texture": "#2"}
			}
		},
		{
			"from": [5, 1, 0],
			"to": [11, 2, 4],
			"faces": {
				"north": {"uv": [2.5, 2, 10.5, 3], "texture": "#2"},
				"east": {"uv": [9, 1.5, 13, 2.5], "texture": "#2"},
				"south": {"uv": [0, 2, 4, 3], "texture": "#2"},
				"west": {"uv": [7.5, 9.5, 11.5, 10.5], "texture": "#2"},
				"up": {"uv": [0, 0, 4, 6], "rotation": 90, "texture": "#2"},
				"down": {"uv": [0, 1.5, 6, 8], "rotation": 90, "texture": "#2"}
			}
		},
		{
			"from": [3, 14, 4],
			"to": [5, 15, 12],
			"faces": {
				"north": {"uv": [0, 0, 2, 1], "texture": "#2"},
				"east": {"uv": [0, 0, 8, 1], "texture": "#2"},
				"south": {"uv": [0, 0, 2, 1], "texture": "#2"},
				"west": {"uv": [0, 0, 8, 1], "texture": "#2"},
				"up": {"uv": [0, 0, 8, 2], "rotation": 90, "texture": "#2"},
				"down": {"uv": [0, 0, 8, 2], "rotation": 90, "texture": "#2"}
			}
		},
		{
			"from": [11, 14, 4],
			"to": [13, 15, 12],
			"faces": {
				"north": {"uv": [2, 0, 0, 1], "texture": "#2"},
				"east": {"uv": [8, 0, 0, 1], "texture": "#2"},
				"south": {"uv": [2, 0, 0, 1], "texture": "#2"},
				"west": {"uv": [8, 0, 0, 1], "texture": "#2"},
				"up": {"uv": [0, 2, 8, 0], "rotation": 90, "texture": "#2"},
				"down": {"uv": [0, 2, 8, 0], "rotation": 90, "texture": "#2"}
			}
		},
		{
			"from": [3, 1, 4],
			"to": [5, 2, 12],
			"faces": {
				"north": {"uv": [0, 0, 2, 1], "texture": "#2"},
				"east": {"uv": [0, 0, 8, 1], "texture": "#2"},
				"south": {"uv": [0, 2, 2, 3], "texture": "#2"},
				"west": {"uv": [0, 1.5, 8, 2.5], "texture": "#2"},
				"up": {"uv": [0, 0, 8, 2], "rotation": 90, "texture": "#2"},
				"down": {"uv": [0, 0, 8, 2], "rotation": 90, "texture": "#2"}
			}
		},
		{
			"from": [3, 2, 12],
			"to": [5, 3, 16],
			"faces": {
				"north": {"uv": [0, 1, 2, 2], "texture": "#2"},
				"east": {"uv": [7.5, 5, 15.5, 6], "texture": "#2"},
				"south": {"uv": [0, 1, 2, 2], "texture": "#2"},
				"west": {"uv": [0, 0, 4, 1], "texture": "#2"},
				"up": {"uv": [0, 0, 8, 2], "rotation": 90, "texture": "#2"},
				"down": {"uv": [0, 0, 4, 2], "rotation": 90, "texture": "#2"}
			}
		},
		{
			"from": [3, 2, 0],
			"to": [5, 3, 4],
			"faces": {
				"north": {"uv": [0, 1, 2, 2], "texture": "#2"},
				"east": {"uv": [7.5, 5, 15.5, 6], "texture": "#2"},
				"south": {"uv": [0, 1, 2, 2], "texture": "#2"},
				"west": {"uv": [0, 0, 4, 1], "texture": "#2"},
				"up": {"uv": [0, 0, 8, 2], "rotation": 90, "texture": "#2"},
				"down": {"uv": [0, 0, 4, 2], "rotation": 90, "texture": "#2"}
			}
		},
		{
			"from": [11, 2, 12],
			"to": [13, 3, 16],
			"faces": {
				"north": {"uv": [0, 1, 2, 2], "texture": "#2"},
				"east": {"uv": [7.5, 5, 15.5, 6], "texture": "#2"},
				"south": {"uv": [0, 1, 2, 2], "texture": "#2"},
				"west": {"uv": [0, 0, 4, 1], "texture": "#2"},
				"up": {"uv": [0, 0, 8, 2], "rotation": 90, "texture": "#2"},
				"down": {"uv": [0, 0, 4, 2], "rotation": 90, "texture": "#2"}
			}
		},
		{
			"from": [11, 2, 0],
			"to": [13, 3, 4],
			"faces": {
				"north": {"uv": [0, 1, 2, 2], "texture": "#2"},
				"east": {"uv": [7.5, 5, 15.5, 6], "texture": "#2"},
				"south": {"uv": [0, 1, 2, 2], "texture": "#2"},
				"west": {"uv": [0, 0, 4, 1], "texture": "#2"},
				"up": {"uv": [0, 0, 8, 2], "rotation": 90, "texture": "#2"},
				"down": {"uv": [0, 0, 4, 2], "rotation": 90, "texture": "#2"}
			}
		},
		{
			"from": [3, 13, 12],
			"to": [5, 14, 16],
			"faces": {
				"north": {"uv": [0, 0, 2, 1], "texture": "#2"},
				"east": {"uv": [0, 1, 8, 2], "texture": "#2"},
				"south": {"uv": [0, 1, 2, 2], "texture": "#2"},
				"west": {"uv": [5, 1, 9, 2], "texture": "#2"},
				"up": {"uv": [0, 0, 8, 2], "rotation": 90, "texture": "#2"},
				"down": {"uv": [0, 0, 4, 2], "rotation": 90, "texture": "#2"}
			}
		},
		{
			"from": [3, 13, 0],
			"to": [5, 14, 4],
			"faces": {
				"north": {"uv": [0, 0, 2, 1], "texture": "#2"},
				"east": {"uv": [0, 1, 8, 2], "texture": "#2"},
				"south": {"uv": [0, 1, 2, 2], "texture": "#2"},
				"west": {"uv": [5, 1, 9, 2], "texture": "#2"},
				"up": {"uv": [0, 0, 8, 2], "rotation": 90, "texture": "#2"},
				"down": {"uv": [0, 0, 4, 2], "rotation": 90, "texture": "#2"}
			}
		},
		{
			"from": [11, 13, 12],
			"to": [13, 14, 16],
			"faces": {
				"north": {"uv": [0, 0, 2, 1], "texture": "#2"},
				"east": {"uv": [0, 1, 8, 2], "texture": "#2"},
				"south": {"uv": [0, 1, 2, 2], "texture": "#2"},
				"west": {"uv": [5, 1, 9, 2], "texture": "#2"},
				"up": {"uv": [0, 0, 8, 2], "rotation": 90, "texture": "#2"},
				"down": {"uv": [0, 0, 4, 2], "rotation": 90, "texture": "#2"}
			}
		},
		{
			"from": [11, 13, 0],
			"to": [13, 14, 4],
			"faces": {
				"north": {"uv": [0, 0, 2, 1], "texture": "#2"},
				"east": {"uv": [0, 1, 8, 2], "texture": "#2"},
				"south": {"uv": [0, 1, 2, 2], "texture": "#2"},
				"west": {"uv": [5, 1, 9, 2], "texture": "#2"},
				"up": {"uv": [0, 0, 8, 2], "rotation": 90, "texture": "#2"},
				"down": {"uv": [0, 0, 4, 2], "rotation": 90, "texture": "#2"}
			}
		},
		{
			"from": [11, 1, 4],
			"to": [13, 2, 12],
			"faces": {
				"north": {"uv": [2, 0, 0, 1], "texture": "#2"},
				"east": {"uv": [8, 1.5, 0, 2.5], "texture": "#2"},
				"south": {"uv": [2, 0, 0, 1], "texture": "#2"},
				"west": {"uv": [8, 0, 0, 1], "texture": "#2"},
				"up": {"uv": [0, 2, 8, 0], "rotation": 90, "texture": "#2"},
				"down": {"uv": [0, 2, 8, 0], "rotation": 90, "texture": "#2"}
			}
		},
		{
			"from": [2, 13, 4],
			"to": [3, 14, 12],
			"faces": {
				"north": {"uv": [0, 1, 1, 2], "texture": "#2"},
				"east": {"uv": [0, 1, 8, 2], "texture": "#2"},
				"south": {"uv": [0, 1, 1, 2], "texture": "#2"},
				"west": {"uv": [0, 1, 8, 2], "texture": "#2"},
				"up": {"uv": [0, 0.5, 8, 1.5], "rotation": 90, "texture": "#2"},
				"down": {"uv": [0, 0.5, 8, 1.5], "rotation": 90, "texture": "#2"}
			}
		},
		{
			"from": [13, 13, 4],
			"to": [14, 14, 12],
			"faces": {
				"north": {"uv": [1, 1, 0, 2], "texture": "#2"},
				"east": {"uv": [8, 1, 0, 2], "texture": "#2"},
				"south": {"uv": [1, 1, 0, 2], "texture": "#2"},
				"west": {"uv": [8, 1, 0, 2], "texture": "#2"},
				"up": {"uv": [0, 1.5, 8, 0.5], "rotation": 90, "texture": "#2"},
				"down": {"uv": [0, 1.5, 8, 0.5], "rotation": 90, "texture": "#2"}
			}
		},
		{
			"from": [2, 2, 4],
			"to": [3, 3, 12],
			"faces": {
				"north": {"uv": [0, 1, 1, 2], "texture": "#2"},
				"east": {"uv": [0, 1, 8, 2], "texture": "#2"},
				"south": {"uv": [0, 1, 1, 2], "texture": "#2"},
				"west": {"uv": [0, 0, 8, 1], "texture": "#2"},
				"up": {"uv": [0, 1, 8, 2], "rotation": 90, "texture": "#2"},
				"down": {"uv": [0, 0.5, 8, 1.5], "rotation": 90, "texture": "#2"}
			}
		},
		{
			"from": [13, 2, 4],
			"to": [14, 3, 12],
			"faces": {
				"north": {"uv": [1, 1, 0, 2], "texture": "#2"},
				"east": {"uv": [8, 0.5, 0, 1.5], "texture": "#2"},
				"south": {"uv": [1, 1, 0, 2], "texture": "#2"},
				"west": {"uv": [8, 1, 0, 2], "texture": "#2"},
				"up": {"uv": [0, 2, 8, 1], "rotation": 90, "texture": "#2"},
				"down": {"uv": [0, 1.5, 8, 0.5], "rotation": 90, "texture": "#2"}
			}
		},
		{
			"from": [1, 11, 4],
			"to": [2, 13, 12],
			"faces": {
				"north": {"uv": [0, 0, 1, 2], "texture": "#2"},
				"east": {"uv": [0, 0, 8, 2], "texture": "#2"},
				"south": {"uv": [0, 0, 1, 2], "texture": "#2"},
				"west": {"uv": [0, 0, 8, 2], "texture": "#2"},
				"up": {"uv": [0, 1, 8, 2], "rotation": 90, "texture": "#2"},
				"down": {"uv": [0, 0, 8, 1], "rotation": 90, "texture": "#2"}
			}
		},
		{
			"from": [14, 11, 4],
			"to": [15, 13, 12],
			"faces": {
				"north": {"uv": [1, 0, 0, 2], "texture": "#2"},
				"east": {"uv": [8, 0, 0, 2], "texture": "#2"},
				"south": {"uv": [1, 0, 0, 2], "texture": "#2"},
				"west": {"uv": [8, 0, 0, 2], "texture": "#2"},
				"up": {"uv": [0, 2, 8, 1], "rotation": 90, "texture": "#2"},
				"down": {"uv": [0, 1, 8, 0], "rotation": 90, "texture": "#2"}
			}
		},
		{
			"from": [1, 3, 4],
			"to": [2, 5, 12],
			"faces": {
				"north": {"uv": [0, 0, 1, 2], "texture": "#2"},
				"east": {"uv": [0, 0.5, 8, 2.5], "texture": "#2"},
				"south": {"uv": [0, 0, 1, 2], "texture": "#2"},
				"west": {"uv": [0, 0, 8, 2], "texture": "#2"},
				"up": {"uv": [0, 0, 8, 1], "rotation": 90, "texture": "#2"},
				"down": {"uv": [0, 1, 8, 2], "rotation": 90, "texture": "#2"}
			}
		},
		{
			"from": [2, 11, 12],
			"to": [3, 13, 16],
			"faces": {
				"north": {"uv": [0, 0, 1, 2], "texture": "#2"},
				"east": {"uv": [3.5, 8, 7.5, 10], "texture": "#2"},
				"south": {"uv": [0, 0, 1, 2], "texture": "#2"},
				"west": {"uv": [4.5, 6, 8.5, 8], "texture": "#2"},
				"up": {"uv": [0, 0, 8, 1], "rotation": 90, "texture": "#2"},
				"down": {"uv": [0, 1, 8, 2], "rotation": 90, "texture": "#2"}
			}
		},
		{
			"from": [2, 11, 0],
			"to": [3, 13, 4],
			"faces": {
				"north": {"uv": [0, 0, 1, 2], "texture": "#2"},
				"east": {"uv": [3.5, 8, 7.5, 10], "texture": "#2"},
				"south": {"uv": [0, 0, 1, 2], "texture": "#2"},
				"west": {"uv": [4.5, 6, 8.5, 8], "texture": "#2"},
				"up": {"uv": [0, 0, 8, 1], "rotation": 90, "texture": "#2"},
				"down": {"uv": [0, 1, 8, 2], "rotation": 90, "texture": "#2"}
			}
		},
		{
			"from": [13, 11, 12],
			"to": [14, 13, 16],
			"faces": {
				"north": {"uv": [0, 0, 1, 2], "texture": "#2"},
				"east": {"uv": [3.5, 8, 7.5, 10], "texture": "#2"},
				"south": {"uv": [0, 0, 1, 2], "texture": "#2"},
				"west": {"uv": [4.5, 6, 8.5, 8], "texture": "#2"},
				"up": {"uv": [0, 0, 8, 1], "rotation": 90, "texture": "#2"},
				"down": {"uv": [0, 1, 8, 2], "rotation": 90, "texture": "#2"}
			}
		},
		{
			"from": [13, 11, 0],
			"to": [14, 13, 4],
			"faces": {
				"north": {"uv": [0, 0, 1, 2], "texture": "#2"},
				"east": {"uv": [3.5, 8, 7.5, 10], "texture": "#2"},
				"south": {"uv": [0, 0, 1, 2], "texture": "#2"},
				"west": {"uv": [4.5, 6, 8.5, 8], "texture": "#2"},
				"up": {"uv": [0, 0, 8, 1], "rotation": 90, "texture": "#2"},
				"down": {"uv": [0, 1, 8, 2], "rotation": 90, "texture": "#2"}
			}
		},
		{
			"from": [2, 3, 12],
			"to": [3, 5, 16],
			"faces": {
				"north": {"uv": [0, 0, 1, 2], "texture": "#2"},
				"east": {"uv": [3.5, 8.5, 7.5, 10.5], "texture": "#2"},
				"south": {"uv": [0, 0, 1, 2], "texture": "#2"},
				"west": {"uv": [4.5, 6, 8.5, 8], "texture": "#2"},
				"up": {"uv": [0, 0, 8, 1], "rotation": 90, "texture": "#2"},
				"down": {"uv": [0, 1, 8, 2], "rotation": 90, "texture": "#2"}
			}
		},
		{
			"from": [2, 3, 0],
			"to": [3, 5, 4],
			"faces": {
				"north": {"uv": [0, 0, 1, 2], "texture": "#2"},
				"east": {"uv": [3.5, 8.5, 7.5, 10.5], "texture": "#2"},
				"south": {"uv": [0, 0, 1, 2], "texture": "#2"},
				"west": {"uv": [4.5, 6, 8.5, 8], "texture": "#2"},
				"up": {"uv": [0, 0, 8, 1], "rotation": 90, "texture": "#2"},
				"down": {"uv": [0, 1, 8, 2], "rotation": 90, "texture": "#2"}
			}
		},
		{
			"from": [13, 3, 12],
			"to": [14, 5, 16],
			"faces": {
				"north": {"uv": [0, 0, 1, 2], "texture": "#2"},
				"east": {"uv": [3.5, 8.5, 7.5, 10.5], "texture": "#2"},
				"south": {"uv": [0, 0, 1, 2], "texture": "#2"},
				"west": {"uv": [4.5, 6, 8.5, 8], "texture": "#2"},
				"up": {"uv": [0, 0, 8, 1], "rotation": 90, "texture": "#2"},
				"down": {"uv": [0, 1, 8, 2], "rotation": 90, "texture": "#2"}
			}
		},
		{
			"from": [13, 3, 0],
			"to": [14, 5, 4],
			"faces": {
				"north": {"uv": [0, 0, 1, 2], "texture": "#2"},
				"east": {"uv": [3.5, 8.5, 7.5, 10.5], "texture": "#2"},
				"south": {"uv": [0, 0, 1, 2], "texture": "#2"},
				"west": {"uv": [4.5, 6, 8.5, 8], "texture": "#2"},
				"up": {"uv": [0, 0, 8, 1], "rotation": 90, "texture": "#2"},
				"down": {"uv": [0, 1, 8, 2], "rotation": 90, "texture": "#2"}
			}
		},
		{
			"from": [14, 3, 4],
			"to": [15, 5, 12],
			"faces": {
				"north": {"uv": [1, 0, 0, 2], "texture": "#2"},
				"east": {"uv": [8, 0, 0, 2], "texture": "#2"},
				"south": {"uv": [1, 0, 0, 2], "texture": "#2"},
				"west": {"uv": [8, 0.5, 0, 2.5], "texture": "#2"},
				"up": {"uv": [0, 1, 8, 0], "rotation": 90, "texture": "#2"},
				"down": {"uv": [0, 2, 8, 1], "rotation": 90, "texture": "#2"}
			}
		},
		{
			"from": [0, 5, 4],
			"to": [1, 11, 12],
			"faces": {
				"north": {"uv": [0, 0, 1, 6], "texture": "#2"},
				"east": {"uv": [0, 0, 8, 6], "texture": "#2"},
				"south": {"uv": [0, 0, 1, 6], "texture": "#2"},
				"west": {"uv": [0, 0, 8, 6], "texture": "#2"},
				"up": {"uv": [0, 0, 8, 1], "rotation": 90, "texture": "#2"},
				"down": {"uv": [0, 0, 8, 1], "rotation": 90, "texture": "#2"}
			}
		},
		{
			"from": [1, 5, 12],
			"to": [2, 11, 16],
			"faces": {
				"north": {"uv": [0, 0, 1, 6], "texture": "#2"},
				"east": {"uv": [0, 0, 4, 6], "texture": "#2"},
				"south": {"uv": [0, 0, 1, 6], "texture": "#2"},
				"west": {"uv": [0, 0, 4, 6], "texture": "#2"},
				"up": {"uv": [0, 0, 4, 1], "rotation": 90, "texture": "#2"},
				"down": {"uv": [0, 0, 4, 1], "rotation": 90, "texture": "#2"}
			}
		},
		{
			"from": [1, 5, 0],
			"to": [2, 11, 4],
			"faces": {
				"north": {"uv": [0, 0, 1, 6], "texture": "#2"},
				"east": {"uv": [0, 0, 4, 6], "texture": "#2"},
				"south": {"uv": [0, 0, 1, 6], "texture": "#2"},
				"west": {"uv": [0, 0, 4, 6], "texture": "#2"},
				"up": {"uv": [0, 0, 4, 1], "rotation": 90, "texture": "#2"},
				"down": {"uv": [0, 0, 4, 1], "rotation": 90, "texture": "#2"}
			}
		},
		{
			"from": [14, 5, 12],
			"to": [15, 11, 16],
			"faces": {
				"north": {"uv": [0, 0, 1, 6], "texture": "#2"},
				"east": {"uv": [0, 0, 4, 6], "texture": "#2"},
				"south": {"uv": [0, 0, 1, 6], "texture": "#2"},
				"west": {"uv": [0, 0, 4, 6], "texture": "#2"},
				"up": {"uv": [0, 0, 4, 1], "rotation": 90, "texture": "#2"},
				"down": {"uv": [0, 0, 4, 1], "rotation": 90, "texture": "#2"}
			}
		},
		{
			"from": [14, 5, 0],
			"to": [15, 11, 4],
			"faces": {
				"north": {"uv": [0, 0, 1, 6], "texture": "#2"},
				"east": {"uv": [0, 0, 4, 6], "texture": "#2"},
				"south": {"uv": [0, 0, 1, 6], "texture": "#2"},
				"west": {"uv": [0, 0, 4, 6], "texture": "#2"},
				"up": {"uv": [0, 0, 4, 1], "rotation": 90, "texture": "#2"},
				"down": {"uv": [0, 0, 4, 1], "rotation": 90, "texture": "#2"}
			}
		},
		{
			"from": [15, 5, 4],
			"to": [16, 11, 12],
			"faces": {
				"north": {"uv": [1, 0, 0, 6], "texture": "#2"},
				"east": {"uv": [8, 0, 0, 6], "texture": "#2"},
				"south": {"uv": [1, 0, 0, 6], "texture": "#2"},
				"west": {"uv": [8, 0, 0, 6], "texture": "#2"},
				"up": {"uv": [0, 1, 8, 0], "rotation": 90, "texture": "#2"},
				"down": {"uv": [0, 1, 8, 0], "rotation": 90, "texture": "#2"}
			}
		},
		{
			"from": [7.5, 5, -0.5],
			"to": [8.5, 6, 1.5],
			"faces": {
				"north": {"uv": [15.5, 15, 16, 15.5], "rotation": 90, "texture": "#2"},
				"east": {"uv": [15.5, 14.5, 16, 15.5], "rotation": 270, "texture": "#2"},
				"south": {"uv": [15.5, 14.5, 16, 15.5], "rotation": 90, "texture": "#2"},
				"west": {"uv": [15.5, 14.5, 16, 15.5], "rotation": 90, "texture": "#2"},
				"up": {"uv": [15.5, 14.5, 16, 15.5], "rotation": 180, "texture": "#2"},
				"down": {"uv": [15.5, 14.5, 16, 15.5], "texture": "#2"}
			}
		},
		{
			"from": [7.5, 4, -1.5],
			"to": [8.5, 5, -0.5],
			"faces": {
				"north": {"uv": [15.5, 14.5, 16, 15], "rotation": 90, "texture": "#2"},
				"east": {"uv": [15.5, 14.5, 16, 15], "rotation": 90, "texture": "#2"},
				"south": {"uv": [15.5, 14.5, 16, 15], "rotation": 90, "texture": "#2"},
				"west": {"uv": [15.5, 14.5, 16, 15], "rotation": 90, "texture": "#2"},
				"up": {"uv": [15.5, 14.5, 16, 15], "rotation": 90, "texture": "#2"},
				"down": {"uv": [15.5, 14.5, 16, 15], "rotation": 90, "texture": "#2"}
			}
		},
		{
			"from": [7.51, 4.39289, -1],
			"to": [8.49, 5.79289, -0.1],
			"rotation": {"angle": 45, "axis": "x", "origin": [8, 5.29289, -0.5]},
			"faces": {
				"north": {"uv": [15.5, 14.5, 16, 15], "rotation": 90, "texture": "#2"},
				"east": {"uv": [15.5, 14.5, 16, 15], "rotation": 90, "texture": "#2"},
				"south": {"uv": [15.5, 14.5, 16, 15], "rotation": 90, "texture": "#2"},
				"west": {"uv": [15.5, 14.5, 16, 15], "rotation": 90, "texture": "#2"},
				"up": {"uv": [15.5, 14.5, 16, 15], "rotation": 90, "texture": "#2"},
				"down": {"uv": [15.5, 14.5, 16, 15], "rotation": 90, "texture": "#2"}
			}
		},
		{
			"from": [0, 0, 3],
			"to": [16, 6, 4],
			"faces": {
				"north": {"uv": [0, 13, 8, 16], "texture": "#2"},
				"east": {"uv": [0, 13, 0.25, 16], "texture": "#2"},
				"south": {"uv": [8, 13, 0, 16], "texture": "#2"},
				"west": {"uv": [7.75, 13, 8, 16], "texture": "#2"},
				"up": {"uv": [0, 13.5, 8, 13.75], "texture": "#2"},
				"down": {"uv": [0, 15.75, 8, 16], "texture": "#2"}
			}
		},
		{
			"from": [0, 0, 12],
			"to": [16, 6, 13],
			"rotation": {"angle": 0, "axis": "y", "origin": [8, 8, 17]},
			"faces": {
				"north": {"uv": [0, 13, 8, 16], "texture": "#2"},
				"east": {"uv": [0, 13, 0.25, 16], "texture": "#2"},
				"south": {"uv": [8, 13, 0, 16], "texture": "#2"},
				"west": {"uv": [7.75, 13, 8, 16], "texture": "#2"},
				"up": {"uv": [0, 13.25, 8, 13.5], "texture": "#2"},
				"down": {"uv": [0, 15.75, 8, 16], "texture": "#2"}
			}
		}
	],
	"display": {
		"head": {
			"translation": [0, -14.7, 0],
			"scale": [2.29, 2.29, 2.29]
		},
		"fixed": {
			"rotation": [-90, 0, 0],
			"translation": [0, 0.25, -16.75],
			"scale": [1.93, 2.2, 2.11]
		}
	}
}