{
	"credit": "Made with Blockbench",
	"texture_size": [64, 64],
	"textures": {
		"0": "custom/deko/ferb",
		"particle": "custom/deko/ferb"
	},
	"elements": [
		{
			"from": [4.5, 7, -2.75],
			"to": [6, 10.25, -1.75],
			"rotation": {"angle": 0, "axis": "x", "origin": [4, 9, -2.75]},
			"faces": {
				"north": {"uv": [8.5, 8.25, 8.875, 9.125], "texture": "#0"},
				"east": {"uv": [0.5, 9.5, 0.75, 10.375], "texture": "#0"},
				"south": {"uv": [8.75, 5, 9.125, 5.875], "texture": "#0"},
				"west": {"uv": [0.75, 9.5, 1, 10.375], "texture": "#0"},
				"up": {"uv": [10.625, 3.25, 10.25, 3], "texture": "#0"},
				"down": {"uv": [10.625, 5.25, 10.25, 5.5], "texture": "#0"}
			}
		},
		{
			"from": [9.5, 6.75, -2.25],
			"to": [11, 10, -1.25],
			"rotation": {"angle": 0, "axis": "x", "origin": [9, 8.75, -2.25]},
			"faces": {
				"north": {"uv": [6.5, 8.75, 6.875, 9.625], "texture": "#0"},
				"east": {"uv": [1, 9.5, 1.25, 10.375], "texture": "#0"},
				"south": {"uv": [7, 8.75, 7.375, 9.625], "texture": "#0"},
				"west": {"uv": [1.25, 9.5, 1.5, 10.375], "texture": "#0"},
				"up": {"uv": [5.875, 10.5, 5.5, 10.25], "texture": "#0"},
				"down": {"uv": [10.625, 5.5, 10.25, 5.75], "texture": "#0"}
			}
		},
		{
			"from": [4.75, 7.25, -1.75],
			"to": [5.75, 8.25, 0],
			"rotation": {"angle": 0, "axis": "x", "origin": [4, 8.25, -1.75]},
			"faces": {
				"north": {"uv": [6.25, 5, 6.5, 5.25], "texture": "#0"},
				"east": {"uv": [5.75, 2.5, 6.25, 2.75], "texture": "#0"},
				"south": {"uv": [3.75, 7.5, 4, 7.75], "texture": "#0"},
				"west": {"uv": [10, 3.25, 10.5, 3.5], "texture": "#0"},
				"up": {"uv": [8.5, 9.25, 8.25, 8.75], "texture": "#0"},
				"down": {"uv": [9.75, 10, 9.5, 10.5], "texture": "#0"}
			}
		},
		{
			"from": [9.75, 7, -1.5],
			"to": [10.75, 8, 0.25],
			"rotation": {"angle": 0, "axis": "x", "origin": [9, 8, -1.5]},
			"faces": {
				"north": {"uv": [7.75, 6, 8, 6.25], "texture": "#0"},
				"east": {"uv": [10.25, 2.5, 10.75, 2.75], "texture": "#0"},
				"south": {"uv": [2, 8, 2.25, 8.25], "texture": "#0"},
				"west": {"uv": [10.25, 2.75, 10.75, 3], "texture": "#0"},
				"up": {"uv": [10.5, 4.75, 10.25, 4.25], "texture": "#0"},
				"down": {"uv": [10.5, 4.75, 10.25, 5.25], "texture": "#0"}
			}
		},
		{
			"from": [4.5, 7, 0],
			"to": [6, 8.5, 1],
			"rotation": {"angle": 0, "axis": "x", "origin": [3.75, 8.5, 0]},
			"faces": {
				"north": {"uv": [10, 0, 10.375, 0.375], "texture": "#0"},
				"east": {"uv": [10.25, 5.75, 10.5, 6.125], "texture": "#0"},
				"south": {"uv": [10, 1.75, 10.375, 2.125], "texture": "#0"},
				"west": {"uv": [6, 10.25, 6.25, 10.625], "texture": "#0"},
				"up": {"uv": [10.625, 6.5, 10.25, 6.25], "texture": "#0"},
				"down": {"uv": [10.625, 6.5, 10.25, 6.75], "texture": "#0"}
			}
		},
		{
			"from": [9.5, 6.75, 0.25],
			"to": [11, 8.25, 1.25],
			"rotation": {"angle": 0, "axis": "x", "origin": [8.75, 8.25, 0.25]},
			"faces": {
				"north": {"uv": [10, 9.75, 10.375, 10.125], "texture": "#0"},
				"east": {"uv": [6.25, 10.25, 6.5, 10.625], "texture": "#0"},
				"south": {"uv": [0, 10.25, 0.375, 10.625], "texture": "#0"},
				"west": {"uv": [10.25, 6.75, 10.5, 7.125], "texture": "#0"},
				"up": {"uv": [10.625, 7.5, 10.25, 7.25], "texture": "#0"},
				"down": {"uv": [10.625, 7.5, 10.25, 7.75], "texture": "#0"}
			}
		},
		{
			"from": [4.25, 6.75, 1],
			"to": [6.25, 8.75, 7],
			"rotation": {"angle": 0, "axis": "x", "origin": [4.25, 8.75, 1]},
			"faces": {
				"north": {"uv": [4, 9, 4.5, 9.5], "texture": "#0"},
				"east": {"uv": [0, 6.75, 1.5, 7.25], "texture": "#0"},
				"south": {"uv": [9.25, 5, 9.75, 5.5], "texture": "#0"},
				"west": {"uv": [6.5, 7.75, 8, 8.25], "texture": "#0"},
				"up": {"uv": [0.5, 9.5, 0, 8], "texture": "#0"},
				"down": {"uv": [1, 8, 0.5, 9.5], "texture": "#0"}
			}
		},
		{
			"from": [9.25, 6.5, 1],
			"to": [11.25, 8.5, 7],
			"rotation": {"angle": 0, "axis": "x", "origin": [9.25, 8.5, 1]},
			"faces": {
				"north": {"uv": [9.25, 5.5, 9.75, 6], "texture": "#0"},
				"east": {"uv": [8, 2.5, 9.5, 3], "texture": "#0"},
				"south": {"uv": [9.25, 6, 9.75, 6.5], "texture": "#0"},
				"west": {"uv": [8, 3, 9.5, 3.5], "texture": "#0"},
				"up": {"uv": [1.5, 9.5, 1, 8], "texture": "#0"},
				"down": {"uv": [2, 8, 1.5, 9.5], "texture": "#0"}
			}
		},
		{
			"from": [3.25, 8.5, 3.75],
			"to": [12.25, 9.5, 8.25],
			"rotation": {"angle": 0, "axis": "y", "origin": [4, 8.5, 5]},
			"faces": {
				"north": {"uv": [8, 6.5, 10.25, 6.75], "texture": "#0"},
				"east": {"uv": [4.5, 2.5, 5.625, 2.75], "texture": "#0"},
				"south": {"uv": [8.25, 1.5, 10.5, 1.75], "texture": "#0"},
				"west": {"uv": [6.5, 6, 7.625, 6.25], "texture": "#0"},
				"up": {"uv": [4.25, 3.875, 2, 2.75], "texture": "#0"},
				"down": {"uv": [4.25, 4, 2, 5.125], "texture": "#0"}
			}
		},
		{
			"from": [3.5, 9.5, 4],
			"to": [12, 20.25, 8],
			"rotation": {"angle": 0, "axis": "y", "origin": [4, 9.5, 5]},
			"faces": {
				"north": {"uv": [0, 0, 2.125, 2.75], "texture": "#0"},
				"east": {"uv": [0, 2.75, 1, 5.5], "texture": "#0"},
				"south": {"uv": [2.25, 0, 4.375, 2.75], "texture": "#0"},
				"west": {"uv": [1, 2.75, 2, 5.5], "texture": "#0"},
				"up": {"uv": [4.125, 6.25, 2, 5.25], "texture": "#0"},
				"down": {"uv": [6.375, 5.25, 4.25, 6.25], "texture": "#0"}
			}
		},
		{
			"from": [3.25, 20, 3.5],
			"to": [12.25, 20.5, 4.75],
			"rotation": {"angle": 0, "axis": "y", "origin": [4, 20, 3.75]},
			"faces": {
				"north": {"uv": [8.25, 2.25, 10.5, 2.375], "texture": "#0"},
				"east": {"uv": [7.5, 10.5, 7.875, 10.625], "texture": "#0"},
				"south": {"uv": [9.25, 0.5, 11.5, 0.625], "texture": "#0"},
				"west": {"uv": [10.5, 7.75, 10.875, 7.875], "texture": "#0"},
				"up": {"uv": [8.75, 5.375, 6.5, 5], "texture": "#0"},
				"down": {"uv": [8.75, 5.5, 6.5, 5.875], "texture": "#0"}
			}
		},
		{
			"from": [3.25, 20, 4.75],
			"to": [12.25, 20.5, 6],
			"rotation": {"angle": 0, "axis": "y", "origin": [4, 20, 5]},
			"faces": {
				"north": {"uv": [9.25, 0.75, 11.5, 0.875], "texture": "#0"},
				"east": {"uv": [10.5, 8, 10.875, 8.125], "texture": "#0"},
				"south": {"uv": [9.25, 1, 11.5, 1.125], "texture": "#0"},
				"west": {"uv": [10.5, 8.25, 10.875, 8.375], "texture": "#0"},
				"up": {"uv": [6.25, 7.125, 4, 6.75], "texture": "#0"},
				"down": {"uv": [8.5, 6.75, 6.25, 7.125], "texture": "#0"}
			}
		},
		{
			"from": [3.25, 20, 6],
			"to": [12.25, 20.5, 7.25],
			"rotation": {"angle": 0, "axis": "y", "origin": [4, 20, 6.25]},
			"faces": {
				"north": {"uv": [9.25, 1.25, 11.5, 1.375], "texture": "#0"},
				"east": {"uv": [10.5, 8.5, 10.875, 8.625], "texture": "#0"},
				"south": {"uv": [9.25, 3.5, 11.5, 3.625], "texture": "#0"},
				"west": {"uv": [10.5, 8.75, 10.875, 8.875], "texture": "#0"},
				"up": {"uv": [6.25, 7.625, 4, 7.25], "texture": "#0"},
				"down": {"uv": [8.5, 7.25, 6.25, 7.625], "texture": "#0"}
			}
		},
		{
			"from": [3.25, 20, 7.25],
			"to": [12.25, 20.5, 8.5],
			"rotation": {"angle": 0, "axis": "y", "origin": [4, 20, 7.5]},
			"faces": {
				"north": {"uv": [9.25, 3.75, 11.5, 3.875], "texture": "#0"},
				"east": {"uv": [10.5, 9, 10.875, 9.125], "texture": "#0"},
				"south": {"uv": [9.25, 4, 11.5, 4.125], "texture": "#0"},
				"west": {"uv": [9.5, 10.5, 9.875, 10.625], "texture": "#0"},
				"up": {"uv": [2.25, 7.875, 0, 7.5], "texture": "#0"},
				"down": {"uv": [4.5, 7.75, 2.25, 8.125], "texture": "#0"}
			}
		},
		{
			"from": [2, 17.25, 4.75],
			"to": [3.5, 19.25, 7.25],
			"rotation": {"angle": 0, "axis": "y", "origin": [1.5, 17.25, 5.25]},
			"faces": {
				"north": {"uv": [1.5, 9.5, 1.875, 10], "texture": "#0"},
				"east": {"uv": [7.5, 8.75, 8.125, 9.25], "texture": "#0"},
				"south": {"uv": [9.5, 1.75, 9.875, 2.25], "texture": "#0"},
				"west": {"uv": [9, 8.25, 9.625, 8.75], "texture": "#0"},
				"up": {"uv": [8.375, 9.875, 8, 9.25], "texture": "#0"},
				"down": {"uv": [8.875, 9.25, 8.5, 9.875], "texture": "#0"}
			}
		},
		{
			"from": [12, 17.25, 4.75],
			"to": [13.5, 19.25, 7.25],
			"rotation": {"angle": 0, "axis": "y", "origin": [11.5, 17.25, 5.25]},
			"faces": {
				"north": {"uv": [9.5, 2.5, 9.875, 3], "texture": "#0"},
				"east": {"uv": [9, 8.75, 9.625, 9.25], "texture": "#0"},
				"south": {"uv": [9.5, 3, 9.875, 3.5], "texture": "#0"},
				"west": {"uv": [9.25, 0, 9.875, 0.5], "texture": "#0"},
				"up": {"uv": [9.375, 9.875, 9, 9.25], "texture": "#0"},
				"down": {"uv": [0.375, 9.5, 0, 10.125], "texture": "#0"}
			}
		},
		{
			"from": [4.25, 20.5, 4],
			"to": [11.25, 22.25, 8],
			"rotation": {"angle": 0, "axis": "y", "origin": [6, 20.5, 4]},
			"faces": {
				"north": {"uv": [6.5, 1.5, 8.25, 2], "texture": "#0"},
				"east": {"uv": [6.5, 8.25, 7.5, 8.75], "texture": "#0"},
				"south": {"uv": [6.5, 2, 8.25, 2.5], "texture": "#0"},
				"west": {"uv": [7.5, 8.25, 8.5, 8.75], "texture": "#0"},
				"up": {"uv": [8, 3.5, 6.25, 2.5], "texture": "#0"},
				"down": {"uv": [8, 3.5, 6.25, 4.5], "texture": "#0"}
			}
		},
		{
			"from": [4, 22.25, 3.75],
			"to": [11.5, 24, 8.25],
			"rotation": {"angle": 0, "axis": "y", "origin": [6, 22.25, 4]},
			"faces": {
				"north": {"uv": [6.5, 0.5, 8.375, 1], "texture": "#0"},
				"east": {"uv": [8.25, 1.75, 9.375, 2.25], "texture": "#0"},
				"south": {"uv": [6.5, 1, 8.375, 1.5], "texture": "#0"},
				"west": {"uv": [8.25, 4.5, 9.375, 5], "texture": "#0"},
				"up": {"uv": [1.875, 6.625, 0, 5.5], "texture": "#0"},
				"down": {"uv": [3.875, 6.25, 2, 7.375], "texture": "#0"}
			}
		},
		{
			"from": [3.75, 24, 3.5],
			"to": [11.75, 25.75, 8.5],
			"rotation": {"angle": 0, "axis": "y", "origin": [6, 24, 4]},
			"faces": {
				"north": {"uv": [4, 6.25, 6, 6.75], "texture": "#0"},
				"east": {"uv": [8, 3.5, 9.25, 4], "texture": "#0"},
				"south": {"uv": [6.25, 4.5, 8.25, 5], "texture": "#0"},
				"west": {"uv": [8, 4, 9.25, 4.5], "texture": "#0"},
				"up": {"uv": [6.25, 4, 4.25, 2.75], "texture": "#0"},
				"down": {"uv": [6.25, 4, 4.25, 5.25], "texture": "#0"}
			}
		},
		{
			"from": [3.75, 25.75, 3.5],
			"to": [11.75, 27.5, 8.5],
			"rotation": {"angle": 0, "axis": "y", "origin": [6, 25.75, 4]},
			"faces": {
				"north": {"uv": [6, 6.25, 8, 6.75], "texture": "#0"},
				"east": {"uv": [8, 6, 9.25, 6.5], "texture": "#0"},
				"south": {"uv": [6.5, 0, 8.5, 0.5], "texture": "#0"},
				"west": {"uv": [8, 7.75, 9.25, 8.25], "texture": "#0"},
				"up": {"uv": [6.5, 1.25, 4.5, 0], "texture": "#0"},
				"down": {"uv": [6.5, 1.25, 4.5, 2.5], "texture": "#0"}
			}
		},
		{
			"from": [5, 24.75, 3.25],
			"to": [7, 26.75, 3.5],
			"rotation": {"angle": 0, "axis": "y", "origin": [5, 24.75, 1.5]},
			"faces": {
				"north": {"uv": [9.25, 6.75, 9.75, 7.25], "texture": "#0"},
				"east": {"uv": [10, 10.25, 10.125, 10.75], "texture": "#0"},
				"south": {"uv": [9.25, 7.25, 9.75, 7.75], "texture": "#0"},
				"west": {"uv": [10.25, 10.25, 10.375, 10.75], "texture": "#0"},
				"up": {"uv": [11, 0.125, 10.5, 0], "texture": "#0"},
				"down": {"uv": [11, 0.25, 10.5, 0.375], "texture": "#0"}
			}
		},
		{
			"from": [8.25, 24.5, 3.25],
			"to": [10.75, 27, 3.5],
			"rotation": {"angle": 0, "axis": "y", "origin": [8.5, 24.75, 1.5]},
			"faces": {
				"north": {"uv": [8.5, 0, 9.125, 0.625], "texture": "#0"},
				"east": {"uv": [10.25, 7.75, 10.375, 8.375], "texture": "#0"},
				"south": {"uv": [8.5, 0.75, 9.125, 1.375], "texture": "#0"},
				"west": {"uv": [10.25, 8.5, 10.375, 9.125], "texture": "#0"},
				"up": {"uv": [10.875, 9.375, 10.25, 9.25], "texture": "#0"},
				"down": {"uv": [10.875, 9.5, 10.25, 9.625], "texture": "#0"}
			}
		},
		{
			"from": [2, 11, 5],
			"to": [3.25, 17.25, 7],
			"rotation": {"angle": 0, "axis": "y", "origin": [1.25, 15.25, 5.25]},
			"faces": {
				"north": {"uv": [2, 8.25, 2.375, 9.875], "texture": "#0"},
				"east": {"uv": [4.5, 7.75, 5, 9.375], "texture": "#0"},
				"south": {"uv": [2.5, 8.25, 2.875, 9.875], "texture": "#0"},
				"west": {"uv": [5, 7.75, 5.5, 9.375], "texture": "#0"},
				"up": {"uv": [4.375, 10, 4, 9.5], "texture": "#0"},
				"down": {"uv": [9.875, 4.25, 9.5, 4.75], "texture": "#0"}
			}
		},
		{
			"from": [12.25, 11, 5],
			"to": [13.5, 17.25, 7],
			"rotation": {"angle": 0, "axis": "y", "origin": [11.5, 15.25, 5.25]},
			"faces": {
				"north": {"uv": [3, 8.25, 3.375, 9.875], "texture": "#0"},
				"east": {"uv": [5.5, 7.75, 6, 9.375], "texture": "#0"},
				"south": {"uv": [3.5, 8.25, 3.875, 9.875], "texture": "#0"},
				"west": {"uv": [6, 7.75, 6.5, 9.375], "texture": "#0"},
				"up": {"uv": [4.875, 10, 4.5, 9.5], "texture": "#0"},
				"down": {"uv": [5.375, 9.5, 5, 10], "texture": "#0"}
			}
		},
		{
			"from": [5.25, 27.5, 1.25],
			"to": [6.25, 28.25, 4.25],
			"rotation": {"angle": 22.5, "axis": "x", "origin": [4.25, 27.5, 3.5]},
			"faces": {
				"north": {"uv": [9.25, 4.25, 9.5, 4.5], "texture": "#0"},
				"east": {"uv": [0, 7.25, 0.75, 7.5], "texture": "#0"},
				"south": {"uv": [9.5, 4.75, 9.75, 5], "texture": "#0"},
				"west": {"uv": [0.75, 7.25, 1.5, 7.5], "texture": "#0"},
				"up": {"uv": [5.75, 10.25, 5.5, 9.5], "texture": "#0"},
				"down": {"uv": [6, 9.5, 5.75, 10.25], "texture": "#0"}
			}
		},
		{
			"from": [7, 27.5, 2.25],
			"to": [8, 28.25, 5.25],
			"rotation": {"angle": -45, "axis": "x", "origin": [6, 27.5, 4.5]},
			"faces": {
				"north": {"uv": [9.75, 6.25, 10, 6.5], "texture": "#0"},
				"east": {"uv": [2.25, 7.5, 3, 7.75], "texture": "#0"},
				"south": {"uv": [0.5, 10.5, 0.75, 10.75], "texture": "#0"},
				"west": {"uv": [3, 7.5, 3.75, 7.75], "texture": "#0"},
				"up": {"uv": [6.25, 10.25, 6, 9.5], "texture": "#0"},
				"down": {"uv": [6.5, 9.5, 6.25, 10.25], "texture": "#0"}
			}
		},
		{
			"from": [9, 26.75, 3.5],
			"to": [10, 29.75, 4.25],
			"rotation": {"angle": -22.5, "axis": "x", "origin": [8, 27.5, 3.5]},
			"faces": {
				"north": {"uv": [9.5, 9.25, 9.75, 10], "texture": "#0"},
				"east": {"uv": [9.75, 4.75, 10, 5.5], "texture": "#0"},
				"south": {"uv": [9.75, 5.5, 10, 6.25], "texture": "#0"},
				"west": {"uv": [6.5, 9.75, 6.75, 10.5], "texture": "#0"},
				"up": {"uv": [1, 10.75, 0.75, 10.5], "texture": "#0"},
				"down": {"uv": [1.25, 10.5, 1, 10.75], "texture": "#0"}
			}
		},
		{
			"from": [5, 27.5, 7.25],
			"to": [6, 28.25, 10.25],
			"rotation": {"angle": 45, "axis": "x", "origin": [4, 28.25, 8]},
			"faces": {
				"north": {"uv": [1.25, 10.5, 1, 10.75], "rotation": 180, "texture": "#0"},
				"east": {"uv": [9.75, 4.75, 10, 5.5], "rotation": 270, "texture": "#0"},
				"south": {"uv": [1, 10.75, 0.75, 10.5], "texture": "#0"},
				"west": {"uv": [6.5, 9.75, 6.75, 10.5], "rotation": 90, "texture": "#0"},
				"up": {"uv": [9.5, 9.25, 9.75, 10], "rotation": 180, "texture": "#0"},
				"down": {"uv": [9.75, 5.5, 10, 6.25], "texture": "#0"}
			}
		},
		{
			"from": [9.5, 27.5, 7.25],
			"to": [10.5, 28.25, 10.25],
			"rotation": {"angle": 45, "axis": "x", "origin": [8.5, 28.25, 8]},
			"faces": {
				"north": {"uv": [1.25, 10.5, 1, 10.75], "rotation": 180, "texture": "#0"},
				"east": {"uv": [9.75, 4.75, 10, 5.5], "rotation": 270, "texture": "#0"},
				"south": {"uv": [1, 10.75, 0.75, 10.5], "texture": "#0"},
				"west": {"uv": [6.5, 9.75, 6.75, 10.5], "rotation": 90, "texture": "#0"},
				"up": {"uv": [9.5, 9.25, 9.75, 10], "rotation": 180, "texture": "#0"},
				"down": {"uv": [9.75, 5.5, 10, 6.25], "texture": "#0"}
			}
		},
		{
			"from": [7.5, 27.5, 7.25],
			"to": [8.5, 28.25, 10.25],
			"rotation": {"angle": 45, "axis": "x", "origin": [6.5, 28.25, 8]},
			"faces": {
				"north": {"uv": [1.25, 10.5, 1, 10.75], "rotation": 180, "texture": "#0"},
				"east": {"uv": [9.75, 4.75, 10, 5.5], "rotation": 270, "texture": "#0"},
				"south": {"uv": [1, 10.75, 0.75, 10.5], "texture": "#0"},
				"west": {"uv": [6.5, 9.75, 6.75, 10.5], "rotation": 90, "texture": "#0"},
				"up": {"uv": [9.5, 9.25, 9.75, 10], "rotation": 180, "texture": "#0"},
				"down": {"uv": [9.75, 5.5, 10, 6.25], "texture": "#0"}
			}
		},
		{
			"from": [10.75, 26.75, 4.25],
			"to": [11.75, 29.75, 5],
			"rotation": {"angle": -22.5, "axis": "z", "origin": [9.75, 27.5, 4.25]},
			"faces": {
				"north": {"uv": [6.75, 9.75, 7, 10.5], "texture": "#0"},
				"east": {"uv": [9.75, 6.75, 10, 7.5], "texture": "#0"},
				"south": {"uv": [7, 9.75, 7.25, 10.5], "texture": "#0"},
				"west": {"uv": [7.25, 9.75, 7.5, 10.5], "texture": "#0"},
				"up": {"uv": [1.5, 10.75, 1.25, 10.5], "texture": "#0"},
				"down": {"uv": [10.75, 1.5, 10.5, 1.75], "texture": "#0"}
			}
		},
		{
			"from": [10.75, 26.75, 6.75],
			"to": [11.75, 29.75, 7.5],
			"rotation": {"angle": -22.5, "axis": "z", "origin": [9.75, 27.5, 6.75]},
			"faces": {
				"north": {"uv": [7.5, 9.75, 7.75, 10.5], "texture": "#0"},
				"east": {"uv": [9.75, 7.5, 10, 8.25], "texture": "#0"},
				"south": {"uv": [7.75, 9.75, 8, 10.5], "texture": "#0"},
				"west": {"uv": [9.75, 8.25, 10, 9], "texture": "#0"},
				"up": {"uv": [10.75, 2, 10.5, 1.75], "texture": "#0"},
				"down": {"uv": [10.75, 2, 10.5, 2.25], "texture": "#0"}
			}
		},
		{
			"from": [8, 26.75, 6.75],
			"to": [9, 29.75, 7.5],
			"rotation": {"angle": -22.5, "axis": "z", "origin": [7, 27.5, 6.75]},
			"faces": {
				"north": {"uv": [9.75, 9, 10, 9.75], "texture": "#0"},
				"east": {"uv": [9.75, 9.75, 10, 10.5], "texture": "#0"},
				"south": {"uv": [1.5, 10, 1.75, 10.75], "texture": "#0"},
				"west": {"uv": [1.75, 10, 2, 10.75], "texture": "#0"},
				"up": {"uv": [10.75, 2.5, 10.5, 2.25], "texture": "#0"},
				"down": {"uv": [10.75, 3.25, 10.5, 3.5], "texture": "#0"}
			}
		},
		{
			"from": [6.25, 26.75, 6.75],
			"to": [7.25, 29.75, 7.5],
			"rotation": {"angle": -22.5, "axis": "z", "origin": [5.25, 27.5, 6.75]},
			"faces": {
				"north": {"uv": [3.75, 10, 4, 10.75], "texture": "#0"},
				"east": {"uv": [4, 10, 4.25, 10.75], "texture": "#0"},
				"south": {"uv": [4.25, 10, 4.5, 10.75], "texture": "#0"},
				"west": {"uv": [10, 4.25, 10.25, 5], "texture": "#0"},
				"up": {"uv": [5.75, 10.75, 5.5, 10.5], "texture": "#0"},
				"down": {"uv": [6, 10.5, 5.75, 10.75], "texture": "#0"}
			}
		},
		{
			"from": [4.5, 26.75, 6.75],
			"to": [5.5, 29.75, 7.5],
			"rotation": {"angle": -22.5, "axis": "z", "origin": [3.5, 27.5, 6.75]},
			"faces": {
				"north": {"uv": [5.25, 10, 5.5, 10.75], "texture": "#0"},
				"east": {"uv": [10, 5.75, 10.25, 6.5], "texture": "#0"},
				"south": {"uv": [10, 6.75, 10.25, 7.5], "texture": "#0"},
				"west": {"uv": [10, 7.5, 10.25, 8.25], "texture": "#0"},
				"up": {"uv": [6.75, 10.75, 6.5, 10.5], "texture": "#0"},
				"down": {"uv": [7, 10.5, 6.75, 10.75], "texture": "#0"}
			}
		},
		{
			"from": [9.5, 26.75, 5.5],
			"to": [10.5, 29.75, 6.25],
			"rotation": {"angle": -22.5, "axis": "z", "origin": [8.5, 27.5, 5.5]},
			"faces": {
				"north": {"uv": [2, 10, 2.25, 10.75], "texture": "#0"},
				"east": {"uv": [2.25, 10, 2.5, 10.75], "texture": "#0"},
				"south": {"uv": [2.5, 10, 2.75, 10.75], "texture": "#0"},
				"west": {"uv": [10, 2.5, 10.25, 3.25], "texture": "#0"},
				"up": {"uv": [10.75, 4.5, 10.5, 4.25], "texture": "#0"},
				"down": {"uv": [10.75, 4.5, 10.5, 4.75], "texture": "#0"}
			}
		},
		{
			"from": [7.5, 26.75, 5.5],
			"to": [8.5, 29.75, 6.25],
			"rotation": {"angle": -22.5, "axis": "z", "origin": [6.5, 27.5, 5.5]},
			"faces": {
				"north": {"uv": [2.75, 10, 3, 10.75], "texture": "#0"},
				"east": {"uv": [3, 10, 3.25, 10.75], "texture": "#0"},
				"south": {"uv": [3.25, 10, 3.5, 10.75], "texture": "#0"},
				"west": {"uv": [3.5, 10, 3.75, 10.75], "texture": "#0"},
				"up": {"uv": [10.75, 5, 10.5, 4.75], "texture": "#0"},
				"down": {"uv": [10.75, 5, 10.5, 5.25], "texture": "#0"}
			}
		},
		{
			"from": [6.5, 26.75, 5.5],
			"to": [7.5, 29.75, 6.25],
			"rotation": {"angle": -22.5, "axis": "z", "origin": [5.5, 27.5, 5.5]},
			"faces": {
				"north": {"uv": [4.5, 10, 4.75, 10.75], "texture": "#0"},
				"east": {"uv": [4.75, 10, 5, 10.75], "texture": "#0"},
				"south": {"uv": [5, 10, 5.25, 10.75], "texture": "#0"},
				"west": {"uv": [10, 5, 10.25, 5.75], "texture": "#0"},
				"up": {"uv": [10.75, 6, 10.5, 5.75], "texture": "#0"},
				"down": {"uv": [10.75, 6, 10.5, 6.25], "texture": "#0"}
			}
		},
		{
			"from": [4.25, 26.75, 5.5],
			"to": [5.25, 29.75, 6.25],
			"rotation": {"angle": -22.5, "axis": "z", "origin": [3.25, 27.5, 5.5]},
			"faces": {
				"north": {"uv": [8, 10, 8.25, 10.75], "texture": "#0"},
				"east": {"uv": [8.25, 10, 8.5, 10.75], "texture": "#0"},
				"south": {"uv": [10, 8.25, 10.25, 9], "texture": "#0"},
				"west": {"uv": [8.5, 10, 8.75, 10.75], "texture": "#0"},
				"up": {"uv": [10.75, 7, 10.5, 6.75], "texture": "#0"},
				"down": {"uv": [7.25, 10.5, 7, 10.75], "texture": "#0"}
			}
		},
		{
			"from": [4.25, 26.75, 4.5],
			"to": [5.25, 29.75, 5.25],
			"rotation": {"angle": -22.5, "axis": "z", "origin": [3.25, 27.5, 4.5]},
			"faces": {
				"north": {"uv": [8.75, 10, 9, 10.75], "texture": "#0"},
				"east": {"uv": [9, 10, 9.25, 10.75], "texture": "#0"},
				"south": {"uv": [10, 9, 10.25, 9.75], "texture": "#0"},
				"west": {"uv": [9.25, 10, 9.5, 10.75], "texture": "#0"},
				"up": {"uv": [10.75, 7.25, 10.5, 7], "texture": "#0"},
				"down": {"uv": [7.5, 10.5, 7.25, 10.75], "texture": "#0"}
			}
		},
		{
			"from": [7, 23, 1.5],
			"to": [9, 25, 4.25],
			"rotation": {"angle": 0, "axis": "y", "origin": [7, 23, 2.25]},
			"faces": {
				"north": {"uv": [7.5, 9.25, 8, 9.75], "texture": "#0"},
				"east": {"uv": [8.5, 6.75, 9.25, 7.25], "texture": "#0"},
				"south": {"uv": [9.25, 7.75, 9.75, 8.25], "texture": "#0"},
				"west": {"uv": [8.5, 7.25, 9.25, 7.75], "texture": "#0"},
				"up": {"uv": [2, 7.5, 1.5, 6.75], "texture": "#0"},
				"down": {"uv": [4.5, 8.25, 4, 9], "texture": "#0"}
			}
		},
		{
			"from": [3, 24, 4.5],
			"to": [5, 26, 7.25],
			"rotation": {"angle": 0, "axis": "y", "origin": [3, 24, 5.25]},
			"faces": {
				"north": {"uv": [7.5, 9.25, 8, 9.75], "texture": "#0"},
				"east": {"uv": [8.5, 6.75, 9.25, 7.25], "texture": "#0"},
				"south": {"uv": [9.25, 7.75, 9.75, 8.25], "texture": "#0"},
				"west": {"uv": [8.5, 7.25, 9.25, 7.75], "texture": "#0"},
				"up": {"uv": [2, 7.5, 1.5, 6.75], "texture": "#0"},
				"down": {"uv": [4.5, 8.25, 4, 9], "texture": "#0"}
			}
		},
		{
			"from": [10.5, 24, 4.5],
			"to": [12.5, 26, 7.25],
			"rotation": {"angle": 0, "axis": "y", "origin": [10.5, 24, 5.25]},
			"faces": {
				"north": {"uv": [7.5, 9.25, 8, 9.75], "texture": "#0"},
				"east": {"uv": [8.5, 6.75, 9.25, 7.25], "texture": "#0"},
				"south": {"uv": [9.25, 7.75, 9.75, 8.25], "texture": "#0"},
				"west": {"uv": [8.5, 7.25, 9.25, 7.75], "texture": "#0"},
				"up": {"uv": [2, 7.5, 1.5, 6.75], "texture": "#0"},
				"down": {"uv": [4.5, 8.25, 4, 9], "texture": "#0"}
			}
		}
	],
	"display": {
		"thirdperson_righthand": {
			"rotation": [74, 55, 0],
			"translation": [0.25, 0, 0],
			"scale": [0.46, 0.46, 0.48]
		},
		"thirdperson_lefthand": {
			"rotation": [74, 55, 0],
			"translation": [0.25, 0, 0],
			"scale": [0.46, 0.46, 0.48]
		},
		"firstperson_righthand": {
			"rotation": [0, 116, 0],
			"translation": [2.5, -3.25, 0],
			"scale": [0.58, 0.6, 0.54]
		},
		"firstperson_lefthand": {
			"rotation": [0, 116, 0],
			"translation": [2.5, -3.25, 0],
			"scale": [0.58, 0.6, 0.54]
		},
		"gui": {
			"rotation": [0, -157, 0],
			"translation": [-0.75, -7.5, 0],
			"scale": [0.74, 0.74, 0.72]
		},
		"head": {
			"translation": [0, 7.25, 0]
		},
		"fixed": {
			"rotation": [-90, 0, 0],
			"scale": [4, 4, 4]
		}
	}
}