{
	"credit": "Made with Blockbench, a free, modern block model editor by JannisX11",
	"texture_size": [32, 32],
	"textures": {
		"2": "custom/deko/feuer"
	},
	"elements": [
		{
			"name": "walls",
			"from": [1, -0.25, 0],
			"to": [15, 1, 15],
			"faces": {
				"north": {"uv": [6, 9.5, 13, 10.25], "texture": "#2"},
				"east": {"uv": [6, 7.5, 13.5, 8.25], "texture": "#2"},
				"south": {"uv": [3, 10.5, 10, 11.25], "texture": "#2"},
				"west": {"uv": [6, 8.5, 13.5, 9.25], "texture": "#2"},
				"up": {"uv": [7, 7.5, 0, 0], "texture": "#2"},
				"down": {"uv": [14, 0, 7, 7.5], "texture": "#2"}
			}
		},
		{
			"name": "log",
			"from": [4, 1, 1.55],
			"to": [6, 3, 7.55],
			"rotation": {"angle": 22.5, "axis": "y", "origin": [9, 8, 7]},
			"faces": {
				"north": {"uv": [0, 13, 1, 14], "texture": "#2"},
				"east": {"uv": [10, 10.5, 13, 11.5], "texture": "#2"},
				"south": {"uv": [1, 13, 2, 14], "texture": "#2"},
				"west": {"uv": [0, 11, 3, 12], "texture": "#2"},
				"up": {"uv": [4, 14.5, 3, 11.5], "texture": "#2"},
				"down": {"uv": [5, 11.5, 4, 14.5], "texture": "#2"}
			}
		},
		{
			"name": "log",
			"from": [7.5, 0.75, 7],
			"to": [13.5, 2.75, 9],
			"rotation": {"angle": -22.5, "axis": "z", "origin": [12.5, 7.75, 11]},
			"faces": {
				"north": {"uv": [5, 11.5, 8, 12.5], "texture": "#2"},
				"east": {"uv": [2, 13, 3, 14], "texture": "#2"},
				"south": {"uv": [8, 11.5, 11, 12.5], "texture": "#2"},
				"west": {"uv": [13, 9.5, 14, 10.5], "texture": "#2"},
				"up": {"uv": [14, 12.5, 11, 11.5], "texture": "#2"},
				"down": {"uv": [3, 12, 0, 13], "texture": "#2"}
			}
		},
		{
			"name": "log",
			"from": [7, 2.75, -2.75],
			"to": [9, 4.75, 3.25],
			"rotation": {"angle": -45, "axis": "x", "origin": [5, 9.75, 2.75]},
			"faces": {
				"north": {"uv": [13, 10.5, 14, 11.5], "texture": "#2"},
				"east": {"uv": [5, 12.5, 8, 13.5], "texture": "#2"},
				"south": {"uv": [13, 12.5, 14, 13.5], "texture": "#2"},
				"west": {"uv": [8, 12.5, 11, 13.5], "texture": "#2"},
				"up": {"uv": [12, 15.5, 11, 12.5], "texture": "#2"},
				"down": {"uv": [13, 12.5, 12, 15.5], "texture": "#2"}
			}
		},
		{
			"from": [5, 3, 8],
			"to": [11, 10, 8],
			"faces": {
				"north": {"uv": [0, 7.5, 3, 11], "texture": "#2"}
			}
		},
		{
			"from": [3.5, 3, 6.5],
			"to": [9.5, 9, 6.5],
			"rotation": {"angle": 45, "axis": "y", "origin": [6.5, 8, 6.5]},
			"faces": {
				"north": {"uv": [3, 7.5, 6, 10.5], "texture": "#2"}
			}
		}
	],
	"display": {
		"fixed": {
			"rotation": [-89, 0, 0],
			"translation": [0, 0, -21.75],
			"scale": [2.69, 2.69, 2.69]
		}
	}
}