{
	"credit": "MadewithBlockbench",
	"texture_size": [256, 256],
	"textures": {
		"0": "custom/deko/fishbar1texture",
		"particle": "custom/deko/fishbar1texture"
	},
	"elements": [
		{
			"from": [16.025, 4, 6],
			"to": [22.025, 20, 10],
			"rotation": {"angle": 0, "axis": "y", "origin": [12, 19.625, 8.025]},
			"faces": {
				"north": {"uv": [2.3125, 7.4375, 3.3125, 7.8125], "rotation": 270, "texture": "#0"},
				"east": {"uv": [3.3125, 7.4375, 2.3125, 7.1875], "rotation": 90, "texture": "#0"},
				"south": {"uv": [3.5625, 7.4375, 4.5625, 7.8125], "rotation": 90, "texture": "#0"},
				"west": {"uv": [4.3125, 7.1875, 3.3125, 7.4375], "rotation": 90, "texture": "#0"},
				"up": {"uv": [3.3125, 7.4375, 3.5625, 7.8125], "rotation": 90, "texture": "#0"},
				"down": {"uv": [2.0625, 7.4375, 2.3125, 7.8125], "rotation": 90, "texture": "#0"}
			}
		},
		{
			"from": [15, 11, 8],
			"to": [22, 29, 8],
			"rotation": {"angle": 0, "axis": "y", "origin": [18.5, 20, 8]},
			"faces": {
				"north": {"uv": [2.4375, 7.875, 3.5625, 8.3125], "rotation": 270, "texture": "#0"},
				"east": {"uv": [3.5625, 7.875, 2.4375, 7.875], "rotation": 90, "texture": "#0"},
				"south": {"uv": [3.5625, 7.875, 4.6875, 8.3125], "rotation": 90, "texture": "#0"},
				"west": {"uv": [4.6875, 7.875, 3.5625, 7.875], "rotation": 90, "texture": "#0"},
				"up": {"uv": [3.5625, 7.875, 3.5625, 8.3125], "rotation": 90, "texture": "#0"},
				"down": {"uv": [2.4375, 7.875, 2.4375, 8.3125], "rotation": 90, "texture": "#0"}
			}
		},
		{
			"from": [24.95, -3, 4.39409],
			"to": [26.95, 32, 6.39409],
			"rotation": {"angle": 22.5, "axis": "x", "origin": [7.5, 21.64831, 8]},
			"faces": {
				"north": {"uv": [0.5, 8.25, 0.375, 11.30625], "texture": "#0"},
				"east": {"uv": [0.125, 8.25, 0, 11.30625], "texture": "#0"},
				"south": {"uv": [0.25, 8.25, 0.125, 11.30625], "texture": "#0"},
				"west": {"uv": [0.375, 8.25, 0.25, 11.30625], "texture": "#0"},
				"up": {"uv": [0.25, 8.125, 0.125, 8.25], "texture": "#0"},
				"down": {"uv": [0.375, 8.25, 0.25, 8.125], "texture": "#0"}
			}
		},
		{
			"from": [-10.46573, 27.75089, 7],
			"to": [25.53427, 29.75089, 9],
			"rotation": {"angle": 0, "axis": "y", "origin": [7.5, 21.64831, 8]},
			"faces": {
				"north": {"uv": [0.5, 11.90625, 0.375, 14.15625], "rotation": 90, "texture": "#0"},
				"east": {"uv": [0.375, 11.5, 0.25, 11.375], "rotation": 270, "texture": "#0"},
				"south": {"uv": [0.25, 11.90625, 0.125, 14.15625], "rotation": 270, "texture": "#0"},
				"west": {"uv": [0.25, 11.375, 0.125, 11.5], "rotation": 270, "texture": "#0"},
				"up": {"uv": [0.125, 11.90625, 0, 14.15625], "rotation": 270, "texture": "#0"},
				"down": {"uv": [0.375, 11.90625, 0.25, 14.15625], "rotation": 270, "texture": "#0"}
			}
		},
		{
			"from": [25.075, -3, 9.60591],
			"to": [26.825, 32, 11.60591],
			"rotation": {"angle": -22.5, "axis": "x", "origin": [7.5, 21.64831, 8]},
			"faces": {
				"north": {"uv": [0.125, 8.25, 0.25, 11.30625], "texture": "#0"},
				"east": {"uv": [0, 8.25, 0.125, 11.30625], "texture": "#0"},
				"south": {"uv": [0.375, 8.25, 0.5, 11.30625], "texture": "#0"},
				"west": {"uv": [0.25, 8.25, 0.375, 11.30625], "texture": "#0"},
				"up": {"uv": [0.25, 8.25, 0.125, 8.125], "texture": "#0"},
				"down": {"uv": [0.375, 8.125, 0.25, 8.25], "texture": "#0"}
			}
		},
		{
			"from": [4, 11, 8],
			"to": [11, 29, 8],
			"rotation": {"angle": 0, "axis": "y", "origin": [18.5, 20, 8]},
			"faces": {
				"north": {"uv": [2.4375, 7.875, 3.5625, 8.3125], "rotation": 270, "texture": "#0"},
				"east": {"uv": [3.5625, 7.875, 2.4375, 7.875], "rotation": 90, "texture": "#0"},
				"south": {"uv": [3.5625, 7.875, 4.6875, 8.3125], "rotation": 90, "texture": "#0"},
				"west": {"uv": [4.6875, 7.875, 3.5625, 7.875], "rotation": 90, "texture": "#0"},
				"up": {"uv": [3.5625, 7.875, 3.5625, 8.3125], "rotation": 90, "texture": "#0"},
				"down": {"uv": [2.4375, 7.875, 2.4375, 8.3125], "rotation": 90, "texture": "#0"}
			}
		},
		{
			"from": [5.025, 4, 6],
			"to": [11.025, 20, 10],
			"rotation": {"angle": 0, "axis": "y", "origin": [12, 19.625, 8.025]},
			"faces": {
				"north": {"uv": [2.3125, 7.4375, 3.3125, 7.8125], "rotation": 270, "texture": "#0"},
				"east": {"uv": [3.3125, 7.4375, 2.3125, 7.1875], "rotation": 90, "texture": "#0"},
				"south": {"uv": [3.5625, 7.4375, 4.5625, 7.8125], "rotation": 90, "texture": "#0"},
				"west": {"uv": [4.3125, 7.1875, 3.3125, 7.4375], "rotation": 90, "texture": "#0"},
				"up": {"uv": [3.3125, 7.4375, 3.5625, 7.8125], "rotation": 90, "texture": "#0"},
				"down": {"uv": [2.0625, 7.4375, 2.3125, 7.8125], "rotation": 90, "texture": "#0"}
			}
		},
		{
			"from": [-7, 11, 8],
			"to": [0, 29, 8],
			"rotation": {"angle": 0, "axis": "y", "origin": [18.5, 20, 8]},
			"faces": {
				"north": {"uv": [2.4375, 7.875, 3.5625, 8.3125], "rotation": 270, "texture": "#0"},
				"east": {"uv": [3.5625, 7.875, 2.4375, 7.875], "rotation": 90, "texture": "#0"},
				"south": {"uv": [3.5625, 7.875, 4.6875, 8.3125], "rotation": 90, "texture": "#0"},
				"west": {"uv": [4.6875, 7.875, 3.5625, 7.875], "rotation": 90, "texture": "#0"},
				"up": {"uv": [3.5625, 7.875, 3.5625, 8.3125], "rotation": 90, "texture": "#0"},
				"down": {"uv": [2.4375, 7.875, 2.4375, 8.3125], "rotation": 90, "texture": "#0"}
			}
		},
		{
			"from": [-5.975, 4, 6],
			"to": [0.025, 20, 10],
			"rotation": {"angle": 0, "axis": "y", "origin": [12, 19.625, 8.025]},
			"faces": {
				"north": {"uv": [2.3125, 7.4375, 3.3125, 7.8125], "rotation": 270, "texture": "#0"},
				"east": {"uv": [3.3125, 7.4375, 2.3125, 7.1875], "rotation": 90, "texture": "#0"},
				"south": {"uv": [3.5625, 7.4375, 4.5625, 7.8125], "rotation": 90, "texture": "#0"},
				"west": {"uv": [4.3125, 7.1875, 3.3125, 7.4375], "rotation": 90, "texture": "#0"},
				"up": {"uv": [3.3125, 7.4375, 3.5625, 7.8125], "rotation": 90, "texture": "#0"},
				"down": {"uv": [2.0625, 7.4375, 2.3125, 7.8125], "rotation": 90, "texture": "#0"}
			}
		},
		{
			"from": [25.25, 7.5, 0.25],
			"to": [26.75, 9.5, 16.25],
			"rotation": {"angle": 0, "axis": "y", "origin": [4, 10, 0]},
			"faces": {
				"north": {"uv": [0.9375, 12.5, 1.0625, 12.625], "texture": "#0"},
				"east": {"uv": [0.5, 11.5, 0.625, 12.5], "rotation": 90, "texture": "#0"},
				"south": {"uv": [2.0625, 12.5, 2.1875, 12.625], "texture": "#0"},
				"west": {"uv": [0.625, 11.5, 0.75, 12.5], "rotation": 90, "texture": "#0"},
				"up": {"uv": [0.875, 12.5, 0.75, 11.5], "texture": "#0"},
				"down": {"uv": [1, 11.5, 0.875, 12.5], "texture": "#0"}
			}
		},
		{
			"from": [-10.825, -3, 9.60591],
			"to": [-9.075, 32, 11.60591],
			"rotation": {"angle": -22.5, "axis": "x", "origin": [8.5, 21.64831, 8]},
			"faces": {
				"north": {"uv": [0.25, 8.25, 0.125, 11.30625], "texture": "#0"},
				"east": {"uv": [0.375, 8.25, 0.25, 11.30625], "texture": "#0"},
				"south": {"uv": [0.5, 8.25, 0.375, 11.30625], "texture": "#0"},
				"west": {"uv": [0.125, 8.25, 0, 11.30625], "texture": "#0"},
				"up": {"uv": [0.125, 8.25, 0.25, 8.125], "texture": "#0"},
				"down": {"uv": [0.25, 8.125, 0.375, 8.25], "texture": "#0"}
			}
		},
		{
			"from": [-10.75, 7.5, 0.25],
			"to": [-9.25, 9.5, 16.25],
			"rotation": {"angle": 0, "axis": "y", "origin": [12, 10, 0]},
			"faces": {
				"north": {"uv": [1.0625, 12.5, 0.9375, 12.625], "texture": "#0"},
				"east": {"uv": [0.625, 12.5, 0.75, 11.5], "rotation": 90, "texture": "#0"},
				"south": {"uv": [2.1875, 12.5, 2.0625, 12.625], "texture": "#0"},
				"west": {"uv": [0.5, 12.5, 0.625, 11.5], "rotation": 90, "texture": "#0"},
				"up": {"uv": [0.75, 12.5, 0.875, 11.5], "texture": "#0"},
				"down": {"uv": [0.875, 11.5, 1, 12.5], "texture": "#0"}
			}
		},
		{
			"from": [-10.95, -3, 4.39409],
			"to": [-8.95, 32, 6.39409],
			"rotation": {"angle": 22.5, "axis": "x", "origin": [8.5, 21.64831, 8]},
			"faces": {
				"north": {"uv": [0.375, 8.25, 0.5, 11.30625], "texture": "#0"},
				"east": {"uv": [0.25, 8.25, 0.375, 11.30625], "texture": "#0"},
				"south": {"uv": [0.125, 8.25, 0.25, 11.30625], "texture": "#0"},
				"west": {"uv": [0, 8.25, 0.125, 11.30625], "texture": "#0"},
				"up": {"uv": [0.125, 8.125, 0.25, 8.25], "texture": "#0"},
				"down": {"uv": [0.25, 8.25, 0.375, 8.125], "texture": "#0"}
			}
		}
	],
	"gui_light": "front",
	"display": {
		"thirdperson_righthand": {
			"rotation": [67.5, 0, 0],
			"translation": [0, 0.75, -1],
			"scale": [0.1514, 0.1514, 0.1514]
		},
		"thirdperson_lefthand": {
			"rotation": [67.5, 0, 0],
			"translation": [0, 0.75, -1],
			"scale": [0.1514, 0.1514, 0.1514]
		},
		"firstperson_righthand": {
			"translation": [-0.5, 2.5, 0],
			"scale": [0.23399, 0.23399, 0.23399]
		},
		"firstperson_lefthand": {
			"translation": [-0.5, 2.5, 0],
			"scale": [0.23399, 0.23399, 0.23399]
		},
		"ground": {
			"translation": [0, 6, 0],
			"scale": [0.35, 0.35, 0.35]
		},
		"gui": {
			"rotation": [30, 135, 0],
			"translation": [0, -1.75, 0],
			"scale": [0.33078, 0.33078, 0.33078]
		},
		"head": {
			"rotation": [0, 180, 0],
			"translation": [0, -29.65, 0],
			"scale": [1.6, 1.6, 1.6]
		},
		"fixed": {
			"rotation": [-90, 0, 0],
			"translation": [0, 0, -16],
			"scale": [2, 2, 2]
		}
	},
	"groups": [
		{
			"name": "group",
			"origin": [8.5, 21.64831, 8],
			"color": 0,
			"children": [0, 1, 2, 3, 4, 5, 6, 7, 8, 9, 10, 11, 12]
		}
	]
}