{
	"credit": "MadewithBlockbench",
	"texture_size": [256, 256],
	"textures": {
		"0": "custom/deko/fishbar2texture",
		"particle": "custom/deko/fishbar2texture"
	},
	"elements": [
		{
			"from": [-16, -16, 14],
			"to": [-14, 22, 16],
			"rotation": {"angle": 0, "axis": "y", "origin": [-14.95, -16.05, 16]},
			"faces": {
				"north": {"uv": [0.25, 8.25, 0.125, 11.30625], "texture": "#0"},
				"east": {"uv": [0.375, 8.25, 0.25, 11.30625], "texture": "#0"},
				"south": {"uv": [0.5, 8.25, 0.375, 11.30625], "texture": "#0"},
				"west": {"uv": [0.125, 8.25, 0, 11.30625], "texture": "#0"},
				"up": {"uv": [0.125, 8.25, 0.25, 8.125], "texture": "#0"},
				"down": {"uv": [0.25, 8.125, 0.375, 8.25], "texture": "#0"}
			}
		},
		{
			"from": [-15.8, -10.45235, -0.09943],
			"to": [-14.2, -8.45235, 15.65057],
			"rotation": {"angle": 0, "axis": "y", "origin": [0, -6.45235, 14.27557]},
			"faces": {
				"north": {"uv": [0.375, 11.5, 0.25, 11.375], "rotation": 180, "texture": "#0"},
				"east": {"uv": [0.625, 11.5, 0.5, 12.5], "rotation": 270, "texture": "#0"},
				"south": {"uv": [0.25, 11.375, 0.125, 11.5], "texture": "#0"},
				"west": {"uv": [0.875, 11.5, 0.75, 12.5], "rotation": 90, "texture": "#0"},
				"up": {"uv": [1, 11.5, 0.875, 12.5], "rotation": 180, "texture": "#0"},
				"down": {"uv": [0.75, 11.5, 0.625, 12.5], "texture": "#0"}
			}
		},
		{
			"from": [-15.825, -16, 0],
			"to": [-14.175, 20, 2],
			"rotation": {"angle": 22.5, "axis": "x", "origin": [-15, -16, 2]},
			"faces": {
				"north": {"uv": [0.25, 8.25, 0.125, 11.30625], "texture": "#0"},
				"east": {"uv": [0.375, 8.25, 0.25, 11.30625], "texture": "#0"},
				"south": {"uv": [0.5, 8.25, 0.375, 11.30625], "texture": "#0"},
				"west": {"uv": [0.125, 8.25, 0, 11.30625], "texture": "#0"},
				"up": {"uv": [0.125, 8.25, 0.25, 8.125], "texture": "#0"},
				"down": {"uv": [0.25, 8.125, 0.375, 8.25], "texture": "#0"}
			}
		},
		{
			"from": [-15.7, 16, 14.125],
			"to": [15.7, 18, 15.875],
			"rotation": {"angle": 0, "axis": "y", "origin": [0, 3, 15]},
			"faces": {
				"north": {"uv": [0.25, 8.75, 0.125, 10.75], "rotation": 90, "texture": "#0"},
				"east": {"uv": [0.25, 8.125, 0.375, 8.25], "rotation": 270, "texture": "#0"},
				"south": {"uv": [0.5, 8.75, 0.375, 10.75], "rotation": 270, "texture": "#0"},
				"west": {"uv": [0.125, 8.25, 0.25, 8.125], "rotation": 270, "texture": "#0"},
				"up": {"uv": [0.375, 8.75, 0.25, 10.75], "rotation": 270, "texture": "#0"},
				"down": {"uv": [0.125, 8.75, 0, 10.75], "rotation": 270, "texture": "#0"}
			}
		},
		{
			"from": [-14, -10, -0.075],
			"to": [14, 20, -0.075],
			"rotation": {"angle": 22.5, "axis": "x", "origin": [-15, -16, 2]},
			"faces": {
				"north": {"uv": [1.75, 0, 0, 1.875], "texture": "#0"},
				"east": {"uv": [1.75, 0, 1.75, 1.875], "texture": "#0"},
				"south": {"uv": [1.75, 0, 0, 1.875], "texture": "#0"},
				"west": {"uv": [0, 0, 0, 1.875], "texture": "#0"},
				"up": {"uv": [0, 0, 1.75, 0], "texture": "#0"},
				"down": {"uv": [1.75, 0, 3.5, 0], "texture": "#0"}
			}
		},
		{
			"from": [-15.7, -10, 3.175],
			"to": [15.7, -8, 4.875],
			"rotation": {"angle": 0, "axis": "y", "origin": [0, 3, 15]},
			"faces": {
				"north": {"uv": [0.25, 8.75, 0.125, 10.75], "rotation": 90, "texture": "#0"},
				"east": {"uv": [0.25, 8.125, 0.375, 8.25], "rotation": 270, "texture": "#0"},
				"south": {"uv": [0.5, 8.75, 0.375, 10.75], "rotation": 270, "texture": "#0"},
				"west": {"uv": [0.125, 8.25, 0.25, 8.125], "rotation": 270, "texture": "#0"},
				"up": {"uv": [0.375, 8.75, 0.25, 10.75], "rotation": 270, "texture": "#0"},
				"down": {"uv": [0.125, 8.75, 0, 10.75], "rotation": 270, "texture": "#0"}
			}
		},
		{
			"from": [-0.7541, 3.97981, 7.63985],
			"to": [8.2459, 6.97981, 9.63985],
			"rotation": {"angle": 22.5, "axis": "x", "origin": [-1.10785, 8.0841, 8.58569]},
			"faces": {
				"north": {"uv": [2.3125, 8.4375, 2.875, 8.625], "texture": "#0"},
				"east": {"uv": [2.1875, 8.4375, 2.3125, 8.625], "texture": "#0"},
				"south": {"uv": [3, 8.4375, 3.5625, 8.625], "texture": "#0"},
				"west": {"uv": [2.875, 8.4375, 3, 8.625], "texture": "#0"},
				"up": {"uv": [2.875, 8.4375, 2.3125, 8.3125], "texture": "#0"},
				"down": {"uv": [3.4375, 8.3125, 2.875, 8.4375], "texture": "#0"}
			}
		},
		{
			"from": [-3.2541, 2.97981, 8.63985],
			"to": [5.7459, 7.97981, 8.73985],
			"rotation": {"angle": 22.5, "axis": "x", "origin": [-1.10785, 8.0841, 8.58569]},
			"faces": {
				"north": {"uv": [3.5625, 8.3125, 4.125, 8.625], "texture": "#0"},
				"east": {"uv": [3.5625, 8.3125, 3.5625, 8.625], "texture": "#0"},
				"south": {"uv": [4.125, 8.3125, 4.6875, 8.625], "texture": "#0"},
				"west": {"uv": [4.125, 8.3125, 4.125, 8.625], "texture": "#0"},
				"up": {"uv": [4.125, 8.3125, 3.5625, 8.3125], "texture": "#0"},
				"down": {"uv": [4.6875, 8.3125, 4.125, 8.3125], "texture": "#0"}
			}
		},
		{
			"from": [-10.96159, 10.70607, 7.5242],
			"to": [-6.96159, 16.70607, 9.5242],
			"rotation": {"angle": 22.5, "axis": "x", "origin": [-1.10785, 8.0841, 8.58569]},
			"faces": {
				"north": {"uv": [2.25, 8.75, 2.5, 9.125], "texture": "#0"},
				"east": {"uv": [2.125, 8.75, 2.25, 9.125], "texture": "#0"},
				"south": {"uv": [2.625, 8.75, 2.875, 9.125], "texture": "#0"},
				"west": {"uv": [2.5, 8.75, 2.625, 9.125], "texture": "#0"},
				"up": {"uv": [2.5, 8.75, 2.25, 8.625], "texture": "#0"},
				"down": {"uv": [2.75, 8.625, 2.5, 8.75], "texture": "#0"}
			}
		},
		{
			"from": [-1.2541, -5.02019, 8.63985],
			"to": [7.7459, -0.02019, 8.73985],
			"rotation": {"angle": 22.5, "axis": "x", "origin": [-1.10785, 8.0841, 8.58569]},
			"faces": {
				"north": {"uv": [3.5625, 8.3125, 4.125, 8.625], "texture": "#0"},
				"east": {"uv": [3.5625, 8.3125, 3.5625, 8.625], "texture": "#0"},
				"south": {"uv": [4.125, 8.3125, 4.6875, 8.625], "texture": "#0"},
				"west": {"uv": [4.125, 8.3125, 4.125, 8.625], "texture": "#0"},
				"up": {"uv": [4.125, 8.3125, 3.5625, 8.3125], "texture": "#0"},
				"down": {"uv": [4.6875, 8.3125, 4.125, 8.3125], "texture": "#0"}
			}
		},
		{
			"from": [1.2459, -4.02019, 7.63985],
			"to": [10.2459, -1.02019, 9.63985],
			"rotation": {"angle": 22.5, "axis": "x", "origin": [-1.10785, 8.0841, 8.58569]},
			"faces": {
				"north": {"uv": [2.3125, 8.4375, 2.875, 8.625], "texture": "#0"},
				"east": {"uv": [2.1875, 8.4375, 2.3125, 8.625], "texture": "#0"},
				"south": {"uv": [3, 8.4375, 3.5625, 8.625], "texture": "#0"},
				"west": {"uv": [2.875, 8.4375, 3, 8.625], "texture": "#0"},
				"up": {"uv": [2.875, 8.4375, 2.3125, 8.3125], "texture": "#0"},
				"down": {"uv": [3.4375, 8.3125, 2.875, 8.4375], "texture": "#0"}
			}
		},
		{
			"from": [-8.96159, 1.70607, 7.5242],
			"to": [-4.96159, 7.70607, 9.5242],
			"rotation": {"angle": 22.5, "axis": "x", "origin": [-1.10785, 8.0841, 8.58569]},
			"faces": {
				"north": {"uv": [2.25, 8.75, 2.5, 9.125], "texture": "#0"},
				"east": {"uv": [2.125, 8.75, 2.25, 9.125], "texture": "#0"},
				"south": {"uv": [2.625, 8.75, 2.875, 9.125], "texture": "#0"},
				"west": {"uv": [2.5, 8.75, 2.625, 9.125], "texture": "#0"},
				"up": {"uv": [2.5, 8.75, 2.25, 8.625], "texture": "#0"},
				"down": {"uv": [2.75, 8.625, 2.5, 8.75], "texture": "#0"}
			}
		},
		{
			"from": [-2.2541, 10.97981, 8.63985],
			"to": [6.7459, 15.97981, 8.73985],
			"rotation": {"angle": 22.5, "axis": "x", "origin": [-1.10785, 8.0841, 8.58569]},
			"faces": {
				"north": {"uv": [3.5625, 8.3125, 4.125, 8.625], "texture": "#0"},
				"east": {"uv": [3.5625, 8.3125, 3.5625, 8.625], "texture": "#0"},
				"south": {"uv": [4.125, 8.3125, 4.6875, 8.625], "texture": "#0"},
				"west": {"uv": [4.125, 8.3125, 4.125, 8.625], "texture": "#0"},
				"up": {"uv": [4.125, 8.3125, 3.5625, 8.3125], "texture": "#0"},
				"down": {"uv": [4.6875, 8.3125, 4.125, 8.3125], "texture": "#0"}
			}
		},
		{
			"from": [0.2459, 11.97981, 7.63985],
			"to": [9.2459, 14.97981, 9.63985],
			"rotation": {"angle": 22.5, "axis": "x", "origin": [-1.10785, 8.0841, 8.58569]},
			"faces": {
				"north": {"uv": [2.3125, 8.4375, 2.875, 8.625], "texture": "#0"},
				"east": {"uv": [2.1875, 8.4375, 2.3125, 8.625], "texture": "#0"},
				"south": {"uv": [3, 8.4375, 3.5625, 8.625], "texture": "#0"},
				"west": {"uv": [2.875, 8.4375, 3, 8.625], "texture": "#0"},
				"up": {"uv": [2.875, 8.4375, 2.3125, 8.3125], "texture": "#0"},
				"down": {"uv": [3.4375, 8.3125, 2.875, 8.4375], "texture": "#0"}
			}
		},
		{
			"from": [-10.96159, -6.29393, 7.5242],
			"to": [-6.96159, -0.29393, 9.5242],
			"rotation": {"angle": 22.5, "axis": "x", "origin": [-1.10785, 8.0841, 8.58569]},
			"faces": {
				"north": {"uv": [2.25, 8.75, 2.5, 9.125], "texture": "#0"},
				"east": {"uv": [2.125, 8.75, 2.25, 9.125], "texture": "#0"},
				"south": {"uv": [2.625, 8.75, 2.875, 9.125], "texture": "#0"},
				"west": {"uv": [2.5, 8.75, 2.625, 9.125], "texture": "#0"},
				"up": {"uv": [2.5, 8.75, 2.25, 8.625], "texture": "#0"},
				"down": {"uv": [2.75, 8.625, 2.5, 8.75], "texture": "#0"}
			}
		},
		{
			"from": [14, -16, 14],
			"to": [16, 22, 16],
			"rotation": {"angle": 0, "axis": "y", "origin": [14.95, -16.05, 16]},
			"faces": {
				"north": {"uv": [0.125, 8.25, 0.25, 11.30625], "texture": "#0"},
				"east": {"uv": [0, 8.25, 0.125, 11.30625], "texture": "#0"},
				"south": {"uv": [0.375, 8.25, 0.5, 11.30625], "texture": "#0"},
				"west": {"uv": [0.25, 8.25, 0.375, 11.30625], "texture": "#0"},
				"up": {"uv": [0.25, 8.25, 0.125, 8.125], "texture": "#0"},
				"down": {"uv": [0.375, 8.125, 0.25, 8.25], "texture": "#0"}
			}
		},
		{
			"from": [14.2, -10.45235, -0.09943],
			"to": [15.8, -8.45235, 15.65057],
			"rotation": {"angle": 0, "axis": "y", "origin": [0, -6.45235, 14.27557]},
			"faces": {
				"north": {"uv": [0.25, 11.5, 0.375, 11.375], "rotation": 180, "texture": "#0"},
				"east": {"uv": [0.75, 11.5, 0.875, 12.5], "rotation": 270, "texture": "#0"},
				"south": {"uv": [0.125, 11.375, 0.25, 11.5], "texture": "#0"},
				"west": {"uv": [0.5, 11.5, 0.625, 12.5], "rotation": 90, "texture": "#0"},
				"up": {"uv": [0.875, 11.5, 1, 12.5], "rotation": 180, "texture": "#0"},
				"down": {"uv": [0.625, 11.5, 0.75, 12.5], "texture": "#0"}
			}
		},
		{
			"from": [14.175, -16, 0],
			"to": [15.825, 20, 2],
			"rotation": {"angle": 22.5, "axis": "x", "origin": [15, -16, 2]},
			"faces": {
				"north": {"uv": [0.125, 8.25, 0.25, 11.30625], "texture": "#0"},
				"east": {"uv": [0, 8.25, 0.125, 11.30625], "texture": "#0"},
				"south": {"uv": [0.375, 8.25, 0.5, 11.30625], "texture": "#0"},
				"west": {"uv": [0.25, 8.25, 0.375, 11.30625], "texture": "#0"},
				"up": {"uv": [0.25, 8.25, 0.125, 8.125], "texture": "#0"},
				"down": {"uv": [0.375, 8.125, 0.25, 8.25], "texture": "#0"}
			}
		},
		{
			"from": [-15.7, -10, 14.125],
			"to": [15.7, -8, 15.875],
			"rotation": {"angle": 0, "axis": "y", "origin": [0, 3, 15]},
			"faces": {
				"north": {"uv": [0.25, 8.75, 0.125, 10.75], "rotation": 90, "texture": "#0"},
				"east": {"uv": [0.25, 8.125, 0.375, 8.25], "rotation": 270, "texture": "#0"},
				"south": {"uv": [0.5, 8.75, 0.375, 10.75], "rotation": 270, "texture": "#0"},
				"west": {"uv": [0.125, 8.25, 0.25, 8.125], "rotation": 270, "texture": "#0"},
				"up": {"uv": [0.375, 8.75, 0.25, 10.75], "rotation": 270, "texture": "#0"},
				"down": {"uv": [0.125, 8.75, 0, 10.75], "rotation": 270, "texture": "#0"}
			}
		}
	],
	"gui_light": "front",
	"display": {
		"thirdperson_righthand": {
			"rotation": [67.5, 0, 0],
			"translation": [1.5, 1.75, 0.75],
			"scale": [0.17094, 0.17094, 0.17094]
		},
		"thirdperson_lefthand": {
			"rotation": [67.5, 0, 0],
			"translation": [-1.25, 1.75, 0.75],
			"scale": [0.17094, 0.17094, 0.17094]
		},
		"firstperson_righthand": {
			"translation": [3.5, 5.75, 0],
			"scale": [0.23828, 0.23828, 0.23828]
		},
		"firstperson_lefthand": {
			"translation": [0.75, 5.75, 0],
			"scale": [0.23828, 0.23828, 0.23828]
		},
		"ground": {
			"translation": [2.75, 9, 0],
			"scale": [0.35, 0.35, 0.35]
		},
		"gui": {
			"rotation": [30, 135, 0],
			"translation": [-2, 2.25, 0],
			"scale": [0.32031, 0.32031, 0.32031]
		},
		"head": {
			"rotation": [0, 180, 0],
			"translation": [0, -4.8, 0],
			"scale": [1.6, 1.6, 1.6]
		},
		"fixed": {
			"rotation": [-90, 0, 0],
			"translation": [0, 0, -48],
			"scale": [2, 2, 2]
		}
	},
	"groups": [
		{
			"name": "group",
			"origin": [0, 3, 15],
			"color": 0,
			"children": [0, 1, 2, 3, 4, 5, 6, 7, 8, 9, 10, 11, 12, 13, 14, 15, 16, 17, 18]
		}
	]
}