{
	"credit": "MadewithBlockbench",
	"texture_size": [64, 64],
	"textures": {
		"0": "custom/deko/floorsign1texture",
		"particle": "custom/deko/floorsign1texture"
	},
	"elements": [
		{
			"from": [2, 0, 11],
			"to": [14, 2, 13],
			"rotation": {"angle": 0, "axis": "y", "origin": [8, 0, 10]},
			"faces": {
				"north": {"uv": [0.5, 10, 3.5, 10.5], "texture": "#0"},
				"east": {"uv": [0, 10, 0.5, 10.5], "texture": "#0"},
				"south": {"uv": [4, 10, 7, 10.5], "texture": "#0"},
				"west": {"uv": [3.5, 10, 4, 10.5], "texture": "#0"},
				"up": {"uv": [3.5, 10, 0.5, 9.5], "texture": "#0"},
				"down": {"uv": [6.5, 9.5, 3.5, 10], "texture": "#0"}
			}
		},
		{
			"from": [14, 0, 4],
			"to": [15.95, 2, 13],
			"rotation": {"angle": 0, "axis": "y", "origin": [8, 0, 11]},
			"faces": {
				"north": {"uv": [2.25, 8.75, 2.5, 9.25], "texture": "#0"},
				"east": {"uv": [0, 8.75, 2.25, 9.25], "texture": "#0"},
				"south": {"uv": [4.75, 8.75, 5, 9.25], "texture": "#0"},
				"west": {"uv": [2.5, 8.75, 4.75, 9.25], "texture": "#0"},
				"up": {"uv": [2.5, 8.75, 2.25, 6.5], "texture": "#0"},
				"down": {"uv": [2.75, 6.5, 2.5, 8.75], "texture": "#0"}
			}
		},
		{
			"from": [0, 0, 2],
			"to": [16, 24, 4],
			"rotation": {"angle": 22.5, "axis": "x", "origin": [8, 0, 4]},
			"faces": {
				"north": {"uv": [0.5, 0.5, 4.5, 6.5], "texture": "#0"},
				"east": {"uv": [0, 0.5, 0.5, 6.5], "texture": "#0"},
				"south": {"uv": [5, 0.5, 9, 6.5], "texture": "#0"},
				"west": {"uv": [4.5, 0.5, 5, 6.5], "texture": "#0"},
				"up": {"uv": [4.5, 0.5, 0.5, 0], "texture": "#0"},
				"down": {"uv": [8.5, 0, 4.5, 0.5], "texture": "#0"}
			}
		},
		{
			"from": [0.05, 0, 4],
			"to": [2, 2, 13],
			"rotation": {"angle": 0, "axis": "y", "origin": [8, 0, 11]},
			"faces": {
				"north": {"uv": [2.5, 8.75, 2.25, 9.25], "texture": "#0"},
				"east": {"uv": [4.75, 8.75, 2.5, 9.25], "texture": "#0"},
				"south": {"uv": [5, 8.75, 4.75, 9.25], "texture": "#0"},
				"west": {"uv": [2.25, 8.75, 0, 9.25], "texture": "#0"},
				"up": {"uv": [2.25, 8.75, 2.5, 6.5], "texture": "#0"},
				"down": {"uv": [2.5, 6.5, 2.75, 8.75], "texture": "#0"}
			}
		}
	],
	"gui_light": "front",
	"display": {
		"thirdperson_righthand": {
			"rotation": [67.5, 0, 0],
			"translation": [0, 0.5, 0],
			"scale": [0.24906, 0.24906, 0.24906]
		},
		"thirdperson_lefthand": {
			"rotation": [67.5, 0, 0],
			"translation": [0, 0.5, 0],
			"scale": [0.24906, 0.24906, 0.24906]
		},
		"firstperson_righthand": {
			"translation": [2.5, 2.75, 0],
			"scale": [0.35352, 0.35352, 0.35352]
		},
		"firstperson_lefthand": {
			"translation": [2.5, 2.75, 0],
			"scale": [0.35352, 0.35352, 0.35352]
		},
		"ground": {
			"translation": [0, 6, 0],
			"scale": [0.45, 0.45, 0.45]
		},
		"gui": {
			"rotation": [30, 135, 0],
			"translation": [0, -1.75, 0],
			"scale": [0.54882, 0.54882, 0.54882]
		},
		"head": {
			"rotation": [0, 180, 0],
			"translation": [0, -30.4, 0],
			"scale": [1.6, 1.6, 1.6]
		},
		"fixed": {
			"rotation": [-90, 0, 0],
			"translation": [0, 0, -16],
			"scale": [2, 2, 2]
		}
	},
	"groups": [
		{
			"name": "group",
			"origin": [8, 0, 11],
			"color": 0,
			"children": [0, 1, 2, 3]
		}
	]
}