{
	"credit": "MadewithBlockbench",
	"texture_size": [64, 64],
	"textures": {
		"0": "custom/deko/flowerbed3texture",
		"particle": "custom/deko/flowerbed3texture"
	},
	"elements": [
		{
			"from": [-16, 0, 0],
			"to": [16, 10, 2],
			"rotation": {"angle": 0, "axis": "y", "origin": [0, 0, 8]},
			"faces": {
				"north": {"uv": [8, 3, 0, 5.5], "texture": "#0"},
				"east": {"uv": [8, 0.5, 7.5, 3], "texture": "#0"},
				"south": {"uv": [8, 3, 0, 5.5], "texture": "#0"},
				"west": {"uv": [7.5, 0.5, 8, 3], "texture": "#0"},
				"up": {"uv": [8.75, 0, 8.25, 8], "rotation": 270, "texture": "#0"},
				"down": {"uv": [9.25, 8, 8.75, 0], "rotation": 90, "texture": "#0"}
			}
		},
		{
			"from": [-16, 0, 14],
			"to": [16, 10, 16],
			"rotation": {"angle": 0, "axis": "y", "origin": [2, 0, 8]},
			"faces": {
				"north": {"uv": [0, 3, 8, 5.5], "texture": "#0"},
				"east": {"uv": [7.5, 0.5, 8, 3], "texture": "#0"},
				"south": {"uv": [8, 3, 0, 5.5], "texture": "#0"},
				"west": {"uv": [8, 0.5, 7.5, 3], "texture": "#0"},
				"up": {"uv": [8.25, 8, 8.75, 0], "rotation": 270, "texture": "#0"},
				"down": {"uv": [8.75, 0, 9.25, 8], "rotation": 90, "texture": "#0"}
			}
		},
		{
			"from": [14, 0, 2],
			"to": [16, 10, 14],
			"rotation": {"angle": 0, "axis": "y", "origin": [8, 4.5, 8]},
			"faces": {
				"north": {"uv": [0.5, 0.5, 0, 3], "texture": "#0"},
				"east": {"uv": [3.75, 0.5, 0.75, 3], "texture": "#0"},
				"south": {"uv": [4.5, 0.5, 4, 3], "texture": "#0"},
				"west": {"uv": [0.75, 0.5, 3.75, 3], "texture": "#0"},
				"up": {"uv": [0.75, 0.5, 3.75, 0], "rotation": 90, "texture": "#0"},
				"down": {"uv": [4, 0, 7.5, 0.5], "rotation": 270, "texture": "#0"}
			}
		},
		{
			"from": [-16, 0, 2],
			"to": [-14, 10, 14],
			"rotation": {"angle": 0, "axis": "y", "origin": [-6, 4.5, 8]},
			"faces": {
				"north": {"uv": [0, 0.5, 0.5, 3], "texture": "#0"},
				"east": {"uv": [3.75, 0.5, 0.75, 3], "texture": "#0"},
				"south": {"uv": [4, 0.5, 4.5, 3], "texture": "#0"},
				"west": {"uv": [0.75, 0.5, 3.75, 3], "texture": "#0"},
				"up": {"uv": [3.75, 0.5, 0.75, 0], "rotation": 270, "texture": "#0"},
				"down": {"uv": [7.5, 0, 4, 0.5], "rotation": 90, "texture": "#0"}
			}
		},
		{
			"from": [-14, 0, 2],
			"to": [14, 8, 14],
			"rotation": {"angle": 0, "axis": "y", "origin": [0, 0, 8]},
			"faces": {
				"north": {"uv": [0, 12.5, 7, 14.5], "texture": "#0"},
				"east": {"uv": [0, 12.5, 3.5, 14.5], "texture": "#0"},
				"south": {"uv": [0, 12.5, 7, 14.5], "texture": "#0"},
				"west": {"uv": [0, 12.5, 3.5, 14.5], "texture": "#0"},
				"up": {"uv": [7, 8.75, 0, 5.75], "texture": "#0"},
				"down": {"uv": [7, 5.75, 0, 8.75], "texture": "#0"}
			}
		},
		{
			"from": [-0.5, 8, 8],
			"to": [12, 24, 8.1],
			"rotation": {"angle": -22.5, "axis": "y", "origin": [5.75, 16, 8.05]},
			"faces": {
				"north": {"uv": [14.25, 0.25, 11.125, 4.25], "texture": "#0"},
				"east": {"uv": [11.125, 0.25, 11.125, 4.25], "texture": "#0"},
				"south": {"uv": [11.125, 0.25, 14.25, 4.25], "texture": "#0"},
				"west": {"uv": [14.375, 0.25, 14.375, 4.25], "texture": "#0"},
				"up": {"uv": [12.75, 0.25, 11, 0.25], "texture": "#0"},
				"down": {"uv": [14.5, 0.25, 12.75, 0.25], "texture": "#0"}
			}
		},
		{
			"from": [-0.5, 8, 8],
			"to": [12, 24, 8.1],
			"rotation": {"angle": 22.5, "axis": "y", "origin": [5.75, 16, 8.05]},
			"faces": {
				"north": {"uv": [14.25, 4.25, 11.125, 8.25], "texture": "#0"},
				"east": {"uv": [11.125, 0.25, 11.125, 4.25], "texture": "#0"},
				"south": {"uv": [11.125, 4.25, 14.25, 8.25], "texture": "#0"},
				"west": {"uv": [14.375, 0.25, 14.375, 4.25], "texture": "#0"},
				"up": {"uv": [12.75, 0.25, 11, 0.25], "texture": "#0"},
				"down": {"uv": [14.5, 0.25, 12.75, 0.25], "texture": "#0"}
			}
		},
		{
			"from": [-12.5, 8, 8],
			"to": [0, 24, 8.1],
			"rotation": {"angle": -22.5, "axis": "y", "origin": [-6.25, 16, 8.05]},
			"faces": {
				"north": {"uv": [14.25, 0.25, 11.125, 4.25], "texture": "#0"},
				"east": {"uv": [11.125, 0.25, 11.125, 4.25], "texture": "#0"},
				"south": {"uv": [11.125, 0.25, 14.25, 4.25], "texture": "#0"},
				"west": {"uv": [14.375, 0.25, 14.375, 4.25], "texture": "#0"},
				"up": {"uv": [12.75, 0.25, 11, 0.25], "texture": "#0"},
				"down": {"uv": [14.5, 0.25, 12.75, 0.25], "texture": "#0"}
			}
		},
		{
			"from": [-12.5, 8, 8],
			"to": [0, 24, 8.1],
			"rotation": {"angle": 22.5, "axis": "y", "origin": [-6.25, 16, 8.05]},
			"faces": {
				"north": {"uv": [14.25, 4.25, 11.125, 8.25], "texture": "#0"},
				"east": {"uv": [11.125, 0.25, 11.125, 4.25], "texture": "#0"},
				"south": {"uv": [11.125, 4.25, 14.25, 8.25], "texture": "#0"},
				"west": {"uv": [14.375, 0.25, 14.375, 4.25], "texture": "#0"},
				"up": {"uv": [12.75, 0.25, 11, 0.25], "texture": "#0"},
				"down": {"uv": [14.5, 0.25, 12.75, 0.25], "texture": "#0"}
			}
		}
	],
	"gui_light": "front",
	"display": {
		"thirdperson_righthand": {
			"rotation": [67.5, 0, 0],
			"translation": [1.75, 1.75, 0],
			"scale": [0.20609, 0.20609, 0.20609]
		},
		"thirdperson_lefthand": {
			"rotation": [67.5, 0, 0],
			"translation": [-1.5, 1.75, 0],
			"scale": [0.20609, 0.20609, 0.20609]
		},
		"firstperson_righthand": {
			"translation": [28.25, -8.25, -26.5],
			"scale": [0.91407, 0.91407, 0.91407]
		},
		"firstperson_lefthand": {
			"translation": [14.5, -8.25, -26.5],
			"scale": [0.91407, 0.91407, 0.91407]
		},
		"ground": {
			"translation": [3, 6, 0],
			"scale": [0.4, 0.4, 0.4]
		},
		"gui": {
			"rotation": [30, 135, 0],
			"translation": [-2.5, 1.25, 0],
			"scale": [0.4414, 0.4414, 0.4414]
		},
		"head": {
			"rotation": [0, 180, 0],
			"translation": [0, -30.4, 0],
			"scale": [1.6, 1.6, 1.6]
		},
		"fixed": {
			"rotation": [-90, 0, 0],
			"translation": [0, 0, -16],
			"scale": [2, 2, 2]
		}
	}
}