{
	"credit": "MadewithBlockbench",
	"texture_size": [64, 64],
	"textures": {
		"0": "elitecreatures:japan_street_v2/jewelry"
	},
	"elements": [
		{
			"from": [-16, 0, 14],
			"to": [32, 22.5, 16],
			"rotation": {"angle": 0, "axis": "y", "origin": [8, 0, 8]},
			"faces": {
				"north": {"uv": [0.5, 0.5, 12.5, 6.125], "texture": "#0"},
				"east": {"uv": [0, 0.5, 0.5, 6.125], "texture": "#0"},
				"south": {"uv": [0.5, 0.5, 12.5, 6.125], "texture": "#0"},
				"west": {"uv": [12.5, 0.5, 13, 6.125], "texture": "#0"},
				"up": {"uv": [12, 0.5, 0, 0], "texture": "#0"},
				"down": {"uv": [12, 6.125, 0, 6.625], "texture": "#0"}
			}
		}
	],
	"gui_light": "front",
	"display": {
		"thirdperson_righthand": {
			"rotation": [67.5, 0, 0],
			"translation": [0, 0.75, -0.75],
			"scale": [0.12992, 0.12992, 0.12992]
		},
		"thirdperson_lefthand": {
			"rotation": [67.5, 0, 0],
			"translation": [0, 0.75, -0.75],
			"scale": [0.12992, 0.12992, 0.12992]
		},
		"firstperson_righthand": {
			"translation": [0.5, 3, 0],
			"scale": [0.20313, 0.20313, 0.20313]
		},
		"firstperson_lefthand": {
			"translation": [0.5, 3, 0],
			"scale": [0.20313, 0.20313, 0.20313]
		},
		"ground": {
			"translation": [0.5, 6, -3],
			"scale": [0.4, 0.4, 0.4]
		},
		"gui": {
			"rotation": [30, 135, 0],
			"translation": [-2, -2.25, 0],
			"scale": [0.4082, 0.4082, 0.4082]
		},
		"head": {
			"rotation": [0, 180, 0],
			"translation": [0, -30.4, 0],
			"scale": [1.6, 1.6, 1.6]
		},
		"fixed": {
			"translation": [0, 0, -16],
			"scale": [2, 2, 2]
		}
	},
	"groups": [
		{
			"name": "group",
			"origin": [8, 0, 8],
			"color": 0,
			"children": [0]
		}
	]
}