{
	"credit": "MadewithBlockbench",
	"texture_size": [64, 64],
	"textures": {
		"1": "elitecreatures:japan_street_v2/frontsign1texture"
	},
	"elements": [
		{
			"from": [0, 0, 14],
			"to": [16, 32, 16],
			"rotation": {"angle": 0, "axis": "y", "origin": [7, 20, 7.05]},
			"faces": {
				"north": {"uv": [0.5, 0.5, 4.5, 8.5], "texture": "#1"},
				"east": {"uv": [0, 0.5, 0.5, 8.5], "texture": "#1"},
				"south": {"uv": [5, 0.5, 9, 8.5], "texture": "#1"},
				"west": {"uv": [4.5, 0.5, 5, 8.5], "texture": "#1"},
				"up": {"uv": [4.5, 0.5, 0.5, 0], "texture": "#1"},
				"down": {"uv": [8.5, 0, 4.5, 0.5], "texture": "#1"}
			}
		}
	],
	"gui_light": "front",
	"display": {
		"thirdperson_righthand": {
			"rotation": [67.5, 0, 0],
			"translation": [0, 1.25, -2.25],
			"scale": [0.25101, 0.25101, 0.25101]
		},
		"thirdperson_lefthand": {
			"rotation": [67.5, 0, 0],
			"translation": [0, 1.25, -2.25],
			"scale": [0.25101, 0.25101, 0.25101]
		},
		"firstperson_righthand": {
			"translation": [1.25, 3.25, 0],
			"scale": [0.2793, 0.2793, 0.2793]
		},
		"firstperson_lefthand": {
			"translation": [1.25, 3.25, 0],
			"scale": [0.2793, 0.2793, 0.2793]
		},
		"ground": {
			"translation": [0.5, 6, -3],
			"scale": [0.4, 0.4, 0.4]
		},
		"gui": {
			"rotation": [30, 135, 0],
			"translation": [-2, -4.25, 0],
			"scale": [0.45117, 0.45117, 0.45117]
		},
		"head": {
			"rotation": [0, 180, 0],
			"translation": [0, -30.4, 0],
			"scale": [1.6, 1.6, 1.6]
		},
		"fixed": {
			"translation": [0, 0, -16],
			"scale": [2, 2, 2]
		}
	},
	"groups": [
		{
			"name": "group",
			"origin": [7, 20, 7.05],
			"color": 0,
			"children": [0]
		}
	]
}