{
	"credit": "MadewithBlockbench",
	"texture_size": [64, 64],
	"textures": {
		"0": "elitecreatures:japan_street_v2/frontsign2texture"
	},
	"elements": [
		{
			"from": [-16, 0, 14],
			"to": [16, 16, 16],
			"rotation": {"angle": 0, "axis": "y", "origin": [8, 0, 8]},
			"faces": {
				"north": {"uv": [0.5, 0.5, 8.5, 4.5], "texture": "#0"},
				"east": {"uv": [0, 0.5, 0.5, 4.5], "texture": "#0"},
				"south": {"uv": [0.625, 4.5, 8.625, 8.5], "texture": "#0"},
				"west": {"uv": [8.5, 0.5, 9, 4.5], "texture": "#0"},
				"up": {"uv": [8.5, 0.5, 0.5, 0], "texture": "#0"},
				"down": {"uv": [8.5, 0, 0.5, 0.5], "texture": "#0"}
			}
		}
	],
	"gui_light": "front",
	"display": {
		"thirdperson_righthand": {
			"rotation": [67.5, 0, 0],
			"translation": [1.75, 1.5, -0.5],
			"scale": [0.20805, 0.20805, 0.20805]
		},
		"thirdperson_lefthand": {
			"rotation": [67.5, 0, 0],
			"translation": [-1.5, 1.5, -0.5],
			"scale": [0.20805, 0.20805, 0.20805]
		},
		"firstperson_righthand": {
			"translation": [1.5, 3.5, 0],
			"scale": [0.28711, 0.28711, 0.28711]
		},
		"firstperson_lefthand": {
			"translation": [-2, 3.5, 0],
			"scale": [0.28711, 0.28711, 0.28711]
		},
		"ground": {
			"translation": [3.75, 6, -3],
			"scale": [0.45, 0.45, 0.45]
		},
		"gui": {
			"rotation": [30, 135, 0],
			"translation": [-6.25, 0.25, 0],
			"scale": [0.60156, 0.60156, 0.60156]
		},
		"head": {
			"rotation": [0, 180, 0],
			"translation": [0, -30.4, 0],
			"scale": [1.6, 1.6, 1.6]
		},
		"fixed": {
			"translation": [0, 0, -16],
			"scale": [2, 2, 2]
		}
	},
	"groups": [
		{
			"name": "group",
			"origin": [8, 8, 8],
			"color": 0,
			"children": [0]
		}
	]
}