{
	"credit": "MadewithBlockbench",
	"texture_size": [64, 64],
	"textures": {
		"0": "elitecreatures:japan_street_v2/icecreamshop"
	},
	"elements": [
		{
			"from": [-0.04, 0, 14.62],
			"to": [16.04, 16.08, 15.96],
			"rotation": {"angle": 0, "axis": "y", "origin": [8, 0, 8]},
			"faces": {
				"north": {"uv": [0.5, 0.5, 6.5, 6.5], "texture": "#0"},
				"east": {"uv": [0, 0.5, 0.5, 6.5], "texture": "#0"},
				"south": {"uv": [0.5, 0.5, 6.5, 6.5], "texture": "#0"},
				"west": {"uv": [6.5, 0.5, 7, 6.5], "texture": "#0"},
				"up": {"uv": [6.5, 0.5, 0.5, 0], "texture": "#0"},
				"down": {"uv": [12.5, 0, 6.5, 0.5], "texture": "#0"}
			}
		}
	],
	"gui_light": "front",
	"display": {
		"thirdperson_righthand": {
			"rotation": [67.5, 0, 0],
			"translation": [0, 2, -0.75],
			"scale": [0.26664, 0.26664, 0.26664]
		},
		"thirdperson_lefthand": {
			"rotation": [67.5, 0, 0],
			"translation": [0, 2, -0.75],
			"scale": [0.26664, 0.26664, 0.26664]
		},
		"firstperson_righthand": {
			"translation": [0.5, 4.5, 0],
			"scale": [0.33008, 0.33008, 0.33008]
		},
		"firstperson_lefthand": {
			"translation": [0.5, 4.5, 0],
			"scale": [0.33008, 0.33008, 0.33008]
		},
		"ground": {
			"translation": [0.5, 6, -3.75],
			"scale": [0.55, 0.55, 0.55]
		},
		"gui": {
			"rotation": [30, 135, 0],
			"translation": [-4, -2, 0],
			"scale": [0.77734, 0.77734, 0.77734]
		},
		"head": {
			"rotation": [0, 180, 0],
			"translation": [0, -30.4, 0],
			"scale": [1.6, 1.6, 1.6]
		},
		"fixed": {
			"translation": [0, 0, -16],
			"scale": [2, 2, 2]
		}
	},
	"groups": [
		{
			"name": "group",
			"origin": [8, 0, 8],
			"color": 0,
			"children": [0]
		}
	]
}