{
	"credit": "MadewithBlockbench",
	"texture_size": [64, 64],
	"textures": {
		"0": "elitecreatures:japan_street_v2/frontsign5texture"
	},
	"elements": [
		{
			"from": [0, -16, 14],
			"to": [16, 23, 16],
			"rotation": {"angle": 0, "axis": "y", "origin": [8, 8, 8]},
			"faces": {
				"north": {"uv": [0.5, 3.25, 4.5, 13], "texture": "#0"},
				"east": {"uv": [0, 3.25, 0.5, 13], "texture": "#0"},
				"south": {"uv": [5, 3.25, 9, 13], "texture": "#0"},
				"west": {"uv": [4.5, 3.25, 5, 13], "texture": "#0"},
				"up": {"uv": [4.5, 3.25, 0.5, 2.75], "texture": "#0"},
				"down": {"uv": [8.5, 2.75, 4.5, 3.25], "texture": "#0"}
			}
		},
		{
			"from": [2, 23, 14],
			"to": [14, 32, 16],
			"rotation": {"angle": 0, "axis": "y", "origin": [8, 0, 8]},
			"faces": {
				"north": {"uv": [0.5, 0.5, 3.5, 2.75], "texture": "#0"},
				"east": {"uv": [0, 0.5, 0.5, 2.75], "texture": "#0"},
				"south": {"uv": [4, 0.5, 7, 2.75], "texture": "#0"},
				"west": {"uv": [3.5, 0.5, 4, 2.75], "texture": "#0"},
				"up": {"uv": [3.5, 0.5, 0.5, 0], "texture": "#0"},
				"down": {"uv": [6.5, 0, 3.5, 0.5], "texture": "#0"}
			}
		}
	],
	"gui_light": "front",
	"display": {
		"thirdperson_righthand": {
			"rotation": [67.5, 0, 0],
			"translation": [0, 2.25, 0.25],
			"scale": [0.24711, 0.24711, 0.24711]
		},
		"thirdperson_lefthand": {
			"rotation": [67.5, 0, 0],
			"translation": [0, 2.25, 0.25],
			"scale": [0.24711, 0.24711, 0.24711]
		},
		"firstperson_righthand": {
			"translation": [1.75, 6, 0],
			"scale": [0.23047, 0.23047, 0.23047]
		},
		"firstperson_lefthand": {
			"translation": [1.75, 6, 0],
			"scale": [0.23047, 0.23047, 0.23047]
		},
		"ground": {
			"translation": [0.5, 11, -3],
			"scale": [0.4, 0.4, 0.4]
		},
		"gui": {
			"rotation": [30, 135, 0],
			"translation": [-1.75, -0.75, 0],
			"scale": [0.33398, 0.33398, 0.33398]
		},
		"head": {
			"rotation": [0, 180, 0],
			"translation": [0, -30.4, 0],
			"scale": [1.6, 1.6, 1.6]
		},
		"fixed": {
			"translation": [0, 0, -16],
			"scale": [2, 2, 2]
		}
	},
	"groups": [
		{
			"name": "group",
			"origin": [8, 0, 8],
			"color": 0,
			"children": [0, 1]
		}
	]
}