{
	"credit": "Made with Blockbench",
	"texture_size": [32, 32],
	"textures": {
		"0": "custom/deko/garfield",
		"particle": "custom/deko/garfield"
	},
	"elements": [
		{
			"from": [5, 0, 5],
			"to": [6.5, 0.75, 8.25],
			"rotation": {"angle": 22.5, "axis": "y", "origin": [5, 0, 5]},
			"faces": {
				"north": {"uv": [9, 12, 9.75, 12.5], "texture": "#0"},
				"east": {"uv": [0, 11.5, 1.75, 12], "texture": "#0"},
				"south": {"uv": [12, 9, 12.75, 9.5], "texture": "#0"},
				"west": {"uv": [11.5, 0, 13.25, 0.5], "texture": "#0"},
				"up": {"uv": [9.75, 9.75, 9, 8], "texture": "#0"},
				"down": {"uv": [0.75, 9.5, 0, 11.25], "texture": "#0"}
			}
		},
		{
			"from": [10.25, 0, 4.25],
			"to": [11.75, 0.75, 7.5],
			"rotation": {"angle": -22.5, "axis": "y", "origin": [10.25, 0, 4.25]},
			"faces": {
				"north": {"uv": [12, 9.5, 12.75, 10], "texture": "#0"},
				"east": {"uv": [11.5, 0.5, 13.25, 1], "texture": "#0"},
				"south": {"uv": [10, 12, 10.75, 12.5], "texture": "#0"},
				"west": {"uv": [11.5, 1, 13.25, 1.5], "texture": "#0"},
				"up": {"uv": [1.75, 11.25, 1, 9.5], "texture": "#0"},
				"down": {"uv": [2.75, 9.5, 2, 11.25], "texture": "#0"}
			}
		},
		{
			"from": [5.75, 0.75, 6.5],
			"to": [7, 4, 7.75],
			"rotation": {"angle": 22.5, "axis": "y", "origin": [5, 0.75, 6.75]},
			"faces": {
				"north": {"uv": [3, 9.5, 3.75, 11.25], "texture": "#0"},
				"east": {"uv": [4, 9.5, 4.75, 11.25], "texture": "#0"},
				"south": {"uv": [10, 8, 10.75, 9.75], "texture": "#0"},
				"west": {"uv": [9, 10, 9.75, 11.75], "texture": "#0"},
				"up": {"uv": [8.75, 12.25, 8, 11.5], "texture": "#0"},
				"down": {"uv": [11.75, 11.5, 11, 12.25], "texture": "#0"}
			}
		},
		{
			"from": [9.75, 0.75, 5.5],
			"to": [11, 4, 6.75],
			"rotation": {"angle": -22.5, "axis": "y", "origin": [9, 0.75, 5.75]},
			"faces": {
				"north": {"uv": [10, 10, 10.75, 11.75], "texture": "#0"},
				"east": {"uv": [10.5, 0, 11.25, 1.75], "texture": "#0"},
				"south": {"uv": [10.5, 2, 11.25, 3.75], "texture": "#0"},
				"west": {"uv": [5, 10.5, 5.75, 12.25], "texture": "#0"},
				"up": {"uv": [0.75, 12.75, 0, 12], "texture": "#0"},
				"down": {"uv": [1.75, 12, 1, 12.75], "texture": "#0"}
			}
		},
		{
			"from": [5.5, 3.75, 5],
			"to": [11, 8.25, 8.25],
			"rotation": {"angle": 0, "axis": "y", "origin": [5.5, 3.75, 5.5]},
			"faces": {
				"north": {"uv": [0, 5, 2.75, 7.25], "texture": "#0"},
				"east": {"uv": [8.5, 0, 10.25, 2.25], "texture": "#0"},
				"south": {"uv": [3, 5, 5.75, 7.25], "texture": "#0"},
				"west": {"uv": [8.5, 2.5, 10.25, 4.75], "texture": "#0"},
				"up": {"uv": [8.75, 6.75, 6, 5], "texture": "#0"},
				"down": {"uv": [8.75, 7, 6, 8.75], "texture": "#0"}
			}
		},
		{
			"from": [4.5, 5.25, 3.25],
			"to": [5.5, 6.25, 6.5],
			"rotation": {"angle": 22.5, "axis": "x", "origin": [3.75, 5.5, 6.5]},
			"faces": {
				"north": {"uv": [7.5, 12, 8, 12.5], "texture": "#0"},
				"east": {"uv": [11.5, 1.5, 13.25, 2], "texture": "#0"},
				"south": {"uv": [12, 10, 12.5, 10.5], "texture": "#0"},
				"west": {"uv": [2, 11.5, 3.75, 12], "texture": "#0"},
				"up": {"uv": [12, 3.75, 11.5, 2], "texture": "#0"},
				"down": {"uv": [4.5, 11.5, 4, 13.25], "texture": "#0"}
			}
		},
		{
			"from": [11, 5.25, 3.25],
			"to": [12, 6.25, 6.5],
			"rotation": {"angle": 0, "axis": "x", "origin": [10.25, 5.5, 6.5]},
			"faces": {
				"north": {"uv": [12, 10.5, 12.5, 11], "texture": "#0"},
				"east": {"uv": [11.5, 5, 13.25, 5.5], "texture": "#0"},
				"south": {"uv": [12, 11, 12.5, 11.5], "texture": "#0"},
				"west": {"uv": [11.5, 5.5, 13.25, 6], "texture": "#0"},
				"up": {"uv": [5, 13.25, 4.5, 11.5], "texture": "#0"},
				"down": {"uv": [6.5, 11.5, 6, 13.25], "texture": "#0"}
			}
		},
		{
			"from": [6, 8, 5.25],
			"to": [10.5, 8.75, 8],
			"rotation": {"angle": 0, "axis": "y", "origin": [7.25, 8, 6]},
			"faces": {
				"north": {"uv": [10.5, 7.5, 12.75, 8], "texture": "#0"},
				"east": {"uv": [11.5, 6, 13, 6.5], "texture": "#0"},
				"south": {"uv": [11, 8, 13.25, 8.5], "texture": "#0"},
				"west": {"uv": [6.5, 11.5, 8, 12], "texture": "#0"},
				"up": {"uv": [7.25, 10.5, 5, 9], "texture": "#0"},
				"down": {"uv": [11.25, 5, 9, 6.5], "texture": "#0"}
			}
		},
		{
			"from": [5.25, 8.75, 4.5],
			"to": [11.25, 13.5, 8.75],
			"rotation": {"angle": 0, "axis": "y", "origin": [7.25, 8.75, 5.75]},
			"faces": {
				"north": {"uv": [0, 0, 3, 2.5], "texture": "#0"},
				"east": {"uv": [6, 0, 8.25, 2.5], "texture": "#0"},
				"south": {"uv": [0, 2.5, 3, 5], "texture": "#0"},
				"west": {"uv": [6, 2.5, 8.25, 5], "texture": "#0"},
				"up": {"uv": [6, 2.25, 3, 0], "texture": "#0"},
				"down": {"uv": [6, 2.5, 3, 4.75], "texture": "#0"}
			}
		},
		{
			"from": [5.75, 13, 5.75],
			"to": [7.5, 15, 6.75],
			"rotation": {"angle": -22.5, "axis": "x", "origin": [5.5, 13, 5.75]},
			"faces": {
				"north": {"uv": [5, 7.5, 6, 8.5], "texture": "#0"},
				"east": {"uv": [2, 12, 2.5, 13], "texture": "#0"},
				"south": {"uv": [11, 8.5, 12, 9.5], "texture": "#0"},
				"west": {"uv": [2.5, 12, 3, 13], "texture": "#0"},
				"up": {"uv": [6, 9, 5, 8.5], "texture": "#0"},
				"down": {"uv": [4, 12, 3, 12.5], "texture": "#0"}
			}
		},
		{
			"from": [9, 13, 5.75],
			"to": [10.75, 15, 6.75],
			"rotation": {"angle": -22.5, "axis": "x", "origin": [8.75, 13, 5.75]},
			"faces": {
				"north": {"uv": [11, 9.5, 12, 10.5], "texture": "#0"},
				"east": {"uv": [12, 3, 12.5, 4], "texture": "#0"},
				"south": {"uv": [11, 10.5, 12, 11.5], "texture": "#0"},
				"west": {"uv": [12, 4, 12.5, 5], "texture": "#0"},
				"up": {"uv": [7.5, 12.5, 6.5, 12], "texture": "#0"},
				"down": {"uv": [13, 6.5, 12, 7], "texture": "#0"}
			}
		},
		{
			"from": [4.75, 10, 4.25],
			"to": [5.75, 11, 5],
			"rotation": {"angle": -22.5, "axis": "z", "origin": [3.75, 10, 4.25]},
			"faces": {
				"north": {"uv": [12, 11.5, 12.5, 12], "texture": "#0"},
				"east": {"uv": [12, 12, 12.5, 12.5], "texture": "#0"},
				"south": {"uv": [3, 12.5, 3.5, 13], "texture": "#0"},
				"west": {"uv": [12.5, 3, 13, 3.5], "texture": "#0"},
				"up": {"uv": [4, 13, 3.5, 12.5], "texture": "#0"},
				"down": {"uv": [13, 3.5, 12.5, 4], "texture": "#0"}
			}
		},
		{
			"from": [11, 8.75, 4.25],
			"to": [12, 9.75, 5],
			"rotation": {"angle": 22.5, "axis": "z", "origin": [10, 8.75, 4.25]},
			"faces": {
				"north": {"uv": [12.5, 4, 13, 4.5], "texture": "#0"},
				"east": {"uv": [12.5, 4.5, 13, 5], "texture": "#0"},
				"south": {"uv": [5, 12.5, 5.5, 13], "texture": "#0"},
				"west": {"uv": [5.5, 12.5, 6, 13], "texture": "#0"},
				"up": {"uv": [7, 13, 6.5, 12.5], "texture": "#0"},
				"down": {"uv": [7.5, 12.5, 7, 13], "texture": "#0"}
			}
		},
		{
			"from": [9.25, 6, 1.25],
			"to": [13.5, 6.5, 5],
			"rotation": {"angle": 0, "axis": "y", "origin": [10.5, 6, 2.75]},
			"faces": {
				"north": {"uv": [12, 2, 14.25, 2.25], "texture": "#0"},
				"east": {"uv": [12, 7, 14, 7.25], "texture": "#0"},
				"south": {"uv": [12, 2.5, 14.25, 2.75], "texture": "#0"},
				"west": {"uv": [12, 8.5, 14, 8.75], "texture": "#0"},
				"up": {"uv": [2.25, 9.5, 0, 7.5], "texture": "#0"},
				"down": {"uv": [4.75, 7.5, 2.5, 9.5], "texture": "#0"}
			}
		},
		{
			"from": [10.25, 6.25, 2],
			"to": [12.5, 8, 4.25],
			"rotation": {"angle": 0, "axis": "y", "origin": [10, 6.5, 1.75]},
			"faces": {
				"north": {"uv": [10.5, 4, 11.75, 5], "texture": "#0"},
				"east": {"uv": [6, 10.5, 7.25, 11.5], "texture": "#0"},
				"south": {"uv": [10.5, 6.5, 11.75, 7.5], "texture": "#0"},
				"west": {"uv": [7.5, 10.5, 8.75, 11.5], "texture": "#0"},
				"up": {"uv": [10.25, 7.75, 9, 6.5], "texture": "#0"},
				"down": {"uv": [8.75, 9, 7.5, 10.25], "texture": "#0"}
			}
		}
	],
	"display": {
		"thirdperson_righthand": {
			"rotation": [73, 43, 0],
			"translation": [0, -1, 2.25]
		},
		"thirdperson_lefthand": {
			"rotation": [73, 43, 0],
			"translation": [0, -1, 2.25]
		},
		"firstperson_righthand": {
			"rotation": [0, 111, 0],
			"translation": [3.5, 2.75, 0]
		},
		"firstperson_lefthand": {
			"rotation": [0, 111, 0],
			"translation": [3.5, 2.75, 0]
		},
		"ground": {
			"rotation": [-180, -64, 0],
			"translation": [0, 3, 0]
		},
		"head": {
			"translation": [-0.75, 19.75, 2.5],
			"scale": [1.72, 1.69, 1.67]
		},
		"fixed": {
			"rotation": [-90, 0, 0],
			"translation": [-1.5, 8.25, -32],
			"scale": [4, 4, 4]
		}
	}
}