{
	"credit": "Made with Blockbench",
	"texture_size": [64, 64],
	"textures": {
		"0": "custom/deko/katze",
		"particle": "custom/deko/katze"
	},
	"elements": [
		{
			"from": [10, 0, 8],
			"to": [12, 2, 10],
			"rotation": {"angle": 0, "axis": "y", "origin": [10, 0, 8]},
			"faces": {
				"north": {"uv": [4.5, 14, 6.5, 16], "texture": "#0"},
				"east": {"uv": [4.25, 14, 6.25, 16], "texture": "#0"},
				"south": {"uv": [3.25, 14, 5.25, 16], "texture": "#0"},
				"west": {"uv": [4, 14, 6, 16], "texture": "#0"},
				"up": {"uv": [2, 6, 0, 4], "texture": "#0"},
				"down": {"uv": [6, 0, 4, 2], "texture": "#0"}
			}
		},
		{
			"from": [10, 0, 3],
			"to": [12, 2, 5],
			"rotation": {"angle": 0, "axis": "y", "origin": [10, 0, 3]},
			"faces": {
				"north": {"uv": [3.75, 14, 5.75, 16], "texture": "#0"},
				"east": {"uv": [5.5, 14, 7.5, 16], "texture": "#0"},
				"south": {"uv": [5.25, 14, 7.25, 16], "texture": "#0"},
				"west": {"uv": [4, 14, 6, 16], "texture": "#0"},
				"up": {"uv": [2, 6, 0, 4], "texture": "#0"},
				"down": {"uv": [6, 0, 4, 2], "texture": "#0"}
			}
		},
		{
			"from": [5, 0, 3],
			"to": [7, 2, 5],
			"rotation": {"angle": 0, "axis": "y", "origin": [5, 0, 3]},
			"faces": {
				"north": {"uv": [3.5, 14, 5.5, 16], "texture": "#0"},
				"east": {"uv": [3.5, 14, 5.5, 16], "texture": "#0"},
				"south": {"uv": [5.25, 14, 7.25, 16], "texture": "#0"},
				"west": {"uv": [4, 13.75, 6, 15.75], "texture": "#0"},
				"up": {"uv": [2, 6, 0, 4], "texture": "#0"},
				"down": {"uv": [6, 0, 4, 2], "texture": "#0"}
			}
		},
		{
			"from": [4.9, -0.3, 2.9],
			"to": [7.1, 0.9, 5.1],
			"rotation": {"angle": 0, "axis": "y", "origin": [5, -1.2, 3]},
			"faces": {
				"north": {"uv": [13.75, 8.75, 15.25, 10], "texture": "#0"},
				"east": {"uv": [14, 8.75, 15.25, 9.75], "texture": "#0"},
				"south": {"uv": [14, 9, 15, 9.75], "texture": "#0"},
				"west": {"uv": [14, 9, 14.75, 10], "texture": "#0"},
				"up": {"uv": [15, 9.75, 13.5, 8.5], "texture": "#0"},
				"down": {"uv": [14, 8.5, 13, 9.75], "texture": "#0"}
			}
		},
		{
			"from": [4.9, -0.3, 7.9],
			"to": [7.1, 0.9, 10.1],
			"rotation": {"angle": 0, "axis": "y", "origin": [5, -1.2, 8]},
			"faces": {
				"north": {"uv": [13.75, 8.75, 15.25, 10], "texture": "#0"},
				"east": {"uv": [14, 8.75, 15.25, 9.75], "texture": "#0"},
				"south": {"uv": [14, 9, 15, 9.75], "texture": "#0"},
				"west": {"uv": [14, 9, 14.75, 10], "texture": "#0"},
				"up": {"uv": [15, 9.75, 13.5, 8.5], "texture": "#0"},
				"down": {"uv": [14, 8.5, 13, 9.75], "texture": "#0"}
			}
		},
		{
			"from": [9.9, -0.3, 7.9],
			"to": [12.1, 0.9, 10.1],
			"rotation": {"angle": 0, "axis": "y", "origin": [10, -1.2, 8]},
			"faces": {
				"north": {"uv": [13.75, 8.75, 15.25, 10], "texture": "#0"},
				"east": {"uv": [14, 8.75, 15.25, 9.75], "texture": "#0"},
				"south": {"uv": [14, 9, 15, 9.75], "texture": "#0"},
				"west": {"uv": [14, 9, 14.75, 10], "texture": "#0"},
				"up": {"uv": [15, 9.75, 13.5, 8.5], "texture": "#0"},
				"down": {"uv": [14, 8.5, 13, 9.75], "texture": "#0"}
			}
		},
		{
			"from": [9.9, -0.3, 2.9],
			"to": [12.1, 0.9, 5.1],
			"rotation": {"angle": 0, "axis": "y", "origin": [10, -1.2, 3]},
			"faces": {
				"north": {"uv": [13.75, 8.75, 15.25, 10], "texture": "#0"},
				"east": {"uv": [14, 8.75, 15.25, 9.75], "texture": "#0"},
				"south": {"uv": [14, 9, 15, 9.75], "texture": "#0"},
				"west": {"uv": [14, 9, 14.75, 10], "texture": "#0"},
				"up": {"uv": [15, 9.75, 13.5, 8.5], "texture": "#0"},
				"down": {"uv": [14, 8.5, 13, 9.75], "texture": "#0"}
			}
		},
		{
			"from": [4.7, 2, 1.7],
			"to": [12.3, 9.6, 10.3],
			"rotation": {"angle": 0, "axis": "y", "origin": [5, 2.3, 3]},
			"faces": {
				"north": {"uv": [2, 4, 4, 6], "texture": "#0"},
				"east": {"uv": [6, 4.25, 8, 6.25], "texture": "#0"},
				"south": {"uv": [6, 2, 8, 4], "texture": "#0"},
				"west": {"uv": [4, 2, 6, 4], "texture": "#0"},
				"up": {"uv": [8, 2, 6, 0], "texture": "#0"},
				"down": {"uv": [6, 0, 4, 2], "texture": "#0"}
			}
		},
		{
			"from": [5.5, 8.8, 7.5],
			"to": [7.5, 10.8, 9.5],
			"rotation": {"angle": 0, "axis": "y", "origin": [6, 9.3, 3]},
			"faces": {
				"north": {"uv": [4, 0, 6, 2], "texture": "#0"},
				"east": {"uv": [4.5, 0, 5.75, 1.5], "texture": "#0"},
				"south": {"uv": [4, 0, 6, 2], "texture": "#0"},
				"west": {"uv": [4, 0, 6, 2], "texture": "#0"},
				"up": {"uv": [5, 1, 4.25, 0], "texture": "#0"},
				"down": {"uv": [6, 0, 4, 2], "texture": "#0"}
			}
		},
		{
			"from": [9.5, 8.8, 7.5],
			"to": [11.5, 10.8, 9.5],
			"rotation": {"angle": 0, "axis": "y", "origin": [11, 9.3, 3]},
			"faces": {
				"north": {"uv": [5, 0, 4.75, 0.75], "texture": "#0"},
				"east": {"uv": [5.5, 0, 4.5, 1.5], "texture": "#0"},
				"south": {"uv": [6, 0, 4, 2], "texture": "#0"},
				"west": {"uv": [6, 0, 4, 2], "texture": "#0"},
				"up": {"uv": [4, 2, 6, 0], "texture": "#0"},
				"down": {"uv": [4, 0, 6, 2], "texture": "#0"}
			}
		},
		{
			"from": [6.7, 1.7, 0.6],
			"to": [10.3, 4.3, 2.2],
			"rotation": {"angle": 0, "axis": "y", "origin": [5, 1, -5.1]},
			"faces": {
				"north": {"uv": [0, 6, 2, 8], "texture": "#0"},
				"east": {"uv": [12.5, 8, 14.5, 10], "texture": "#0"},
				"south": {"uv": [13, 0.5, 15, 2.5], "texture": "#0"},
				"west": {"uv": [13.5, 8.5, 15.5, 10.5], "texture": "#0"},
				"up": {"uv": [7.5, 9, 5.5, 7], "texture": "#0"},
				"down": {"uv": [15.25, 4.75, 13.25, 6.75], "texture": "#0"}
			}
		},
		{
			"from": [9.1, 4.7, 1.5],
			"to": [11.9, 6.4, 3.1],
			"rotation": {"angle": 0, "axis": "y", "origin": [6.2, 3.3, -4.2]},
			"faces": {
				"north": {"uv": [0, 14, 2, 16], "texture": "#0"},
				"east": {"uv": [9.5, 3, 11.5, 5], "texture": "#0"},
				"south": {"uv": [13, 0.5, 15, 2.5], "texture": "#0"},
				"west": {"uv": [14, 14, 16, 16], "texture": "#0"},
				"up": {"uv": [11.25, 15, 9.25, 13], "texture": "#0"},
				"down": {"uv": [14, 2, 12, 4], "texture": "#0"}
			}
		},
		{
			"from": [5.1, 4.7, 1.5],
			"to": [7.9, 6.4, 3.1],
			"rotation": {"angle": 0, "axis": "y", "origin": [10.8, 3.3, -4.2]},
			"faces": {
				"north": {"uv": [2, 14, 0, 16], "texture": "#0"},
				"east": {"uv": [16, 14, 14, 16], "texture": "#0"},
				"south": {"uv": [15, 0.5, 13, 2.5], "texture": "#0"},
				"west": {"uv": [11.5, 3, 9.5, 5], "texture": "#0"},
				"up": {"uv": [9.25, 15, 11.25, 13], "texture": "#0"},
				"down": {"uv": [12, 2, 14, 4], "texture": "#0"}
			}
		},
		{
			"from": [5, 0, 8],
			"to": [7, 2, 10],
			"rotation": {"angle": 0, "axis": "y", "origin": [5, 0, 8]},
			"faces": {
				"north": {"uv": [4.25, 14, 6.25, 16], "texture": "#0"},
				"east": {"uv": [4, 14, 6, 16], "texture": "#0"},
				"south": {"uv": [4.5, 14, 6.5, 16], "texture": "#0"},
				"west": {"uv": [3.5, 14, 5.5, 16], "texture": "#0"},
				"up": {"uv": [2, 6, 0, 4], "texture": "#0"},
				"down": {"uv": [6, 0, 4, 2], "texture": "#0"}
			}
		}
	],
	"display": {
		"thirdperson_righthand": {
			"rotation": [66, 0, 0],
			"scale": [0.24, 0.24, 0.24]
		},
		"ground": {
			"scale": [0.36, 0.36, 0.36]
		},
		"head": {
			"translation": [-0.25, 11, -0.25],
			"scale": [0.54, 0.54, 0.54]
		},
		"fixed": {
			"rotation": [-90, 0, 0],
			"translation": [0, 0, -6.75],
			"scale": [1.04, 1.04, 1.04]
		}
	}
}