{
	"credit": "MadewithBlockbench",
	"texture_size": [64, 64],
	"textures": {
		"0": "elitecreatures:japan_street_v2/lantern"
	},
	"elements": [
		{
			"from": [-16, 14, 7.5],
			"to": [16, 15, 8.5],
			"rotation": {"angle": 0, "axis": "y", "origin": [8, 0, 8]},
			"faces": {
				"north": {"uv": [0.25, 0.25, 8.25, 0.5], "texture": "#0"},
				"east": {"uv": [0, 0.25, 0.25, 0.5], "texture": "#0"},
				"south": {"uv": [8.25, 0.25, 0.25, 0.5], "texture": "#0"},
				"west": {"uv": [0, 0, 0.25, 0.25], "texture": "#0"},
				"up": {"uv": [8.25, 0.25, 0.25, 0], "texture": "#0"},
				"down": {"uv": [8.25, 0.25, 0.25, 0], "texture": "#0"}
			}
		},
		{
			"from": [-11, 1, 5],
			"to": [-5, 14, 11],
			"rotation": {"angle": 0, "axis": "y", "origin": [8, 0, 8]},
			"faces": {
				"north": {"uv": [1.5, 8, 3, 11.25], "texture": "#0"},
				"east": {"uv": [0, 8, 1.5, 11.25], "texture": "#0"},
				"south": {"uv": [4.5, 8, 6, 11.25], "texture": "#0"},
				"west": {"uv": [3, 8, 4.5, 11.25], "texture": "#0"},
				"up": {"uv": [3, 8, 1.5, 6.5], "texture": "#0"},
				"down": {"uv": [4.5, 6.5, 3, 8], "texture": "#0"}
			}
		},
		{
			"from": [-13, 3, 3],
			"to": [-3, 12, 13],
			"rotation": {"angle": 0, "axis": "y", "origin": [8, 0, 8]},
			"faces": {
				"north": {"uv": [0, 3, 2.5, 5.25], "texture": "#0"},
				"east": {"uv": [0, 3, 2.5, 5.25], "texture": "#0"},
				"south": {"uv": [0, 3, 2.5, 5.25], "texture": "#0"},
				"west": {"uv": [0, 3, 2.5, 5.25], "texture": "#0"},
				"up": {"uv": [2.5, 3, 0, 0.5], "texture": "#0"},
				"down": {"uv": [2.5, 0.5, 0, 3], "texture": "#0"}
			}
		},
		{
			"from": [3, 3, 3],
			"to": [13, 12, 13],
			"rotation": {"angle": 0, "axis": "y", "origin": [8, 0, 8]},
			"faces": {
				"north": {"uv": [2.5, 3, 5, 5.25], "texture": "#0"},
				"east": {"uv": [2.5, 3, 5, 5.25], "texture": "#0"},
				"south": {"uv": [2.5, 3, 5, 5.25], "texture": "#0"},
				"west": {"uv": [2.5, 3, 5, 5.25], "texture": "#0"},
				"up": {"uv": [5, 3, 2.5, 0.5], "texture": "#0"},
				"down": {"uv": [5, 0.5, 2.5, 3], "texture": "#0"}
			}
		},
		{
			"from": [5, 1, 5],
			"to": [11, 14, 11],
			"rotation": {"angle": 0, "axis": "y", "origin": [8, 0, 8]},
			"faces": {
				"north": {"uv": [1.5, 8, 3, 11.25], "texture": "#0"},
				"east": {"uv": [0, 8, 1.5, 11.25], "texture": "#0"},
				"south": {"uv": [4.5, 8, 6, 11.25], "texture": "#0"},
				"west": {"uv": [3, 8, 4.5, 11.25], "texture": "#0"},
				"up": {"uv": [3, 8, 1.5, 6.5], "texture": "#0"},
				"down": {"uv": [4.5, 6.5, 3, 8], "texture": "#0"}
			}
		}
	],
	"gui_light": "front",
	"display": {
		"thirdperson_righthand": {
			"rotation": [67.5, 0, 0],
			"translation": [2, 1.25, 0],
			"scale": [0.23344, 0.23344, 0.23344]
		},
		"thirdperson_lefthand": {
			"rotation": [67.5, 0, 0],
			"translation": [-1.75, 1.25, 0],
			"scale": [0.23344, 0.23344, 0.23344]
		},
		"firstperson_righthand": {
			"translation": [33.5, -9.5, -26.5],
			"scale": [1.01954, 1.01954, 1.01954]
		},
		"firstperson_lefthand": {
			"translation": [17.25, -9.5, -26.5],
			"scale": [1.01954, 1.01954, 1.01954]
		},
		"ground": {
			"translation": [3.75, 6, 0],
			"scale": [0.45, 0.45, 0.45]
		},
		"gui": {
			"rotation": [30, 135, 0],
			"translation": [-3.25, 1, 0],
			"scale": [0.57226, 0.57226, 0.57226]
		},
		"head": {
			"rotation": [0, 180, 0],
			"translation": [0, -30.4, 0],
			"scale": [1.6, 1.6, 1.6]
		},
		"fixed": {
			"rotation": [90, 0, 0],
			"translation": [0, 0, -14],
			"scale": [2, 2, 2]
		}
	},
	"groups": [
		{
			"name": "group",
			"origin": [8, 0, 8],
			"color": 0,
			"children": [0, 1, 2, 3, 4]
		}
	]
}