{
	"credit": "Made with Blockbench",
	"texture_size": [32, 32],
	"textures": {
		"1": "custom/deko/leon"
	},
	"elements": [
		{
			"from": [8, 1.3, 0.3],
			"to": [10, 2.6, 3.1],
			"faces": {
				"north": {"uv": [7, 9.5, 8, 10.25], "texture": "#1"},
				"east": {"uv": [6, 4, 7.5, 4.75], "texture": "#1"},
				"south": {"uv": [10, 4, 11, 4.75], "texture": "#1"},
				"west": {"uv": [4, 9.5, 5.5, 10.25], "texture": "#1"},
				"up": {"uv": [10, 4, 9, 2.5], "texture": "#1"},
				"down": {"uv": [9, 9, 8, 10.5], "texture": "#1"}
			}
		},
		{
			"from": [4, 1.3, 0.3],
			"to": [6, 2.6, 3.1],
			"faces": {
				"north": {"uv": [4, 10.5, 5, 11.25], "texture": "#1"},
				"east": {"uv": [10, 2, 11.5, 2.75], "texture": "#1"},
				"south": {"uv": [5, 10.5, 6, 11.25], "texture": "#1"},
				"west": {"uv": [10, 3, 11.5, 3.75], "texture": "#1"},
				"up": {"uv": [10, 10.5, 9, 9], "texture": "#1"},
				"down": {"uv": [4, 9.5, 3, 11], "texture": "#1"}
			}
		},
		{
			"from": [3.9, 1.3, 3.1],
			"to": [10.1, 6.2, 4.7],
			"faces": {
				"north": {"uv": [3, 0, 6, 2.5], "texture": "#1"},
				"east": {"uv": [2, 8, 2.75, 10.5], "texture": "#1"},
				"south": {"uv": [3, 2.5, 6, 5], "texture": "#1"},
				"west": {"uv": [9, 0, 9.75, 2.5], "texture": "#1"},
				"up": {"uv": [11, 7.75, 8, 7], "texture": "#1"},
				"down": {"uv": [11, 8, 8, 8.75], "texture": "#1"}
			}
		},
		{
			"from": [2.7, 4, 1.3],
			"to": [3.9, 5.4, 4.5],
			"faces": {
				"north": {"uv": [7.5, 4, 8, 4.75], "texture": "#1"},
				"east": {"uv": [5.5, 9.5, 7, 10.25], "texture": "#1"},
				"south": {"uv": [2.5, 10.5, 3, 11.25], "texture": "#1"},
				"west": {"uv": [0, 10, 1.5, 10.75], "texture": "#1"},
				"up": {"uv": [2, 11.5, 1.5, 10], "texture": "#1"},
				"down": {"uv": [10.5, 5, 10, 6.5], "texture": "#1"}
			}
		},
		{
			"from": [10.1, 4, 1.3],
			"to": [11.3, 5.4, 4.5],
			"faces": {
				"north": {"uv": [0, 11, 0.5, 11.75], "texture": "#1"},
				"east": {"uv": [10, 0, 11.5, 0.75], "texture": "#1"},
				"south": {"uv": [0.5, 11, 1, 11.75], "texture": "#1"},
				"west": {"uv": [10, 1, 11.5, 1.75], "texture": "#1"},
				"up": {"uv": [10.5, 10.5, 10, 9], "texture": "#1"},
				"down": {"uv": [2.5, 10.5, 2, 12], "texture": "#1"}
			}
		},
		{
			"from": [2.8, 4.1, 1.2],
			"to": [3.8, 5.3, 1.3],
			"faces": {
				"north": {"uv": [11, 4.5, 11.5, 5], "texture": "#1"},
				"east": {"uv": [9.5, 11, 9.75, 11.5], "texture": "#1"},
				"south": {"uv": [11, 7, 11.5, 7.5], "texture": "#1"},
				"west": {"uv": [10, 11, 10.25, 11.5], "texture": "#1"},
				"up": {"uv": [11, 11.25, 10.5, 11], "texture": "#1"},
				"down": {"uv": [11.5, 11, 11, 11.25], "texture": "#1"}
			}
		},
		{
			"from": [10.2, 4.1, 1.2],
			"to": [11.2, 5.3, 1.3],
			"faces": {
				"north": {"uv": [7.5, 11, 8, 11.5], "texture": "#1"},
				"east": {"uv": [11.5, 0, 11.75, 0.5], "texture": "#1"},
				"south": {"uv": [11, 7.5, 11.5, 8], "texture": "#1"},
				"west": {"uv": [11.5, 0.5, 11.75, 1], "texture": "#1"},
				"up": {"uv": [12, 1.25, 11.5, 1], "texture": "#1"},
				"down": {"uv": [2, 11.5, 1.5, 11.75], "texture": "#1"}
			}
		},
		{
			"from": [5.1, 2.5, 2.6],
			"to": [8.8, 5.4, 3.1],
			"faces": {
				"north": {"uv": [8, 4, 9.75, 5.5], "texture": "#1"},
				"east": {"uv": [1, 11, 1.25, 12.5], "texture": "#1"},
				"south": {"uv": [8, 5.5, 9.75, 7], "texture": "#1"},
				"west": {"uv": [3, 11, 3.25, 12.5], "texture": "#1"},
				"up": {"uv": [12.25, 10.25, 10.5, 10], "texture": "#1"},
				"down": {"uv": [12.75, 4, 11, 4.25], "texture": "#1"}
			}
		},
		{
			"from": [4.2, 6.2, 1.5],
			"to": [9.7, 10, 5.4],
			"faces": {
				"north": {"uv": [0, 6, 2.75, 8], "texture": "#1"},
				"east": {"uv": [6, 7.5, 8, 9.5], "texture": "#1"},
				"south": {"uv": [6, 0, 8.75, 2], "texture": "#1"},
				"west": {"uv": [0, 8, 2, 10], "texture": "#1"},
				"up": {"uv": [8.75, 4, 6, 2], "texture": "#1"},
				"down": {"uv": [5.75, 7.5, 3, 9.5], "texture": "#1"}
			}
		},
		{
			"from": [5.2, 7.5, 1.3],
			"to": [6.2, 9.1, 1.6],
			"faces": {
				"north": {"uv": [3.5, 11, 4, 11.75], "texture": "#1"},
				"east": {"uv": [8, 11, 8.25, 11.75], "texture": "#1"},
				"south": {"uv": [6, 11, 6.5, 11.75], "texture": "#1"},
				"west": {"uv": [11, 8, 11.25, 8.75], "texture": "#1"},
				"up": {"uv": [12, 1.75, 11.5, 1.5], "texture": "#1"},
				"down": {"uv": [12, 2, 11.5, 2.25], "texture": "#1"}
			}
		},
		{
			"from": [7.7, 7.5, 1.3],
			"to": [8.7, 9.1, 1.6],
			"faces": {
				"north": {"uv": [6.5, 11, 7, 11.75], "texture": "#1"},
				"east": {"uv": [8.5, 11, 8.75, 11.75], "texture": "#1"},
				"south": {"uv": [7, 11, 7.5, 11.75], "texture": "#1"},
				"west": {"uv": [9, 11, 9.25, 11.75], "texture": "#1"},
				"up": {"uv": [3, 11.75, 2.5, 11.5], "texture": "#1"},
				"down": {"uv": [12, 2.5, 11.5, 2.75], "texture": "#1"}
			}
		},
		{
			"from": [4.1, 9.9, 0],
			"to": [9.8, 10.4, 5.6],
			"faces": {
				"north": {"uv": [10, 6.5, 12.75, 6.75], "texture": "#1"},
				"east": {"uv": [10.5, 5, 13.25, 5.25], "texture": "#1"},
				"south": {"uv": [10.5, 5.5, 13.25, 5.75], "texture": "#1"},
				"west": {"uv": [6, 10.5, 8.75, 10.75], "texture": "#1"},
				"up": {"uv": [2.75, 2.75, 0, 0], "texture": "#1"},
				"down": {"uv": [2.75, 3, 0, 5.75], "texture": "#1"}
			}
		},
		{
			"from": [4.4, 10.4, 0.8],
			"to": [9.5, 11, 5.4],
			"faces": {
				"north": {"uv": [10.5, 6, 13, 6.25], "texture": "#1"},
				"east": {"uv": [10.5, 9, 12.75, 9.25], "texture": "#1"},
				"south": {"uv": [9, 10.5, 11.5, 10.75], "texture": "#1"},
				"west": {"uv": [10.5, 9.5, 12.75, 9.75], "texture": "#1"},
				"up": {"uv": [5.5, 7.25, 3, 5], "texture": "#1"},
				"down": {"uv": [8, 5, 5.5, 7.25], "texture": "#1"}
			}
		}
	],
	"display": {
		"thirdperson_righthand": {
			"rotation": [39, 0, 0],
			"translation": [0.75, -1, 5.25]
		},
		"thirdperson_lefthand": {
			"rotation": [39, 0, 0],
			"translation": [-1, -1, 5.25]
		},
		"firstperson_righthand": {
			"rotation": [-17, 89, 0],
			"translation": [9, 2, -2]
		},
		"firstperson_lefthand": {
			"rotation": [-17, 89, 0],
			"translation": [10.5, 2, -2]
		},
		"ground": {
			"translation": [0, 4.25, 0]
		},
		"gui": {
			"rotation": [180, 23, 180],
			"translation": [1.25, 1.75, 0],
			"scale": [1.14, 1.14, 1.11]
		},
		"head": {
			"translation": [1.25, 13.5, 5]
		},
		"fixed": {
			"rotation": [-89, 0, 0],
			"translation": [3, 16, -25.25],
			"scale": [3.51, 4, 3.06]
		}
	}
}