{
	"credit": "MadewithBlockbench",
	"texture_size": [128, 128],
	"textures": {
		"0": "elitecreatures:japan_street_v2/longchairtexture"
	},
	"elements": [
		{
			"from": [-15.25, 0, 11],
			"to": [-13.75, 6.5, 12.5],
			"rotation": {"angle": 0, "axis": "y", "origin": [16, -1, 8]},
			"faces": {
				"north": {"uv": [4.375, 4.5, 4.5625, 5.3125], "texture": "#0"},
				"east": {"uv": [4.625, 2.75, 4.8125, 3.5625], "texture": "#0"},
				"south": {"uv": [4.375, 2.75, 4.5625, 3.5625], "texture": "#0"},
				"west": {"uv": [4.375, 3.625, 4.5625, 4.4375], "texture": "#0"},
				"up": {"uv": [5.125, 4.75, 5.3125, 4.9375], "texture": "#0"},
				"down": {"uv": [5.125, 5.1875, 5.3125, 5], "texture": "#0"}
			}
		},
		{
			"from": [-13.75, 1, 7],
			"to": [13.75, 2, 8.5],
			"rotation": {"angle": 0, "axis": "y", "origin": [0, -1, 8]},
			"faces": {
				"north": {"uv": [4, 1.75, 7.4375, 1.875], "texture": "#0"},
				"east": {"uv": [5.25, 2.25, 5.4375, 2.375], "texture": "#0"},
				"south": {"uv": [4, 1.875, 7.4375, 2], "texture": "#0"},
				"west": {"uv": [2.5, 5.25, 2.6875, 5.375], "texture": "#0"},
				"up": {"uv": [7.4375, 1.4375, 4, 1.25], "texture": "#0"},
				"down": {"uv": [7.4375, 1.5, 4, 1.6875], "texture": "#0"}
			}
		},
		{
			"from": [13.75, 1, 5],
			"to": [15.25, 2, 11],
			"rotation": {"angle": 0, "axis": "y", "origin": [0, -1, 8]},
			"faces": {
				"north": {"uv": [2.75, 5.25, 2.9375, 5.375], "texture": "#0"},
				"east": {"uv": [2.25, 5.125, 3, 5.25], "texture": "#0"},
				"south": {"uv": [3, 5.25, 3.1875, 5.375], "texture": "#0"},
				"west": {"uv": [5.125, 2.75, 5.875, 2.875], "texture": "#0"},
				"up": {"uv": [5.0625, 5.25, 4.875, 4.5], "texture": "#0"},
				"down": {"uv": [1.6875, 5.125, 1.5, 5.875], "texture": "#0"}
			}
		},
		{
			"from": [-16, 9.5, 9.5],
			"to": [16.5, 16.5, 11],
			"rotation": {"angle": 22.5, "axis": "x", "origin": [14.5, 6.5, 11]},
			"faces": {
				"north": {"uv": [0, 2.5, 4.0625, 3.375], "texture": "#0"},
				"east": {"uv": [1.5, 4.25, 1.6875, 5.125], "texture": "#0"},
				"south": {"uv": [0, 3.375, 4.0625, 4.25], "texture": "#0"},
				"west": {"uv": [1.75, 4.25, 1.9375, 5.125], "texture": "#0"},
				"up": {"uv": [8.0625, 0.9375, 4, 0.75], "texture": "#0"},
				"down": {"uv": [8.0625, 1, 4, 1.1875], "texture": "#0"}
			}
		},
		{
			"from": [13.775, 6.5, 11],
			"to": [15.225, 16, 12.5],
			"rotation": {"angle": 22.5, "axis": "x", "origin": [14.5, 6.5, 11]},
			"faces": {
				"north": {"uv": [0.5, 4.25, 0.68125, 5.4375], "texture": "#0"},
				"east": {"uv": [0.75, 4.25, 0.9375, 5.4375], "texture": "#0"},
				"south": {"uv": [1, 4.25, 1.18125, 5.4375], "texture": "#0"},
				"west": {"uv": [1.25, 4.25, 1.4375, 5.4375], "texture": "#0"},
				"up": {"uv": [5.30625, 3.6875, 5.125, 3.5], "texture": "#0"},
				"down": {"uv": [3.93125, 5.125, 3.75, 5.3125], "texture": "#0"}
			}
		},
		{
			"from": [13.75, 0, 3.5],
			"to": [15.25, 6.5, 5],
			"rotation": {"angle": 0, "axis": "y", "origin": [0, -1, 8]},
			"faces": {
				"north": {"uv": [4.375, 2.75, 4.5625, 3.5625], "texture": "#0"},
				"east": {"uv": [4.375, 3.625, 4.5625, 4.4375], "texture": "#0"},
				"south": {"uv": [4.375, 4.5, 4.5625, 5.3125], "texture": "#0"},
				"west": {"uv": [4.625, 2.75, 4.8125, 3.5625], "texture": "#0"},
				"up": {"uv": [5.3125, 4.9375, 5.125, 4.75], "texture": "#0"},
				"down": {"uv": [5.3125, 5, 5.125, 5.1875], "texture": "#0"}
			}
		},
		{
			"from": [-16, 6.5, 3],
			"to": [16, 9, 12.5],
			"rotation": {"angle": 0, "axis": "y", "origin": [0, -1, 8]},
			"faces": {
				"north": {"uv": [4, 0, 8, 0.3125], "texture": "#0"},
				"east": {"uv": [4, 2, 5.1875, 2.3125], "texture": "#0"},
				"south": {"uv": [4, 0.375, 8, 0.6875], "texture": "#0"},
				"west": {"uv": [4.125, 2.375, 5.3125, 2.6875], "texture": "#0"},
				"up": {"uv": [4, 1.1875, 0, 0], "texture": "#0"},
				"down": {"uv": [4, 1.25, 0, 2.4375], "texture": "#0"}
			}
		},
		{
			"from": [-15.25, 0, 3.5],
			"to": [-13.75, 6.5, 5],
			"rotation": {"angle": 0, "axis": "y", "origin": [16, -1, 8]},
			"faces": {
				"north": {"uv": [4.5625, 2.75, 4.375, 3.5625], "texture": "#0"},
				"east": {"uv": [4.8125, 2.75, 4.625, 3.5625], "texture": "#0"},
				"south": {"uv": [4.5625, 4.5, 4.375, 5.3125], "texture": "#0"},
				"west": {"uv": [4.5625, 3.625, 4.375, 4.4375], "texture": "#0"},
				"up": {"uv": [5.125, 4.9375, 5.3125, 4.75], "texture": "#0"},
				"down": {"uv": [5.125, 5, 5.3125, 5.1875], "texture": "#0"}
			}
		},
		{
			"from": [-15.25, 1, 5],
			"to": [-13.75, 2, 11],
			"rotation": {"angle": 0, "axis": "y", "origin": [16, -1, 8]},
			"faces": {
				"north": {"uv": [2.9375, 5.25, 2.75, 5.375], "texture": "#0"},
				"east": {"uv": [5.875, 2.75, 5.125, 2.875], "texture": "#0"},
				"south": {"uv": [3.1875, 5.25, 3, 5.375], "texture": "#0"},
				"west": {"uv": [3, 5.125, 2.25, 5.25], "texture": "#0"},
				"up": {"uv": [4.875, 5.25, 5.0625, 4.5], "texture": "#0"},
				"down": {"uv": [1.5, 5.125, 1.6875, 5.875], "texture": "#0"}
			}
		},
		{
			"from": [13.75, 0, 11],
			"to": [15.25, 6.5, 12.5],
			"rotation": {"angle": 0, "axis": "y", "origin": [0, -1, 8]},
			"faces": {
				"north": {"uv": [4.5625, 4.5, 4.375, 5.3125], "texture": "#0"},
				"east": {"uv": [4.5625, 3.625, 4.375, 4.4375], "texture": "#0"},
				"south": {"uv": [4.5625, 2.75, 4.375, 3.5625], "texture": "#0"},
				"west": {"uv": [4.8125, 2.75, 4.625, 3.5625], "texture": "#0"},
				"up": {"uv": [5.3125, 4.75, 5.125, 4.9375], "texture": "#0"},
				"down": {"uv": [5.3125, 5.1875, 5.125, 5], "texture": "#0"}
			}
		},
		{
			"from": [-15.225, 6.5, 11],
			"to": [-13.775, 16, 12.5],
			"rotation": {"angle": 22.5, "axis": "x", "origin": [1.5, 6.5, 11]},
			"faces": {
				"north": {"uv": [0.68125, 4.25, 0.5, 5.4375], "texture": "#0"},
				"east": {"uv": [1.4375, 4.25, 1.25, 5.4375], "texture": "#0"},
				"south": {"uv": [1.18125, 4.25, 1, 5.4375], "texture": "#0"},
				"west": {"uv": [0.9375, 4.25, 0.75, 5.4375], "texture": "#0"},
				"up": {"uv": [5.125, 3.6875, 5.30625, 3.5], "texture": "#0"},
				"down": {"uv": [3.75, 5.125, 3.93125, 5.3125], "texture": "#0"}
			}
		}
	],
	"gui_light": "front",
	"display": {
		"thirdperson_righthand": {
			"rotation": [67.5, 0, 0],
			"translation": [1.35, 1, 0.5],
			"scale": [0.17875, 0.17875, 0.17875]
		},
		"thirdperson_lefthand": {
			"rotation": [67.5, 0, 0],
			"translation": [-1.4, 1, 0.5],
			"scale": [0.17875, 0.17875, 0.17875]
		},
		"firstperson_righthand": {
			"translation": [2.5, 2.5, 0],
			"scale": [0.27735, 0.27735, 0.27735]
		},
		"firstperson_lefthand": {
			"translation": [-2, 2.5, 0],
			"scale": [0.27735, 0.27735, 0.27735]
		},
		"ground": {
			"translation": [3.75, 6, 0],
			"scale": [0.45, 0.45, 0.45]
		},
		"gui": {
			"rotation": [30, 135, 0],
			"translation": [-3, 1, 0],
			"scale": [0.48047, 0.48047, 0.48047]
		},
		"head": {
			"rotation": [0, 180, 0],
			"translation": [0, -30.4, 0],
			"scale": [1.6, 1.6, 1.6]
		},
		"fixed": {
			"rotation": [-90, 0, 0],
			"translation": [0, 0, -16],
			"scale": [2, 2, 2]
		}
	},
	"groups": [
		{
			"name": "group",
			"origin": [1.5, 6.5, 11],
			"color": 0,
			"children": [0, 1, 2, 3, 4, 5, 6, 7, 8, 9, 10]
		}
	]
}