{
	"credit": "Made with Blockbench",
	"textures": {
		"0": "custom/deko2/lbody",
		"1": "custom/deko2/lotsobauch",
		"2": "custom/deko2/lotsogehstock",
		"particle": "custom/deko2/lbody"
	},
	"elements": [
		{
			"from": [4.8, 0, 5.8],
			"to": [7.2, 2.4, 8.2],
			"rotation": {"angle": 0, "axis": "y", "origin": [5, 0.2, 6]},
			"faces": {
				"north": {"uv": [6, 4, 7, 5], "texture": "#0"},
				"east": {"uv": [9, 3, 10, 4], "texture": "#0"},
				"south": {"uv": [9, 10, 10, 11], "texture": "#0"},
				"west": {"uv": [10, 9, 11, 10], "texture": "#0"},
				"up": {"uv": [11, 11, 10, 10], "texture": "#0"},
				"down": {"uv": [4, 10.5, 3, 11.5], "texture": "#0"}
			}
		},
		{
			"from": [4.7, 1.9, 4.8],
			"to": [11.3, 8.5, 9.4],
			"rotation": {"angle": 0, "axis": "y", "origin": [5, 2.2, 5.1]},
			"faces": {
				"north": {"uv": [0, 0, 3, 3], "texture": "#0"},
				"east": {"uv": [3, 5, 5, 8], "texture": "#0"},
				"south": {"uv": [0, 3, 3, 6], "texture": "#0"},
				"west": {"uv": [5, 5, 7, 8], "texture": "#0"},
				"up": {"uv": [3, 8, 0, 6], "texture": "#0"},
				"down": {"uv": [9, 0, 6, 2], "texture": "#0"}
			}
		},
		{
			"from": [2.4, 4.7, 4.2],
			"to": [4.7, 9.6, 6.8],
			"rotation": {"angle": 22.5, "axis": "x", "origin": [-1.6, 3.5, 3.4]},
			"faces": {
				"north": {"uv": [9, 1, 10, 3], "texture": "#0"},
				"east": {"uv": [7, 9, 8, 11], "texture": "#0"},
				"south": {"uv": [8, 9, 9, 11], "texture": "#0"},
				"west": {"uv": [9, 8, 10, 10], "texture": "#0"},
				"up": {"uv": [12, 5, 11, 4], "texture": "#0"},
				"down": {"uv": [12, 5, 11, 6], "texture": "#0"}
			}
		},
		{
			"from": [11.3, 4.6, 3.9],
			"to": [13.6, 9.7, 6.3],
			"rotation": {"angle": 22.5, "axis": "x", "origin": [17.6, 3.4, 3.1]},
			"faces": {
				"north": {"uv": [0, 10, 1, 12], "texture": "#0"},
				"east": {"uv": [1, 10, 2, 12], "texture": "#0"},
				"south": {"uv": [10, 1, 11, 3], "texture": "#0"},
				"west": {"uv": [2, 10, 3, 12], "texture": "#0"},
				"up": {"uv": [12, 7, 11, 6], "texture": "#0"},
				"down": {"uv": [8, 11, 7, 12], "texture": "#0"}
			}
		},
		{
			"from": [4.5, 8.5, 4.5],
			"to": [11.5, 14, 9.4],
			"rotation": {"angle": 0, "axis": "y", "origin": [5, 8.8, 5.1]},
			"faces": {
				"north": {"uv": [3, 0, 6, 2.5], "texture": "#0"},
				"east": {"uv": [3, 8, 5, 10.5], "texture": "#0"},
				"south": {"uv": [3, 2.5, 6, 5], "texture": "#0"},
				"west": {"uv": [5, 8, 7, 10.5], "texture": "#0"},
				"up": {"uv": [10, 8, 7, 6], "texture": "#0"},
				"down": {"uv": [3, 8, 0, 10], "texture": "#0"}
			}
		},
		{
			"from": [3.6, 10.5, 6.2],
			"to": [6.6, 13.7, 8.1],
			"rotation": {"angle": 22.5, "axis": "z", "origin": [0.1, 10.8, 4.8]},
			"faces": {
				"north": {"uv": [10, 3, 11, 4.5], "texture": "#0"},
				"east": {"uv": [11, 7, 11.5, 8.5], "texture": "#0"},
				"south": {"uv": [10, 4.5, 11, 6], "texture": "#0"},
				"west": {"uv": [8, 11, 8.5, 12.5], "texture": "#0"},
				"up": {"uv": [11, 11.5, 10, 11], "texture": "#0"},
				"down": {"uv": [12, 10, 11, 10.5], "texture": "#0"}
			}
		},
		{
			"from": [9.7, 10.8, 6.2],
			"to": [12.7, 14, 8.1],
			"rotation": {"angle": -22.5, "axis": "z", "origin": [16.2, 11.1, 4.8]},
			"faces": {
				"north": {"uv": [10, 6, 11, 7.5], "texture": "#0"},
				"east": {"uv": [8.5, 11, 9, 12.5], "texture": "#0"},
				"south": {"uv": [10, 7.5, 11, 9], "texture": "#0"},
				"west": {"uv": [11, 8.5, 11.5, 10], "texture": "#0"},
				"up": {"uv": [12, 11, 11, 10.5], "texture": "#0"},
				"down": {"uv": [12, 11, 11, 11.5], "texture": "#0"}
			}
		},
		{
			"from": [5.7, 8.5, 3.3],
			"to": [10.2, 11.3, 4.5],
			"rotation": {"angle": 0, "axis": "y", "origin": [5, 8.8, 0.2]},
			"faces": {
				"north": {"uv": [7, 8, 9, 9], "texture": "#0"},
				"east": {"uv": [9, 11, 9.5, 12], "texture": "#0"},
				"south": {"uv": [9, 0, 11, 1], "texture": "#0"},
				"west": {"uv": [9.5, 11, 10, 12], "texture": "#0"},
				"up": {"uv": [13, 3.5, 11, 3], "texture": "#0"},
				"down": {"uv": [13, 3.5, 11, 4], "texture": "#0"}
			}
		},
		{
			"from": [8.8, 0, 5.8],
			"to": [11.2, 2.4, 8.2],
			"rotation": {"angle": 0, "axis": "y", "origin": [9, 0.2, 6]},
			"faces": {
				"north": {"uv": [4, 10.5, 5, 11.5], "texture": "#0"},
				"east": {"uv": [5, 10.5, 6, 11.5], "texture": "#0"},
				"south": {"uv": [6, 10.5, 7, 11.5], "texture": "#0"},
				"west": {"uv": [11, 0, 12, 1], "texture": "#0"},
				"up": {"uv": [12, 2, 11, 1], "texture": "#0"},
				"down": {"uv": [12, 2, 11, 3], "texture": "#0"}
			}
		},
		{
			"from": [5.9, 2.5, 4.5],
			"to": [10.1, 7.5, 5],
			"rotation": {"angle": 0, "axis": "y", "origin": [7, 3, 3]},
			"faces": {
				"north": {"uv": [0, 0, 4.5, 5], "texture": "#1"},
				"east": {"uv": [5, 0, 5.5, 5], "texture": "#1"},
				"south": {"uv": [0, 5, 4.5, 10], "texture": "#1"},
				"west": {"uv": [5, 5, 5.5, 10], "texture": "#1"},
				"up": {"uv": [10.5, 0.5, 6, 0], "texture": "#1"},
				"down": {"uv": [10.5, 1, 6, 1.5], "texture": "#1"}
			}
		},
		{
			"from": [11.8, 0.3, 3.6],
			"to": [13.2, 3.6, 5],
			"rotation": {"angle": 0, "axis": "y", "origin": [11.5, 0, 3.3]},
			"faces": {
				"north": {"uv": [0, 0, 2, 4], "texture": "#2"},
				"east": {"uv": [2, 0, 4, 4], "texture": "#2"},
				"south": {"uv": [0, 4, 2, 8], "texture": "#2"},
				"west": {"uv": [4, 0, 6, 4], "texture": "#2"},
				"up": {"uv": [2, 10, 0, 8], "texture": "#2"},
				"down": {"uv": [10, 0, 8, 2], "texture": "#2"}
			}
		},
		{
			"from": [11.6, 3.1, 2.4],
			"to": [13.4, 4.9, 5.2],
			"rotation": {"angle": 0, "axis": "y", "origin": [11.5, 3, 3.3]},
			"faces": {
				"north": {"uv": [4, 6, 6, 8], "texture": "#2"},
				"east": {"uv": [2, 4, 5, 6], "texture": "#2"},
				"south": {"uv": [6, 6, 8, 8], "texture": "#2"},
				"west": {"uv": [5, 4, 8, 6], "texture": "#2"},
				"up": {"uv": [8, 3, 6, 0], "texture": "#2"},
				"down": {"uv": [4, 6, 2, 9], "texture": "#2"}
			}
		}
	],
	"display": {
		"thirdperson_righthand": {
			"rotation": [51, 0, 0]
		},
		"thirdperson_lefthand": {
			"rotation": [51, 0, 0]
		},
		"firstperson_righthand": {
			"translation": [0, 3.5, 3.75]
		},
		"firstperson_lefthand": {
			"translation": [0, 3.5, 3.75]
		},
		"ground": {
			"translation": [0, 5.75, 0]
		},
		"gui": {
			"rotation": [0, 180, 0],
			"scale": [0.89, 0.89, 0.89]
		},
		"head": {
			"rotation": [0, 180, 0],
			"translation": [0, -14, 4.5],
			"scale": [1.18, 1.18, 1.18]
		},
		"fixed": {
			"rotation": [-90, 0, 0],
			"translation": [0, 0, -16],
			"scale": [2.01, 2.01, 2.01]
		}
	},
	"groups": [
		0,
		1,
		{
			"name": "group",
			"origin": [-1.6, 2.2, 5.1],
			"color": 0,
			"children": [2]
		},
		3,
		4,
		{
			"name": "group",
			"origin": [-2, 12.8, 4.8],
			"color": 0,
			"children": [5]
		},
		{
			"name": "group",
			"origin": [18, 12.8, 4.8],
			"color": 0,
			"children": [6]
		},
		7,
		8,
		9,
		10,
		11
	]
}