{
	"credit": "MadewithBlockbench",
	"texture_size": [64, 64],
	"textures": {
		"0": "elitecreatures:japan_street_v2/luxurychairtexture"
	},
	"elements": [
		{
			"from": [1.5, 13, 13.475],
			"to": [14.5, 21, 13.5],
			"rotation": {"angle": 0, "axis": "y", "origin": [13.5, 0, 13]},
			"faces": {
				"north": {"uv": [15, 3.75, 11.75, 5.75], "rotation": 180, "texture": "#0"},
				"east": {"uv": [0, 0, 2, 0.00625], "rotation": 270, "texture": "#0"},
				"south": {"uv": [15, 5.75, 11.75, 3.75], "texture": "#0"},
				"west": {"uv": [0, 0, 2, 0.00625], "rotation": 90, "texture": "#0"},
				"up": {"uv": [0, 0, 3.25, 0.00625], "rotation": 180, "texture": "#0"},
				"down": {"uv": [0, 0, 3.25, 0.00625], "texture": "#0"}
			}
		},
		{
			"from": [14.25, 2, 12.25],
			"to": [15.75, 22, 13.75],
			"rotation": {"angle": 0, "axis": "y", "origin": [15.25, 0, 12.75]},
			"faces": {
				"north": {"uv": [0, 4.5, 0.375, 9.5], "rotation": 180, "texture": "#0"},
				"east": {"uv": [7.5, 3.875, 2.5, 4.25], "rotation": 270, "texture": "#0"},
				"south": {"uv": [0.375, 9.5, 0.75, 4.5], "texture": "#0"},
				"west": {"uv": [7.5, 3.5, 2.5, 3.875], "rotation": 90, "texture": "#0"},
				"up": {"uv": [8.375, 3.5, 8, 3.875], "rotation": 180, "texture": "#0"},
				"down": {"uv": [8.375, 3.875, 8, 4.25], "texture": "#0"}
			}
		},
		{
			"from": [12.75, 0, 0.5],
			"to": [14.75, 2, 2.5],
			"rotation": {"angle": 0, "axis": "y", "origin": [0.5, -1, 8.5]},
			"faces": {
				"north": {"uv": [15.5, 1.5, 15, 2], "texture": "#0"},
				"east": {"uv": [15.5, 2.5, 15, 3], "texture": "#0"},
				"south": {"uv": [16, 2, 15.5, 2.5], "texture": "#0"},
				"west": {"uv": [16, 2.5, 15.5, 3], "texture": "#0"},
				"up": {"uv": [15.5, 2, 16, 1.5], "texture": "#0"},
				"down": {"uv": [15, 2, 15.5, 2.5], "texture": "#0"}
			}
		},
		{
			"from": [13, 2, 1],
			"to": [14.5, 8, 2.5],
			"rotation": {"angle": 0, "axis": "y", "origin": [14, 0, 2.5]},
			"faces": {
				"north": {"uv": [15, 1.5, 15.375, 0], "rotation": 180, "texture": "#0"},
				"east": {"uv": [10, 3.75, 8.5, 4.125], "rotation": 90, "texture": "#0"},
				"south": {"uv": [15.375, 0, 15.75, 1.5], "texture": "#0"},
				"west": {"uv": [11.5, 3.75, 10, 4.125], "rotation": 270, "texture": "#0"},
				"up": {"uv": [15.375, 1.5, 15, 1.875], "texture": "#0"},
				"down": {"uv": [15.75, 1.5, 15.375, 1.875], "rotation": 180, "texture": "#0"}
			}
		},
		{
			"from": [1.5, 8, 1],
			"to": [14.5, 10, 14],
			"rotation": {"angle": 0, "axis": "y", "origin": [16, -1, 7]},
			"faces": {
				"north": {"uv": [8.5, 0, 11.75, 0.5], "texture": "#0"},
				"east": {"uv": [8.5, 0, 11.75, 0.5], "texture": "#0"},
				"south": {"uv": [11.75, 0, 15, 0.5], "texture": "#0"},
				"west": {"uv": [11.75, 0, 15, 0.5], "texture": "#0"},
				"up": {"uv": [11.75, 3.75, 8.5, 0.5], "texture": "#0"},
				"down": {"uv": [15, 0.5, 11.75, 3.75], "texture": "#0"}
			}
		},
		{
			"from": [14, 0, 12.25],
			"to": [16, 2, 14.25],
			"rotation": {"angle": 0, "axis": "y", "origin": [0.5, -1, 8.25]},
			"faces": {
				"north": {"uv": [15.5, 1.5, 15, 2], "texture": "#0"},
				"east": {"uv": [15.5, 2.5, 15, 3], "texture": "#0"},
				"south": {"uv": [16, 2, 15.5, 2.5], "texture": "#0"},
				"west": {"uv": [16, 2.5, 15.5, 3], "texture": "#0"},
				"up": {"uv": [15.5, 2, 16, 1.5], "texture": "#0"},
				"down": {"uv": [15, 2, 15.5, 2.5], "texture": "#0"}
			}
		},
		{
			"from": [0, 0, 12.25],
			"to": [2, 2, 14.25],
			"rotation": {"angle": 0, "axis": "y", "origin": [15.5, -1, 8.25]},
			"faces": {
				"north": {"uv": [15, 1.5, 15.5, 2], "texture": "#0"},
				"east": {"uv": [15.5, 2.5, 16, 3], "texture": "#0"},
				"south": {"uv": [15.5, 2, 16, 2.5], "texture": "#0"},
				"west": {"uv": [15, 2.5, 15.5, 3], "texture": "#0"},
				"up": {"uv": [16, 2, 15.5, 1.5], "texture": "#0"},
				"down": {"uv": [15.5, 2, 15, 2.5], "texture": "#0"}
			}
		},
		{
			"from": [1.5, 2, 1],
			"to": [3, 8, 2.5],
			"rotation": {"angle": 0, "axis": "y", "origin": [2, 0, 2.5]},
			"faces": {
				"north": {"uv": [15.375, 1.5, 15, 0], "rotation": 180, "texture": "#0"},
				"east": {"uv": [10, 3.75, 11.5, 4.125], "rotation": 90, "texture": "#0"},
				"south": {"uv": [15.75, 0, 15.375, 1.5], "texture": "#0"},
				"west": {"uv": [8.5, 3.75, 10, 4.125], "rotation": 270, "texture": "#0"},
				"up": {"uv": [15, 1.5, 15.375, 1.875], "texture": "#0"},
				"down": {"uv": [15.375, 1.5, 15.75, 1.875], "rotation": 180, "texture": "#0"}
			}
		},
		{
			"from": [1.25, 0, 0.5],
			"to": [3.25, 2, 2.5],
			"rotation": {"angle": 0, "axis": "y", "origin": [15.5, -1, 8.5]},
			"faces": {
				"north": {"uv": [15, 1.5, 15.5, 2], "texture": "#0"},
				"east": {"uv": [15.5, 2.5, 16, 3], "texture": "#0"},
				"south": {"uv": [15.5, 2, 16, 2.5], "texture": "#0"},
				"west": {"uv": [15, 2.5, 15.5, 3], "texture": "#0"},
				"up": {"uv": [16, 2, 15.5, 1.5], "texture": "#0"},
				"down": {"uv": [15.5, 2, 15, 2.5], "texture": "#0"}
			}
		},
		{
			"from": [0.25, 2, 12.25],
			"to": [1.75, 22, 13.75],
			"rotation": {"angle": 0, "axis": "y", "origin": [0.75, 0, 12.75]},
			"faces": {
				"north": {"uv": [0.375, 4.5, 0, 9.5], "rotation": 180, "texture": "#0"},
				"east": {"uv": [2.5, 3.5, 7.5, 3.875], "rotation": 270, "texture": "#0"},
				"south": {"uv": [0.75, 9.5, 0.375, 4.5], "texture": "#0"},
				"west": {"uv": [2.5, 3.875, 7.5, 4.25], "rotation": 90, "texture": "#0"},
				"up": {"uv": [8, 3.5, 8.375, 3.875], "rotation": 180, "texture": "#0"},
				"down": {"uv": [8, 3.875, 8.375, 4.25], "texture": "#0"}
			}
		},
		{
			"from": [1, 10, 4.25],
			"to": [1, 14, 12.25],
			"rotation": {"angle": 0, "axis": "y", "origin": [16, -1, 7]},
			"faces": {
				"north": {"uv": [8.5, 0, 8.5, 1], "texture": "#0"},
				"east": {"uv": [10.5, 4.125, 8.5, 5.125], "texture": "#0"},
				"south": {"uv": [8.5, 0, 8.5, 1], "texture": "#0"},
				"west": {"uv": [8.5, 4.125, 10.5, 5.125], "texture": "#0"},
				"up": {"uv": [8.5, 2.5, 8.5, 0.5], "texture": "#0"},
				"down": {"uv": [8.5, 0.5, 8.5, 2.5], "texture": "#0"}
			}
		},
		{
			"from": [15, 10, 4.25],
			"to": [15, 14, 12.25],
			"rotation": {"angle": 0, "axis": "y", "origin": [0, -1, 7]},
			"faces": {
				"north": {"uv": [8.5, 0, 8.5, 1], "texture": "#0"},
				"east": {"uv": [10.5, 4.125, 8.5, 5.125], "texture": "#0"},
				"south": {"uv": [8.5, 0, 8.5, 1], "texture": "#0"},
				"west": {"uv": [8.5, 4.125, 10.5, 5.125], "texture": "#0"},
				"up": {"uv": [8.5, 2.5, 8.5, 0.5], "texture": "#0"},
				"down": {"uv": [8.5, 0.5, 8.5, 2.5], "texture": "#0"}
			}
		}
	],
	"gui_light": "front",
	"display": {
		"thirdperson_righthand": {
			"rotation": [67.5, 0, 0],
			"translation": [0.25, 1.25, -0.5],
			"scale": [0.23539, 0.23539, 0.23539]
		},
		"thirdperson_lefthand": {
			"rotation": [67.5, 0, 0],
			"translation": [0.25, 1.25, -0.5],
			"scale": [0.23539, 0.23539, 0.23539]
		},
		"firstperson_righthand": {
			"translation": [19.25, -4.75, -19.5],
			"scale": [0.86915, 0.86915, 0.86915]
		},
		"firstperson_lefthand": {
			"translation": [19.25, -4.75, -19.5],
			"scale": [0.86915, 0.86915, 0.86915]
		},
		"ground": {
			"translation": [0, 6, 0],
			"scale": [0.4, 0.4, 0.4]
		},
		"gui": {
			"rotation": [30, 135, 0],
			"translation": [0, -1.25, 0],
			"scale": [0.53515, 0.53515, 0.53515]
		},
		"head": {
			"rotation": [0, 180, 0],
			"translation": [0, -30.4, 0],
			"scale": [1.6, 1.6, 1.6]
		},
		"fixed": {
			"rotation": [-90, 0, 0],
			"translation": [0, 0, -16],
			"scale": [2, 2, 2]
		}
	},
	"groups": [
		{
			"name": "group",
			"origin": [0, -1, 7],
			"color": 0,
			"children": [0, 1, 2, 3, 4, 5, 6, 7, 8, 9, 10, 11]
		}
	]
}