{
	"credit": "MadewithBlockbench",
	"texture_size": [128, 128],
	"textures": {
		"0": "elitecreatures:japan_street_v2/luxurytabletexture"
	},
	"elements": [
		{
			"from": [-8, 6, -8],
			"to": [-8, 16, 8],
			"faces": {
				"north": {"uv": [7.75, 0, 7.75, 1.25], "texture": "#0"},
				"east": {"uv": [7.75, 0, 9.75, 1.25], "texture": "#0"},
				"south": {"uv": [7.75, 0, 7.75, 1.25], "texture": "#0"},
				"west": {"uv": [7.75, 0, 9.75, 1.25], "texture": "#0"},
				"up": {"uv": [14, 2, 14, 0], "texture": "#0"},
				"down": {"uv": [11.75, 0, 11.75, 2], "texture": "#0"}
			}
		},
		{
			"from": [9.79721, 0.02103, 7],
			"to": [12.79721, 2.02103, 9],
			"rotation": {"angle": 0, "axis": "y", "origin": [9.25, 0, 8]},
			"faces": {
				"north": {"uv": [3, 3.75, 2.75, 4.125], "rotation": 90, "texture": "#0"},
				"east": {"uv": [2.5, 4.5, 2.75, 4.75], "rotation": 270, "texture": "#0"},
				"south": {"uv": [2.75, 3.75, 2.5, 4.125], "rotation": 270, "texture": "#0"},
				"west": {"uv": [2.75, 4.75, 3, 4.5], "rotation": 270, "texture": "#0"},
				"up": {"uv": [2.75, 4.125, 2.5, 4.5], "rotation": 270, "texture": "#0"},
				"down": {"uv": [3, 4.125, 2.75, 4.5], "rotation": 270, "texture": "#0"}
			}
		},
		{
			"from": [7, -0.75, 7.025],
			"to": [9, 3.25, 8.975],
			"rotation": {"angle": 45, "axis": "z", "origin": [7, 3.25, 8]},
			"faces": {
				"north": {"uv": [2.25, 3.75, 2, 4.25], "texture": "#0"},
				"east": {"uv": [2.24375, 4.25, 2, 4.75], "texture": "#0"},
				"south": {"uv": [2.5, 3.75, 2.25, 4.25], "texture": "#0"},
				"west": {"uv": [2.49375, 4.25, 2.25, 4.75], "texture": "#0"},
				"up": {"uv": [2, 4.99375, 2.25, 4.75], "texture": "#0"},
				"down": {"uv": [2.25, 4.75, 2.5, 4.99375], "texture": "#0"}
			}
		},
		{
			"from": [7, 3.25, 7],
			"to": [9, 15.75, 9],
			"rotation": {"angle": 0, "axis": "y", "origin": [0, -0.75, 0]},
			"faces": {
				"north": {"uv": [1.25, 3.75, 1, 5.3125], "texture": "#0"},
				"east": {"uv": [2, 3.75, 1.75, 5.3125], "texture": "#0"},
				"south": {"uv": [1.75, 3.75, 1.5, 5.3125], "texture": "#0"},
				"west": {"uv": [1.5, 3.75, 1.25, 5.3125], "texture": "#0"},
				"up": {"uv": [7.5, 1, 7.75, 0.75], "texture": "#0"},
				"down": {"uv": [7.5, 1, 7.75, 1.25], "texture": "#0"}
			}
		},
		{
			"from": [-16, 15, -16],
			"to": [16, 16, 16],
			"faces": {
				"north": {"uv": [7.75, 2.5, 11.75, 2.625], "texture": "#0"},
				"east": {"uv": [7.75, 2.5, 11.75, 2.625], "texture": "#0"},
				"south": {"uv": [7.75, 2.5, 11.75, 2.625], "texture": "#0"},
				"west": {"uv": [7.75, 2.5, 11.75, 2.625], "texture": "#0"},
				"up": {"uv": [7.5, 9.75, 3.5, 5.75], "texture": "#0"},
				"down": {"uv": [7.5, 5.75, 3.5, 9.75], "texture": "#0"}
			}
		},
		{
			"from": [-9, 3.25, 7],
			"to": [-7, 15.75, 9],
			"rotation": {"angle": 0, "axis": "y", "origin": [0, -0.75, 0]},
			"faces": {
				"north": {"uv": [1, 3.75, 1.25, 5.3125], "texture": "#0"},
				"east": {"uv": [1.25, 3.75, 1.5, 5.3125], "texture": "#0"},
				"south": {"uv": [1.5, 3.75, 1.75, 5.3125], "texture": "#0"},
				"west": {"uv": [1.75, 3.75, 2, 5.3125], "texture": "#0"},
				"up": {"uv": [7.75, 1, 7.5, 0.75], "texture": "#0"},
				"down": {"uv": [7.75, 1, 7.5, 1.25], "texture": "#0"}
			}
		},
		{
			"from": [-9, -0.75, 7.025],
			"to": [-7, 3.25, 8.975],
			"rotation": {"angle": -45, "axis": "z", "origin": [-7, 3.25, 8]},
			"faces": {
				"north": {"uv": [2, 3.75, 2.25, 4.25], "texture": "#0"},
				"east": {"uv": [2.25, 4.25, 2.49375, 4.75], "texture": "#0"},
				"south": {"uv": [2.25, 3.75, 2.5, 4.25], "texture": "#0"},
				"west": {"uv": [2, 4.25, 2.24375, 4.75], "texture": "#0"},
				"up": {"uv": [2.25, 4.99375, 2, 4.75], "texture": "#0"},
				"down": {"uv": [2.5, 4.75, 2.25, 4.99375], "texture": "#0"}
			}
		},
		{
			"from": [-12.79721, 0.02103, 7],
			"to": [-9.79721, 2.02103, 9],
			"rotation": {"angle": 0, "axis": "y", "origin": [-9.25, 0, 8]},
			"faces": {
				"north": {"uv": [3, 4.125, 2.75, 3.75], "rotation": 90, "texture": "#0"},
				"east": {"uv": [2.75, 4.5, 3, 4.75], "rotation": 270, "texture": "#0"},
				"south": {"uv": [2.75, 4.125, 2.5, 3.75], "rotation": 270, "texture": "#0"},
				"west": {"uv": [2.5, 4.75, 2.75, 4.5], "rotation": 270, "texture": "#0"},
				"up": {"uv": [2.75, 4.5, 2.5, 4.125], "rotation": 270, "texture": "#0"},
				"down": {"uv": [3, 4.5, 2.75, 4.125], "rotation": 270, "texture": "#0"}
			}
		},
		{
			"from": [9.79721, 0.02103, -9],
			"to": [12.79721, 2.02103, -7],
			"rotation": {"angle": 0, "axis": "y", "origin": [9.25, 0, -8]},
			"faces": {
				"north": {"uv": [2.75, 4.125, 2.5, 3.75], "rotation": 270, "texture": "#0"},
				"east": {"uv": [2.5, 4.75, 2.75, 4.5], "rotation": 270, "texture": "#0"},
				"south": {"uv": [3, 4.125, 2.75, 3.75], "rotation": 90, "texture": "#0"},
				"west": {"uv": [2.75, 4.5, 3, 4.75], "rotation": 270, "texture": "#0"},
				"up": {"uv": [2.5, 4.125, 2.75, 4.5], "rotation": 270, "texture": "#0"},
				"down": {"uv": [2.75, 4.125, 3, 4.5], "rotation": 270, "texture": "#0"}
			}
		},
		{
			"from": [7, -0.75, -8.975],
			"to": [9, 3.25, -7.025],
			"rotation": {"angle": 45, "axis": "z", "origin": [7, 3.25, -8]},
			"faces": {
				"north": {"uv": [2.25, 3.75, 2.5, 4.25], "texture": "#0"},
				"east": {"uv": [2, 4.25, 2.24375, 4.75], "texture": "#0"},
				"south": {"uv": [2, 3.75, 2.25, 4.25], "texture": "#0"},
				"west": {"uv": [2.25, 4.25, 2.49375, 4.75], "texture": "#0"},
				"up": {"uv": [2, 4.75, 2.25, 4.99375], "texture": "#0"},
				"down": {"uv": [2.25, 4.99375, 2.5, 4.75], "texture": "#0"}
			}
		},
		{
			"from": [7, 3.25, -9],
			"to": [9, 15.75, -7],
			"rotation": {"angle": 0, "axis": "y", "origin": [0, -0.75, 0]},
			"faces": {
				"north": {"uv": [1.5, 3.75, 1.75, 5.3125], "texture": "#0"},
				"east": {"uv": [1.75, 3.75, 2, 5.3125], "texture": "#0"},
				"south": {"uv": [1, 3.75, 1.25, 5.3125], "texture": "#0"},
				"west": {"uv": [1.25, 3.75, 1.5, 5.3125], "texture": "#0"},
				"up": {"uv": [7.5, 0.75, 7.75, 1], "texture": "#0"},
				"down": {"uv": [7.5, 1.25, 7.75, 1], "texture": "#0"}
			}
		},
		{
			"from": [-9, 3.25, -9],
			"to": [-7, 15.75, -7],
			"rotation": {"angle": 0, "axis": "y", "origin": [0, -0.75, 0]},
			"faces": {
				"north": {"uv": [1.75, 3.75, 1.5, 5.3125], "texture": "#0"},
				"east": {"uv": [1.5, 3.75, 1.25, 5.3125], "texture": "#0"},
				"south": {"uv": [1.25, 3.75, 1, 5.3125], "texture": "#0"},
				"west": {"uv": [2, 3.75, 1.75, 5.3125], "texture": "#0"},
				"up": {"uv": [7.75, 0.75, 7.5, 1], "texture": "#0"},
				"down": {"uv": [7.75, 1.25, 7.5, 1], "texture": "#0"}
			}
		},
		{
			"from": [-9, -0.75, -8.975],
			"to": [-7, 3.25, -7.025],
			"rotation": {"angle": -45, "axis": "z", "origin": [-7, 3.25, -8]},
			"faces": {
				"north": {"uv": [2.5, 3.75, 2.25, 4.25], "texture": "#0"},
				"east": {"uv": [2.49375, 4.25, 2.25, 4.75], "texture": "#0"},
				"south": {"uv": [2.25, 3.75, 2, 4.25], "texture": "#0"},
				"west": {"uv": [2.24375, 4.25, 2, 4.75], "texture": "#0"},
				"up": {"uv": [2.25, 4.75, 2, 4.99375], "texture": "#0"},
				"down": {"uv": [2.5, 4.99375, 2.25, 4.75], "texture": "#0"}
			}
		},
		{
			"from": [-12.79721, 0.02103, -9],
			"to": [-9.79721, 2.02103, -7],
			"rotation": {"angle": 0, "axis": "y", "origin": [-9.25, 0, -8]},
			"faces": {
				"north": {"uv": [2.75, 3.75, 2.5, 4.125], "rotation": 270, "texture": "#0"},
				"east": {"uv": [2.75, 4.75, 3, 4.5], "rotation": 270, "texture": "#0"},
				"south": {"uv": [3, 3.75, 2.75, 4.125], "rotation": 90, "texture": "#0"},
				"west": {"uv": [2.5, 4.5, 2.75, 4.75], "rotation": 270, "texture": "#0"},
				"up": {"uv": [2.5, 4.5, 2.75, 4.125], "rotation": 270, "texture": "#0"},
				"down": {"uv": [2.75, 4.5, 3, 4.125], "rotation": 270, "texture": "#0"}
			}
		},
		{
			"from": [8, 6, -8],
			"to": [8, 16, 8],
			"faces": {
				"north": {"uv": [7.75, 0, 7.75, 1.25], "texture": "#0"},
				"east": {"uv": [9.75, 0, 7.75, 1.25], "texture": "#0"},
				"south": {"uv": [7.75, 0, 7.75, 1.25], "texture": "#0"},
				"west": {"uv": [9.75, 0, 7.75, 1.25], "texture": "#0"},
				"up": {"uv": [14, 2, 14, 0], "texture": "#0"},
				"down": {"uv": [11.75, 0, 11.75, 2], "texture": "#0"}
			}
		},
		{
			"from": [-8, 6, -8],
			"to": [8, 16, -8],
			"faces": {
				"north": {"uv": [7.75, 0, 9.75, 1.25], "texture": "#0"},
				"east": {"uv": [7.75, 0, 7.75, 1.25], "texture": "#0"},
				"south": {"uv": [7.75, 0, 9.75, 1.25], "texture": "#0"},
				"west": {"uv": [7.75, 0, 7.75, 1.25], "texture": "#0"},
				"up": {"uv": [14, 2, 14, 0], "rotation": 90, "texture": "#0"},
				"down": {"uv": [11.75, 0, 11.75, 2], "rotation": 270, "texture": "#0"}
			}
		},
		{
			"from": [-8, 6, 8],
			"to": [8, 16, 8],
			"faces": {
				"north": {"uv": [9.75, 0, 7.75, 1.25], "texture": "#0"},
				"east": {"uv": [7.75, 0, 7.75, 1.25], "texture": "#0"},
				"south": {"uv": [9.75, 0, 7.75, 1.25], "texture": "#0"},
				"west": {"uv": [7.75, 0, 7.75, 1.25], "texture": "#0"},
				"up": {"uv": [14, 2, 14, 0], "rotation": 90, "texture": "#0"},
				"down": {"uv": [11.75, 0, 11.75, 2], "rotation": 270, "texture": "#0"}
			}
		}
	],
	"gui_light": "front",
	"display": {
		"thirdperson_righthand": {
			"rotation": [67.5, 0, 0],
			"translation": [1.25, 0.25, 0.25],
			"scale": [0.15141, 0.15141, 0.15141]
		},
		"thirdperson_lefthand": {
			"rotation": [67.5, 0, 0],
			"translation": [-1.25, 0.25, 0.25],
			"scale": [0.15141, 0.15141, 0.15141]
		},
		"firstperson_righthand": {
			"translation": [5, 1.5, 0],
			"scale": [0.28515, 0.28515, 0.28515]
		},
		"firstperson_lefthand": {
			"translation": [0.5, 1.5, 0],
			"scale": [0.28515, 0.28515, 0.28515]
		},
		"ground": {
			"translation": [3, 6, 2.75],
			"scale": [0.35, 0.35, 0.35]
		},
		"gui": {
			"rotation": [30, 135, 0],
			"translation": [0, 0.75, 0],
			"scale": [0.33789, 0.33789, 0.33789]
		},
		"head": {
			"rotation": [0, 180, 0],
			"translation": [0, -30.4, 0],
			"scale": [1.6, 1.6, 1.6]
		},
		"fixed": {
			"rotation": [-90, 0, 0],
			"translation": [0, 0, -16],
			"scale": [2, 2, 2]
		}
	},
	"groups": [
		{
			"name": "group",
			"origin": [8, 0, 8],
			"color": 0,
			"children": [0, 1, 2, 3, 4, 5, 6, 7, 8, 9, 10, 11, 12, 13, 14, 15, 16]
		}
	]
}