{
	"credit": "Made with Blockbench",
	"texture_size": [32, 32],
	"textures": {
		"0": "custom/deko/mario",
		"particle": "custom/deko/mario"
	},
	"elements": [
		{
			"from": [4, 0, 6.25],
			"to": [11.5, 3, 13],
			"rotation": {"angle": 0, "axis": "y", "origin": [7, 0, 9.75]},
			"faces": {
				"north": {"uv": [0, 7, 3.75, 8.5], "texture": "#0"},
				"east": {"uv": [7.5, 0, 11, 1.5], "texture": "#0"},
				"south": {"uv": [4, 7, 7.75, 8.5], "texture": "#0"},
				"west": {"uv": [7.5, 1.5, 11, 3], "texture": "#0"},
				"up": {"uv": [3.75, 3.5, 0, 0], "texture": "#0"},
				"down": {"uv": [3.75, 3.5, 0, 7], "texture": "#0"}
			}
		},
		{
			"from": [4.5, 0, 4.25],
			"to": [11, 0.75, 6.25],
			"rotation": {"angle": 0, "axis": "y", "origin": [4, 0.25, 4.25]},
			"faces": {
				"north": {"uv": [7.5, 5, 11, 5.5], "texture": "#0"},
				"east": {"uv": [8, 8, 9, 8.5], "texture": "#0"},
				"south": {"uv": [7.5, 5.5, 11, 6], "texture": "#0"},
				"west": {"uv": [0, 8.5, 1, 9], "texture": "#0"},
				"up": {"uv": [11, 4, 7.5, 3], "texture": "#0"},
				"down": {"uv": [11, 4, 7.5, 5], "texture": "#0"}
			}
		},
		{
			"from": [4.25, 3, 6.5],
			"to": [11.25, 3.25, 12.75],
			"rotation": {"angle": 0, "axis": "y", "origin": [7, 3, 9]},
			"faces": {
				"north": {"uv": [7.5, 6, 11, 6.25], "texture": "#0"},
				"east": {"uv": [8, 7, 11.25, 7.25], "texture": "#0"},
				"south": {"uv": [7.5, 6.5, 11, 6.75], "texture": "#0"},
				"west": {"uv": [8, 7.5, 11.25, 7.75], "texture": "#0"},
				"up": {"uv": [7.5, 3.25, 4, 0], "texture": "#0"},
				"down": {"uv": [7.5, 3.5, 4, 6.75], "texture": "#0"}
			}
		}
	],
	"display": {
		"thirdperson_righthand": {
			"rotation": [47, 44, 0],
			"translation": [-1, 4.5, 2.75]
		},
		"thirdperson_lefthand": {
			"rotation": [47, 44, 0],
			"translation": [-1, 4.5, 2.75]
		},
		"firstperson_righthand": {
			"rotation": [0, 102, 0],
			"translation": [0, 10.25, 0.5]
		},
		"firstperson_lefthand": {
			"rotation": [0, 102, 0],
			"translation": [0, 10.25, 0.5]
		},
		"ground": {
			"translation": [0, 4, 0]
		},
		"gui": {
			"rotation": [0, -148, 0],
			"translation": [0.5, 11.5, 0],
			"scale": [1.4, 1.83, 1.29]
		},
		"head": {
			"translation": [0.5, 19.75, -3.25],
			"scale": [2.19, 2.21, 2.3]
		},
		"fixed": {
			"rotation": [-90, 0, 0],
			"translation": [1, -3.75, -32.5],
			"scale": [4, 4, 4]
		}
	}
}