{
	"credit": "Made by Maxence | Old disneysea free model",
	"textures": {
		"0": "custom/deko/meimer",
		"particle": "custom/deko/meimer"
	},
	"elements": [
		{
			"from": [0, 0, 0],
			"to": [2, 1, 2],
			"faces": {
				"north": {"uv": [5, 14, 6, 15], "rotation": 270, "texture": "#0"},
				"east": {"uv": [5, 14, 6, 15], "rotation": 270, "texture": "#0"},
				"south": {"uv": [5, 14, 6, 15], "rotation": 270, "texture": "#0"},
				"west": {"uv": [5, 14, 6, 15], "rotation": 270, "texture": "#0"},
				"up": {"uv": [5, 14, 6, 15], "rotation": 270, "texture": "#0"},
				"down": {"uv": [5, 14, 6, 15], "rotation": 270, "texture": "#0"}
			}
		},
		{
			"from": [0, 0, 14],
			"to": [2, 1, 16],
			"faces": {
				"north": {"uv": [5, 14, 6, 15], "rotation": 270, "texture": "#0"},
				"east": {"uv": [5, 14, 6, 15], "rotation": 270, "texture": "#0"},
				"south": {"uv": [5, 14, 6, 15], "rotation": 270, "texture": "#0"},
				"west": {"uv": [5, 14, 6, 15], "rotation": 270, "texture": "#0"},
				"up": {"uv": [5, 14, 6, 15], "rotation": 270, "texture": "#0"},
				"down": {"uv": [5, 14, 6, 15], "rotation": 270, "texture": "#0"}
			}
		},
		{
			"from": [14, 0, 0],
			"to": [16, 1, 2],
			"faces": {
				"north": {"uv": [5, 14, 6, 15], "rotation": 270, "texture": "#0"},
				"east": {"uv": [5, 14, 6, 15], "rotation": 270, "texture": "#0"},
				"south": {"uv": [5, 14, 6, 15], "rotation": 270, "texture": "#0"},
				"west": {"uv": [5, 14, 6, 15], "rotation": 270, "texture": "#0"},
				"up": {"uv": [5, 14, 6, 15], "rotation": 270, "texture": "#0"},
				"down": {"uv": [5, 14, 6, 15], "rotation": 270, "texture": "#0"}
			}
		},
		{
			"from": [14, 1, 1],
			"to": [15, 20, 2],
			"faces": {
				"north": {"uv": [5, 14, 6, 15], "rotation": 270, "texture": "#0"},
				"east": {"uv": [5, 14, 6, 15], "rotation": 270, "texture": "#0"},
				"south": {"uv": [5, 14, 6, 15], "rotation": 270, "texture": "#0"},
				"west": {"uv": [5, 14, 6, 15], "rotation": 270, "texture": "#0"},
				"up": {"uv": [5, 14, 6, 15], "rotation": 270, "texture": "#0"},
				"down": {"uv": [5, 14, 6, 15], "rotation": 270, "texture": "#0"}
			}
		},
		{
			"from": [15.56879, 19.35194, 1],
			"to": [16.56879, 21.35194, 2],
			"rotation": {"angle": 22.5, "axis": "z", "origin": [14.15538, 15.73254, 1.5]},
			"faces": {
				"north": {"uv": [5, 14, 6, 15], "rotation": 270, "texture": "#0"},
				"east": {"uv": [5, 14, 6, 15], "rotation": 270, "texture": "#0"},
				"south": {"uv": [5, 14, 6, 15], "rotation": 270, "texture": "#0"},
				"west": {"uv": [5, 14, 6, 15], "rotation": 270, "texture": "#0"},
				"up": {"uv": [5, 14, 6, 15], "rotation": 270, "texture": "#0"},
				"down": {"uv": [5, 14, 6, 15], "rotation": 270, "texture": "#0"}
			}
		},
		{
			"from": [15.54976, 19.44761, 2],
			"to": [16.04976, 21.44761, 14],
			"rotation": {"angle": 22.5, "axis": "z", "origin": [14.13635, 15.82821, 2.5]},
			"faces": {
				"north": {"uv": [4, 15, 4.359, 15.359], "rotation": 270, "texture": "#0"},
				"east": {"uv": [4, 15, 4.359, 15.359], "rotation": 270, "texture": "#0"},
				"south": {"uv": [4, 15, 4.359, 15.359], "rotation": 270, "texture": "#0"},
				"west": {"uv": [4, 15, 4.359, 15.359], "rotation": 270, "texture": "#0"},
				"up": {"uv": [4, 15, 4.359, 15.359], "rotation": 270, "texture": "#0"},
				"down": {"uv": [4, 15, 4.359, 15.359], "rotation": 270, "texture": "#0"}
			}
		},
		{
			"from": [15.56879, 19.35194, 14],
			"to": [16.56879, 21.35194, 15],
			"rotation": {"angle": 22.5, "axis": "z", "origin": [14.15538, 15.73254, 1.5]},
			"faces": {
				"north": {"uv": [5, 14, 6, 15], "rotation": 270, "texture": "#0"},
				"east": {"uv": [5, 14, 6, 15], "rotation": 270, "texture": "#0"},
				"south": {"uv": [5, 14, 6, 15], "rotation": 270, "texture": "#0"},
				"west": {"uv": [5, 14, 6, 15], "rotation": 270, "texture": "#0"},
				"up": {"uv": [5, 14, 6, 15], "rotation": 270, "texture": "#0"},
				"down": {"uv": [5, 14, 6, 15], "rotation": 270, "texture": "#0"}
			}
		},
		{
			"from": [11.99215, 19.21664, 13.75],
			"to": [16.24215, 21.21664, 14.5],
			"rotation": {"angle": 22.5, "axis": "z", "origin": [14.15538, 15.73254, 1.5]},
			"faces": {
				"north": {"uv": [4, 15, 4.359, 15.359], "rotation": 270, "texture": "#0"},
				"east": {"uv": [4, 15, 4.359, 15.359], "rotation": 270, "texture": "#0"},
				"south": {"uv": [4, 15, 4.359, 15.359], "rotation": 270, "texture": "#0"},
				"west": {"uv": [4, 15, 4.359, 15.359], "rotation": 270, "texture": "#0"},
				"up": {"uv": [4, 15, 4.359, 15.359], "rotation": 270, "texture": "#0"},
				"down": {"uv": [4, 15, 4.359, 15.359], "rotation": 270, "texture": "#0"}
			}
		},
		{
			"from": [11.99215, 19.21664, 1.5],
			"to": [15.99215, 21.21664, 2.25],
			"rotation": {"angle": 22.5, "axis": "z", "origin": [14.15538, 15.73254, 1.5]},
			"faces": {
				"north": {"uv": [4, 15, 4.359, 15.359], "rotation": 270, "texture": "#0"},
				"east": {"uv": [4, 15, 4.359, 15.359], "rotation": 270, "texture": "#0"},
				"south": {"uv": [4, 15, 4.359, 15.359], "rotation": 270, "texture": "#0"},
				"west": {"uv": [4, 15, 4.359, 15.359], "rotation": 270, "texture": "#0"},
				"up": {"uv": [4, 15, 4.359, 15.359], "rotation": 270, "texture": "#0"},
				"down": {"uv": [4, 15, 4.359, 15.359], "rotation": 270, "texture": "#0"}
			}
		},
		{
			"from": [0.34465, 14.75973, 1],
			"to": [1.34465, 16.75973, 2],
			"rotation": {"angle": -22.5, "axis": "z", "origin": [13.84462, 15.73254, 1.5]},
			"faces": {
				"north": {"uv": [5, 14, 6, 15], "rotation": 270, "texture": "#0"},
				"east": {"uv": [5, 14, 6, 15], "rotation": 270, "texture": "#0"},
				"south": {"uv": [5, 14, 6, 15], "rotation": 270, "texture": "#0"},
				"west": {"uv": [5, 14, 6, 15], "rotation": 270, "texture": "#0"},
				"up": {"uv": [5, 14, 6, 15], "rotation": 270, "texture": "#0"},
				"down": {"uv": [5, 14, 6, 15], "rotation": 270, "texture": "#0"}
			}
		},
		{
			"from": [0.86368, 14.85541, 2],
			"to": [1.36368, 16.85541, 14],
			"rotation": {"angle": -22.5, "axis": "z", "origin": [13.86365, 15.82821, 2.5]},
			"faces": {
				"north": {"uv": [4, 15, 4.359, 15.359], "rotation": 270, "texture": "#0"},
				"east": {"uv": [4, 15, 4.359, 15.359], "rotation": 270, "texture": "#0"},
				"south": {"uv": [4, 15, 4.359, 15.359], "rotation": 270, "texture": "#0"},
				"west": {"uv": [4, 15, 4.359, 15.359], "rotation": 270, "texture": "#0"},
				"up": {"uv": [4, 15, 4.359, 15.359], "rotation": 270, "texture": "#0"},
				"down": {"uv": [4, 15, 4.359, 15.359], "rotation": 270, "texture": "#0"}
			}
		},
		{
			"from": [0.34465, 14.75973, 14],
			"to": [1.34465, 16.75973, 15],
			"rotation": {"angle": -22.5, "axis": "z", "origin": [13.84462, 15.73254, 1.5]},
			"faces": {
				"north": {"uv": [5, 14, 6, 15], "rotation": 270, "texture": "#0"},
				"east": {"uv": [5, 14, 6, 15], "rotation": 270, "texture": "#0"},
				"south": {"uv": [5, 14, 6, 15], "rotation": 270, "texture": "#0"},
				"west": {"uv": [5, 14, 6, 15], "rotation": 270, "texture": "#0"},
				"up": {"uv": [5, 14, 6, 15], "rotation": 270, "texture": "#0"},
				"down": {"uv": [5, 14, 6, 15], "rotation": 270, "texture": "#0"}
			}
		},
		{
			"from": [1.17129, 14.62444, 13.75],
			"to": [5.67129, 16.62444, 14.5],
			"rotation": {"angle": -22.5, "axis": "z", "origin": [13.84462, 15.73254, 1.5]},
			"faces": {
				"north": {"uv": [4, 15, 4.359, 15.359], "rotation": 270, "texture": "#0"},
				"east": {"uv": [4, 15, 4.359, 15.359], "rotation": 270, "texture": "#0"},
				"south": {"uv": [4, 15, 4.359, 15.359], "rotation": 270, "texture": "#0"},
				"west": {"uv": [4, 15, 4.359, 15.359], "rotation": 270, "texture": "#0"},
				"up": {"uv": [4, 15, 4.359, 15.359], "rotation": 270, "texture": "#0"},
				"down": {"uv": [4, 15, 4.359, 15.359], "rotation": 270, "texture": "#0"}
			}
		},
		{
			"from": [1.17129, 14.62444, 1.5],
			"to": [5.67129, 16.62444, 2.25],
			"rotation": {"angle": -22.5, "axis": "z", "origin": [13.84462, 15.73254, 1.5]},
			"faces": {
				"north": {"uv": [4, 15, 4.359, 15.359], "rotation": 270, "texture": "#0"},
				"east": {"uv": [4, 15, 4.359, 15.359], "rotation": 270, "texture": "#0"},
				"south": {"uv": [4, 15, 4.359, 15.359], "rotation": 270, "texture": "#0"},
				"west": {"uv": [4, 15, 4.359, 15.359], "rotation": 270, "texture": "#0"},
				"up": {"uv": [4, 15, 4.359, 15.359], "rotation": 270, "texture": "#0"},
				"down": {"uv": [4, 15, 4.359, 15.359], "rotation": 270, "texture": "#0"}
			}
		},
		{
			"from": [1.69238, 16.96717, 13.75],
			"to": [6.44238, 19.46717, 14.5],
			"rotation": {"angle": 0, "axis": "z", "origin": [3.94238, 19.71717, 14.125]},
			"faces": {
				"north": {"uv": [4, 15, 4.359, 15.359], "rotation": 270, "texture": "#0"},
				"east": {"uv": [4, 15, 4.359, 15.359], "rotation": 270, "texture": "#0"},
				"south": {"uv": [4, 15, 4.359, 15.359], "rotation": 270, "texture": "#0"},
				"west": {"uv": [4, 15, 4.359, 15.359], "rotation": 270, "texture": "#0"},
				"up": {"uv": [4, 15, 4.359, 15.359], "rotation": 270, "texture": "#0"},
				"down": {"uv": [4, 15, 4.359, 15.359], "rotation": 270, "texture": "#0"}
			}
		},
		{
			"from": [1.69238, 16.96717, 1.5],
			"to": [6.44238, 19.46717, 2.25],
			"rotation": {"angle": 0, "axis": "z", "origin": [3.94238, 19.71717, 14.125]},
			"faces": {
				"north": {"uv": [4, 15, 4.359, 15.359], "rotation": 270, "texture": "#0"},
				"east": {"uv": [4, 15, 4.359, 15.359], "rotation": 270, "texture": "#0"},
				"south": {"uv": [4, 15, 4.359, 15.359], "rotation": 270, "texture": "#0"},
				"west": {"uv": [4, 15, 4.359, 15.359], "rotation": 270, "texture": "#0"},
				"up": {"uv": [4, 15, 4.359, 15.359], "rotation": 270, "texture": "#0"},
				"down": {"uv": [4, 15, 4.359, 15.359], "rotation": 270, "texture": "#0"}
			}
		},
		{
			"from": [5.44238, 16.96717, 13.75],
			"to": [10.44238, 18.21717, 14.5],
			"rotation": {"angle": 0, "axis": "z", "origin": [3.94238, 19.71717, 14.125]},
			"faces": {
				"north": {"uv": [4, 15, 4.359, 15.359], "rotation": 270, "texture": "#0"},
				"east": {"uv": [4, 15, 4.359, 15.359], "rotation": 270, "texture": "#0"},
				"south": {"uv": [4, 15, 4.359, 15.359], "rotation": 270, "texture": "#0"},
				"west": {"uv": [4, 15, 4.359, 15.359], "rotation": 270, "texture": "#0"},
				"up": {"uv": [4, 15, 4.359, 15.359], "rotation": 270, "texture": "#0"},
				"down": {"uv": [4, 15, 4.359, 15.359], "rotation": 270, "texture": "#0"}
			}
		},
		{
			"from": [5.44238, 16.96717, 1.5],
			"to": [10.44238, 18.21717, 2.25],
			"rotation": {"angle": 0, "axis": "z", "origin": [3.94238, 19.71717, 14.125]},
			"faces": {
				"north": {"uv": [4, 15, 4.359, 15.359], "rotation": 270, "texture": "#0"},
				"east": {"uv": [4, 15, 4.359, 15.359], "rotation": 270, "texture": "#0"},
				"south": {"uv": [4, 15, 4.359, 15.359], "rotation": 270, "texture": "#0"},
				"west": {"uv": [4, 15, 4.359, 15.359], "rotation": 270, "texture": "#0"},
				"up": {"uv": [4, 15, 4.359, 15.359], "rotation": 270, "texture": "#0"},
				"down": {"uv": [4, 15, 4.359, 15.359], "rotation": 270, "texture": "#0"}
			}
		},
		{
			"from": [9.94238, 16.96717, 13.75],
			"to": [14.19238, 19.46717, 14.5],
			"rotation": {"angle": 0, "axis": "z", "origin": [3.94238, 19.71717, 14.125]},
			"faces": {
				"north": {"uv": [4, 15, 4.359, 15.359], "rotation": 270, "texture": "#0"},
				"east": {"uv": [4, 15, 4.359, 15.359], "rotation": 270, "texture": "#0"},
				"south": {"uv": [4, 15, 4.359, 15.359], "rotation": 270, "texture": "#0"},
				"west": {"uv": [4, 15, 4.359, 15.359], "rotation": 270, "texture": "#0"},
				"up": {"uv": [4, 15, 4.359, 15.359], "rotation": 270, "texture": "#0"},
				"down": {"uv": [4, 15, 4.359, 15.359], "rotation": 270, "texture": "#0"}
			}
		},
		{
			"from": [9.94238, 16.96717, 1.5],
			"to": [14.19238, 19.46717, 2.25],
			"rotation": {"angle": 0, "axis": "z", "origin": [3.94238, 19.71717, 14.125]},
			"faces": {
				"north": {"uv": [4, 15, 4.359, 15.359], "rotation": 270, "texture": "#0"},
				"east": {"uv": [4, 15, 4.359, 15.359], "rotation": 270, "texture": "#0"},
				"south": {"uv": [4, 15, 4.359, 15.359], "rotation": 270, "texture": "#0"},
				"west": {"uv": [4, 15, 4.359, 15.359], "rotation": 270, "texture": "#0"},
				"up": {"uv": [4, 15, 4.359, 15.359], "rotation": 270, "texture": "#0"},
				"down": {"uv": [4, 15, 4.359, 15.359], "rotation": 270, "texture": "#0"}
			}
		},
		{
			"from": [16.20951, 19.73685, 1],
			"to": [17.20951, 21.73685, 2],
			"rotation": {"angle": 45, "axis": "z", "origin": [13.17397, 17.20131, 1.5]},
			"faces": {
				"north": {"uv": [5, 14, 6, 15], "rotation": 270, "texture": "#0"},
				"east": {"uv": [5, 14, 6, 15], "rotation": 270, "texture": "#0"},
				"south": {"uv": [5, 14, 6, 15], "rotation": 270, "texture": "#0"},
				"west": {"uv": [5, 14, 6, 15], "rotation": 270, "texture": "#0"},
				"up": {"uv": [5, 14, 6, 15], "rotation": 270, "texture": "#0"},
				"down": {"uv": [5, 14, 6, 15], "rotation": 270, "texture": "#0"}
			}
		},
		{
			"from": [16.13628, 19.91362, 2],
			"to": [16.63628, 21.91362, 14],
			"rotation": {"angle": 45, "axis": "z", "origin": [13.10075, 17.37809, 2.5]},
			"faces": {
				"north": {"uv": [4, 15, 4.359, 15.359], "rotation": 270, "texture": "#0"},
				"east": {"uv": [4, 15, 4.359, 15.359], "rotation": 270, "texture": "#0"},
				"south": {"uv": [4, 15, 4.359, 15.359], "rotation": 270, "texture": "#0"},
				"west": {"uv": [4, 15, 4.359, 15.359], "rotation": 270, "texture": "#0"},
				"up": {"uv": [4, 15, 4.359, 15.359], "rotation": 270, "texture": "#0"},
				"down": {"uv": [4, 15, 4.359, 15.359], "rotation": 270, "texture": "#0"}
			}
		},
		{
			"from": [16.20951, 19.73685, 14],
			"to": [17.20951, 21.73685, 15],
			"rotation": {"angle": 45, "axis": "z", "origin": [13.17397, 17.20131, 1.5]},
			"faces": {
				"north": {"uv": [5, 14, 6, 15], "rotation": 270, "texture": "#0"},
				"east": {"uv": [5, 14, 6, 15], "rotation": 270, "texture": "#0"},
				"south": {"uv": [5, 14, 6, 15], "rotation": 270, "texture": "#0"},
				"west": {"uv": [5, 14, 6, 15], "rotation": 270, "texture": "#0"},
				"up": {"uv": [5, 14, 6, 15], "rotation": 270, "texture": "#0"},
				"down": {"uv": [5, 14, 6, 15], "rotation": 270, "texture": "#0"}
			}
		},
		{
			"from": [13.10595, 19.73685, 13.75],
			"to": [16.85595, 21.73685, 14.5],
			"rotation": {"angle": 45, "axis": "z", "origin": [13.17397, 17.20131, 1.5]},
			"faces": {
				"north": {"uv": [4, 15, 4.359, 15.359], "rotation": 270, "texture": "#0"},
				"east": {"uv": [4, 15, 4.359, 15.359], "rotation": 270, "texture": "#0"},
				"south": {"uv": [4, 15, 4.359, 15.359], "rotation": 270, "texture": "#0"},
				"west": {"uv": [4, 15, 4.359, 15.359], "rotation": 270, "texture": "#0"},
				"up": {"uv": [4, 15, 4.359, 15.359], "rotation": 270, "texture": "#0"},
				"down": {"uv": [4, 15, 4.359, 15.359], "rotation": 270, "texture": "#0"}
			}
		},
		{
			"from": [13.10595, 19.73685, 1.5],
			"to": [16.60595, 21.73685, 2.25],
			"rotation": {"angle": 45, "axis": "z", "origin": [13.17397, 17.20131, 1.5]},
			"faces": {
				"north": {"uv": [4, 15, 4.359, 15.359], "rotation": 270, "texture": "#0"},
				"east": {"uv": [4, 15, 4.359, 15.359], "rotation": 270, "texture": "#0"},
				"south": {"uv": [4, 15, 4.359, 15.359], "rotation": 270, "texture": "#0"},
				"west": {"uv": [4, 15, 4.359, 15.359], "rotation": 270, "texture": "#0"},
				"up": {"uv": [4, 15, 4.359, 15.359], "rotation": 270, "texture": "#0"},
				"down": {"uv": [4, 15, 4.359, 15.359], "rotation": 270, "texture": "#0"}
			}
		},
		{
			"from": [2.30521, 11.25156, 1],
			"to": [3.30521, 13.25156, 2],
			"rotation": {"angle": -45, "axis": "z", "origin": [14.82603, 17.20131, 1.5]},
			"faces": {
				"north": {"uv": [5, 14, 6, 15], "rotation": 270, "texture": "#0"},
				"east": {"uv": [5, 14, 6, 15], "rotation": 270, "texture": "#0"},
				"south": {"uv": [5, 14, 6, 15], "rotation": 270, "texture": "#0"},
				"west": {"uv": [5, 14, 6, 15], "rotation": 270, "texture": "#0"},
				"up": {"uv": [5, 14, 6, 15], "rotation": 270, "texture": "#0"},
				"down": {"uv": [5, 14, 6, 15], "rotation": 270, "texture": "#0"}
			}
		},
		{
			"from": [2.87844, 11.42834, 2],
			"to": [3.37844, 13.42834, 14],
			"rotation": {"angle": -45, "axis": "z", "origin": [14.89925, 17.37809, 2.5]},
			"faces": {
				"north": {"uv": [4, 15, 4.359, 15.359], "rotation": 270, "texture": "#0"},
				"east": {"uv": [4, 15, 4.359, 15.359], "rotation": 270, "texture": "#0"},
				"south": {"uv": [4, 15, 4.359, 15.359], "rotation": 270, "texture": "#0"},
				"west": {"uv": [4, 15, 4.359, 15.359], "rotation": 270, "texture": "#0"},
				"up": {"uv": [4, 15, 4.359, 15.359], "rotation": 270, "texture": "#0"},
				"down": {"uv": [4, 15, 4.359, 15.359], "rotation": 270, "texture": "#0"}
			}
		},
		{
			"from": [2.30521, 11.25156, 14],
			"to": [3.30521, 13.25156, 15],
			"rotation": {"angle": -45, "axis": "z", "origin": [14.82603, 17.20131, 1.5]},
			"faces": {
				"north": {"uv": [5, 14, 6, 15], "rotation": 270, "texture": "#0"},
				"east": {"uv": [5, 14, 6, 15], "rotation": 270, "texture": "#0"},
				"south": {"uv": [5, 14, 6, 15], "rotation": 270, "texture": "#0"},
				"west": {"uv": [5, 14, 6, 15], "rotation": 270, "texture": "#0"},
				"up": {"uv": [5, 14, 6, 15], "rotation": 270, "texture": "#0"},
				"down": {"uv": [5, 14, 6, 15], "rotation": 270, "texture": "#0"}
			}
		},
		{
			"from": [3.15877, 11.25156, 13.75],
			"to": [6.90877, 13.25156, 14.5],
			"rotation": {"angle": -45, "axis": "z", "origin": [14.82603, 17.20131, 1.5]},
			"faces": {
				"north": {"uv": [4, 15, 4.359, 15.359], "rotation": 270, "texture": "#0"},
				"east": {"uv": [4, 15, 4.359, 15.359], "rotation": 270, "texture": "#0"},
				"south": {"uv": [4, 15, 4.359, 15.359], "rotation": 270, "texture": "#0"},
				"west": {"uv": [4, 15, 4.359, 15.359], "rotation": 270, "texture": "#0"},
				"up": {"uv": [4, 15, 4.359, 15.359], "rotation": 270, "texture": "#0"},
				"down": {"uv": [4, 15, 4.359, 15.359], "rotation": 270, "texture": "#0"}
			}
		},
		{
			"from": [3.15877, 11.25156, 1.5],
			"to": [6.90877, 13.25156, 2.25],
			"rotation": {"angle": -45, "axis": "z", "origin": [14.82603, 17.20131, 1.5]},
			"faces": {
				"north": {"uv": [4, 15, 4.359, 15.359], "rotation": 270, "texture": "#0"},
				"east": {"uv": [4, 15, 4.359, 15.359], "rotation": 270, "texture": "#0"},
				"south": {"uv": [4, 15, 4.359, 15.359], "rotation": 270, "texture": "#0"},
				"west": {"uv": [4, 15, 4.359, 15.359], "rotation": 270, "texture": "#0"},
				"up": {"uv": [4, 15, 4.359, 15.359], "rotation": 270, "texture": "#0"},
				"down": {"uv": [4, 15, 4.359, 15.359], "rotation": 270, "texture": "#0"}
			}
		},
		{
			"from": [8.79178, 22.30211, 1],
			"to": [10.79178, 23.30211, 2],
			"rotation": {"angle": -22.5, "axis": "z", "origin": [11.7052, 18.18272, 1.5]},
			"faces": {
				"north": {"uv": [5, 14, 6, 15], "rotation": 270, "texture": "#0"},
				"east": {"uv": [5, 14, 6, 15], "rotation": 270, "texture": "#0"},
				"south": {"uv": [5, 14, 6, 15], "rotation": 270, "texture": "#0"},
				"west": {"uv": [5, 14, 6, 15], "rotation": 270, "texture": "#0"},
				"up": {"uv": [5, 14, 6, 15], "rotation": 270, "texture": "#0"},
				"down": {"uv": [5, 14, 6, 15], "rotation": 270, "texture": "#0"}
			}
		},
		{
			"from": [8.63745, 22.53308, 2],
			"to": [10.63745, 23.03308, 14],
			"rotation": {"angle": -22.5, "axis": "z", "origin": [11.55087, 18.41369, 2.5]},
			"faces": {
				"north": {"uv": [4, 15, 4.359, 15.359], "rotation": 270, "texture": "#0"},
				"east": {"uv": [4, 15, 4.359, 15.359], "rotation": 270, "texture": "#0"},
				"south": {"uv": [4, 15, 4.359, 15.359], "rotation": 270, "texture": "#0"},
				"west": {"uv": [4, 15, 4.359, 15.359], "rotation": 270, "texture": "#0"},
				"up": {"uv": [4, 15, 4.359, 15.359], "rotation": 270, "texture": "#0"},
				"down": {"uv": [4, 15, 4.359, 15.359], "rotation": 270, "texture": "#0"}
			}
		},
		{
			"from": [8.79178, 22.30211, 14],
			"to": [10.79178, 23.30211, 15],
			"rotation": {"angle": -22.5, "axis": "z", "origin": [11.7052, 18.18272, 1.5]},
			"faces": {
				"north": {"uv": [5, 14, 6, 15], "rotation": 270, "texture": "#0"},
				"east": {"uv": [5, 14, 6, 15], "rotation": 270, "texture": "#0"},
				"south": {"uv": [5, 14, 6, 15], "rotation": 270, "texture": "#0"},
				"west": {"uv": [5, 14, 6, 15], "rotation": 270, "texture": "#0"},
				"up": {"uv": [5, 14, 6, 15], "rotation": 270, "texture": "#0"},
				"down": {"uv": [5, 14, 6, 15], "rotation": 270, "texture": "#0"}
			}
		},
		{
			"from": [8.73312, 19.84017, 13.75],
			"to": [10.98312, 22.84017, 14.5],
			"rotation": {"angle": -22.5, "axis": "z", "origin": [11.7052, 18.18272, 1.5]},
			"faces": {
				"north": {"uv": [4, 15, 4.359, 15.359], "rotation": 270, "texture": "#0"},
				"east": {"uv": [4, 15, 4.359, 15.359], "rotation": 270, "texture": "#0"},
				"south": {"uv": [4, 15, 4.359, 15.359], "rotation": 270, "texture": "#0"},
				"west": {"uv": [4, 15, 4.359, 15.359], "rotation": 270, "texture": "#0"},
				"up": {"uv": [4, 15, 4.359, 15.359], "rotation": 270, "texture": "#0"},
				"down": {"uv": [4, 15, 4.359, 15.359], "rotation": 270, "texture": "#0"}
			}
		},
		{
			"from": [8.73312, 19.84017, 1.5],
			"to": [10.98312, 22.59017, 2.25],
			"rotation": {"angle": -22.5, "axis": "z", "origin": [11.7052, 18.18272, 1.5]},
			"faces": {
				"north": {"uv": [4, 15, 4.359, 15.359], "rotation": 270, "texture": "#0"},
				"east": {"uv": [4, 15, 4.359, 15.359], "rotation": 270, "texture": "#0"},
				"south": {"uv": [4, 15, 4.359, 15.359], "rotation": 270, "texture": "#0"},
				"west": {"uv": [4, 15, 4.359, 15.359], "rotation": 270, "texture": "#0"},
				"up": {"uv": [4, 15, 4.359, 15.359], "rotation": 270, "texture": "#0"},
				"down": {"uv": [4, 15, 4.359, 15.359], "rotation": 270, "texture": "#0"}
			}
		},
		{
			"from": [6.12166, 26.89432, 1],
			"to": [8.12166, 27.89432, 2],
			"rotation": {"angle": 22.5, "axis": "z", "origin": [16.2948, 18.18272, 1.5]},
			"faces": {
				"north": {"uv": [5, 14, 6, 15], "rotation": 270, "texture": "#0"},
				"east": {"uv": [5, 14, 6, 15], "rotation": 270, "texture": "#0"},
				"south": {"uv": [5, 14, 6, 15], "rotation": 270, "texture": "#0"},
				"west": {"uv": [5, 14, 6, 15], "rotation": 270, "texture": "#0"},
				"up": {"uv": [5, 14, 6, 15], "rotation": 270, "texture": "#0"},
				"down": {"uv": [5, 14, 6, 15], "rotation": 270, "texture": "#0"}
			}
		},
		{
			"from": [6.27599, 27.12529, 2],
			"to": [8.27599, 27.62529, 14],
			"rotation": {"angle": 22.5, "axis": "z", "origin": [16.44913, 18.41369, 2.5]},
			"faces": {
				"north": {"uv": [4, 15, 4.359, 15.359], "rotation": 270, "texture": "#0"},
				"east": {"uv": [4, 15, 4.359, 15.359], "rotation": 270, "texture": "#0"},
				"south": {"uv": [4, 15, 4.359, 15.359], "rotation": 270, "texture": "#0"},
				"west": {"uv": [4, 15, 4.359, 15.359], "rotation": 270, "texture": "#0"},
				"up": {"uv": [4, 15, 4.359, 15.359], "rotation": 270, "texture": "#0"},
				"down": {"uv": [4, 15, 4.359, 15.359], "rotation": 270, "texture": "#0"}
			}
		},
		{
			"from": [6.12166, 26.89432, 14],
			"to": [8.12166, 27.89432, 15],
			"rotation": {"angle": 22.5, "axis": "z", "origin": [16.2948, 18.18272, 1.5]},
			"faces": {
				"north": {"uv": [5, 14, 6, 15], "rotation": 270, "texture": "#0"},
				"east": {"uv": [5, 14, 6, 15], "rotation": 270, "texture": "#0"},
				"south": {"uv": [5, 14, 6, 15], "rotation": 270, "texture": "#0"},
				"west": {"uv": [5, 14, 6, 15], "rotation": 270, "texture": "#0"},
				"up": {"uv": [5, 14, 6, 15], "rotation": 270, "texture": "#0"},
				"down": {"uv": [5, 14, 6, 15], "rotation": 270, "texture": "#0"}
			}
		},
		{
			"from": [5.93032, 23.93238, 13.75],
			"to": [8.18032, 27.18238, 14.5],
			"rotation": {"angle": 22.5, "axis": "z", "origin": [16.2948, 18.18272, 1.5]},
			"faces": {
				"north": {"uv": [4, 15, 4.359, 15.359], "rotation": 270, "texture": "#0"},
				"east": {"uv": [4, 15, 4.359, 15.359], "rotation": 270, "texture": "#0"},
				"south": {"uv": [4, 15, 4.359, 15.359], "rotation": 270, "texture": "#0"},
				"west": {"uv": [4, 15, 4.359, 15.359], "rotation": 270, "texture": "#0"},
				"up": {"uv": [4, 15, 4.359, 15.359], "rotation": 270, "texture": "#0"},
				"down": {"uv": [4, 15, 4.359, 15.359], "rotation": 270, "texture": "#0"}
			}
		},
		{
			"from": [5.93032, 23.93238, 1.5],
			"to": [8.18032, 27.18238, 2.25],
			"rotation": {"angle": 22.5, "axis": "z", "origin": [16.2948, 18.18272, 1.5]},
			"faces": {
				"north": {"uv": [4, 15, 4.359, 15.359], "rotation": 270, "texture": "#0"},
				"east": {"uv": [4, 15, 4.359, 15.359], "rotation": 270, "texture": "#0"},
				"south": {"uv": [4, 15, 4.359, 15.359], "rotation": 270, "texture": "#0"},
				"west": {"uv": [4, 15, 4.359, 15.359], "rotation": 270, "texture": "#0"},
				"up": {"uv": [4, 15, 4.359, 15.359], "rotation": 270, "texture": "#0"},
				"down": {"uv": [4, 15, 4.359, 15.359], "rotation": 270, "texture": "#0"}
			}
		},
		{
			"from": [5.09849, 20.89231, 13.75],
			"to": [7.34849, 22.64231, 14.5],
			"rotation": {"angle": 45, "axis": "z", "origin": [6.22349, 21.76731, 14.125]},
			"faces": {
				"north": {"uv": [4, 15, 4.359, 15.359], "rotation": 270, "texture": "#0"},
				"east": {"uv": [4, 15, 4.359, 15.359], "rotation": 270, "texture": "#0"},
				"south": {"uv": [4, 15, 4.359, 15.359], "rotation": 270, "texture": "#0"},
				"west": {"uv": [4, 15, 4.359, 15.359], "rotation": 270, "texture": "#0"},
				"up": {"uv": [4, 15, 4.359, 15.359], "rotation": 270, "texture": "#0"},
				"down": {"uv": [4, 15, 4.359, 15.359], "rotation": 270, "texture": "#0"}
			}
		},
		{
			"from": [5.09849, 20.89231, 1.5],
			"to": [7.34849, 22.64231, 2.25],
			"rotation": {"angle": 45, "axis": "z", "origin": [6.22349, 21.76731, 14.125]},
			"faces": {
				"north": {"uv": [4, 15, 4.359, 15.359], "rotation": 270, "texture": "#0"},
				"east": {"uv": [4, 15, 4.359, 15.359], "rotation": 270, "texture": "#0"},
				"south": {"uv": [4, 15, 4.359, 15.359], "rotation": 270, "texture": "#0"},
				"west": {"uv": [4, 15, 4.359, 15.359], "rotation": 270, "texture": "#0"},
				"up": {"uv": [4, 15, 4.359, 15.359], "rotation": 270, "texture": "#0"},
				"down": {"uv": [4, 15, 4.359, 15.359], "rotation": 270, "texture": "#0"}
			}
		},
		{
			"from": [9.24494, 17.74586, 13.75],
			"to": [11.49494, 19.49586, 14.5],
			"rotation": {"angle": 45, "axis": "z", "origin": [10.72349, 18.26731, 14.125]},
			"faces": {
				"north": {"uv": [4, 15, 4.359, 15.359], "rotation": 270, "texture": "#0"},
				"east": {"uv": [4, 15, 4.359, 15.359], "rotation": 270, "texture": "#0"},
				"south": {"uv": [4, 15, 4.359, 15.359], "rotation": 270, "texture": "#0"},
				"west": {"uv": [4, 15, 4.359, 15.359], "rotation": 270, "texture": "#0"},
				"up": {"uv": [4, 15, 4.359, 15.359], "rotation": 270, "texture": "#0"},
				"down": {"uv": [4, 15, 4.359, 15.359], "rotation": 270, "texture": "#0"}
			}
		},
		{
			"from": [9.24494, 17.74586, 1.5],
			"to": [11.49494, 19.49586, 2.25],
			"rotation": {"angle": 45, "axis": "z", "origin": [10.72349, 18.26731, 14.125]},
			"faces": {
				"north": {"uv": [4, 15, 4.359, 15.359], "rotation": 270, "texture": "#0"},
				"east": {"uv": [4, 15, 4.359, 15.359], "rotation": 270, "texture": "#0"},
				"south": {"uv": [4, 15, 4.359, 15.359], "rotation": 270, "texture": "#0"},
				"west": {"uv": [4, 15, 4.359, 15.359], "rotation": 270, "texture": "#0"},
				"up": {"uv": [4, 15, 4.359, 15.359], "rotation": 270, "texture": "#0"},
				"down": {"uv": [4, 15, 4.359, 15.359], "rotation": 270, "texture": "#0"}
			}
		},
		{
			"from": [9.02498, 22.51871, 13.75],
			"to": [11.27498, 24.26871, 14.5],
			"rotation": {"angle": -22.5, "axis": "z", "origin": [6.22349, 21.76731, 14.125]},
			"faces": {
				"north": {"uv": [4, 15, 4.359, 15.359], "rotation": 270, "texture": "#0"},
				"east": {"uv": [4, 15, 4.359, 15.359], "rotation": 270, "texture": "#0"},
				"south": {"uv": [4, 15, 4.359, 15.359], "rotation": 270, "texture": "#0"},
				"west": {"uv": [4, 15, 4.359, 15.359], "rotation": 270, "texture": "#0"},
				"up": {"uv": [4, 15, 4.359, 15.359], "rotation": 270, "texture": "#0"},
				"down": {"uv": [4, 15, 4.359, 15.359], "rotation": 270, "texture": "#0"}
			}
		},
		{
			"from": [9.02498, 22.51871, 1.5],
			"to": [11.27498, 24.26871, 2.25],
			"rotation": {"angle": -22.5, "axis": "z", "origin": [6.22349, 21.76731, 14.125]},
			"faces": {
				"north": {"uv": [4, 15, 4.359, 15.359], "rotation": 270, "texture": "#0"},
				"east": {"uv": [4, 15, 4.359, 15.359], "rotation": 270, "texture": "#0"},
				"south": {"uv": [4, 15, 4.359, 15.359], "rotation": 270, "texture": "#0"},
				"west": {"uv": [4, 15, 4.359, 15.359], "rotation": 270, "texture": "#0"},
				"up": {"uv": [4, 15, 4.359, 15.359], "rotation": 270, "texture": "#0"},
				"down": {"uv": [4, 15, 4.359, 15.359], "rotation": 270, "texture": "#0"}
			}
		},
		{
			"from": [7.21338, 18.35127, 13.75],
			"to": [9.46338, 20.10127, 14.5],
			"rotation": {"angle": -45, "axis": "z", "origin": [6.22349, 21.76731, 14.125]},
			"faces": {
				"north": {"uv": [4, 15, 4.359, 15.359], "rotation": 270, "texture": "#0"},
				"east": {"uv": [4, 15, 4.359, 15.359], "rotation": 270, "texture": "#0"},
				"south": {"uv": [4, 15, 4.359, 15.359], "rotation": 270, "texture": "#0"},
				"west": {"uv": [4, 15, 4.359, 15.359], "rotation": 270, "texture": "#0"},
				"up": {"uv": [4, 15, 4.359, 15.359], "rotation": 270, "texture": "#0"},
				"down": {"uv": [4, 15, 4.359, 15.359], "rotation": 270, "texture": "#0"}
			}
		},
		{
			"from": [7.21338, 18.35127, 1.5],
			"to": [9.46338, 20.10127, 2.25],
			"rotation": {"angle": -45, "axis": "z", "origin": [6.22349, 21.76731, 14.125]},
			"faces": {
				"north": {"uv": [4, 15, 4.359, 15.359], "rotation": 270, "texture": "#0"},
				"east": {"uv": [4, 15, 4.359, 15.359], "rotation": 270, "texture": "#0"},
				"south": {"uv": [4, 15, 4.359, 15.359], "rotation": 270, "texture": "#0"},
				"west": {"uv": [4, 15, 4.359, 15.359], "rotation": 270, "texture": "#0"},
				"up": {"uv": [4, 15, 4.359, 15.359], "rotation": 270, "texture": "#0"},
				"down": {"uv": [4, 15, 4.359, 15.359], "rotation": 270, "texture": "#0"}
			}
		},
		{
			"from": [4.97266, 23.02734, 1],
			"to": [10.97266, 24.02734, 2],
			"rotation": {"angle": 0, "axis": "z", "origin": [9.97266, 18.52734, 1.5]},
			"faces": {
				"north": {"uv": [5, 14, 6, 15], "rotation": 270, "texture": "#0"},
				"east": {"uv": [5, 14, 6, 15], "rotation": 270, "texture": "#0"},
				"south": {"uv": [5, 14, 6, 15], "rotation": 270, "texture": "#0"},
				"west": {"uv": [5, 14, 6, 15], "rotation": 270, "texture": "#0"},
				"up": {"uv": [5, 14, 6, 15], "rotation": 270, "texture": "#0"},
				"down": {"uv": [5, 14, 6, 15], "rotation": 270, "texture": "#0"}
			}
		},
		{
			"from": [5.22266, 23.27734, 2],
			"to": [10.72266, 23.77734, 14],
			"rotation": {"angle": 0, "axis": "z", "origin": [9.72266, 18.77734, 2.5]},
			"faces": {
				"north": {"uv": [4, 15, 4.359, 15.359], "rotation": 270, "texture": "#0"},
				"east": {"uv": [4, 15, 4.359, 15.359], "rotation": 270, "texture": "#0"},
				"south": {"uv": [4, 15, 4.359, 15.359], "rotation": 270, "texture": "#0"},
				"west": {"uv": [4, 15, 4.359, 15.359], "rotation": 270, "texture": "#0"},
				"up": {"uv": [4, 15, 4.359, 15.359], "rotation": 270, "texture": "#0"},
				"down": {"uv": [4, 15, 4.359, 15.359], "rotation": 270, "texture": "#0"}
			}
		},
		{
			"from": [2.22266, 2.27734, 2],
			"to": [13.72266, 2.77734, 14],
			"rotation": {"angle": 0, "axis": "z", "origin": [9.72266, 18.77734, 2.5]},
			"faces": {
				"north": {"uv": [4, 15, 4.359, 15.359], "rotation": 270, "texture": "#0"},
				"east": {"uv": [4, 15, 4.359, 15.359], "rotation": 270, "texture": "#0"},
				"south": {"uv": [4, 15, 4.359, 15.359], "rotation": 270, "texture": "#0"},
				"west": {"uv": [4, 15, 4.359, 15.359], "rotation": 270, "texture": "#0"},
				"up": {"uv": [4, 15, 4.359, 15.359], "rotation": 270, "texture": "#0"},
				"down": {"uv": [4, 15, 4.359, 15.359], "rotation": 270, "texture": "#0"}
			}
		},
		{
			"from": [4.97266, 23.02734, 14],
			"to": [10.97266, 24.02734, 15],
			"rotation": {"angle": 0, "axis": "z", "origin": [9.97266, 18.52734, 1.5]},
			"faces": {
				"north": {"uv": [5, 14, 6, 15], "rotation": 270, "texture": "#0"},
				"east": {"uv": [5, 14, 6, 15], "rotation": 270, "texture": "#0"},
				"south": {"uv": [5, 14, 6, 15], "rotation": 270, "texture": "#0"},
				"west": {"uv": [5, 14, 6, 15], "rotation": 270, "texture": "#0"},
				"up": {"uv": [5, 14, 6, 15], "rotation": 270, "texture": "#0"},
				"down": {"uv": [5, 14, 6, 15], "rotation": 270, "texture": "#0"}
			}
		},
		{
			"from": [4.97266, 21.52734, 13.75],
			"to": [10.97266, 23.52734, 14.5],
			"rotation": {"angle": 0, "axis": "z", "origin": [9.97266, 18.52734, 1.5]},
			"faces": {
				"north": {"uv": [4, 15, 4.359, 15.359], "rotation": 270, "texture": "#0"},
				"east": {"uv": [4, 15, 4.359, 15.359], "rotation": 270, "texture": "#0"},
				"south": {"uv": [4, 15, 4.359, 15.359], "rotation": 270, "texture": "#0"},
				"west": {"uv": [4, 15, 4.359, 15.359], "rotation": 270, "texture": "#0"},
				"up": {"uv": [4, 15, 4.359, 15.359], "rotation": 270, "texture": "#0"},
				"down": {"uv": [0, 12, 1, 13.359], "rotation": 270, "texture": "#0"}
			}
		},
		{
			"from": [4.97266, 21.52734, 1.5],
			"to": [10.97266, 23.52734, 2.25],
			"rotation": {"angle": 0, "axis": "z", "origin": [9.97266, 18.52734, 1.5]},
			"faces": {
				"north": {"uv": [4, 15, 4.359, 15.359], "rotation": 270, "texture": "#0"},
				"east": {"uv": [4, 15, 4.359, 15.359], "rotation": 270, "texture": "#0"},
				"south": {"uv": [4, 15, 4.359, 15.359], "rotation": 270, "texture": "#0"},
				"west": {"uv": [4, 15, 4.359, 15.359], "rotation": 270, "texture": "#0"},
				"up": {"uv": [4, 15, 4.359, 15.359], "rotation": 270, "texture": "#0"},
				"down": {"uv": [0, 12, 1, 13.359], "rotation": 270, "texture": "#0"}
			}
		},
		{
			"from": [14, 1, 14],
			"to": [15, 20, 15],
			"faces": {
				"north": {"uv": [5, 14, 6, 15], "rotation": 270, "texture": "#0"},
				"east": {"uv": [5, 14, 6, 15], "rotation": 270, "texture": "#0"},
				"south": {"uv": [5, 14, 6, 15], "rotation": 270, "texture": "#0"},
				"west": {"uv": [5, 14, 6, 15], "rotation": 270, "texture": "#0"},
				"up": {"uv": [5, 14, 6, 15], "rotation": 270, "texture": "#0"},
				"down": {"uv": [5, 14, 6, 15], "rotation": 270, "texture": "#0"}
			}
		},
		{
			"from": [1, 1, 1],
			"to": [2, 20, 2],
			"faces": {
				"north": {"uv": [5, 14, 6, 15], "rotation": 270, "texture": "#0"},
				"east": {"uv": [5, 14, 6, 15], "rotation": 270, "texture": "#0"},
				"south": {"uv": [5, 14, 6, 15], "rotation": 270, "texture": "#0"},
				"west": {"uv": [5, 14, 6, 15], "rotation": 270, "texture": "#0"},
				"up": {"uv": [5, 14, 6, 15], "rotation": 270, "texture": "#0"},
				"down": {"uv": [5, 14, 6, 15], "rotation": 270, "texture": "#0"}
			}
		},
		{
			"from": [1.48097, 0.90433, 2],
			"to": [1.98097, 19.90433, 15],
			"rotation": {"angle": 0, "axis": "y", "origin": [8.23097, 7.90433, 9]},
			"faces": {
				"north": {"uv": [4, 15, 4.359, 15.359], "rotation": 270, "texture": "#0"},
				"east": {"uv": [4, 15, 4.359, 15.359], "rotation": 270, "texture": "#0"},
				"south": {"uv": [4, 15, 4.359, 15.359], "rotation": 270, "texture": "#0"},
				"west": {"uv": [4, 15, 4.359, 15.359], "rotation": 270, "texture": "#0"},
				"up": {"uv": [4, 15, 4.359, 15.359], "rotation": 270, "texture": "#0"},
				"down": {"uv": [4, 15, 4.359, 15.359], "rotation": 270, "texture": "#0"}
			}
		},
		{
			"from": [14.01903, 0.90433, 2],
			"to": [14.51903, 19.90433, 15],
			"rotation": {"angle": 0, "axis": "y", "origin": [7.76903, 7.90433, 9]},
			"faces": {
				"north": {"uv": [4, 15, 4.359, 15.359], "rotation": 270, "texture": "#0"},
				"east": {"uv": [4, 15, 4.359, 15.359], "rotation": 270, "texture": "#0"},
				"south": {"uv": [4, 15, 4.359, 15.359], "rotation": 270, "texture": "#0"},
				"west": {"uv": [4, 15, 4.359, 15.359], "rotation": 270, "texture": "#0"},
				"up": {"uv": [4, 15, 4.359, 15.359], "rotation": 270, "texture": "#0"},
				"down": {"uv": [4, 15, 4.359, 15.359], "rotation": 270, "texture": "#0"}
			}
		},
		{
			"from": [2, 1, 14],
			"to": [14, 17, 14.75],
			"faces": {
				"north": {"uv": [4, 15, 4.359, 15.359], "rotation": 270, "texture": "#0"},
				"east": {"uv": [4, 15, 4.359, 15.359], "rotation": 270, "texture": "#0"},
				"south": {"uv": [4, 15, 4.359, 15.359], "rotation": 270, "texture": "#0"},
				"west": {"uv": [4, 15, 4.359, 15.359], "rotation": 270, "texture": "#0"},
				"up": {"uv": [4, 15, 4.359, 15.359], "rotation": 270, "texture": "#0"},
				"down": {"uv": [4, 15, 4.359, 15.359], "rotation": 270, "texture": "#0"}
			}
		},
		{
			"from": [2, 1, 1.25],
			"to": [14, 17, 2],
			"faces": {
				"north": {"uv": [4, 15, 4.359, 15.359], "rotation": 270, "texture": "#0"},
				"east": {"uv": [4, 15, 4.359, 15.359], "rotation": 270, "texture": "#0"},
				"south": {"uv": [4, 15, 4.359, 15.359], "rotation": 270, "texture": "#0"},
				"west": {"uv": [4, 15, 4.359, 15.359], "rotation": 270, "texture": "#0"},
				"up": {"uv": [4, 15, 4.359, 15.359], "rotation": 270, "texture": "#0"},
				"down": {"uv": [4, 15, 4.359, 15.359], "rotation": 270, "texture": "#0"}
			}
		},
		{
			"from": [1, 1, 14],
			"to": [2, 20, 15],
			"faces": {
				"north": {"uv": [5, 14, 6, 15], "rotation": 270, "texture": "#0"},
				"east": {"uv": [5, 14, 6, 15], "rotation": 270, "texture": "#0"},
				"south": {"uv": [5, 14, 6, 15], "rotation": 270, "texture": "#0"},
				"west": {"uv": [5, 14, 6, 15], "rotation": 270, "texture": "#0"},
				"up": {"uv": [5, 14, 6, 15], "rotation": 270, "texture": "#0"},
				"down": {"uv": [5, 14, 6, 15], "rotation": 270, "texture": "#0"}
			}
		},
		{
			"from": [14, 0, 14],
			"to": [16, 1, 16],
			"faces": {
				"north": {"uv": [5, 14, 6, 15], "rotation": 270, "texture": "#0"},
				"east": {"uv": [5, 14, 6, 15], "rotation": 270, "texture": "#0"},
				"south": {"uv": [5, 14, 6, 15], "rotation": 270, "texture": "#0"},
				"west": {"uv": [5, 14, 6, 15], "rotation": 270, "texture": "#0"},
				"up": {"uv": [5, 14, 6, 15], "rotation": 270, "texture": "#0"},
				"down": {"uv": [5, 14, 6, 15], "rotation": 270, "texture": "#0"}
			}
		},
		{
			"from": [9.33801, 24.07432, 13],
			"to": [10.13801, 24.47432, 14.9],
			"rotation": {"angle": 22.5, "axis": "z", "origin": [15.41354, 17.59387, 1.5]},
			"faces": {
				"north": {"uv": [0, 12, 1, 13.359], "rotation": 270, "texture": "#0"},
				"east": {"uv": [0, 12, 1, 13.359], "rotation": 270, "texture": "#0"},
				"south": {"uv": [0, 12, 1, 13.359], "rotation": 270, "texture": "#0"},
				"west": {"uv": [0, 12, 1, 13.359], "rotation": 270, "texture": "#0"},
				"up": {"uv": [0, 12, 1, 13.359], "rotation": 270, "texture": "#0"},
				"down": {"uv": [0, 12, 1, 13.359], "rotation": 270, "texture": "#0"}
			}
		},
		{
			"from": [9.33801, 24.07432, 1],
			"to": [10.13801, 24.47432, 2.9],
			"rotation": {"angle": 22.5, "axis": "z", "origin": [15.41354, 17.59387, 1.5]},
			"faces": {
				"north": {"uv": [0, 12, 1, 13.359], "rotation": 270, "texture": "#0"},
				"east": {"uv": [0, 12, 1, 13.359], "rotation": 270, "texture": "#0"},
				"south": {"uv": [0, 12, 1, 13.359], "rotation": 270, "texture": "#0"},
				"west": {"uv": [0, 12, 1, 13.359], "rotation": 270, "texture": "#0"},
				"up": {"uv": [0, 12, 1, 13.359], "rotation": 270, "texture": "#0"},
				"down": {"uv": [0, 12, 1, 13.359], "rotation": 270, "texture": "#0"}
			}
		},
		{
			"from": [7.88468, 21.53172, 13],
			"to": [8.68468, 21.93172, 14.9],
			"rotation": {"angle": 0, "axis": "z", "origin": [12.88468, 17.73172, 1.5]},
			"faces": {
				"north": {"uv": [0, 12, 1, 13.359], "rotation": 270, "texture": "#0"},
				"east": {"uv": [0, 12, 1, 13.359], "rotation": 270, "texture": "#0"},
				"south": {"uv": [0, 12, 1, 13.359], "rotation": 270, "texture": "#0"},
				"west": {"uv": [0, 12, 1, 13.359], "rotation": 270, "texture": "#0"},
				"up": {"uv": [0, 12, 1, 13.359], "rotation": 270, "texture": "#0"},
				"down": {"uv": [0, 12, 1, 13.359], "rotation": 270, "texture": "#0"}
			}
		},
		{
			"from": [7.88468, 21.53172, 1],
			"to": [8.68468, 21.93172, 2.9],
			"rotation": {"angle": 0, "axis": "z", "origin": [12.88468, 17.73172, 1.5]},
			"faces": {
				"north": {"uv": [0, 12, 1, 13.359], "rotation": 270, "texture": "#0"},
				"east": {"uv": [0, 12, 1, 13.359], "rotation": 270, "texture": "#0"},
				"south": {"uv": [0, 12, 1, 13.359], "rotation": 270, "texture": "#0"},
				"west": {"uv": [0, 12, 1, 13.359], "rotation": 270, "texture": "#0"},
				"up": {"uv": [0, 12, 1, 13.359], "rotation": 270, "texture": "#0"},
				"down": {"uv": [0, 12, 1, 13.359], "rotation": 270, "texture": "#0"}
			}
		},
		{
			"from": [7.39712, 19.32905, 13],
			"to": [8.19712, 19.72905, 14.9],
			"rotation": {"angle": -22.5, "axis": "z", "origin": [13.5777, 17.59387, 1.5]},
			"faces": {
				"north": {"uv": [0, 12, 1, 13.359], "rotation": 270, "texture": "#0"},
				"east": {"uv": [0, 12, 1, 13.359], "rotation": 270, "texture": "#0"},
				"south": {"uv": [0, 12, 1, 13.359], "rotation": 270, "texture": "#0"},
				"west": {"uv": [0, 12, 1, 13.359], "rotation": 270, "texture": "#0"},
				"up": {"uv": [0, 12, 1, 13.359], "rotation": 270, "texture": "#0"},
				"down": {"uv": [0, 12, 1, 13.359], "rotation": 270, "texture": "#0"}
			}
		},
		{
			"from": [7.39712, 19.32905, 1],
			"to": [8.19712, 19.72905, 2.9],
			"rotation": {"angle": -22.5, "axis": "z", "origin": [13.5777, 17.59387, 1.5]},
			"faces": {
				"north": {"uv": [0, 12, 1, 13.359], "rotation": 270, "texture": "#0"},
				"east": {"uv": [0, 12, 1, 13.359], "rotation": 270, "texture": "#0"},
				"south": {"uv": [0, 12, 1, 13.359], "rotation": 270, "texture": "#0"},
				"west": {"uv": [0, 12, 1, 13.359], "rotation": 270, "texture": "#0"},
				"up": {"uv": [0, 12, 1, 13.359], "rotation": 270, "texture": "#0"},
				"down": {"uv": [0, 12, 1, 13.359], "rotation": 270, "texture": "#0"}
			}
		},
		{
			"from": [13.54094, 22.88243, 13],
			"to": [13.94094, 23.68243, 14.9],
			"rotation": {"angle": 45, "axis": "z", "origin": [14.16521, 17.20131, 1.5]},
			"faces": {
				"north": {"uv": [0, 12, 1, 13.359], "rotation": 270, "texture": "#0"},
				"east": {"uv": [0, 12, 1, 13.359], "rotation": 270, "texture": "#0"},
				"south": {"uv": [0, 12, 1, 13.359], "rotation": 270, "texture": "#0"},
				"west": {"uv": [0, 12, 1, 13.359], "rotation": 270, "texture": "#0"},
				"up": {"uv": [0, 12, 1, 13.359], "rotation": 270, "texture": "#0"},
				"down": {"uv": [0, 12, 1, 13.359], "rotation": 270, "texture": "#0"}
			}
		},
		{
			"from": [13.54094, 22.88243, 1],
			"to": [13.94094, 23.68243, 2.9],
			"rotation": {"angle": 45, "axis": "z", "origin": [14.16521, 17.20131, 1.5]},
			"faces": {
				"north": {"uv": [0, 12, 1, 13.359], "rotation": 270, "texture": "#0"},
				"east": {"uv": [0, 12, 1, 13.359], "rotation": 270, "texture": "#0"},
				"south": {"uv": [0, 12, 1, 13.359], "rotation": 270, "texture": "#0"},
				"west": {"uv": [0, 12, 1, 13.359], "rotation": 270, "texture": "#0"},
				"up": {"uv": [0, 12, 1, 13.359], "rotation": 270, "texture": "#0"},
				"down": {"uv": [0, 12, 1, 13.359], "rotation": 270, "texture": "#0"}
			}
		},
		{
			"from": [11.63865, 21.66966, 13],
			"to": [12.03865, 22.46966, 14.9],
			"rotation": {"angle": 22.5, "axis": "z", "origin": [14.55777, 16.6138, 1.5]},
			"faces": {
				"north": {"uv": [0, 12, 1, 13.359], "rotation": 270, "texture": "#0"},
				"east": {"uv": [0, 12, 1, 13.359], "rotation": 270, "texture": "#0"},
				"south": {"uv": [0, 12, 1, 13.359], "rotation": 270, "texture": "#0"},
				"west": {"uv": [0, 12, 1, 13.359], "rotation": 270, "texture": "#0"},
				"up": {"uv": [0, 12, 1, 13.359], "rotation": 270, "texture": "#0"},
				"down": {"uv": [0, 12, 1, 13.359], "rotation": 270, "texture": "#0"}
			}
		},
		{
			"from": [11.63865, 21.66966, 1],
			"to": [12.03865, 22.46966, 2.9],
			"rotation": {"angle": 22.5, "axis": "z", "origin": [14.55777, 16.6138, 1.5]},
			"faces": {
				"north": {"uv": [0, 12, 1, 13.359], "rotation": 270, "texture": "#0"},
				"east": {"uv": [0, 12, 1, 13.359], "rotation": 270, "texture": "#0"},
				"south": {"uv": [0, 12, 1, 13.359], "rotation": 270, "texture": "#0"},
				"west": {"uv": [0, 12, 1, 13.359], "rotation": 270, "texture": "#0"},
				"up": {"uv": [0, 12, 1, 13.359], "rotation": 270, "texture": "#0"},
				"down": {"uv": [0, 12, 1, 13.359], "rotation": 270, "texture": "#0"}
			}
		},
		{
			"from": [9.89562, 19.52079, 13],
			"to": [10.29562, 20.32079, 14.9],
			"rotation": {"angle": 0, "axis": "z", "origin": [11.49562, 19.52079, 1.5]},
			"faces": {
				"north": {"uv": [0, 12, 1, 13.359], "rotation": 270, "texture": "#0"},
				"east": {"uv": [0, 12, 1, 13.359], "rotation": 270, "texture": "#0"},
				"south": {"uv": [0, 12, 1, 13.359], "rotation": 270, "texture": "#0"},
				"west": {"uv": [0, 12, 1, 13.359], "rotation": 270, "texture": "#0"},
				"up": {"uv": [0, 12, 1, 13.359], "rotation": 270, "texture": "#0"},
				"down": {"uv": [0, 12, 1, 13.359], "rotation": 270, "texture": "#0"}
			}
		},
		{
			"from": [9.89562, 19.52079, 1],
			"to": [10.29562, 20.32079, 2.9],
			"rotation": {"angle": 0, "axis": "z", "origin": [11.49562, 19.52079, 1.5]},
			"faces": {
				"north": {"uv": [0, 12, 1, 13.359], "rotation": 270, "texture": "#0"},
				"east": {"uv": [0, 12, 1, 13.359], "rotation": 270, "texture": "#0"},
				"south": {"uv": [0, 12, 1, 13.359], "rotation": 270, "texture": "#0"},
				"west": {"uv": [0, 12, 1, 13.359], "rotation": 270, "texture": "#0"},
				"up": {"uv": [0, 12, 1, 13.359], "rotation": 270, "texture": "#0"},
				"down": {"uv": [0, 12, 1, 13.359], "rotation": 270, "texture": "#0"}
			}
		},
		{
			"from": [9.62075, 19.53847, 13],
			"to": [10.02075, 20.33847, 14.9],
			"rotation": {"angle": -22.5, "axis": "z", "origin": [8.15777, 19.24964, 1.5]},
			"faces": {
				"north": {"uv": [0, 12, 1, 13.359], "rotation": 270, "texture": "#0"},
				"east": {"uv": [0, 12, 1, 13.359], "rotation": 270, "texture": "#0"},
				"south": {"uv": [0, 12, 1, 13.359], "rotation": 270, "texture": "#0"},
				"west": {"uv": [0, 12, 1, 13.359], "rotation": 270, "texture": "#0"},
				"up": {"uv": [0, 12, 1, 13.359], "rotation": 270, "texture": "#0"},
				"down": {"uv": [0, 12, 1, 13.359], "rotation": 270, "texture": "#0"}
			}
		},
		{
			"from": [9.62075, 19.53847, 1],
			"to": [10.02075, 20.33847, 2.9],
			"rotation": {"angle": -22.5, "axis": "z", "origin": [8.15777, 19.24964, 1.5]},
			"faces": {
				"north": {"uv": [0, 12, 1, 13.359], "rotation": 270, "texture": "#0"},
				"east": {"uv": [0, 12, 1, 13.359], "rotation": 270, "texture": "#0"},
				"south": {"uv": [0, 12, 1, 13.359], "rotation": 270, "texture": "#0"},
				"west": {"uv": [0, 12, 1, 13.359], "rotation": 270, "texture": "#0"},
				"up": {"uv": [0, 12, 1, 13.359], "rotation": 270, "texture": "#0"},
				"down": {"uv": [0, 12, 1, 13.359], "rotation": 270, "texture": "#0"}
			}
		},
		{
			"from": [8.838, 19.53493, 13],
			"to": [9.238, 20.33493, 14.9],
			"rotation": {"angle": -45, "axis": "z", "origin": [7.76521, 18.66213, 1.5]},
			"faces": {
				"north": {"uv": [0, 12, 1, 13.359], "rotation": 270, "texture": "#0"},
				"east": {"uv": [0, 12, 1, 13.359], "rotation": 270, "texture": "#0"},
				"south": {"uv": [0, 12, 1, 13.359], "rotation": 270, "texture": "#0"},
				"west": {"uv": [0, 12, 1, 13.359], "rotation": 270, "texture": "#0"},
				"up": {"uv": [0, 12, 1, 13.359], "rotation": 270, "texture": "#0"},
				"down": {"uv": [0, 12, 1, 13.359], "rotation": 270, "texture": "#0"}
			}
		},
		{
			"from": [8.838, 19.53493, 1],
			"to": [9.238, 20.33493, 2.9],
			"rotation": {"angle": -45, "axis": "z", "origin": [7.76521, 18.66213, 1.5]},
			"faces": {
				"north": {"uv": [0, 12, 1, 13.359], "rotation": 270, "texture": "#0"},
				"east": {"uv": [0, 12, 1, 13.359], "rotation": 270, "texture": "#0"},
				"south": {"uv": [0, 12, 1, 13.359], "rotation": 270, "texture": "#0"},
				"west": {"uv": [0, 12, 1, 13.359], "rotation": 270, "texture": "#0"},
				"up": {"uv": [0, 12, 1, 13.359], "rotation": 270, "texture": "#0"},
				"down": {"uv": [0, 12, 1, 13.359], "rotation": 270, "texture": "#0"}
			}
		},
		{
			"from": [8.44068, 17.38074, 13],
			"to": [9.24068, 17.78074, 14.9],
			"rotation": {"angle": 22.5, "axis": "z", "origin": [7.1777, 18.26957, 1.5]},
			"faces": {
				"north": {"uv": [0, 12, 1, 13.359], "rotation": 270, "texture": "#0"},
				"east": {"uv": [0, 12, 1, 13.359], "rotation": 270, "texture": "#0"},
				"south": {"uv": [0, 12, 1, 13.359], "rotation": 270, "texture": "#0"},
				"west": {"uv": [0, 12, 1, 13.359], "rotation": 270, "texture": "#0"},
				"up": {"uv": [0, 12, 1, 13.359], "rotation": 270, "texture": "#0"},
				"down": {"uv": [0, 12, 1, 13.359], "rotation": 270, "texture": "#0"}
			}
		},
		{
			"from": [8.44068, 17.38074, 1],
			"to": [9.24068, 17.78074, 2.9],
			"rotation": {"angle": 22.5, "axis": "z", "origin": [7.1777, 18.26957, 1.5]},
			"faces": {
				"north": {"uv": [0, 12, 1, 13.359], "rotation": 270, "texture": "#0"},
				"east": {"uv": [0, 12, 1, 13.359], "rotation": 270, "texture": "#0"},
				"south": {"uv": [0, 12, 1, 13.359], "rotation": 270, "texture": "#0"},
				"west": {"uv": [0, 12, 1, 13.359], "rotation": 270, "texture": "#0"},
				"up": {"uv": [0, 12, 1, 13.359], "rotation": 270, "texture": "#0"},
				"down": {"uv": [0, 12, 1, 13.359], "rotation": 270, "texture": "#0"}
			}
		},
		{
			"from": [7.90655, 17.93172, 13],
			"to": [8.70655, 18.33172, 14.9],
			"rotation": {"angle": 0, "axis": "z", "origin": [9.70655, 18.13172, 1.5]},
			"faces": {
				"north": {"uv": [0, 12, 1, 13.359], "rotation": 270, "texture": "#0"},
				"east": {"uv": [0, 12, 1, 13.359], "rotation": 270, "texture": "#0"},
				"south": {"uv": [0, 12, 1, 13.359], "rotation": 270, "texture": "#0"},
				"west": {"uv": [0, 12, 1, 13.359], "rotation": 270, "texture": "#0"},
				"up": {"uv": [0, 12, 1, 13.359], "rotation": 270, "texture": "#0"},
				"down": {"uv": [0, 12, 1, 13.359], "rotation": 270, "texture": "#0"}
			}
		},
		{
			"from": [7.90655, 17.93172, 1],
			"to": [8.70655, 18.33172, 2.9],
			"rotation": {"angle": 0, "axis": "z", "origin": [9.70655, 18.13172, 1.5]},
			"faces": {
				"north": {"uv": [0, 12, 1, 13.359], "rotation": 270, "texture": "#0"},
				"east": {"uv": [0, 12, 1, 13.359], "rotation": 270, "texture": "#0"},
				"south": {"uv": [0, 12, 1, 13.359], "rotation": 270, "texture": "#0"},
				"west": {"uv": [0, 12, 1, 13.359], "rotation": 270, "texture": "#0"},
				"up": {"uv": [0, 12, 1, 13.359], "rotation": 270, "texture": "#0"},
				"down": {"uv": [0, 12, 1, 13.359], "rotation": 270, "texture": "#0"}
			}
		},
		{
			"from": [8.66565, 16.36929, 13],
			"to": [9.46565, 16.76929, 14.9],
			"rotation": {"angle": -22.5, "axis": "z", "origin": [12.61354, 21.06957, 1.5]},
			"faces": {
				"north": {"uv": [0, 12, 1, 13.359], "rotation": 270, "texture": "#0"},
				"east": {"uv": [0, 12, 1, 13.359], "rotation": 270, "texture": "#0"},
				"south": {"uv": [0, 12, 1, 13.359], "rotation": 270, "texture": "#0"},
				"west": {"uv": [0, 12, 1, 13.359], "rotation": 270, "texture": "#0"},
				"up": {"uv": [0, 12, 1, 13.359], "rotation": 270, "texture": "#0"},
				"down": {"uv": [0, 12, 1, 13.359], "rotation": 270, "texture": "#0"}
			}
		},
		{
			"from": [8.66565, 16.36929, 1],
			"to": [9.46565, 16.76929, 2.9],
			"rotation": {"angle": -22.5, "axis": "z", "origin": [12.61354, 21.06957, 1.5]},
			"faces": {
				"north": {"uv": [0, 12, 1, 13.359], "rotation": 270, "texture": "#0"},
				"east": {"uv": [0, 12, 1, 13.359], "rotation": 270, "texture": "#0"},
				"south": {"uv": [0, 12, 1, 13.359], "rotation": 270, "texture": "#0"},
				"west": {"uv": [0, 12, 1, 13.359], "rotation": 270, "texture": "#0"},
				"up": {"uv": [0, 12, 1, 13.359], "rotation": 270, "texture": "#0"},
				"down": {"uv": [0, 12, 1, 13.359], "rotation": 270, "texture": "#0"}
			}
		},
		{
			"from": [10.07039, 15.7467, 13],
			"to": [10.87039, 16.1467, 14.9],
			"rotation": {"angle": -45, "axis": "z", "origin": [12.02603, 21.46213, 1.5]},
			"faces": {
				"north": {"uv": [0, 12, 1, 13.359], "rotation": 270, "texture": "#0"},
				"east": {"uv": [0, 12, 1, 13.359], "rotation": 270, "texture": "#0"},
				"south": {"uv": [0, 12, 1, 13.359], "rotation": 270, "texture": "#0"},
				"west": {"uv": [0, 12, 1, 13.359], "rotation": 270, "texture": "#0"},
				"up": {"uv": [0, 12, 1, 13.359], "rotation": 270, "texture": "#0"},
				"down": {"uv": [0, 12, 1, 13.359], "rotation": 270, "texture": "#0"}
			}
		},
		{
			"from": [10.07039, 15.7467, 1],
			"to": [10.87039, 16.1467, 2.9],
			"rotation": {"angle": -45, "axis": "z", "origin": [12.02603, 21.46213, 1.5]},
			"faces": {
				"north": {"uv": [0, 12, 1, 13.359], "rotation": 270, "texture": "#0"},
				"east": {"uv": [0, 12, 1, 13.359], "rotation": 270, "texture": "#0"},
				"south": {"uv": [0, 12, 1, 13.359], "rotation": 270, "texture": "#0"},
				"west": {"uv": [0, 12, 1, 13.359], "rotation": 270, "texture": "#0"},
				"up": {"uv": [0, 12, 1, 13.359], "rotation": 270, "texture": "#0"},
				"down": {"uv": [0, 12, 1, 13.359], "rotation": 270, "texture": "#0"}
			}
		},
		{
			"from": [5.74255, 20.9762, 13],
			"to": [6.14255, 21.7762, 14.9],
			"rotation": {"angle": 22.5, "axis": "z", "origin": [11.63347, 22.04964, 1.5]},
			"faces": {
				"north": {"uv": [0, 12, 1, 13.359], "rotation": 270, "texture": "#0"},
				"east": {"uv": [0, 12, 1, 13.359], "rotation": 270, "texture": "#0"},
				"south": {"uv": [0, 12, 1, 13.359], "rotation": 270, "texture": "#0"},
				"west": {"uv": [0, 12, 1, 13.359], "rotation": 270, "texture": "#0"},
				"up": {"uv": [0, 12, 1, 13.359], "rotation": 270, "texture": "#0"},
				"down": {"uv": [0, 12, 1, 13.359], "rotation": 270, "texture": "#0"}
			}
		},
		{
			"from": [5.74255, 20.9762, 1],
			"to": [6.14255, 21.7762, 2.9],
			"rotation": {"angle": 22.5, "axis": "z", "origin": [11.63347, 22.04964, 1.5]},
			"faces": {
				"north": {"uv": [0, 12, 1, 13.359], "rotation": 270, "texture": "#0"},
				"east": {"uv": [0, 12, 1, 13.359], "rotation": 270, "texture": "#0"},
				"south": {"uv": [0, 12, 1, 13.359], "rotation": 270, "texture": "#0"},
				"west": {"uv": [0, 12, 1, 13.359], "rotation": 270, "texture": "#0"},
				"up": {"uv": [0, 12, 1, 13.359], "rotation": 270, "texture": "#0"},
				"down": {"uv": [0, 12, 1, 13.359], "rotation": 270, "texture": "#0"}
			}
		},
		{
			"from": [6.29562, 19.52079, 13],
			"to": [6.69562, 20.32079, 14.9],
			"rotation": {"angle": 0, "axis": "z", "origin": [11.49562, 19.52079, 1.5]},
			"faces": {
				"north": {"uv": [0, 12, 1, 13.359], "rotation": 270, "texture": "#0"},
				"east": {"uv": [0, 12, 1, 13.359], "rotation": 270, "texture": "#0"},
				"south": {"uv": [0, 12, 1, 13.359], "rotation": 270, "texture": "#0"},
				"west": {"uv": [0, 12, 1, 13.359], "rotation": 270, "texture": "#0"},
				"up": {"uv": [0, 12, 1, 13.359], "rotation": 270, "texture": "#0"},
				"down": {"uv": [0, 12, 1, 13.359], "rotation": 270, "texture": "#0"}
			}
		},
		{
			"from": [6.29562, 19.52079, 1],
			"to": [6.69562, 20.32079, 2.9],
			"rotation": {"angle": 0, "axis": "z", "origin": [11.49562, 19.52079, 1.5]},
			"faces": {
				"north": {"uv": [0, 12, 1, 13.359], "rotation": 270, "texture": "#0"},
				"east": {"uv": [0, 12, 1, 13.359], "rotation": 270, "texture": "#0"},
				"south": {"uv": [0, 12, 1, 13.359], "rotation": 270, "texture": "#0"},
				"west": {"uv": [0, 12, 1, 13.359], "rotation": 270, "texture": "#0"},
				"up": {"uv": [0, 12, 1, 13.359], "rotation": 270, "texture": "#0"},
				"down": {"uv": [0, 12, 1, 13.359], "rotation": 270, "texture": "#0"}
			}
		},
		{
			"from": [5.49647, 16.92439, 13],
			"to": [5.89647, 17.72439, 14.9],
			"rotation": {"angle": -22.5, "axis": "z", "origin": [14.43347, 16.6138, 1.5]},
			"faces": {
				"north": {"uv": [0, 12, 1, 13.359], "rotation": 270, "texture": "#0"},
				"east": {"uv": [0, 12, 1, 13.359], "rotation": 270, "texture": "#0"},
				"south": {"uv": [0, 12, 1, 13.359], "rotation": 270, "texture": "#0"},
				"west": {"uv": [0, 12, 1, 13.359], "rotation": 270, "texture": "#0"},
				"up": {"uv": [0, 12, 1, 13.359], "rotation": 270, "texture": "#0"},
				"down": {"uv": [0, 12, 1, 13.359], "rotation": 270, "texture": "#0"}
			}
		},
		{
			"from": [5.49647, 16.92439, 1],
			"to": [5.89647, 17.72439, 2.9],
			"rotation": {"angle": -22.5, "axis": "z", "origin": [14.43347, 16.6138, 1.5]},
			"faces": {
				"north": {"uv": [0, 12, 1, 13.359], "rotation": 270, "texture": "#0"},
				"east": {"uv": [0, 12, 1, 13.359], "rotation": 270, "texture": "#0"},
				"south": {"uv": [0, 12, 1, 13.359], "rotation": 270, "texture": "#0"},
				"west": {"uv": [0, 12, 1, 13.359], "rotation": 270, "texture": "#0"},
				"up": {"uv": [0, 12, 1, 13.359], "rotation": 270, "texture": "#0"},
				"down": {"uv": [0, 12, 1, 13.359], "rotation": 270, "texture": "#0"}
			}
		},
		{
			"from": [6.28217, 14.11431, 13],
			"to": [6.68217, 14.91431, 14.9],
			"rotation": {"angle": -45, "axis": "z", "origin": [14.82603, 17.20131, 1.5]},
			"faces": {
				"north": {"uv": [0, 12, 1, 13.359], "rotation": 270, "texture": "#0"},
				"east": {"uv": [0, 12, 1, 13.359], "rotation": 270, "texture": "#0"},
				"south": {"uv": [0, 12, 1, 13.359], "rotation": 270, "texture": "#0"},
				"west": {"uv": [0, 12, 1, 13.359], "rotation": 270, "texture": "#0"},
				"up": {"uv": [0, 12, 1, 13.359], "rotation": 270, "texture": "#0"},
				"down": {"uv": [0, 12, 1, 13.359], "rotation": 270, "texture": "#0"}
			}
		},
		{
			"from": [6.28217, 14.11431, 1],
			"to": [6.68217, 14.91431, 2.9],
			"rotation": {"angle": -45, "axis": "z", "origin": [14.82603, 17.20131, 1.5]},
			"faces": {
				"north": {"uv": [0, 12, 1, 13.359], "rotation": 270, "texture": "#0"},
				"east": {"uv": [0, 12, 1, 13.359], "rotation": 270, "texture": "#0"},
				"south": {"uv": [0, 12, 1, 13.359], "rotation": 270, "texture": "#0"},
				"west": {"uv": [0, 12, 1, 13.359], "rotation": 270, "texture": "#0"},
				"up": {"uv": [0, 12, 1, 13.359], "rotation": 270, "texture": "#0"},
				"down": {"uv": [0, 12, 1, 13.359], "rotation": 270, "texture": "#0"}
			}
		}
	],
	"display": {
		"fixed": {
			"rotation": [-90, 0, 0],
			"translation": [0, 0, -16.75],
			"scale": [2, 2, 2]
		}
	},
	"groups": [
		0,
		1,
		2,
		3,
		4,
		5,
		6,
		7,
		8,
		9,
		10,
		11,
		12,
		13,
		14,
		15,
		16,
		17,
		18,
		19,
		20,
		21,
		22,
		23,
		24,
		25,
		26,
		27,
		28,
		29,
		30,
		31,
		32,
		33,
		34,
		35,
		36,
		37,
		38,
		39,
		40,
		41,
		42,
		43,
		44,
		45,
		46,
		47,
		48,
		49,
		50,
		51,
		52,
		53,
		54,
		55,
		56,
		57,
		58,
		59,
		60,
		61,
		{
			"name": "group",
			"origin": [14.82603, 17.20131, 1.5],
			"color": 0,
			"children": [62, 63, 64, 65, 66, 67, 68, 69, 70, 71, 72, 73, 74, 75, 76, 77, 78, 79, 80, 81, 82, 83, 84, 85, 86, 87, 88, 89, 90, 91, 92, 93]
		}
	]
}