{
	"credit": "Made with Blockbench",
	"texture_size": [32, 32],
	"textures": {
		"2": "custom/deko/melone"
	},
	"elements": [
		{
			"from": [7.2, 0, 8],
			"to": [13.8, 6.7, 14.2],
			"rotation": {"angle": 0, "axis": "y", "origin": [0.2, 0, 0]},
			"faces": {
				"north": {"uv": [0, 0, 3.25, 3.25], "texture": "#2"},
				"east": {"uv": [3.5, 0, 6.5, 3.25], "texture": "#2"},
				"south": {"uv": [0, 3.5, 3.25, 6.75], "texture": "#2"},
				"west": {"uv": [3.5, 3.5, 6.5, 6.75], "texture": "#2"},
				"up": {"uv": [9.75, 3, 6.5, 0], "texture": "#2"},
				"down": {"uv": [9.75, 3, 6.5, 6], "texture": "#2"}
			}
		},
		{
			"from": [9.9, 6.7, 10.8],
			"to": [10.7, 8.7, 11.4],
			"faces": {
				"north": {"uv": [6.5, 9.5, 7, 10.5], "texture": "#2"},
				"east": {"uv": [8.5, 9.5, 8.75, 10.5], "texture": "#2"},
				"south": {"uv": [7, 9.5, 7.5, 10.5], "texture": "#2"},
				"west": {"uv": [10, 0, 10.25, 1], "texture": "#2"},
				"up": {"uv": [10.5, 3.25, 10, 3], "texture": "#2"},
				"down": {"uv": [10.5, 3.5, 10, 3.75], "texture": "#2"}
			}
		},
		{
			"from": [5.8, 11.7, 10.8],
			"to": [6.6, 13.7, 11.4],
			"rotation": {"angle": -22.5, "axis": "z", "origin": [0.2, 0, 0]},
			"faces": {
				"north": {"uv": [7.5, 9.5, 8, 10.5], "texture": "#2"},
				"east": {"uv": [10, 1, 10.25, 2], "texture": "#2"},
				"south": {"uv": [8, 9.5, 8.5, 10.5], "texture": "#2"},
				"west": {"uv": [10, 2, 10.25, 3], "texture": "#2"},
				"up": {"uv": [10.5, 4.25, 10, 4], "texture": "#2"},
				"down": {"uv": [10.5, 4.5, 10, 4.75], "texture": "#2"}
			}
		}
	],
	"display": {
		"thirdperson_righthand": {
			"rotation": [37, -180, -19],
			"translation": [1.25, 1.75, 6.25]
		},
		"thirdperson_lefthand": {
			"rotation": [47, 0, 0],
			"translation": [2, 4.75, 0.75],
			"scale": [0.85, 0.88, 0.83]
		},
		"firstperson_righthand": {
			"rotation": [-12, 0, 0],
			"translation": [4, 2.25, -4.25],
			"scale": [0.64, 0.66, 0.68]
		},
		"firstperson_lefthand": {
			"translation": [3, 5, 0],
			"scale": [0.52, 0.51, 0.51]
		},
		"ground": {
			"translation": [0, 4.25, 0]
		},
		"gui": {
			"translation": [-3.75, 4.75, 0],
			"scale": [1.59, 1.56, 1.35]
		},
		"head": {
			"rotation": [0, 180, 1],
			"translation": [10.25, 21.25, 13.25],
			"scale": [4, 4, 4]
		},
		"fixed": {
			"rotation": [-89, 5, 1],
			"translation": [-10.5, -9.5, -30],
			"scale": [4, 4, 4]
		}
	}
}