{
	"credit": "Made with Blockbench",
	"texture_size": [64, 64],
	"textures": {
		"0": "custom/deko/minion",
		"particle": "custom/deko/minion"
	},
	"elements": [
		{
			"from": [5, 0, 5],
			"to": [6, 0.75, 9.25],
			"rotation": {"angle": 0, "axis": "y", "origin": [4, 0, 5]},
			"faces": {
				"north": {"uv": [3.75, 4.25, 4, 4.5], "texture": "#0"},
				"east": {"uv": [4.75, 5.5, 5.875, 5.75], "texture": "#0"},
				"south": {"uv": [5, 1, 5.25, 1.25], "texture": "#0"},
				"west": {"uv": [5.75, 3.5, 6.875, 3.75], "texture": "#0"},
				"up": {"uv": [4, 2.875, 3.75, 1.75], "texture": "#0"},
				"down": {"uv": [3.25, 5.25, 3, 6.375], "texture": "#0"}
			}
		},
		{
			"from": [9, 0, 5],
			"to": [10, 0.75, 9.25],
			"rotation": {"angle": 0, "axis": "y", "origin": [8, 0, 5]},
			"faces": {
				"north": {"uv": [5, 1.25, 5.25, 1.5], "texture": "#0"},
				"east": {"uv": [5.75, 3.75, 6.875, 4], "texture": "#0"},
				"south": {"uv": [5, 1.5, 5.25, 1.75], "texture": "#0"},
				"west": {"uv": [5.75, 4, 6.875, 4.25], "texture": "#0"},
				"up": {"uv": [3.5, 6.375, 3.25, 5.25], "texture": "#0"},
				"down": {"uv": [3.75, 5.25, 3.5, 6.375], "texture": "#0"}
			}
		},
		{
			"from": [4.5, 0.5, 7],
			"to": [6.5, 1.25, 9],
			"rotation": {"angle": 0, "axis": "y", "origin": [4.5, 0.5, 7]},
			"faces": {
				"north": {"uv": [6.75, 1.75, 7.25, 2], "texture": "#0"},
				"east": {"uv": [6.75, 6.25, 7.25, 6.5], "texture": "#0"},
				"south": {"uv": [6.75, 6.5, 7.25, 6.75], "texture": "#0"},
				"west": {"uv": [6.75, 6.75, 7.25, 7], "texture": "#0"},
				"up": {"uv": [6.5, 5.75, 6, 5.25], "texture": "#0"},
				"down": {"uv": [0.5, 6.25, 0, 6.75], "texture": "#0"}
			}
		},
		{
			"from": [8.5, 0.5, 7],
			"to": [10.5, 1.25, 9],
			"rotation": {"angle": 0, "axis": "y", "origin": [8.5, 0.5, 7]},
			"faces": {
				"north": {"uv": [0.5, 7, 1, 7.25], "texture": "#0"},
				"east": {"uv": [7, 0.5, 7.5, 0.75], "texture": "#0"},
				"south": {"uv": [7, 0.75, 7.5, 1], "texture": "#0"},
				"west": {"uv": [7, 1, 7.5, 1.25], "texture": "#0"},
				"up": {"uv": [1, 6.75, 0.5, 6.25], "texture": "#0"},
				"down": {"uv": [1.5, 6.25, 1, 6.75], "texture": "#0"}
			}
		},
		{
			"from": [4, 1.25, 6.25],
			"to": [11, 6.5, 9.75],
			"rotation": {"angle": 0, "axis": "y", "origin": [4.5, 1.25, 7]},
			"faces": {
				"north": {"uv": [2, 0, 3.75, 1.375], "texture": "#0"},
				"east": {"uv": [3.75, 4.5, 4.625, 5.875], "texture": "#0"},
				"south": {"uv": [2, 1.5, 3.75, 2.875], "texture": "#0"},
				"west": {"uv": [0, 4.75, 0.875, 6.125], "texture": "#0"},
				"up": {"uv": [5.75, 4.375, 4, 3.5], "texture": "#0"},
				"down": {"uv": [3.75, 4.25, 2, 5.125], "texture": "#0"}
			}
		},
		{
			"from": [2.75, 4.25, 7.25],
			"to": [5.75, 5.5, 8.5],
			"rotation": {"angle": 45, "axis": "z", "origin": [3.75, 4.25, 7.25]},
			"faces": {
				"north": {"uv": [1, 5.75, 1.75, 6.125], "texture": "#0"},
				"east": {"uv": [2, 6.75, 2.375, 7.125], "texture": "#0"},
				"south": {"uv": [5.75, 4.25, 6.5, 4.625], "texture": "#0"},
				"west": {"uv": [2.75, 6.75, 3.125, 7.125], "texture": "#0"},
				"up": {"uv": [5.5, 6.125, 4.75, 5.75], "texture": "#0"},
				"down": {"uv": [6.5, 4.75, 5.75, 5.125], "texture": "#0"}
			}
		},
		{
			"from": [10.5, 4.75, 7.25],
			"to": [13.5, 6, 8.5],
			"rotation": {"angle": 45, "axis": "z", "origin": [11.5, 4.75, 7.25]},
			"faces": {
				"north": {"uv": [5.5, 5.75, 6.25, 6.125], "texture": "#0"},
				"east": {"uv": [3.25, 6.75, 3.625, 7.125], "texture": "#0"},
				"south": {"uv": [6, 0, 6.75, 0.375], "texture": "#0"},
				"west": {"uv": [3.75, 6.75, 4.125, 7.125], "texture": "#0"},
				"up": {"uv": [6.75, 0.875, 6, 0.5], "texture": "#0"},
				"down": {"uv": [4.5, 6, 3.75, 6.375], "texture": "#0"}
			}
		},
		{
			"from": [2.25, 2, 7],
			"to": [3.75, 3.75, 8.75],
			"rotation": {"angle": 45, "axis": "z", "origin": [1.75, 2.25, 7.25]},
			"faces": {
				"north": {"uv": [6.5, 4.25, 6.875, 4.75], "texture": "#0"},
				"east": {"uv": [6.25, 1, 6.75, 1.5], "texture": "#0"},
				"south": {"uv": [4.75, 6.5, 5.125, 7], "texture": "#0"},
				"west": {"uv": [1.5, 6.25, 2, 6.75], "texture": "#0"},
				"up": {"uv": [6.875, 5.25, 6.5, 4.75], "texture": "#0"},
				"down": {"uv": [5.625, 6.5, 5.25, 7], "texture": "#0"}
			}
		},
		{
			"from": [12.5, 5, 7],
			"to": [14, 6.75, 8.75],
			"rotation": {"angle": 45, "axis": "z", "origin": [12, 5.25, 7.25]},
			"faces": {
				"north": {"uv": [6.5, 5.25, 6.875, 5.75], "texture": "#0"},
				"east": {"uv": [6.25, 1.5, 6.75, 2], "texture": "#0"},
				"south": {"uv": [5.75, 6.5, 6.125, 7], "texture": "#0"},
				"west": {"uv": [2, 6.25, 2.5, 6.75], "texture": "#0"},
				"up": {"uv": [6.625, 7, 6.25, 6.5], "texture": "#0"},
				"down": {"uv": [0.375, 6.75, 0, 7.25], "texture": "#0"}
			}
		},
		{
			"from": [5.25, 6, 6],
			"to": [7.25, 6.5, 6.5],
			"rotation": {"angle": 0, "axis": "y", "origin": [5.25, 6, 6]},
			"faces": {
				"north": {"uv": [0, 7.25, 0.5, 7.375], "texture": "#0"},
				"east": {"uv": [6.25, 7.25, 6.375, 7.375], "texture": "#0"},
				"south": {"uv": [0.5, 7.25, 1, 7.375], "texture": "#0"},
				"west": {"uv": [7.25, 6.25, 7.375, 6.375], "texture": "#0"},
				"up": {"uv": [7.75, 1.875, 7.25, 1.75], "texture": "#0"},
				"down": {"uv": [2.5, 7.25, 2, 7.375], "texture": "#0"}
			}
		},
		{
			"from": [3.75, 6, 6],
			"to": [5.25, 6.5, 6.5],
			"rotation": {"angle": 0, "axis": "y", "origin": [3.25, 6, 6]},
			"faces": {
				"north": {"uv": [7.25, 4, 7.625, 4.125], "texture": "#0"},
				"east": {"uv": [6.75, 7.25, 6.875, 7.375], "texture": "#0"},
				"south": {"uv": [7.25, 4.25, 7.625, 4.375], "texture": "#0"},
				"west": {"uv": [7.25, 6.75, 7.375, 6.875], "texture": "#0"},
				"up": {"uv": [7.625, 4.625, 7.25, 4.5], "texture": "#0"},
				"down": {"uv": [5.125, 7.25, 4.75, 7.375], "texture": "#0"}
			}
		},
		{
			"from": [4.25, 6, 9.5],
			"to": [11.25, 6.5, 10],
			"rotation": {"angle": 0, "axis": "y", "origin": [3.75, 6, 9.5]},
			"faces": {
				"north": {"uv": [6.5, 2.5, 8.25, 2.625], "texture": "#0"},
				"east": {"uv": [7.25, 7.25, 7.375, 7.375], "texture": "#0"},
				"south": {"uv": [2.75, 6.5, 4.5, 6.625], "texture": "#0"},
				"west": {"uv": [0, 7.5, 0.125, 7.625], "texture": "#0"},
				"up": {"uv": [8.25, 2.875, 6.5, 2.75], "texture": "#0"},
				"down": {"uv": [8.25, 3, 6.5, 3.125], "texture": "#0"}
			}
		},
		{
			"from": [3.75, 6, 6.5],
			"to": [4.25, 6.5, 10],
			"rotation": {"angle": 0, "axis": "y", "origin": [3.75, 6, 8.5]},
			"faces": {
				"north": {"uv": [7, 7.25, 7.125, 7.375], "texture": "#0"},
				"east": {"uv": [7, 3.5, 7.875, 3.625], "texture": "#0"},
				"south": {"uv": [7.25, 7, 7.375, 7.125], "texture": "#0"},
				"west": {"uv": [7, 3.75, 7.875, 3.875], "texture": "#0"},
				"up": {"uv": [4.375, 7.625, 4.25, 6.75], "texture": "#0"},
				"down": {"uv": [1.125, 7, 1, 7.875], "texture": "#0"}
			}
		},
		{
			"from": [7.25, 6, 6],
			"to": [9.25, 6.5, 6.5],
			"rotation": {"angle": 0, "axis": "y", "origin": [7.25, 6, 6]},
			"faces": {
				"north": {"uv": [7.25, 2, 7.75, 2.125], "texture": "#0"},
				"east": {"uv": [6.5, 7.25, 6.625, 7.375], "texture": "#0"},
				"south": {"uv": [7.25, 2.25, 7.75, 2.375], "texture": "#0"},
				"west": {"uv": [7.25, 6.5, 7.375, 6.625], "texture": "#0"},
				"up": {"uv": [3, 7.375, 2.5, 7.25], "texture": "#0"},
				"down": {"uv": [3.5, 7.25, 3, 7.375], "texture": "#0"}
			}
		},
		{
			"from": [9.25, 6, 6],
			"to": [11.25, 6.5, 9.5],
			"rotation": {"angle": 0, "axis": "y", "origin": [9.25, 6, 6]},
			"faces": {
				"north": {"uv": [7.25, 3.25, 7.75, 3.375], "texture": "#0"},
				"east": {"uv": [7, 1.25, 7.875, 1.375], "texture": "#0"},
				"south": {"uv": [3.5, 7.25, 4, 7.375], "texture": "#0"},
				"west": {"uv": [7, 1.5, 7.875, 1.625], "texture": "#0"},
				"up": {"uv": [2.5, 6.125, 2, 5.25], "texture": "#0"},
				"down": {"uv": [3, 5.25, 2.5, 6.125], "texture": "#0"}
			}
		},
		{
			"from": [3.75, 6.5, 5.75],
			"to": [11.25, 12.75, 10.25],
			"rotation": {"angle": 0, "axis": "y", "origin": [4, 6.5, 6.25]},
			"faces": {
				"north": {"uv": [0, 0, 2, 1.625], "texture": "#0"},
				"east": {"uv": [3.75, 0, 4.875, 1.625], "texture": "#0"},
				"south": {"uv": [0, 1.75, 2, 3.375], "texture": "#0"},
				"west": {"uv": [4, 1.75, 5.125, 3.375], "texture": "#0"},
				"up": {"uv": [4, 4.125, 2, 3], "texture": "#0"},
				"down": {"uv": [2, 3.5, 0, 4.625], "texture": "#0"}
			}
		},
		{
			"from": [5.5, 7.75, 5.25],
			"to": [9.5, 11.5, 6],
			"rotation": {"angle": 0, "axis": "y", "origin": [6.75, 8.75, 5.5]},
			"faces": {
				"north": {"uv": [1, 4.75, 2, 5.75], "texture": "#0"},
				"east": {"uv": [4.5, 6, 4.75, 7], "texture": "#0"},
				"south": {"uv": [4.75, 4.5, 5.75, 5.5], "texture": "#0"},
				"west": {"uv": [2.5, 6.25, 2.75, 7.25], "texture": "#0"},
				"up": {"uv": [5.75, 6.5, 4.75, 6.25], "texture": "#0"},
				"down": {"uv": [6.75, 6.25, 5.75, 6.5], "texture": "#0"}
			}
		},
		{
			"from": [5.75, 8, 5],
			"to": [9.25, 11.25, 5.25],
			"rotation": {"angle": 0, "axis": "y", "origin": [6.75, 8.75, 4.75]},
			"faces": {
				"north": {"uv": [5, 0, 5.875, 0.875], "texture": "#0"},
				"east": {"uv": [7, 4, 7.125, 4.875], "texture": "#0"},
				"south": {"uv": [5.25, 1, 6.125, 1.875], "texture": "#0"},
				"west": {"uv": [4.5, 7, 4.625, 7.875], "texture": "#0"},
				"up": {"uv": [5.625, 7.125, 4.75, 7], "texture": "#0"},
				"down": {"uv": [7.875, 5, 7, 5.125], "texture": "#0"}
			}
		},
		{
			"from": [3.5, 9.25, 5.5],
			"to": [5.5, 10, 5.75],
			"rotation": {"angle": 0, "axis": "y", "origin": [3.5, 9.5, 5.5]},
			"faces": {
				"north": {"uv": [6.5, 3.25, 7.125, 3.5], "texture": "#0"},
				"east": {"uv": [1.75, 5.75, 1.875, 6], "texture": "#0"},
				"south": {"uv": [6.75, 0, 7.375, 0.25], "texture": "#0"},
				"west": {"uv": [5.75, 5.25, 5.875, 5.5], "texture": "#0"},
				"up": {"uv": [7.625, 5.375, 7, 5.25], "texture": "#0"},
				"down": {"uv": [7.625, 5.5, 7, 5.625], "texture": "#0"}
			}
		},
		{
			"from": [3.5, 9.25, 5.75],
			"to": [3.75, 10, 10.5],
			"rotation": {"angle": 0, "axis": "y", "origin": [3.5, 9.5, 7.75]},
			"faces": {
				"north": {"uv": [4, 7.25, 4.125, 7.5], "texture": "#0"},
				"east": {"uv": [5.25, 2.5, 6.5, 2.75], "texture": "#0"},
				"south": {"uv": [7.25, 4.75, 7.375, 5], "texture": "#0"},
				"west": {"uv": [5.25, 2.75, 6.5, 3], "texture": "#0"},
				"up": {"uv": [6.875, 1.75, 6.75, 0.5], "texture": "#0"},
				"down": {"uv": [1.375, 6.75, 1.25, 8], "texture": "#0"}
			}
		},
		{
			"from": [11.25, 9.25, 5.75],
			"to": [11.5, 10, 10.5],
			"rotation": {"angle": 0, "axis": "y", "origin": [11.25, 9.5, 7.75]},
			"faces": {
				"north": {"uv": [5.25, 7.25, 5.375, 7.5], "texture": "#0"},
				"east": {"uv": [5.25, 3, 6.5, 3.25], "texture": "#0"},
				"south": {"uv": [5.5, 7.25, 5.625, 7.5], "texture": "#0"},
				"west": {"uv": [5.25, 3.25, 6.5, 3.5], "texture": "#0"},
				"up": {"uv": [1.625, 8, 1.5, 6.75], "texture": "#0"},
				"down": {"uv": [1.875, 6.75, 1.75, 8], "texture": "#0"}
			}
		},
		{
			"from": [9.25, 9.25, 5.5],
			"to": [11.5, 10, 5.75],
			"rotation": {"angle": 0, "axis": "y", "origin": [9.25, 9.5, 5.5]},
			"faces": {
				"north": {"uv": [6.75, 0.25, 7.375, 0.5], "texture": "#0"},
				"east": {"uv": [1.75, 6, 1.875, 6.25], "texture": "#0"},
				"south": {"uv": [0.5, 6.75, 1.125, 7], "texture": "#0"},
				"west": {"uv": [2.75, 6.25, 2.875, 6.5], "texture": "#0"},
				"up": {"uv": [6.375, 7.125, 5.75, 7], "texture": "#0"},
				"down": {"uv": [7.125, 7, 6.5, 7.125], "texture": "#0"}
			}
		},
		{
			"from": [3.75, 9.25, 10.25],
			"to": [11.25, 10, 10.5],
			"rotation": {"angle": 0, "axis": "y", "origin": [9, 9.5, 10.25]},
			"faces": {
				"north": {"uv": [5.25, 2, 7.25, 2.25], "texture": "#0"},
				"east": {"uv": [5.75, 7.25, 5.875, 7.5], "texture": "#0"},
				"south": {"uv": [5.25, 2.25, 7.25, 2.5], "texture": "#0"},
				"west": {"uv": [6, 7.25, 6.125, 7.5], "texture": "#0"},
				"up": {"uv": [8.25, 5.875, 6.25, 5.75], "texture": "#0"},
				"down": {"uv": [8.25, 6, 6.25, 6.125], "texture": "#0"}
			}
		}
	],
	"display": {
		"thirdperson_righthand": {
			"rotation": [77, 26, 0],
			"translation": [0.75, 0, 3.75]
		},
		"thirdperson_lefthand": {
			"rotation": [77, 26, 0],
			"translation": [0.75, 0, 3.75]
		},
		"firstperson_righthand": {
			"rotation": [7, 124, 0],
			"translation": [3, 4.75, 0]
		},
		"firstperson_lefthand": {
			"rotation": [7, 124, 0],
			"translation": [3, 4.75, 0]
		},
		"ground": {
			"translation": [0, 4.75, 0]
		},
		"gui": {
			"rotation": [-4, -160, 0],
			"translation": [-0.75, 1.25, 0]
		},
		"head": {
			"translation": [-9.75, -0.5, -0.5],
			"scale": [0.65, 0.63, 0.62]
		},
		"fixed": {
			"rotation": [-90, 0, 0],
			"translation": [2, 0, -32.25],
			"scale": [4, 4, 4]
		}
	}
}