{
	"credit": "Made with Blockbench",
	"texture_size": [32, 32],
	"textures": {
		"0": "custom/deko/perry",
		"particle": "custom/deko/perry"
	},
	"elements": [
		{
			"from": [6, 1.1, 4],
			"to": [9, 3.1, 9],
			"rotation": {"angle": 0, "axis": "y", "origin": [7, 1.1, 10]},
			"faces": {
				"north": {"uv": [0, 0, 2, 2], "texture": "#0"},
				"east": {"uv": [0, 2, 2, 4], "texture": "#0"},
				"south": {"uv": [2, 0, 4, 2], "texture": "#0"},
				"west": {"uv": [2, 2, 4, 4], "texture": "#0"},
				"up": {"uv": [2, 6, 0, 4], "texture": "#0"},
				"down": {"uv": [6, 0, 4, 2], "texture": "#0"}
			}
		},
		{
			"from": [7, 4.4, 8.6],
			"to": [8.2, 4.8, 11.8],
			"rotation": {"angle": -22.5, "axis": "x", "origin": [8, 3.4, 14.6]},
			"faces": {
				"north": {"uv": [14, 11.5, 16, 13.5], "texture": "#0"},
				"east": {"uv": [14, 11.25, 16, 13.25], "texture": "#0"},
				"south": {"uv": [14, 11.25, 16, 13.25], "texture": "#0"},
				"west": {"uv": [14, 11.5, 16, 13], "texture": "#0"},
				"up": {"uv": [16, 14, 14, 11], "texture": "#0"},
				"down": {"uv": [16, 11.5, 14, 13.5], "texture": "#0"}
			}
		},
		{
			"from": [6.3, 2.1, 0.1],
			"to": [8.6, 2.8, 2.1],
			"rotation": {"angle": 0, "axis": "y", "origin": [7, 1.8, 3.9]},
			"faces": {
				"north": {"uv": [0, 6, 2, 8], "texture": "#0"},
				"east": {"uv": [0, 6, 2, 8], "texture": "#0"},
				"south": {"uv": [2, 6, 4, 8], "texture": "#0"},
				"west": {"uv": [0, 6, 2, 8], "texture": "#0"},
				"up": {"uv": [2, 8, 0, 6], "texture": "#0"},
				"down": {"uv": [2, 6, 0, 8], "texture": "#0"}
			}
		},
		{
			"from": [6.7, 1.7, 1.1],
			"to": [8.2, 2.2, 2.1],
			"rotation": {"angle": 0, "axis": "y", "origin": [7, 1.4, 3.9]},
			"faces": {
				"north": {"uv": [0, 6, 2, 8], "texture": "#0"},
				"east": {"uv": [0, 6, 2, 8], "texture": "#0"},
				"south": {"uv": [2, 6, 4, 8], "texture": "#0"},
				"west": {"uv": [0, 6, 2, 8], "texture": "#0"},
				"up": {"uv": [2, 8, 0, 6], "texture": "#0"},
				"down": {"uv": [2, 6, 0, 8], "texture": "#0"}
			}
		},
		{
			"from": [5.8, 1.6, 1.7],
			"to": [9.2, 4, 4.1],
			"rotation": {"angle": 0, "axis": "y", "origin": [7, 1.8, 5.9]},
			"faces": {
				"north": {"uv": [4, 2, 6.75, 4], "texture": "#0"},
				"east": {"uv": [2, 4, 4, 6], "texture": "#0"},
				"south": {"uv": [2, 6, 4, 8], "texture": "#0"},
				"west": {"uv": [6, 4, 8, 6], "texture": "#0"},
				"up": {"uv": [8, 2, 6, 0], "texture": "#0"},
				"down": {"uv": [6, 6, 4, 8], "texture": "#0"}
			}
		},
		{
			"from": [5.5, 4, 1.4],
			"to": [9.5, 4.6, 4.4],
			"rotation": {"angle": 0, "axis": "y", "origin": [7, 4.2, 5.9]},
			"faces": {
				"north": {"uv": [0, 14, 2.75, 16], "texture": "#0"},
				"east": {"uv": [14, 14, 16, 16], "texture": "#0"},
				"south": {"uv": [14, 14, 16, 16], "texture": "#0"},
				"west": {"uv": [3.25, 14, 5.25, 16], "texture": "#0"},
				"up": {"uv": [8.25, 15, 6.25, 13], "texture": "#0"},
				"down": {"uv": [16, 14, 14, 16], "texture": "#0"}
			}
		},
		{
			"from": [5.9, 4.4, 1.8],
			"to": [9.1, 5, 4],
			"rotation": {"angle": 0, "axis": "y", "origin": [7, 4.6, 5.9]},
			"faces": {
				"north": {"uv": [0, 14, 2.75, 16], "texture": "#0"},
				"east": {"uv": [14, 14, 16, 16], "texture": "#0"},
				"south": {"uv": [14, 14, 16, 16], "texture": "#0"},
				"west": {"uv": [3.25, 14, 5.25, 16], "texture": "#0"},
				"up": {"uv": [8.25, 15, 6.25, 13], "texture": "#0"},
				"down": {"uv": [16, 14, 14, 16], "texture": "#0"}
			}
		},
		{
			"from": [6.2, 0.6, 4.9],
			"to": [7.2, 1.6, 5.9],
			"rotation": {"angle": 0, "axis": "y", "origin": [7.2, -1.4, 10.9]},
			"faces": {
				"north": {"uv": [6, 6, 8, 8], "texture": "#0"},
				"east": {"uv": [6, 6, 8, 8], "texture": "#0"},
				"south": {"uv": [6, 6, 8, 8], "texture": "#0"},
				"west": {"uv": [6, 6, 8, 8], "texture": "#0"},
				"up": {"uv": [2, 6, 0, 4], "texture": "#0"},
				"down": {"uv": [6, 0, 4, 2], "texture": "#0"}
			}
		},
		{
			"from": [6.2, 0.2, 4.2],
			"to": [7.2, 0.6, 5.9],
			"rotation": {"angle": 0, "axis": "y", "origin": [7.2, -2.4, 10.9]},
			"faces": {
				"north": {"uv": [0, 6, 2, 8], "texture": "#0"},
				"east": {"uv": [0, 6, 2, 8], "texture": "#0"},
				"south": {"uv": [0, 6, 2, 8], "texture": "#0"},
				"west": {"uv": [0, 6, 2, 8], "texture": "#0"},
				"up": {"uv": [2, 8, 0, 6], "texture": "#0"},
				"down": {"uv": [2, 6, 0, 8], "texture": "#0"}
			}
		},
		{
			"from": [7.8, 0.6, 4.9],
			"to": [8.8, 1.6, 5.9],
			"rotation": {"angle": 0, "axis": "y", "origin": [8.8, -1.4, 10.9]},
			"faces": {
				"north": {"uv": [6, 6, 8, 8], "texture": "#0"},
				"east": {"uv": [6, 6, 8, 8], "texture": "#0"},
				"south": {"uv": [6, 6, 8, 8], "texture": "#0"},
				"west": {"uv": [6, 6, 8, 8], "texture": "#0"},
				"up": {"uv": [2, 6, 0, 4], "texture": "#0"},
				"down": {"uv": [6, 0, 4, 2], "texture": "#0"}
			}
		},
		{
			"from": [7.8, 0.2, 4.2],
			"to": [8.8, 0.6, 5.9],
			"rotation": {"angle": 0, "axis": "y", "origin": [8.8, -2.4, 10.9]},
			"faces": {
				"north": {"uv": [0, 6, 2, 8], "texture": "#0"},
				"east": {"uv": [0, 6, 2, 8], "texture": "#0"},
				"south": {"uv": [0, 6, 2, 8], "texture": "#0"},
				"west": {"uv": [0, 6, 2, 8], "texture": "#0"},
				"up": {"uv": [2, 8, 0, 6], "texture": "#0"},
				"down": {"uv": [2, 6, 0, 8], "texture": "#0"}
			}
		},
		{
			"from": [7.8, 0.6, 7.8],
			"to": [8.8, 1.6, 8.8],
			"rotation": {"angle": 0, "axis": "y", "origin": [8.8, -1.4, 13.8]},
			"faces": {
				"north": {"uv": [6, 6, 8, 8], "texture": "#0"},
				"east": {"uv": [6, 6, 8, 8], "texture": "#0"},
				"south": {"uv": [6, 6, 8, 8], "texture": "#0"},
				"west": {"uv": [6, 6, 8, 8], "texture": "#0"},
				"up": {"uv": [2, 6, 0, 4], "texture": "#0"},
				"down": {"uv": [6, 0, 4, 2], "texture": "#0"}
			}
		},
		{
			"from": [7.8, 0.2, 7.2],
			"to": [8.8, 0.6, 8.8],
			"rotation": {"angle": 0, "axis": "y", "origin": [8.8, -2.4, 13.8]},
			"faces": {
				"north": {"uv": [0, 6, 2, 8], "texture": "#0"},
				"east": {"uv": [0, 6, 2, 8], "texture": "#0"},
				"south": {"uv": [0, 6, 2, 8], "texture": "#0"},
				"west": {"uv": [0, 6, 2, 8], "texture": "#0"},
				"up": {"uv": [2, 8, 0, 6], "texture": "#0"},
				"down": {"uv": [2, 6, 0, 8], "texture": "#0"}
			}
		},
		{
			"from": [6.2, 0.6, 7.8],
			"to": [7.2, 1.6, 8.8],
			"rotation": {"angle": 0, "axis": "y", "origin": [6.2, -1.4, 13.8]},
			"faces": {
				"north": {"uv": [8, 6, 6, 8], "texture": "#0"},
				"east": {"uv": [8, 6, 6, 8], "texture": "#0"},
				"south": {"uv": [8, 6, 6, 8], "texture": "#0"},
				"west": {"uv": [8, 6, 6, 8], "texture": "#0"},
				"up": {"uv": [0, 6, 2, 4], "texture": "#0"},
				"down": {"uv": [4, 0, 6, 2], "texture": "#0"}
			}
		},
		{
			"from": [6.2, 0.2, 7.2],
			"to": [7.2, 0.6, 8.8],
			"rotation": {"angle": 0, "axis": "y", "origin": [6.2, -2.4, 13.8]},
			"faces": {
				"north": {"uv": [2, 6, 0, 8], "texture": "#0"},
				"east": {"uv": [2, 6, 0, 8], "texture": "#0"},
				"south": {"uv": [2, 6, 0, 8], "texture": "#0"},
				"west": {"uv": [2, 6, 0, 8], "texture": "#0"},
				"up": {"uv": [0, 8, 2, 6], "texture": "#0"},
				"down": {"uv": [0, 6, 2, 8], "texture": "#0"}
			}
		}
	],
	"display": {
		"thirdperson_righthand": {
			"rotation": [77, 0, 0],
			"translation": [0, 0, 12.5],
			"scale": [2.1, 2.1, 2.1]
		},
		"ground": {
			"translation": [0, 24.25, 0],
			"scale": [3.82, 3.82, 3.82]
		},
		"head": {
			"translation": [1.75, 33.75, 6],
			"scale": [3.6, 3.6, 3.6]
		},
		"fixed": {
			"rotation": [-89, 0, 0],
			"translation": [1.75, 8.25, -30.25],
			"scale": [4, 4, 4]
		}
	},
	"groups": [
		0,
		{
			"name": "group",
			"origin": [8, 1.1, 15],
			"color": 0,
			"children": [1]
		},
		2,
		3,
		4,
		5,
		6,
		7,
		8,
		9,
		10,
		11,
		12,
		13,
		14
	]
}