{
	"credit": "Made with Blockbench",
	"textures": {
		"1": "custom/deko/perryn",
		"2": "custom/deko/jetpack",
		"3": "custom/deko/feuerp",
		"particle": "custom/deko/jetpack"
	},
	"elements": [
		{
			"from": [6, 2.5, 7],
			"to": [9, 7.5, 9],
			"rotation": {"angle": 0, "axis": "y", "origin": [7, 1.5, 7]},
			"faces": {
				"north": {"uv": [6, 0, 4, 2], "rotation": 180, "texture": "#1"},
				"east": {"uv": [0, 2, 2, 4], "rotation": 270, "texture": "#1"},
				"south": {"uv": [2, 6, 0, 4], "texture": "#1"},
				"west": {"uv": [2, 2, 4, 4], "rotation": 90, "texture": "#1"},
				"up": {"uv": [0, 0, 2, 2], "rotation": 180, "texture": "#1"},
				"down": {"uv": [2, 0, 4, 2], "texture": "#1"}
			}
		},
		{
			"from": [7.2, 6, 8.5],
			"to": [8, 6.4, 11.7],
			"rotation": {"angle": -22.5, "axis": "x", "origin": [8, 5, 14.5]},
			"faces": {
				"north": {"uv": [14, 11.5, 16, 13.5], "texture": "#1"},
				"east": {"uv": [14, 11.25, 16, 13.25], "texture": "#1"},
				"south": {"uv": [14, 11.25, 16, 13.25], "texture": "#1"},
				"west": {"uv": [14, 11.5, 16, 13], "texture": "#1"},
				"up": {"uv": [16, 14, 14, 11], "texture": "#1"},
				"down": {"uv": [16, 11.5, 14, 13.5], "texture": "#1"}
			}
		},
		{
			"from": [6.3, 7.7, 5],
			"to": [8.6, 8.4, 7],
			"rotation": {"angle": 0, "axis": "y", "origin": [7, 7.4, 8.8]},
			"faces": {
				"north": {"uv": [0, 6, 2, 8], "texture": "#1"},
				"east": {"uv": [0, 6, 2, 8], "texture": "#1"},
				"south": {"uv": [2, 6, 4, 8], "texture": "#1"},
				"west": {"uv": [0, 6, 2, 8], "texture": "#1"},
				"up": {"uv": [2, 8, 0, 6], "texture": "#1"},
				"down": {"uv": [2, 6, 0, 8], "texture": "#1"}
			}
		},
		{
			"from": [6.7, 7.3, 6],
			"to": [8.2, 7.8, 7],
			"rotation": {"angle": 0, "axis": "y", "origin": [7, 7, 8.8]},
			"faces": {
				"north": {"uv": [0, 6, 2, 8], "texture": "#1"},
				"east": {"uv": [0, 6, 2, 8], "texture": "#1"},
				"south": {"uv": [2, 6, 4, 8], "texture": "#1"},
				"west": {"uv": [0, 6, 2, 8], "texture": "#1"},
				"up": {"uv": [2, 8, 0, 6], "texture": "#1"},
				"down": {"uv": [2, 6, 0, 8], "texture": "#1"}
			}
		},
		{
			"from": [5.8, 7, 6.7],
			"to": [9.2, 9.4, 9.1],
			"rotation": {"angle": 0, "axis": "y", "origin": [7, 7.2, 10.9]},
			"faces": {
				"north": {"uv": [4, 2, 6.75, 4], "texture": "#1"},
				"east": {"uv": [2, 4, 4, 6], "texture": "#1"},
				"south": {"uv": [2, 6, 4, 8], "texture": "#1"},
				"west": {"uv": [6, 4, 8, 6], "texture": "#1"},
				"up": {"uv": [8, 2, 6, 0], "texture": "#1"},
				"down": {"uv": [6, 6, 4, 8], "texture": "#1"}
			}
		},
		{
			"from": [5.5, 9.2, 6.4],
			"to": [9.5, 9.8, 9.4],
			"rotation": {"angle": 0, "axis": "y", "origin": [7, 9.4, 10.9]},
			"faces": {
				"north": {"uv": [0, 14, 2.75, 16], "texture": "#1"},
				"east": {"uv": [14, 14, 16, 16], "texture": "#1"},
				"south": {"uv": [14, 14, 16, 16], "texture": "#1"},
				"west": {"uv": [3.25, 14, 5.25, 16], "texture": "#1"},
				"up": {"uv": [8.25, 15, 6.25, 13], "texture": "#1"},
				"down": {"uv": [16, 14, 14, 16], "texture": "#1"}
			}
		},
		{
			"from": [5.9, 9.6, 6.8],
			"to": [9.1, 10.2, 9],
			"rotation": {"angle": 0, "axis": "y", "origin": [7, 9.8, 10.9]},
			"faces": {
				"north": {"uv": [0, 14, 2.75, 16], "texture": "#1"},
				"east": {"uv": [14, 14, 16, 16], "texture": "#1"},
				"south": {"uv": [14, 14, 16, 16], "texture": "#1"},
				"west": {"uv": [3.25, 14, 5.25, 16], "texture": "#1"},
				"up": {"uv": [8.25, 15, 6.25, 13], "texture": "#1"},
				"down": {"uv": [16, 14, 14, 16], "texture": "#1"}
			}
		},
		{
			"from": [5.2, 5.2, 7],
			"to": [6.2, 6.2, 8],
			"rotation": {"angle": 0, "axis": "y", "origin": [6.2, 0.2, 5]},
			"faces": {
				"north": {"uv": [6, 0, 4, 2], "rotation": 180, "texture": "#1"},
				"east": {"uv": [6, 6, 8, 8], "rotation": 270, "texture": "#1"},
				"south": {"uv": [2, 6, 0, 4], "texture": "#1"},
				"west": {"uv": [6, 6, 8, 8], "rotation": 90, "texture": "#1"},
				"up": {"uv": [6, 6, 8, 8], "rotation": 180, "texture": "#1"},
				"down": {"uv": [6, 6, 8, 8], "texture": "#1"}
			}
		},
		{
			"from": [8.8, 5.2, 6.9],
			"to": [9.8, 6.2, 7.9],
			"rotation": {"angle": 0, "axis": "y", "origin": [9.8, 0.2, 4.9]},
			"faces": {
				"north": {"uv": [6, 0, 4, 2], "rotation": 180, "texture": "#1"},
				"east": {"uv": [6, 6, 8, 8], "rotation": 270, "texture": "#1"},
				"south": {"uv": [2, 6, 0, 4], "texture": "#1"},
				"west": {"uv": [6, 6, 8, 8], "rotation": 90, "texture": "#1"},
				"up": {"uv": [6, 6, 8, 8], "rotation": 180, "texture": "#1"},
				"down": {"uv": [6, 6, 8, 8], "texture": "#1"}
			}
		},
		{
			"from": [5.2, 1.9, 8.9],
			"to": [6.2, 2.9, 9.9],
			"rotation": {"angle": -22.5, "axis": "x", "origin": [5.2, -3.1, 6.9]},
			"faces": {
				"north": {"uv": [4, 0, 6, 2], "rotation": 180, "texture": "#1"},
				"east": {"uv": [8, 6, 6, 8], "rotation": 270, "texture": "#1"},
				"south": {"uv": [0, 6, 2, 4], "texture": "#1"},
				"west": {"uv": [8, 6, 6, 8], "rotation": 90, "texture": "#1"},
				"up": {"uv": [8, 6, 6, 8], "rotation": 180, "texture": "#1"},
				"down": {"uv": [8, 6, 6, 8], "texture": "#1"}
			}
		},
		{
			"from": [5.2, 1.5, 8.7],
			"to": [6.2, 2.5, 9],
			"rotation": {"angle": -22.5, "axis": "x", "origin": [5.2, -3.5, 6]},
			"faces": {
				"north": {"uv": [0, 6, 2, 8], "rotation": 180, "texture": "#1"},
				"east": {"uv": [2, 6, 0, 8], "rotation": 270, "texture": "#1"},
				"south": {"uv": [0, 8, 2, 6], "texture": "#1"},
				"west": {"uv": [2, 6, 0, 8], "rotation": 90, "texture": "#1"},
				"up": {"uv": [2, 6, 0, 8], "rotation": 180, "texture": "#1"},
				"down": {"uv": [2, 6, 0, 8], "texture": "#1"}
			}
		},
		{
			"from": [5.2, 1.4, 8.2],
			"to": [6.2, 2.7, 8.8],
			"rotation": {"angle": -22.5, "axis": "x", "origin": [5.2, -3.6, 5.8]},
			"faces": {
				"north": {"uv": [0, 6, 2, 8], "rotation": 180, "texture": "#1"},
				"east": {"uv": [2, 6, 0, 8], "rotation": 270, "texture": "#1"},
				"south": {"uv": [0, 8, 2, 6], "texture": "#1"},
				"west": {"uv": [2, 6, 0, 8], "rotation": 90, "texture": "#1"},
				"up": {"uv": [2, 6, 0, 8], "rotation": 180, "texture": "#1"},
				"down": {"uv": [2, 6, 0, 8], "texture": "#1"}
			}
		},
		{
			"from": [8.7, 1.9, 8.9],
			"to": [9.7, 2.9, 9.9],
			"rotation": {"angle": -22.5, "axis": "x", "origin": [8.7, -3.1, 6.9]},
			"faces": {
				"north": {"uv": [4, 0, 6, 2], "rotation": 180, "texture": "#1"},
				"east": {"uv": [8, 6, 6, 8], "rotation": 270, "texture": "#1"},
				"south": {"uv": [0, 6, 2, 4], "texture": "#1"},
				"west": {"uv": [8, 6, 6, 8], "rotation": 90, "texture": "#1"},
				"up": {"uv": [8, 6, 6, 8], "rotation": 180, "texture": "#1"},
				"down": {"uv": [8, 6, 6, 8], "texture": "#1"}
			}
		},
		{
			"from": [8.7, 1.5, 8.7],
			"to": [9.7, 2.5, 9],
			"rotation": {"angle": -22.5, "axis": "x", "origin": [8.7, -3.5, 6]},
			"faces": {
				"north": {"uv": [0, 6, 2, 8], "rotation": 180, "texture": "#1"},
				"east": {"uv": [2, 6, 0, 8], "rotation": 270, "texture": "#1"},
				"south": {"uv": [0, 8, 2, 6], "texture": "#1"},
				"west": {"uv": [2, 6, 0, 8], "rotation": 90, "texture": "#1"},
				"up": {"uv": [2, 6, 0, 8], "rotation": 180, "texture": "#1"},
				"down": {"uv": [2, 6, 0, 8], "texture": "#1"}
			}
		},
		{
			"from": [8.7, 1.4, 8.2],
			"to": [9.7, 2.7, 8.8],
			"rotation": {"angle": -22.5, "axis": "x", "origin": [8.7, -3.6, 5.8]},
			"faces": {
				"north": {"uv": [0, 6, 2, 8], "rotation": 180, "texture": "#1"},
				"east": {"uv": [2, 6, 0, 8], "rotation": 270, "texture": "#1"},
				"south": {"uv": [0, 8, 2, 6], "texture": "#1"},
				"west": {"uv": [2, 6, 0, 8], "rotation": 90, "texture": "#1"},
				"up": {"uv": [2, 6, 0, 8], "rotation": 180, "texture": "#1"},
				"down": {"uv": [2, 6, 0, 8], "texture": "#1"}
			}
		},
		{
			"from": [8.8, 5.2, 6.7],
			"to": [9.8, 6.2, 7],
			"rotation": {"angle": 0, "axis": "y", "origin": [8.8, 0.2, 4]},
			"faces": {
				"north": {"uv": [0, 6, 2, 8], "rotation": 180, "texture": "#1"},
				"east": {"uv": [2, 6, 0, 8], "rotation": 270, "texture": "#1"},
				"south": {"uv": [0, 8, 2, 6], "texture": "#1"},
				"west": {"uv": [2, 6, 0, 8], "rotation": 90, "texture": "#1"},
				"up": {"uv": [2, 6, 0, 8], "rotation": 180, "texture": "#1"},
				"down": {"uv": [2, 6, 0, 8], "texture": "#1"}
			}
		},
		{
			"from": [8.8, 5.2, 6.1],
			"to": [9.8, 6.5, 6.7],
			"rotation": {"angle": 0, "axis": "y", "origin": [8.8, 0.2, 3.7]},
			"faces": {
				"north": {"uv": [0, 6, 2, 8], "rotation": 180, "texture": "#1"},
				"east": {"uv": [2, 6, 0, 8], "rotation": 270, "texture": "#1"},
				"south": {"uv": [0, 8, 2, 6], "texture": "#1"},
				"west": {"uv": [2, 6, 0, 8], "rotation": 90, "texture": "#1"},
				"up": {"uv": [2, 6, 0, 8], "rotation": 180, "texture": "#1"},
				"down": {"uv": [2, 6, 0, 8], "texture": "#1"}
			}
		},
		{
			"from": [5.2, 5.2, 6.1],
			"to": [6.2, 6.5, 6.7],
			"rotation": {"angle": 0, "axis": "y", "origin": [5.2, 0.2, 3.7]},
			"faces": {
				"north": {"uv": [0, 6, 2, 8], "rotation": 180, "texture": "#1"},
				"east": {"uv": [2, 6, 0, 8], "rotation": 270, "texture": "#1"},
				"south": {"uv": [0, 8, 2, 6], "texture": "#1"},
				"west": {"uv": [2, 6, 0, 8], "rotation": 90, "texture": "#1"},
				"up": {"uv": [2, 6, 0, 8], "rotation": 180, "texture": "#1"},
				"down": {"uv": [2, 6, 0, 8], "texture": "#1"}
			}
		},
		{
			"from": [5.2, 5.2, 6.7],
			"to": [6.2, 6.2, 7],
			"rotation": {"angle": 0, "axis": "y", "origin": [5.2, 0.2, 4]},
			"faces": {
				"north": {"uv": [0, 6, 2, 8], "rotation": 180, "texture": "#1"},
				"east": {"uv": [2, 6, 0, 8], "rotation": 270, "texture": "#1"},
				"south": {"uv": [0, 8, 2, 6], "texture": "#1"},
				"west": {"uv": [2, 6, 0, 8], "rotation": 90, "texture": "#1"},
				"up": {"uv": [2, 6, 0, 8], "rotation": 180, "texture": "#1"},
				"down": {"uv": [2, 6, 0, 8], "texture": "#1"}
			}
		},
		{
			"from": [5.4, 2.3, 9.2],
			"to": [7.2, 7.1, 11],
			"rotation": {"angle": 0, "axis": "y", "origin": [5.3, 2.2, 9.1]},
			"faces": {
				"north": {"uv": [0, 2.5, 1, 5], "texture": "#2"},
				"east": {"uv": [1, 2.5, 2, 5], "texture": "#2"},
				"south": {"uv": [2, 2.5, 3, 5], "texture": "#2"},
				"west": {"uv": [3, 0, 4, 2.5], "texture": "#2"},
				"up": {"uv": [6, 1, 5, 0], "texture": "#2"},
				"down": {"uv": [2, 5, 1, 6], "texture": "#2"}
			}
		},
		{
			"from": [6.2, 2.8, 9],
			"to": [8.8, 6.8, 9.3],
			"rotation": {"angle": 0, "axis": "y", "origin": [5.5, 2.7, 7.4]},
			"faces": {
				"north": {"uv": [0, 0, 1.375, 2.125], "texture": "#2"},
				"east": {"uv": [7, 3, 7.25, 5.125], "texture": "#2"},
				"south": {"uv": [1.5, 0, 2.875, 2.125], "texture": "#2"},
				"west": {"uv": [4, 7, 4.25, 9.125], "texture": "#2"},
				"up": {"uv": [9.875, 4.25, 8.5, 4], "texture": "#2"},
				"down": {"uv": [5.875, 8.5, 4.5, 8.75], "texture": "#2"}
			}
		},
		{
			"from": [5.5, 6.6, 9.3],
			"to": [7.1, 7.2, 10.9],
			"rotation": {"angle": 0, "axis": "y", "origin": [5.3, 6.4, 9.1]},
			"faces": {
				"north": {"uv": [7.5, 3.5, 8.5, 4], "texture": "#2"},
				"east": {"uv": [7.5, 4, 8.5, 4.5], "texture": "#2"},
				"south": {"uv": [4.5, 7.5, 5.5, 8], "texture": "#2"},
				"west": {"uv": [7.5, 4.5, 8.5, 5], "texture": "#2"},
				"up": {"uv": [7, 2, 6, 1], "texture": "#2"},
				"down": {"uv": [3, 6, 2, 7], "texture": "#2"}
			}
		},
		{
			"from": [5.6, 6.9, 9.4],
			"to": [7, 7.3, 10.8],
			"rotation": {"angle": 0, "axis": "y", "origin": [5.3, 6.6, 9.1]},
			"faces": {
				"north": {"uv": [7.5, 5, 8.5, 5.5], "texture": "#2"},
				"east": {"uv": [5.5, 7.5, 6.5, 8], "texture": "#2"},
				"south": {"uv": [6.5, 7.5, 7.5, 8], "texture": "#2"},
				"west": {"uv": [7.5, 7, 8.5, 7.5], "texture": "#2"},
				"up": {"uv": [7, 3, 6, 2], "texture": "#2"},
				"down": {"uv": [4, 6, 3, 7], "texture": "#2"}
			}
		},
		{
			"from": [5.7, 7.2, 9.5],
			"to": [6.9, 7.4, 10.7],
			"rotation": {"angle": 0, "axis": "y", "origin": [5.3, 6.8, 9.1]},
			"faces": {
				"north": {"uv": [7.5, 7.5, 8.5, 8], "texture": "#2"},
				"east": {"uv": [0, 8, 1, 8.5], "texture": "#2"},
				"south": {"uv": [8, 0, 9, 0.5], "texture": "#2"},
				"west": {"uv": [8, 0.5, 9, 1], "texture": "#2"},
				"up": {"uv": [7, 4, 6, 3], "texture": "#2"},
				"down": {"uv": [5, 6, 4, 7], "texture": "#2"}
			}
		},
		{
			"from": [8.3, 7.2, 9.5],
			"to": [9.5, 7.4, 10.7],
			"rotation": {"angle": 0, "axis": "y", "origin": [7.9, 6.8, 9.1]},
			"faces": {
				"north": {"uv": [5.5, 8, 6.5, 8.5], "texture": "#2"},
				"east": {"uv": [8, 5.5, 9, 6], "texture": "#2"},
				"south": {"uv": [8, 6, 9, 6.5], "texture": "#2"},
				"west": {"uv": [6.5, 8, 7.5, 8.5], "texture": "#2"},
				"up": {"uv": [8, 1, 7, 0], "texture": "#2"},
				"down": {"uv": [2, 7, 1, 8], "texture": "#2"}
			}
		},
		{
			"from": [8.1, 6.6, 9.3],
			"to": [9.7, 7.2, 10.9],
			"rotation": {"angle": 0, "axis": "y", "origin": [7.9, 6.4, 9.1]},
			"faces": {
				"north": {"uv": [8, 2, 9, 2.5], "texture": "#2"},
				"east": {"uv": [8, 2.5, 9, 3], "texture": "#2"},
				"south": {"uv": [3, 8, 4, 8.5], "texture": "#2"},
				"west": {"uv": [4.5, 8, 5.5, 8.5], "texture": "#2"},
				"up": {"uv": [7, 6, 6, 5], "texture": "#2"},
				"down": {"uv": [7, 6, 6, 7], "texture": "#2"}
			}
		},
		{
			"from": [8.2, 6.9, 9.4],
			"to": [9.6, 7.3, 10.8],
			"rotation": {"angle": 0, "axis": "y", "origin": [7.9, 6.6, 9.1]},
			"faces": {
				"north": {"uv": [1, 8, 2, 8.5], "texture": "#2"},
				"east": {"uv": [8, 1, 9, 1.5], "texture": "#2"},
				"south": {"uv": [8, 1.5, 9, 2], "texture": "#2"},
				"west": {"uv": [2, 8, 3, 8.5], "texture": "#2"},
				"up": {"uv": [7, 5, 6, 4], "texture": "#2"},
				"down": {"uv": [6, 6, 5, 7], "texture": "#2"}
			}
		},
		{
			"from": [5.3, 2.2, 9.1],
			"to": [7.3, 3.2, 11.1],
			"rotation": {"angle": 0, "axis": "y", "origin": [5.3, -1.8, 9.1]},
			"faces": {
				"north": {"uv": [4.5, 7, 5.5, 7.5], "texture": "#2"},
				"east": {"uv": [5.5, 7, 6.5, 7.5], "texture": "#2"},
				"south": {"uv": [7, 5.5, 8, 6], "texture": "#2"},
				"west": {"uv": [7, 6, 8, 6.5], "texture": "#2"},
				"up": {"uv": [6, 3, 5, 2], "texture": "#2"},
				"down": {"uv": [4, 5, 3, 6], "texture": "#2"}
			}
		},
		{
			"from": [5.1, 2.1, 8.9],
			"to": [7.5, 3, 11.3],
			"rotation": {"angle": 0, "axis": "y", "origin": [5.3, -2.2, 9.1]},
			"faces": {
				"north": {"uv": [8.5, 4.5, 9.5, 4.75], "texture": "#2"},
				"east": {"uv": [8.5, 5, 9.5, 5.25], "texture": "#2"},
				"south": {"uv": [6, 8.5, 7, 8.75], "texture": "#2"},
				"west": {"uv": [7, 8.5, 8, 8.75], "texture": "#2"},
				"up": {"uv": [6, 4, 5, 3], "texture": "#2"},
				"down": {"uv": [5, 5, 4, 6], "texture": "#2"}
			}
		},
		{
			"from": [7.7, 2.1, 8.9],
			"to": [10.1, 3, 11.3],
			"rotation": {"angle": 0, "axis": "y", "origin": [9.9, -2.2, 9.1]},
			"faces": {
				"north": {"uv": [8.5, 7, 9.5, 7.25], "texture": "#2"},
				"east": {"uv": [8.5, 7.5, 9.5, 7.75], "texture": "#2"},
				"south": {"uv": [8, 8.5, 9, 8.75], "texture": "#2"},
				"west": {"uv": [8.5, 8, 9.5, 8.25], "texture": "#2"},
				"up": {"uv": [7, 1, 6, 0], "texture": "#2"},
				"down": {"uv": [2, 6, 1, 7], "texture": "#2"}
			}
		},
		{
			"from": [7.9, 2.2, 9.1],
			"to": [9.9, 3.2, 11.1],
			"rotation": {"angle": 0, "axis": "y", "origin": [9.9, -1.8, 9.1]},
			"faces": {
				"north": {"uv": [6.5, 7, 7.5, 7.5], "texture": "#2"},
				"east": {"uv": [7, 6.5, 8, 7], "texture": "#2"},
				"south": {"uv": [0, 7.5, 1, 8], "texture": "#2"},
				"west": {"uv": [7.5, 3, 8.5, 3.5], "texture": "#2"},
				"up": {"uv": [6, 5, 5, 4], "texture": "#2"},
				"down": {"uv": [6, 5, 5, 6], "texture": "#2"}
			}
		},
		{
			"from": [8, 2.3, 9.2],
			"to": [9.8, 7.1, 11],
			"rotation": {"angle": 0, "axis": "y", "origin": [7.9, 2.2, 9.1]},
			"faces": {
				"north": {"uv": [3, 2.5, 4, 5], "texture": "#2"},
				"east": {"uv": [4, 0, 5, 2.5], "texture": "#2"},
				"south": {"uv": [4, 2.5, 5, 5], "texture": "#2"},
				"west": {"uv": [0, 5, 1, 7.5], "texture": "#2"},
				"up": {"uv": [6, 2, 5, 1], "texture": "#2"},
				"down": {"uv": [3, 5, 2, 6], "texture": "#2"}
			}
		},
		{
			"from": [5.9, 1, 9.3],
			"to": [6.5, 2.6, 9.9],
			"rotation": {"angle": 0, "axis": "y", "origin": [5.7, 0.8, 9.1]},
			"faces": {
				"north": {"uv": [0, 0, 1, 2], "texture": "#3"},
				"east": {"uv": [1, 0, 2, 2], "texture": "#3"},
				"south": {"uv": [0, 2, 1, 4], "texture": "#3"},
				"west": {"uv": [2, 0, 3, 2], "texture": "#3"},
				"up": {"uv": [1, 9, 0, 8], "texture": "#3"},
				"down": {"uv": [9, 0, 8, 1], "texture": "#3"}
			}
		},
		{
			"from": [5.3, 0.6, 9.7],
			"to": [5.9, 2.2, 10.3],
			"rotation": {"angle": 0, "axis": "y", "origin": [5.1, 0.4, 9.5]},
			"faces": {
				"north": {"uv": [1, 2, 2, 4], "texture": "#3"},
				"east": {"uv": [2, 2, 3, 4], "texture": "#3"},
				"south": {"uv": [3, 0, 4, 2], "texture": "#3"},
				"west": {"uv": [3, 2, 4, 4], "texture": "#3"},
				"up": {"uv": [2, 9, 1, 8], "texture": "#3"},
				"down": {"uv": [9, 1, 8, 2], "texture": "#3"}
			}
		},
		{
			"from": [6.3, 0.6, 10.5],
			"to": [6.9, 2.2, 11.1],
			"rotation": {"angle": 0, "axis": "y", "origin": [6.1, 0.4, 10.3]},
			"faces": {
				"north": {"uv": [0, 4, 1, 6], "texture": "#3"},
				"east": {"uv": [4, 0, 5, 2], "texture": "#3"},
				"south": {"uv": [1, 4, 2, 6], "texture": "#3"},
				"west": {"uv": [2, 4, 3, 6], "texture": "#3"},
				"up": {"uv": [3, 9, 2, 8], "texture": "#3"},
				"down": {"uv": [9, 2, 8, 3], "texture": "#3"}
			}
		},
		{
			"from": [5.7, 1.2, 10.6],
			"to": [6.3, 2.8, 11.2],
			"rotation": {"angle": 0, "axis": "y", "origin": [5.5, 1, 10.4]},
			"faces": {
				"north": {"uv": [4, 2, 5, 4], "texture": "#3"},
				"east": {"uv": [3, 4, 4, 6], "texture": "#3"},
				"south": {"uv": [4, 4, 5, 6], "texture": "#3"},
				"west": {"uv": [5, 0, 6, 2], "texture": "#3"},
				"up": {"uv": [4, 9, 3, 8], "texture": "#3"},
				"down": {"uv": [9, 3, 8, 4], "texture": "#3"}
			}
		},
		{
			"from": [8.6, 1, 9.3],
			"to": [9.2, 2.6, 9.9],
			"rotation": {"angle": 0, "axis": "y", "origin": [8.4, 0.8, 9.1]},
			"faces": {
				"north": {"uv": [7, 0, 8, 2], "texture": "#3"},
				"east": {"uv": [7, 2, 8, 4], "texture": "#3"},
				"south": {"uv": [7, 4, 8, 6], "texture": "#3"},
				"west": {"uv": [7, 6, 8, 8], "texture": "#3"},
				"up": {"uv": [8, 9, 7, 8], "texture": "#3"},
				"down": {"uv": [9, 7, 8, 8], "texture": "#3"}
			}
		},
		{
			"from": [8, 0.6, 9.7],
			"to": [8.6, 2.2, 10.3],
			"rotation": {"angle": 0, "axis": "y", "origin": [7.8, 0.4, 9.5]},
			"faces": {
				"north": {"uv": [4, 6, 5, 8], "texture": "#3"},
				"east": {"uv": [6, 4, 7, 6], "texture": "#3"},
				"south": {"uv": [5, 6, 6, 8], "texture": "#3"},
				"west": {"uv": [6, 6, 7, 8], "texture": "#3"},
				"up": {"uv": [7, 9, 6, 8], "texture": "#3"},
				"down": {"uv": [9, 6, 8, 7], "texture": "#3"}
			}
		},
		{
			"from": [9, 0.6, 10.5],
			"to": [9.6, 2.2, 11.1],
			"rotation": {"angle": 0, "axis": "y", "origin": [8.8, 0.4, 10.3]},
			"faces": {
				"north": {"uv": [1, 6, 2, 8], "texture": "#3"},
				"east": {"uv": [2, 6, 3, 8], "texture": "#3"},
				"south": {"uv": [6, 2, 7, 4], "texture": "#3"},
				"west": {"uv": [3, 6, 4, 8], "texture": "#3"},
				"up": {"uv": [6, 9, 5, 8], "texture": "#3"},
				"down": {"uv": [9, 5, 8, 6], "texture": "#3"}
			}
		},
		{
			"from": [8.4, 1.2, 10.6],
			"to": [9, 2.8, 11.2],
			"rotation": {"angle": 0, "axis": "y", "origin": [8.2, 1, 10.4]},
			"faces": {
				"north": {"uv": [5, 2, 6, 4], "texture": "#3"},
				"east": {"uv": [5, 4, 6, 6], "texture": "#3"},
				"south": {"uv": [0, 6, 1, 8], "texture": "#3"},
				"west": {"uv": [6, 0, 7, 2], "texture": "#3"},
				"up": {"uv": [5, 9, 4, 8], "texture": "#3"},
				"down": {"uv": [9, 4, 8, 5], "texture": "#3"}
			}
		}
	],
	"display": {
		"thirdperson_righthand": {
			"rotation": [77, 17, 0],
			"translation": [0, 4.75, 7.75],
			"scale": [1.74, 1.74, 1.74]
		},
		"thirdperson_lefthand": {
			"rotation": [77, 17, 0],
			"translation": [0, 4.75, 7.75],
			"scale": [1.74, 1.74, 1.74]
		},
		"firstperson_righthand": {
			"rotation": [8, 32, 0],
			"translation": [0, 6, 0],
			"scale": [1.45, 1.45, 1.45]
		},
		"firstperson_lefthand": {
			"rotation": [8, 32, 0],
			"translation": [0, 6, 0],
			"scale": [1.45, 1.45, 1.45]
		},
		"ground": {
			"translation": [0, 24.25, 0],
			"scale": [3.82, 3.82, 3.82]
		},
		"gui": {
			"rotation": [0, 137, 0],
			"translation": [-0.5, 4.25, 0],
			"scale": [2.07, 2.07, 2.07]
		},
		"head": {
			"translation": [1.75, 26, -0.25],
			"scale": [3.6, 3.6, 3.6]
		},
		"fixed": {
			"rotation": [-89, 0, 0],
			"translation": [1.75, 0.25, -31.25],
			"scale": [4, 4, 4]
		}
	},
	"groups": [
		0,
		{
			"name": "group",
			"origin": [8, 1.1, 15],
			"color": 0,
			"children": [1]
		},
		2,
		3,
		4,
		5,
		6,
		7,
		8,
		{
			"name": "group",
			"origin": [5.2, -2.4, 3.7],
			"color": 0,
			"children": [
				{
					"name": "group",
					"origin": [5.2, -2.4, 3.7],
					"color": 0,
					"children": [9, 10, 11]
				}
			]
		},
		{
			"name": "group",
			"origin": [5.2, -2.4, 3.7],
			"color": 0,
			"children": [
				{
					"name": "group",
					"origin": [5.2, -2.4, 3.7],
					"color": 0,
					"children": [12, 13, 14]
				}
			]
		},
		15,
		16,
		17,
		18,
		19,
		20,
		21,
		22,
		23,
		24,
		25,
		26,
		27,
		28,
		29,
		30,
		31,
		32,
		33,
		34,
		35,
		36,
		37,
		38,
		39
	]
}