{
	"credit": "Made with Blockbench",
	"texture_size": [32, 32],
	"textures": {
		"1": "custom/deko/pfeil"
	},
	"elements": [
		{
			"from": [9.7, 0, 6],
			"to": [11, 1.3, 6],
			"faces": {
				"north": {"uv": [3, 2, 3.75, 2.75], "texture": "#1"},
				"east": {"uv": [0, 0, 0, 0.75], "texture": "#1"},
				"south": {"uv": [3, 3, 3.75, 3.75], "texture": "#1"},
				"west": {"uv": [0, 0, 0, 0.75], "texture": "#1"},
				"up": {"uv": [0.75, 0, 0, 0], "texture": "#1"},
				"down": {"uv": [0.75, 0, 0, 0], "texture": "#1"}
			}
		},
		{
			"from": [9.7, 6.5, 6],
			"to": [11, 7.8, 6],
			"faces": {
				"north": {"uv": [6.5, 1, 7.25, 1.75], "texture": "#1"},
				"east": {"uv": [0, 0, 0, 0.75], "texture": "#1"},
				"south": {"uv": [0, 7, 0.75, 7.75], "texture": "#1"},
				"west": {"uv": [0, 0, 0, 0.75], "texture": "#1"},
				"up": {"uv": [0.75, 0, 0, 0], "texture": "#1"},
				"down": {"uv": [0.75, 0, 0, 0], "texture": "#1"}
			}
		},
		{
			"from": [9.7, 7.8, 6],
			"to": [11, 9.1, 6],
			"faces": {
				"north": {"uv": [7, 2, 7.75, 2.75], "texture": "#1"},
				"east": {"uv": [0, 0, 0, 0.75], "texture": "#1"},
				"south": {"uv": [3, 7, 3.75, 7.75], "texture": "#1"},
				"west": {"uv": [0, 0, 0, 0.75], "texture": "#1"},
				"up": {"uv": [0.75, 0, 0, 0], "texture": "#1"},
				"down": {"uv": [0.75, 0, 0, 0], "texture": "#1"}
			}
		},
		{
			"from": [8.4, 6.5, 6],
			"to": [9.7, 7.8, 6],
			"faces": {
				"north": {"uv": [1, 7, 1.75, 7.75], "texture": "#1"},
				"east": {"uv": [0, 0, 0, 0.75], "texture": "#1"},
				"south": {"uv": [2, 7, 2.75, 7.75], "texture": "#1"},
				"west": {"uv": [0, 0, 0, 0.75], "texture": "#1"},
				"up": {"uv": [0.75, 0, 0, 0], "texture": "#1"},
				"down": {"uv": [0.75, 0, 0, 0], "texture": "#1"}
			}
		},
		{
			"from": [8.4, 7.8, 6],
			"to": [9.7, 9.1, 6],
			"faces": {
				"north": {"uv": [7, 3, 7.75, 3.75], "texture": "#1"},
				"east": {"uv": [0, 0, 0, 0.75], "texture": "#1"},
				"south": {"uv": [4, 7, 4.75, 7.75], "texture": "#1"},
				"west": {"uv": [0, 0, 0, 0.75], "texture": "#1"},
				"up": {"uv": [0.75, 0, 0, 0], "texture": "#1"},
				"down": {"uv": [0.75, 0, 0, 0], "texture": "#1"}
			}
		},
		{
			"from": [8.4, 9.1, 6],
			"to": [9.7, 10.4, 6],
			"faces": {
				"north": {"uv": [7, 4, 7.75, 4.75], "texture": "#1"},
				"east": {"uv": [0, 0, 0, 0.75], "texture": "#1"},
				"south": {"uv": [5, 7, 5.75, 7.75], "texture": "#1"},
				"west": {"uv": [0, 0, 0, 0.75], "texture": "#1"},
				"up": {"uv": [0.75, 0, 0, 0], "texture": "#1"},
				"down": {"uv": [0.75, 0, 0, 0], "texture": "#1"}
			}
		},
		{
			"from": [9.7, 9.1, 6],
			"to": [11, 10.4, 6],
			"faces": {
				"north": {"uv": [7, 5, 7.75, 5.75], "texture": "#1"},
				"east": {"uv": [0, 0, 0, 0.75], "texture": "#1"},
				"south": {"uv": [6, 7, 6.75, 7.75], "texture": "#1"},
				"west": {"uv": [0, 0, 0, 0.75], "texture": "#1"},
				"up": {"uv": [0.75, 0, 0, 0], "texture": "#1"},
				"down": {"uv": [0.75, 0, 0, 0], "texture": "#1"}
			}
		},
		{
			"from": [9.7, 10.4, 6],
			"to": [11, 11.7, 6],
			"faces": {
				"north": {"uv": [7, 6, 7.75, 6.75], "texture": "#1"},
				"east": {"uv": [0, 0, 0, 0.75], "texture": "#1"},
				"south": {"uv": [7, 7, 7.75, 7.75], "texture": "#1"},
				"west": {"uv": [0, 0, 0, 0.75], "texture": "#1"},
				"up": {"uv": [0.75, 0, 0, 0], "texture": "#1"},
				"down": {"uv": [0.75, 0, 0, 0], "texture": "#1"}
			}
		},
		{
			"from": [8.4, 10.4, 6],
			"to": [9.7, 11.7, 6],
			"faces": {
				"north": {"uv": [7.5, 0, 8.25, 0.75], "texture": "#1"},
				"east": {"uv": [0, 0, 0, 0.75], "texture": "#1"},
				"south": {"uv": [7.5, 1, 8.25, 1.75], "texture": "#1"},
				"west": {"uv": [0, 0, 0, 0.75], "texture": "#1"},
				"up": {"uv": [0.75, 0, 0, 0], "texture": "#1"},
				"down": {"uv": [0.75, 0, 0, 0], "texture": "#1"}
			}
		},
		{
			"from": [8.4, 11.7, 6],
			"to": [9.7, 13, 6],
			"faces": {
				"north": {"uv": [0, 8, 0.75, 8.75], "texture": "#1"},
				"east": {"uv": [0, 0, 0, 0.75], "texture": "#1"},
				"south": {"uv": [1, 8, 1.75, 8.75], "texture": "#1"},
				"west": {"uv": [0, 0, 0, 0.75], "texture": "#1"},
				"up": {"uv": [0.75, 0, 0, 0], "texture": "#1"},
				"down": {"uv": [0.75, 0, 0, 0], "texture": "#1"}
			}
		},
		{
			"from": [9.7, 11.7, 6],
			"to": [11, 13, 6],
			"faces": {
				"north": {"uv": [2, 8, 2.75, 8.75], "texture": "#1"},
				"east": {"uv": [0, 0, 0, 0.75], "texture": "#1"},
				"south": {"uv": [8, 2, 8.75, 2.75], "texture": "#1"},
				"west": {"uv": [0, 0, 0, 0.75], "texture": "#1"},
				"up": {"uv": [0.75, 0, 0, 0], "texture": "#1"},
				"down": {"uv": [0.75, 0, 0, 0], "texture": "#1"}
			}
		},
		{
			"from": [8.4, 0, 6],
			"to": [9.7, 1.3, 6],
			"faces": {
				"north": {"uv": [0, 4, 0.75, 4.75], "texture": "#1"},
				"east": {"uv": [0, 0, 0, 0.75], "texture": "#1"},
				"south": {"uv": [1, 4, 1.75, 4.75], "texture": "#1"},
				"west": {"uv": [0, 0, 0, 0.75], "texture": "#1"},
				"up": {"uv": [0.75, 0, 0, 0], "texture": "#1"},
				"down": {"uv": [0.75, 0, 0, 0], "texture": "#1"}
			}
		},
		{
			"from": [8.4, 1.3, 6],
			"to": [9.7, 2.6, 6],
			"faces": {
				"north": {"uv": [2, 4, 2.75, 4.75], "texture": "#1"},
				"east": {"uv": [0, 0, 0, 0.75], "texture": "#1"},
				"south": {"uv": [4, 2, 4.75, 2.75], "texture": "#1"},
				"west": {"uv": [0, 0, 0, 0.75], "texture": "#1"},
				"up": {"uv": [0.75, 0, 0, 0], "texture": "#1"},
				"down": {"uv": [0.75, 0, 0, 0], "texture": "#1"}
			}
		},
		{
			"from": [9.7, 1.3, 6],
			"to": [11, 2.6, 6],
			"faces": {
				"north": {"uv": [4, 4, 4.75, 4.75], "texture": "#1"},
				"east": {"uv": [0, 0, 0, 0.75], "texture": "#1"},
				"south": {"uv": [0, 5, 0.75, 5.75], "texture": "#1"},
				"west": {"uv": [0, 0, 0, 0.75], "texture": "#1"},
				"up": {"uv": [0.75, 0, 0, 0], "texture": "#1"},
				"down": {"uv": [0.75, 0, 0, 0], "texture": "#1"}
			}
		},
		{
			"from": [11, 1.3, 6],
			"to": [12.3, 2.6, 6],
			"faces": {
				"north": {"uv": [1, 5, 1.75, 5.75], "texture": "#1"},
				"east": {"uv": [0, 0, 0, 0.75], "texture": "#1"},
				"south": {"uv": [2, 5, 2.75, 5.75], "texture": "#1"},
				"west": {"uv": [0, 0, 0, 0.75], "texture": "#1"},
				"up": {"uv": [0.75, 0, 0, 0], "texture": "#1"},
				"down": {"uv": [0.75, 0, 0, 0], "texture": "#1"}
			}
		},
		{
			"from": [11, 2.6, 6],
			"to": [12.3, 3.9, 6],
			"faces": {
				"north": {"uv": [5, 2, 5.75, 2.75], "texture": "#1"},
				"east": {"uv": [0, 0, 0, 0.75], "texture": "#1"},
				"south": {"uv": [3, 5, 3.75, 5.75], "texture": "#1"},
				"west": {"uv": [0, 0, 0, 0.75], "texture": "#1"},
				"up": {"uv": [0.75, 0, 0, 0], "texture": "#1"},
				"down": {"uv": [0.75, 0, 0, 0], "texture": "#1"}
			}
		},
		{
			"from": [9.7, 2.6, 6],
			"to": [11, 3.9, 6],
			"faces": {
				"north": {"uv": [5, 4, 5.75, 4.75], "texture": "#1"},
				"east": {"uv": [0, 0, 0, 0.75], "texture": "#1"},
				"south": {"uv": [5, 5, 5.75, 5.75], "texture": "#1"},
				"west": {"uv": [0, 0, 0, 0.75], "texture": "#1"},
				"up": {"uv": [0.75, 0, 0, 0], "texture": "#1"},
				"down": {"uv": [0.75, 0, 0, 0], "texture": "#1"}
			}
		},
		{
			"from": [8.4, 2.6, 6],
			"to": [9.7, 3.9, 6],
			"faces": {
				"north": {"uv": [5.5, 0, 6.25, 0.75], "texture": "#1"},
				"east": {"uv": [0, 0, 0, 0.75], "texture": "#1"},
				"south": {"uv": [5.5, 1, 6.25, 1.75], "texture": "#1"},
				"west": {"uv": [0, 0, 0, 0.75], "texture": "#1"},
				"up": {"uv": [0.75, 0, 0, 0], "texture": "#1"},
				"down": {"uv": [0.75, 0, 0, 0], "texture": "#1"}
			}
		},
		{
			"from": [7.1, 2.6, 6],
			"to": [8.4, 3.9, 6],
			"faces": {
				"north": {"uv": [0, 6, 0.75, 6.75], "texture": "#1"},
				"east": {"uv": [0, 0, 0, 0.75], "texture": "#1"},
				"south": {"uv": [1, 6, 1.75, 6.75], "texture": "#1"},
				"west": {"uv": [0, 0, 0, 0.75], "texture": "#1"},
				"up": {"uv": [0.75, 0, 0, 0], "texture": "#1"},
				"down": {"uv": [0.75, 0, 0, 0], "texture": "#1"}
			}
		},
		{
			"from": [5.8, 3.9, 6],
			"to": [7.1, 5.2, 6],
			"faces": {
				"north": {"uv": [2, 6, 2.75, 6.75], "texture": "#1"},
				"east": {"uv": [0, 0, 0, 0.75], "texture": "#1"},
				"south": {"uv": [6, 2, 6.75, 2.75], "texture": "#1"},
				"west": {"uv": [0, 0, 0, 0.75], "texture": "#1"},
				"up": {"uv": [0.75, 0, 0, 0], "texture": "#1"},
				"down": {"uv": [0.75, 0, 0, 0], "texture": "#1"}
			}
		},
		{
			"from": [4.5, 3.9, 6],
			"to": [5.8, 5.2, 6],
			"faces": {
				"north": {"uv": [4, 6, 4.75, 6.75], "texture": "#1"},
				"east": {"uv": [0, 0, 0, 0.75], "texture": "#1"},
				"south": {"uv": [6, 4, 6.75, 4.75], "texture": "#1"},
				"west": {"uv": [0, 0, 0, 0.75], "texture": "#1"},
				"up": {"uv": [0.75, 0, 0, 0], "texture": "#1"},
				"down": {"uv": [0.75, 0, 0, 0], "texture": "#1"}
			}
		},
		{
			"from": [12.3, 3.9, 6],
			"to": [13.6, 5.2, 6],
			"faces": {
				"north": {"uv": [5, 6, 5.75, 6.75], "texture": "#1"},
				"east": {"uv": [0, 0, 0, 0.75], "texture": "#1"},
				"south": {"uv": [6, 5, 6.75, 5.75], "texture": "#1"},
				"west": {"uv": [0, 0, 0, 0.75], "texture": "#1"},
				"up": {"uv": [0.75, 0, 0, 0], "texture": "#1"},
				"down": {"uv": [0.75, 0, 0, 0], "texture": "#1"}
			}
		},
		{
			"from": [7, 3.9, 6],
			"to": [12.3, 5.2, 6],
			"faces": {
				"north": {"uv": [0, 2, 2.75, 2.75], "texture": "#1"},
				"east": {"uv": [0, 0, 0, 0.75], "texture": "#1"},
				"south": {"uv": [0, 3, 2.75, 3.75], "texture": "#1"},
				"west": {"uv": [0, 0, 0, 0.75], "texture": "#1"},
				"up": {"uv": [2.75, 0, 0, 0], "texture": "#1"},
				"down": {"uv": [2.75, 0, 0, 0], "texture": "#1"}
			}
		},
		{
			"from": [13.6, 3.9, 6],
			"to": [14.9, 5.2, 6],
			"faces": {
				"north": {"uv": [6, 6, 6.75, 6.75], "texture": "#1"},
				"east": {"uv": [0, 0, 0, 0.75], "texture": "#1"},
				"south": {"uv": [6.5, 0, 7.25, 0.75], "texture": "#1"},
				"west": {"uv": [0, 0, 0, 0.75], "texture": "#1"},
				"up": {"uv": [0.75, 0, 0, 0], "texture": "#1"},
				"down": {"uv": [0.75, 0, 0, 0], "texture": "#1"}
			}
		},
		{
			"from": [4.5, 5.2, 6],
			"to": [14.9, 6.5, 6],
			"faces": {
				"north": {"uv": [0, 0, 5.25, 0.75], "texture": "#1"},
				"east": {"uv": [0, 0, 0, 0.75], "texture": "#1"},
				"south": {"uv": [0, 1, 5.25, 1.75], "texture": "#1"},
				"west": {"uv": [0, 0, 0, 0.75], "texture": "#1"},
				"up": {"uv": [5.25, 0, 0, 0], "texture": "#1"},
				"down": {"uv": [5.25, 0, 0, 0], "texture": "#1"}
			}
		},
		{
			"from": [5.8, 2.6, 6],
			"to": [7.1, 3.9, 6],
			"faces": {
				"north": {"uv": [3, 6, 3.75, 6.75], "texture": "#1"},
				"east": {"uv": [0, 0, 0, 0.75], "texture": "#1"},
				"south": {"uv": [6, 3, 6.75, 3.75], "texture": "#1"},
				"west": {"uv": [0, 0, 0, 0.75], "texture": "#1"},
				"up": {"uv": [0.75, 0, 0, 0], "texture": "#1"},
				"down": {"uv": [0.75, 0, 0, 0], "texture": "#1"}
			}
		},
		{
			"from": [12.3, 2.6, 6],
			"to": [13.6, 3.9, 6],
			"faces": {
				"north": {"uv": [5, 3, 5.75, 3.75], "texture": "#1"},
				"east": {"uv": [0, 0, 0, 0.75], "texture": "#1"},
				"south": {"uv": [4, 5, 4.75, 5.75], "texture": "#1"},
				"west": {"uv": [0, 0, 0, 0.75], "texture": "#1"},
				"up": {"uv": [0.75, 0, 0, 0], "texture": "#1"},
				"down": {"uv": [0.75, 0, 0, 0], "texture": "#1"}
			}
		},
		{
			"from": [7.1, 1.3, 6],
			"to": [8.4, 2.6, 6],
			"faces": {
				"north": {"uv": [3, 4, 3.75, 4.75], "texture": "#1"},
				"east": {"uv": [0, 0, 0, 0.75], "texture": "#1"},
				"south": {"uv": [4, 3, 4.75, 3.75], "texture": "#1"},
				"west": {"uv": [0, 0, 0, 0.75], "texture": "#1"},
				"up": {"uv": [0.75, 0, 0, 0], "texture": "#1"},
				"down": {"uv": [0.75, 0, 0, 0], "texture": "#1"}
			}
		}
	],
	"display": {
		"firstperson_righthand": {
			"translation": [3, 6.75, 0.25]
		},
		"firstperson_lefthand": {
			"translation": [5, 5.25, 0]
		},
		"ground": {
			"translation": [-6.5, 21.5, 7.25],
			"scale": [3.06, 3.03, 3.03]
		},
		"gui": {
			"translation": [-1.5, 1.75, 0]
		},
		"head": {
			"translation": [-6.5, 36.75, 9],
			"scale": [4, 4, 4]
		},
		"fixed": {
			"translation": [-2, 0, 0]
		}
	}
}