{
	"credit": "Made with Blockbench",
	"texture_size": [8, 8],
	"textures": {
		"0": "custom/deko/kopf",
		"1": "custom/deko/augen",
		"2": "custom/deko/haare",
		"3": "custom/deko/ohren",
		"4": "custom/deko/tshirt",
		"5": "custom/deko/hose",
		"6": "custom/deko/tasche",
		"particle": "custom/deko/kopf"
	},
	"elements": [
		{
			"from": [6, 15.4, 9.2],
			"to": [8, 16.2, 11.2],
			"rotation": {"angle": 0, "axis": "y", "origin": [6, 14.2, 9.2]},
			"faces": {
				"north": {"uv": [8, 12.5, 9, 13.5], "texture": "#0"},
				"east": {"uv": [12.5, 10.5, 13.5, 11.5], "texture": "#0"},
				"south": {"uv": [12.5, 11.5, 13.5, 12.5], "texture": "#0"},
				"west": {"uv": [12.5, 12.5, 13.5, 13.5], "texture": "#0"},
				"up": {"uv": [7, 14, 6, 13], "texture": "#0"},
				"down": {"uv": [8, 13, 7, 14], "texture": "#0"}
			}
		},
		{
			"from": [4, 16.2, 9.2],
			"to": [10, 27.2, 11.2],
			"rotation": {"angle": 0, "axis": "y", "origin": [6, 16.2, 9.2]},
			"faces": {
				"north": {"uv": [0, 0, 3, 5.5], "texture": "#0"},
				"east": {"uv": [8.5, 0, 9.5, 5.5], "texture": "#0"},
				"south": {"uv": [3, 0, 6, 5.5], "texture": "#0"},
				"west": {"uv": [8.5, 5.5, 9.5, 11], "texture": "#0"},
				"up": {"uv": [6, 11, 3, 10], "texture": "#0"},
				"down": {"uv": [13.5, 7.5, 10.5, 8.5], "texture": "#0"}
			}
		},
		{
			"from": [4.4, 18.6, 11.2],
			"to": [9.6, 27.1, 13.2],
			"rotation": {"angle": 0, "axis": "y", "origin": [6, 16.6, 11.2]},
			"faces": {
				"north": {"uv": [6, 0, 8.5, 4.5], "texture": "#0"},
				"east": {"uv": [1, 10, 2, 14.5], "texture": "#0"},
				"south": {"uv": [6, 4.5, 8.5, 9], "texture": "#0"},
				"west": {"uv": [2, 10, 3, 14.5], "texture": "#0"},
				"up": {"uv": [14, 1, 11.5, 0], "texture": "#0"},
				"down": {"uv": [14, 1, 11.5, 2], "texture": "#0"}
			}
		},
		{
			"from": [5, 21.6, 13.2],
			"to": [9, 26.7, 15.2],
			"rotation": {"angle": 0, "axis": "y", "origin": [6, 16.6, 13.2]},
			"faces": {
				"north": {"uv": [9.5, 2.5, 11.5, 5], "texture": "#0"},
				"east": {"uv": [4, 11, 5, 13.5], "texture": "#0"},
				"south": {"uv": [9.5, 5, 11.5, 7.5], "texture": "#0"},
				"west": {"uv": [5, 11, 6, 13.5], "texture": "#0"},
				"up": {"uv": [13.5, 5, 11.5, 4], "texture": "#0"},
				"down": {"uv": [13.5, 5, 11.5, 6], "texture": "#0"}
			}
		},
		{
			"from": [6, 23.2, 15.2],
			"to": [8, 26.3, 17.2],
			"rotation": {"angle": 0, "axis": "y", "origin": [6, 17.2, 15.2]},
			"faces": {
				"north": {"uv": [0, 0, 2, 3], "texture": "#2"},
				"east": {"uv": [2, 0, 4, 3], "texture": "#2"},
				"south": {"uv": [0, 3, 2, 6], "texture": "#2"},
				"west": {"uv": [2, 3, 4, 6], "texture": "#2"},
				"up": {"uv": [6, 2, 4, 0], "texture": "#2"},
				"down": {"uv": [6, 2, 4, 4], "texture": "#2"}
			}
		},
		{
			"from": [4.2, 17.2, 7.2],
			"to": [9.8, 26.2, 9.2],
			"rotation": {"angle": 0, "axis": "y", "origin": [6, 16.2, 7.2]},
			"faces": {
				"north": {"uv": [0, 5.5, 3, 10], "texture": "#0"},
				"east": {"uv": [9.5, 7.5, 10.5, 12], "texture": "#0"},
				"south": {"uv": [3, 5.5, 6, 10], "texture": "#0"},
				"west": {"uv": [0, 10, 1, 14.5], "texture": "#0"},
				"up": {"uv": [13.5, 9.5, 10.5, 8.5], "texture": "#0"},
				"down": {"uv": [13.5, 9.5, 10.5, 10.5], "texture": "#0"}
			}
		},
		{
			"from": [4.8, 19.2, 5.2],
			"to": [9.2, 24.2, 7.2],
			"rotation": {"angle": 0, "axis": "y", "origin": [6, 16.2, 5.2]},
			"faces": {
				"north": {"uv": [6, 9, 8, 11.5], "texture": "#0"},
				"east": {"uv": [10.5, 10.5, 11.5, 13], "texture": "#0"},
				"south": {"uv": [9.5, 0, 11.5, 2.5], "texture": "#0"},
				"west": {"uv": [3, 11, 4, 13.5], "texture": "#0"},
				"up": {"uv": [13.5, 3, 11.5, 2], "texture": "#0"},
				"down": {"uv": [13.5, 3, 11.5, 4], "texture": "#0"}
			}
		},
		{
			"from": [6, 20.2, 3.2],
			"to": [8, 23.2, 5.2],
			"rotation": {"angle": 0, "axis": "y", "origin": [6, 16.2, 3.2]},
			"faces": {
				"north": {"uv": [8, 11, 9, 12.5], "texture": "#0"},
				"east": {"uv": [6, 11.5, 7, 13], "texture": "#0"},
				"south": {"uv": [11.5, 6, 12.5, 7.5], "texture": "#0"},
				"west": {"uv": [7, 11.5, 8, 13], "texture": "#0"},
				"up": {"uv": [11, 14, 10, 13], "texture": "#0"},
				"down": {"uv": [14.5, 2, 13.5, 3], "texture": "#0"}
			}
		},
		{
			"from": [3.5, 25.9, 7.8],
			"to": [5.5, 27.9, 9.8],
			"rotation": {"angle": 0, "axis": "y", "origin": [3.5, 25.9, 7.8]},
			"faces": {
				"north": {"uv": [2, 4, 4, 6], "texture": "#1"},
				"east": {"uv": [4, 2, 6, 4], "texture": "#1"},
				"south": {"uv": [4, 4, 6, 6], "texture": "#1"},
				"west": {"uv": [0, 6, 2, 8], "texture": "#1"},
				"up": {"uv": [8, 2, 6, 0], "texture": "#1"},
				"down": {"uv": [4, 6, 2, 8], "texture": "#1"}
			}
		},
		{
			"from": [8.5, 25.9, 7.8],
			"to": [10.5, 27.9, 9.8],
			"rotation": {"angle": 0, "axis": "y", "origin": [10.5, 25.9, 7.8]},
			"faces": {
				"north": {"uv": [0, 0, 2, 2], "texture": "#1"},
				"east": {"uv": [0, 2, 2, 4], "texture": "#1"},
				"south": {"uv": [2, 0, 4, 2], "texture": "#1"},
				"west": {"uv": [2, 2, 4, 4], "texture": "#1"},
				"up": {"uv": [2, 6, 0, 4], "texture": "#1"},
				"down": {"uv": [6, 0, 4, 2], "texture": "#1"}
			}
		},
		{
			"from": [3.4, 28.1, 7.4],
			"to": [5.4, 29.1, 8.4],
			"rotation": {"angle": 22.5, "axis": "z", "origin": [3.4, 28.1, 7.4]},
			"faces": {
				"north": {"uv": [12, 10, 14, 11], "texture": "#2"},
				"east": {"uv": [13, 14, 14, 15], "texture": "#2"},
				"south": {"uv": [11, 12, 13, 13], "texture": "#2"},
				"west": {"uv": [14, 13, 15, 14], "texture": "#2"},
				"up": {"uv": [14, 12, 12, 11], "texture": "#2"},
				"down": {"uv": [15, 0, 13, 1], "texture": "#2"}
			}
		},
		{
			"from": [8.6, 28.1, 7.4],
			"to": [10.6, 29.1, 8.4],
			"rotation": {"angle": -22.5, "axis": "z", "origin": [10.6, 28.1, 7.4]},
			"faces": {
				"north": {"uv": [13, 1, 15, 2], "texture": "#2"},
				"east": {"uv": [14, 14, 15, 15], "texture": "#2"},
				"south": {"uv": [13, 2, 15, 3], "texture": "#2"},
				"west": {"uv": [0, 15, 1, 16], "texture": "#2"},
				"up": {"uv": [15, 4, 13, 3], "texture": "#2"},
				"down": {"uv": [15, 4, 13, 5], "texture": "#2"}
			}
		},
		{
			"from": [5.9, 24.5, 16],
			"to": [8.1, 26.7, 18.2],
			"rotation": {"angle": 0, "axis": "y", "origin": [6, 24.6, 16.1]},
			"faces": {
				"north": {"uv": [4, 4, 6, 6], "texture": "#2"},
				"east": {"uv": [0, 6, 2, 8], "texture": "#2"},
				"south": {"uv": [6, 0, 8, 2], "texture": "#2"},
				"west": {"uv": [2, 6, 4, 8], "texture": "#2"},
				"up": {"uv": [8, 4, 6, 2], "texture": "#2"},
				"down": {"uv": [6, 6, 4, 8], "texture": "#2"}
			}
		},
		{
			"from": [7.7, 25.8, 16],
			"to": [8.9, 28, 17.2],
			"rotation": {"angle": 0, "axis": "y", "origin": [6.8, 25.9, 16.1]},
			"faces": {
				"north": {"uv": [4, 12, 5, 14], "texture": "#2"},
				"east": {"uv": [5, 12, 6, 14], "texture": "#2"},
				"south": {"uv": [6, 12, 7, 14], "texture": "#2"},
				"west": {"uv": [7, 12, 8, 14], "texture": "#2"},
				"up": {"uv": [12, 15, 11, 14], "texture": "#2"},
				"down": {"uv": [15, 11, 14, 12], "texture": "#2"}
			}
		},
		{
			"from": [8.1, 27.5, 15.3],
			"to": [9.3, 29.7, 16.5],
			"rotation": {"angle": 0, "axis": "y", "origin": [7.2, 27.6, 15.4]},
			"faces": {
				"north": {"uv": [1, 12, 2, 14], "texture": "#2"},
				"east": {"uv": [2, 12, 3, 14], "texture": "#2"},
				"south": {"uv": [12, 2, 13, 4], "texture": "#2"},
				"west": {"uv": [3, 12, 4, 14], "texture": "#2"},
				"up": {"uv": [11, 15, 10, 14], "texture": "#2"},
				"down": {"uv": [15, 10, 14, 11], "texture": "#2"}
			}
		},
		{
			"from": [4.9, 27.5, 15.3],
			"to": [6.1, 29.7, 16.5],
			"rotation": {"angle": 0, "axis": "y", "origin": [4, 27.6, 15.4]},
			"faces": {
				"north": {"uv": [11, 8, 12, 10], "texture": "#2"},
				"east": {"uv": [11, 10, 12, 12], "texture": "#2"},
				"south": {"uv": [0, 12, 1, 14], "texture": "#2"},
				"west": {"uv": [12, 0, 13, 2], "texture": "#2"},
				"up": {"uv": [10, 15, 9, 14], "texture": "#2"},
				"down": {"uv": [15, 9, 14, 10], "texture": "#2"}
			}
		},
		{
			"from": [4.3, 28.6, 14.2],
			"to": [6.1, 29.8, 15.4],
			"rotation": {"angle": 0, "axis": "y", "origin": [4, 28.7, 14.3]},
			"faces": {
				"north": {"uv": [11, 4, 13, 5], "texture": "#2"},
				"east": {"uv": [8, 14, 9, 15], "texture": "#2"},
				"south": {"uv": [11, 5, 13, 6], "texture": "#2"},
				"west": {"uv": [14, 8, 15, 9], "texture": "#2"},
				"up": {"uv": [13, 7, 11, 6], "texture": "#2"},
				"down": {"uv": [13, 7, 11, 8], "texture": "#2"}
			}
		},
		{
			"from": [5.6, 25.8, 16],
			"to": [6.8, 28, 17.2],
			"rotation": {"angle": 0, "axis": "y", "origin": [4.7, 25.9, 16.1]},
			"faces": {
				"north": {"uv": [6, 4, 7, 6], "texture": "#2"},
				"east": {"uv": [6, 6, 7, 8], "texture": "#2"},
				"south": {"uv": [7, 4, 8, 6], "texture": "#2"},
				"west": {"uv": [7, 6, 8, 8], "texture": "#2"},
				"up": {"uv": [14, 6, 13, 5], "texture": "#2"},
				"down": {"uv": [14, 6, 13, 7], "texture": "#2"}
			}
		},
		{
			"from": [5.6, 23.1, 17.4],
			"to": [6.8, 25.3, 18.6],
			"rotation": {"angle": 0, "axis": "y", "origin": [4.7, 23.2, 17.5]},
			"faces": {
				"north": {"uv": [0, 8, 1, 10], "texture": "#2"},
				"east": {"uv": [8, 0, 9, 2], "texture": "#2"},
				"south": {"uv": [1, 8, 2, 10], "texture": "#2"},
				"west": {"uv": [2, 8, 3, 10], "texture": "#2"},
				"up": {"uv": [14, 8, 13, 7], "texture": "#2"},
				"down": {"uv": [14, 8, 13, 9], "texture": "#2"}
			}
		},
		{
			"from": [4.7, 23.7, 16.3],
			"to": [5.9, 25.9, 17.5],
			"rotation": {"angle": 0, "axis": "y", "origin": [3.8, 23.8, 16.4]},
			"faces": {
				"north": {"uv": [4, 10, 5, 12], "texture": "#2"},
				"east": {"uv": [10, 4, 11, 6], "texture": "#2"},
				"south": {"uv": [5, 10, 6, 12], "texture": "#2"},
				"west": {"uv": [6, 10, 7, 12], "texture": "#2"},
				"up": {"uv": [6, 15, 5, 14], "texture": "#2"},
				"down": {"uv": [15, 5, 14, 6], "texture": "#2"}
			}
		},
		{
			"from": [8, 24.3, 15.9],
			"to": [9.2, 26.5, 17.1],
			"rotation": {"angle": 0, "axis": "y", "origin": [7.1, 24.4, 16]},
			"faces": {
				"north": {"uv": [8, 12, 9, 14], "texture": "#2"},
				"east": {"uv": [12, 8, 13, 10], "texture": "#2"},
				"south": {"uv": [9, 12, 10, 14], "texture": "#2"},
				"west": {"uv": [10, 12, 11, 14], "texture": "#2"},
				"up": {"uv": [13, 15, 12, 14], "texture": "#2"},
				"down": {"uv": [15, 12, 14, 13], "texture": "#2"}
			}
		},
		{
			"from": [7.4, 23.1, 17.4],
			"to": [8.6, 25.3, 18.6],
			"rotation": {"angle": 0, "axis": "y", "origin": [6.5, 23.2, 17.5]},
			"faces": {
				"north": {"uv": [8, 8, 9, 10], "texture": "#2"},
				"east": {"uv": [9, 0, 10, 2], "texture": "#2"},
				"south": {"uv": [9, 2, 10, 4], "texture": "#2"},
				"west": {"uv": [9, 4, 10, 6], "texture": "#2"},
				"up": {"uv": [14, 14, 13, 13], "texture": "#2"},
				"down": {"uv": [1, 14, 0, 15], "texture": "#2"}
			}
		},
		{
			"from": [7.7, 21.6, 17],
			"to": [8.9, 23.8, 18.2],
			"rotation": {"angle": 0, "axis": "y", "origin": [6.8, 21.7, 17.1]},
			"faces": {
				"north": {"uv": [9, 6, 10, 8], "texture": "#2"},
				"east": {"uv": [9, 8, 10, 10], "texture": "#2"},
				"south": {"uv": [0, 10, 1, 12], "texture": "#2"},
				"west": {"uv": [10, 0, 11, 2], "texture": "#2"},
				"up": {"uv": [2, 15, 1, 14], "texture": "#2"},
				"down": {"uv": [3, 14, 2, 15], "texture": "#2"}
			}
		},
		{
			"from": [8.5, 20.7, 16.1],
			"to": [9.7, 22.9, 17.3],
			"rotation": {"angle": 0, "axis": "y", "origin": [7.6, 20.8, 16.2]},
			"faces": {
				"north": {"uv": [9, 10, 10, 12], "texture": "#2"},
				"east": {"uv": [10, 10, 11, 12], "texture": "#2"},
				"south": {"uv": [11, 0, 12, 2], "texture": "#2"},
				"west": {"uv": [11, 2, 12, 4], "texture": "#2"},
				"up": {"uv": [8, 15, 7, 14], "texture": "#2"},
				"down": {"uv": [15, 7, 14, 8], "texture": "#2"}
			}
		},
		{
			"from": [4.9, 22, 16.9],
			"to": [6.1, 24.2, 18.1],
			"rotation": {"angle": 0, "axis": "y", "origin": [4, 22.1, 17]},
			"faces": {
				"north": {"uv": [8, 2, 9, 4], "texture": "#2"},
				"east": {"uv": [3, 8, 4, 10], "texture": "#2"},
				"south": {"uv": [4, 8, 5, 10], "texture": "#2"},
				"west": {"uv": [8, 4, 9, 6], "texture": "#2"},
				"up": {"uv": [14, 10, 13, 9], "texture": "#2"},
				"down": {"uv": [12, 13, 11, 14], "texture": "#2"}
			}
		},
		{
			"from": [4.3, 21.5, 16.3],
			"to": [5.5, 23.7, 17.5],
			"rotation": {"angle": 0, "axis": "y", "origin": [3.4, 21.6, 16.4]},
			"faces": {
				"north": {"uv": [5, 8, 6, 10], "texture": "#2"},
				"east": {"uv": [6, 8, 7, 10], "texture": "#2"},
				"south": {"uv": [8, 6, 9, 8], "texture": "#2"},
				"west": {"uv": [7, 8, 8, 10], "texture": "#2"},
				"up": {"uv": [13, 14, 12, 13], "texture": "#2"},
				"down": {"uv": [14, 12, 13, 13], "texture": "#2"}
			}
		},
		{
			"from": [3.9, 20.3, 15.8],
			"to": [5.1, 22.5, 17],
			"rotation": {"angle": 0, "axis": "y", "origin": [3, 20.4, 15.9]},
			"faces": {
				"north": {"uv": [1, 10, 2, 12], "texture": "#2"},
				"east": {"uv": [2, 10, 3, 12], "texture": "#2"},
				"south": {"uv": [10, 2, 11, 4], "texture": "#2"},
				"west": {"uv": [3, 10, 4, 12], "texture": "#2"},
				"up": {"uv": [4, 15, 3, 14], "texture": "#2"},
				"down": {"uv": [5, 14, 4, 15], "texture": "#2"}
			}
		},
		{
			"from": [2.5, 21.9, 10],
			"to": [4.5, 24.5, 11.2],
			"rotation": {"angle": -22.5, "axis": "z", "origin": [2.5, 21.9, 9.2]},
			"faces": {
				"north": {"uv": [0, 3, 2, 5.5], "texture": "#3"},
				"east": {"uv": [0, 6, 1.25, 8.5], "texture": "#3"},
				"south": {"uv": [2, 3, 4, 5.5], "texture": "#3"},
				"west": {"uv": [6, 0, 7.25, 2.5], "texture": "#3"},
				"up": {"uv": [6, 7.25, 4, 6], "texture": "#3"},
				"down": {"uv": [8, 5, 6, 6.25], "texture": "#3"}
			}
		},
		{
			"from": [9.6, 21.9, 10],
			"to": [11.6, 24.5, 11.2],
			"rotation": {"angle": 22.5, "axis": "z", "origin": [11.6, 21.9, 9.2]},
			"faces": {
				"north": {"uv": [0, 0, 2, 2.5], "texture": "#3"},
				"east": {"uv": [4, 0, 5.25, 2.5], "texture": "#3"},
				"south": {"uv": [2, 0, 4, 2.5], "texture": "#3"},
				"west": {"uv": [4, 3, 5.25, 5.5], "texture": "#3"},
				"up": {"uv": [4, 7.25, 2, 6], "texture": "#3"},
				"down": {"uv": [8, 3, 6, 4.25], "texture": "#3"}
			}
		},
		{
			"from": [5, 14.6, 8.5],
			"to": [9, 15.6, 11.5],
			"rotation": {"angle": 0, "axis": "y", "origin": [6, 13.6, 9.5]},
			"faces": {
				"north": {"uv": [7.25, 5.5, 8.25, 5.75], "texture": "#4"},
				"east": {"uv": [8, 3.75, 8.75, 4], "texture": "#4"},
				"south": {"uv": [7.25, 5.75, 8.25, 6], "texture": "#4"},
				"west": {"uv": [8, 4, 8.75, 4.25], "texture": "#4"},
				"up": {"uv": [6.5, 2, 5.5, 1.25], "texture": "#4"},
				"down": {"uv": [8.25, 1, 7.25, 1.75], "texture": "#4"}
			}
		},
		{
			"from": [7.3, 2.6, 5.4],
			"to": [10.5, 5.9, 8.2],
			"rotation": {"angle": 0, "axis": "y", "origin": [6, 3.9, 3.9]},
			"faces": {
				"north": {"uv": [4.75, 1, 5.5625, 1.8125], "texture": "#5"},
				"east": {"uv": [0.5, 5.25, 1.1875, 6.0625], "texture": "#5"},
				"south": {"uv": [1.5, 4.75, 2.3125, 5.5625], "texture": "#5"},
				"west": {"uv": [5.5, 2, 6.1875, 2.8125], "texture": "#5"},
				"up": {"uv": [6.3125, 3.6875, 5.5, 3], "texture": "#5"},
				"down": {"uv": [6.3125, 3.75, 5.5, 4.4375], "texture": "#5"}
			}
		},
		{
			"from": [7.7, 2.8, 3.5],
			"to": [10.1, 5.5, 6.3],
			"rotation": {"angle": 0, "axis": "y", "origin": [6, 3.9, 2]},
			"faces": {
				"north": {"uv": [0.5, 6.25, 1.125, 6.9375], "texture": "#5"},
				"east": {"uv": [2.25, 5.75, 2.9375, 6.4375], "texture": "#5"},
				"south": {"uv": [6.25, 1.75, 6.875, 2.4375], "texture": "#5"},
				"west": {"uv": [3, 5.75, 3.6875, 6.4375], "texture": "#5"},
				"up": {"uv": [5.125, 6.9375, 4.5, 6.25], "texture": "#5"},
				"down": {"uv": [6.875, 4.5, 6.25, 5.1875], "texture": "#5"}
			}
		},
		{
			"from": [3.7, 2.8, 3.5],
			"to": [6.1, 5.5, 6.3],
			"rotation": {"angle": 0, "axis": "y", "origin": [2, 3.9, 2]},
			"faces": {
				"north": {"uv": [6.25, 5.25, 6.875, 5.9375], "texture": "#5"},
				"east": {"uv": [3.75, 5.75, 4.4375, 6.4375], "texture": "#5"},
				"south": {"uv": [6.25, 6, 6.875, 6.6875], "texture": "#5"},
				"west": {"uv": [6, 0, 6.6875, 0.6875], "texture": "#5"},
				"up": {"uv": [1.875, 7.1875, 1.25, 6.5], "texture": "#5"},
				"down": {"uv": [2.625, 6.5, 2, 7.1875], "texture": "#5"}
			}
		},
		{
			"from": [3.1, 2.4, 1.7],
			"to": [6.7, 7.8, 3.5],
			"rotation": {"angle": 0, "axis": "y", "origin": [2, 3.9, -0.8]},
			"faces": {
				"north": {"uv": [2, 2, 2.875, 3.375], "texture": "#5"},
				"east": {"uv": [4.5, 4.75, 4.9375, 6.125], "texture": "#5"},
				"south": {"uv": [0, 2.5, 0.875, 3.875], "texture": "#5"},
				"west": {"uv": [5, 2, 5.4375, 3.375], "texture": "#5"},
				"up": {"uv": [7.125, 2.9375, 6.25, 2.5], "texture": "#5"},
				"down": {"uv": [3.625, 6.5, 2.75, 6.9375], "texture": "#5"}
			}
		},
		{
			"from": [3.4, 2.7, 1.4],
			"to": [6.4, 7.4, 1.7],
			"rotation": {"angle": 0, "axis": "y", "origin": [2, 3.9, -2.6]},
			"faces": {
				"north": {"uv": [2, 3.5, 2.75, 4.6875], "texture": "#5"},
				"east": {"uv": [6, 6.5, 6.0625, 7.6875], "texture": "#5"},
				"south": {"uv": [2.75, 3.5, 3.5, 4.6875], "texture": "#5"},
				"west": {"uv": [0, 6.75, 0.0625, 7.9375], "texture": "#5"},
				"up": {"uv": [7.5, 1.3125, 6.75, 1.25], "texture": "#5"},
				"down": {"uv": [7.5, 1.5, 6.75, 1.5625], "texture": "#5"}
			}
		},
		{
			"from": [3.4, 2.7, 3.4],
			"to": [6.4, 7.4, 3.7],
			"rotation": {"angle": 0, "axis": "y", "origin": [2, 3.9, -0.6]},
			"faces": {
				"north": {"uv": [3.5, 3.5, 4.25, 4.6875], "texture": "#5"},
				"east": {"uv": [0.25, 6.75, 0.3125, 7.9375], "texture": "#5"},
				"south": {"uv": [0, 4, 0.75, 5.1875], "texture": "#5"},
				"west": {"uv": [6.25, 6.75, 6.3125, 7.9375], "texture": "#5"},
				"up": {"uv": [7.75, 1.8125, 7, 1.75], "texture": "#5"},
				"down": {"uv": [7.75, 2, 7, 2.0625], "texture": "#5"}
			}
		},
		{
			"from": [3.7, 7.8, 1.7],
			"to": [6.1, 8.8, 3.5],
			"rotation": {"angle": 0, "axis": "y", "origin": [2, 9.3, -0.8]},
			"faces": {
				"north": {"uv": [6.75, 0.75, 7.375, 1], "texture": "#5"},
				"east": {"uv": [1.5, 4.5, 1.9375, 4.75], "texture": "#5"},
				"south": {"uv": [6.75, 1, 7.375, 1.25], "texture": "#5"},
				"west": {"uv": [5, 3.5, 5.4375, 3.75], "texture": "#5"},
				"up": {"uv": [5.875, 6.9375, 5.25, 6.5], "texture": "#5"},
				"down": {"uv": [7.375, 0, 6.75, 0.4375], "texture": "#5"}
			}
		},
		{
			"from": [7.1, 2.4, 1.7],
			"to": [10.7, 7.8, 3.5],
			"rotation": {"angle": 0, "axis": "y", "origin": [6, 3.9, -0.8]},
			"faces": {
				"north": {"uv": [1, 2.5, 1.875, 3.875], "texture": "#5"},
				"east": {"uv": [5, 4.75, 5.4375, 6.125], "texture": "#5"},
				"south": {"uv": [3, 2, 3.875, 3.375], "texture": "#5"},
				"west": {"uv": [0, 5.25, 0.4375, 6.625], "texture": "#5"},
				"up": {"uv": [7.375, 3.4375, 6.5, 3], "texture": "#5"},
				"down": {"uv": [7.375, 3.5, 6.5, 3.9375], "texture": "#5"}
			}
		},
		{
			"from": [7.7, 7.8, 1.7],
			"to": [10.1, 8.8, 3.5],
			"rotation": {"angle": 0, "axis": "y", "origin": [6, 9.3, -0.8]},
			"faces": {
				"north": {"uv": [6, 0.75, 6.625, 1], "texture": "#5"},
				"east": {"uv": [1.5, 4, 1.9375, 4.25], "texture": "#5"},
				"south": {"uv": [6.75, 0.5, 7.375, 0.75], "texture": "#5"},
				"west": {"uv": [1.5, 4.25, 1.9375, 4.5], "texture": "#5"},
				"up": {"uv": [4.375, 6.9375, 3.75, 6.5], "texture": "#5"},
				"down": {"uv": [7.125, 4, 6.5, 4.4375], "texture": "#5"}
			}
		},
		{
			"from": [7.4, 2.7, 1.4],
			"to": [10.4, 7.4, 1.7],
			"rotation": {"angle": 0, "axis": "y", "origin": [6, 3.9, -2.6]},
			"faces": {
				"north": {"uv": [4, 1.25, 4.75, 2.4375], "texture": "#5"},
				"east": {"uv": [0.5, 7, 0.5625, 8.1875], "texture": "#5"},
				"south": {"uv": [4.25, 2.5, 5, 3.6875], "texture": "#5"},
				"west": {"uv": [0.75, 7, 0.8125, 8.1875], "texture": "#5"},
				"up": {"uv": [4.25, 7.0625, 3.5, 7], "texture": "#5"},
				"down": {"uv": [5, 7, 4.25, 7.0625], "texture": "#5"}
			}
		},
		{
			"from": [7.4, 2.7, 3.4],
			"to": [10.4, 7.4, 3.7],
			"rotation": {"angle": 0, "axis": "y", "origin": [6, 3.9, -0.6]},
			"faces": {
				"north": {"uv": [4, 0, 4.75, 1.1875], "texture": "#5"},
				"east": {"uv": [6.5, 6.75, 6.5625, 7.9375], "texture": "#5"},
				"south": {"uv": [0.75, 4, 1.5, 5.1875], "texture": "#5"},
				"west": {"uv": [6.75, 6.75, 6.8125, 7.9375], "texture": "#5"},
				"up": {"uv": [7.75, 2.3125, 7, 2.25], "texture": "#5"},
				"down": {"uv": [3.5, 7, 2.75, 7.0625], "texture": "#5"}
			}
		},
		{
			"from": [3.3, 2.6, 5.4],
			"to": [6.5, 5.9, 8.2],
			"rotation": {"angle": 0, "axis": "y", "origin": [2, 3.9, 3.9]},
			"faces": {
				"north": {"uv": [2.5, 4.75, 3.3125, 5.5625], "texture": "#5"},
				"east": {"uv": [5.5, 4.5, 6.1875, 5.3125], "texture": "#5"},
				"south": {"uv": [3.5, 4.75, 4.3125, 5.5625], "texture": "#5"},
				"west": {"uv": [5.5, 5.5, 6.1875, 6.3125], "texture": "#5"},
				"up": {"uv": [6.5625, 1.6875, 5.75, 1], "texture": "#5"},
				"down": {"uv": [2.0625, 5.75, 1.25, 6.4375], "texture": "#5"}
			}
		},
		{
			"from": [3.3, 2.6, 8.2],
			"to": [10.5, 5.9, 12.5],
			"rotation": {"angle": 0, "axis": "y", "origin": [2, 3.9, 10.5]},
			"faces": {
				"north": {"uv": [2, 0, 3.8125, 0.8125], "texture": "#5"},
				"east": {"uv": [4.25, 3.75, 5.3125, 4.5625], "texture": "#5"},
				"south": {"uv": [2, 1, 3.8125, 1.8125], "texture": "#5"},
				"west": {"uv": [4.75, 0, 5.8125, 0.8125], "texture": "#5"},
				"up": {"uv": [1.8125, 1.0625, 0, 0], "texture": "#5"},
				"down": {"uv": [1.8125, 1.25, 0, 2.3125], "texture": "#5"}
			}
		},
		{
			"from": [3.3, 5.9, 7.2],
			"to": [10.5, 14.6, 12.8],
			"rotation": {"angle": 0, "axis": "y", "origin": [6, 12.6, 9.5]},
			"faces": {
				"north": {"uv": [0, 0, 1.8125, 2.1875], "texture": "#4"},
				"east": {"uv": [0, 2.25, 1.375, 4.4375], "texture": "#4"},
				"south": {"uv": [2, 0, 3.8125, 2.1875], "texture": "#4"},
				"west": {"uv": [1.5, 2.25, 2.875, 4.4375], "texture": "#4"},
				"up": {"uv": [6.3125, 3.375, 4.5, 2], "texture": "#4"},
				"down": {"uv": [6.3125, 3.5, 4.5, 4.875], "texture": "#4"}
			}
		},
		{
			"from": [10.5, 5.9, 7.2],
			"to": [10.9, 13.4, 12.8],
			"rotation": {"angle": 0, "axis": "y", "origin": [13.2, 12.6, 9.5]},
			"faces": {
				"north": {"uv": [4.75, 7.5, 4.875, 9.375], "texture": "#4"},
				"east": {"uv": [3, 2.25, 4.375, 4.125], "texture": "#4"},
				"south": {"uv": [5, 7.5, 5.125, 9.375], "texture": "#4"},
				"west": {"uv": [4, 0, 5.375, 1.875], "texture": "#4"},
				"up": {"uv": [2.625, 5.875, 2.5, 4.5], "texture": "#4"},
				"down": {"uv": [2.875, 4.5, 2.75, 5.875], "texture": "#4"}
			}
		},
		{
			"from": [2.9, 5.9, 7.2],
			"to": [3.3, 13.4, 12.8],
			"rotation": {"angle": 0, "axis": "y", "origin": [5.6, 12.6, 9.5]},
			"faces": {
				"north": {"uv": [5.25, 7.5, 5.375, 9.375], "texture": "#4"},
				"east": {"uv": [3, 4.25, 4.375, 6.125], "texture": "#4"},
				"south": {"uv": [5.5, 7.75, 5.625, 9.625], "texture": "#4"},
				"west": {"uv": [0, 4.5, 1.375, 6.375], "texture": "#4"},
				"up": {"uv": [6.625, 9.125, 6.5, 7.75], "texture": "#4"},
				"down": {"uv": [6.875, 7.75, 6.75, 9.125], "texture": "#4"}
			}
		},
		{
			"from": [1.5, 9.4, 8.4],
			"to": [4.9, 13.9, 12],
			"rotation": {"angle": -22.5, "axis": "z", "origin": [5.2, 13.1, 11.7]},
			"faces": {
				"north": {"uv": [1.5, 4.5, 2.375, 5.625], "texture": "#4"},
				"east": {"uv": [4.5, 5, 5.375, 6.125], "texture": "#4"},
				"south": {"uv": [5.5, 0, 6.375, 1.125], "texture": "#4"},
				"west": {"uv": [5.5, 5, 6.375, 6.125], "texture": "#4"},
				"up": {"uv": [2.375, 7.875, 1.5, 7], "texture": "#4"},
				"down": {"uv": [7.875, 6, 7, 6.875], "texture": "#4"}
			}
		},
		{
			"from": [1.4, 7, 8.9],
			"to": [3.6, 12.4, 11.5],
			"rotation": {"angle": -22.5, "axis": "z", "origin": [4.9, 11.6, 11.7]},
			"faces": {
				"north": {"uv": [0.75, 6.5, 1.3125, 7.875], "texture": "#4"},
				"east": {"uv": [5.5, 6.25, 6.125, 7.625], "texture": "#4"},
				"south": {"uv": [6.5, 1.5, 7.0625, 2.875], "texture": "#4"},
				"west": {"uv": [6.25, 6.25, 6.875, 7.625], "texture": "#4"},
				"up": {"uv": [7.8125, 2.375, 7.25, 1.75], "texture": "#4"},
				"down": {"uv": [7.8125, 2.5, 7.25, 3.125], "texture": "#4"}
			}
		},
		{
			"from": [-0.2, 7.3, 8.8],
			"to": [2.2, 8.9, 11.6],
			"rotation": {"angle": 0, "axis": "y", "origin": [3.4, 8, 11.7]},
			"faces": {
				"north": {"uv": [8, 1.75, 8.5625, 2.125], "texture": "#4"},
				"east": {"uv": [5.75, 7.75, 6.375, 8.125], "texture": "#4"},
				"south": {"uv": [8, 2.25, 8.5625, 2.625], "texture": "#4"},
				"west": {"uv": [0, 8, 0.625, 8.375], "texture": "#4"},
				"up": {"uv": [7.8125, 3.875, 7.25, 3.25], "texture": "#4"},
				"down": {"uv": [7.8125, 4, 7.25, 4.625], "texture": "#4"}
			}
		},
		{
			"from": [-0.2, 5.7, 8.8],
			"to": [0.6, 7.3, 9.6],
			"rotation": {"angle": 0, "axis": "y", "origin": [3.4, 6.4, 11.7]},
			"faces": {
				"north": {"uv": [7.5, 8, 7.625, 8.375], "texture": "#4"},
				"east": {"uv": [8, 7.5, 8.125, 7.875], "texture": "#4"},
				"south": {"uv": [7.75, 8, 7.875, 8.375], "texture": "#4"},
				"west": {"uv": [8, 8, 8.125, 8.375], "texture": "#4"},
				"up": {"uv": [6.625, 6.125, 6.5, 6], "texture": "#4"},
				"down": {"uv": [6.875, 6, 6.75, 6.125], "texture": "#4"}
			}
		},
		{
			"from": [1.2, 6.2, 8.8],
			"to": [2.1, 7.8, 9.7],
			"rotation": {"angle": 0, "axis": "y", "origin": [4.9, 6.9, 11.7]},
			"faces": {
				"north": {"uv": [2.25, 8, 2.4375, 8.375], "texture": "#4"},
				"east": {"uv": [8, 4.25, 8.1875, 4.625], "texture": "#4"},
				"south": {"uv": [8, 4.75, 8.1875, 5.125], "texture": "#4"},
				"west": {"uv": [8, 6, 8.1875, 6.375], "texture": "#4"},
				"up": {"uv": [4.1875, 2.1875, 4, 2], "texture": "#4"},
				"down": {"uv": [4.4375, 2, 4.25, 2.1875], "texture": "#4"}
			}
		},
		{
			"from": [-0.2, 5.7, 9.8],
			"to": [0.6, 7.3, 10.6],
			"rotation": {"angle": 0, "axis": "y", "origin": [3.4, 6.4, 12.7]},
			"faces": {
				"north": {"uv": [8.25, 0, 8.375, 0.375], "texture": "#4"},
				"east": {"uv": [8.25, 0.5, 8.375, 0.875], "texture": "#4"},
				"south": {"uv": [8.25, 1, 8.375, 1.375], "texture": "#4"},
				"west": {"uv": [2.5, 8.25, 2.625, 8.625], "texture": "#4"},
				"up": {"uv": [8.125, 5.375, 8, 5.25], "texture": "#4"},
				"down": {"uv": [8.375, 1.5, 8.25, 1.625], "texture": "#4"}
			}
		},
		{
			"from": [-0.2, 5.7, 10.8],
			"to": [0.6, 7.3, 11.6],
			"rotation": {"angle": 0, "axis": "y", "origin": [3.4, 6.4, 13.6]},
			"faces": {
				"north": {"uv": [2.75, 8.25, 2.875, 8.625], "texture": "#4"},
				"east": {"uv": [3, 8.25, 3.125, 8.625], "texture": "#4"},
				"south": {"uv": [3.25, 8.25, 3.375, 8.625], "texture": "#4"},
				"west": {"uv": [3.5, 8.25, 3.625, 8.625], "texture": "#4"},
				"up": {"uv": [8.375, 6.875, 8.25, 6.75], "texture": "#4"},
				"down": {"uv": [8.375, 7, 8.25, 7.125], "texture": "#4"}
			}
		},
		{
			"from": [9.1, 9.4, 8.4],
			"to": [12.5, 13.9, 12],
			"rotation": {"angle": 22.5, "axis": "z", "origin": [8.8, 13.1, 11.7]},
			"faces": {
				"north": {"uv": [1.5, 5.75, 2.375, 6.875], "texture": "#4"},
				"east": {"uv": [2.5, 6.25, 3.375, 7.375], "texture": "#4"},
				"south": {"uv": [3.5, 6.25, 4.375, 7.375], "texture": "#4"},
				"west": {"uv": [4.5, 6.25, 5.375, 7.375], "texture": "#4"},
				"up": {"uv": [7.875, 7.875, 7, 7], "texture": "#4"},
				"down": {"uv": [8.125, 0, 7.25, 0.875], "texture": "#4"}
			}
		},
		{
			"from": [10.4, 7, 8.9],
			"to": [12.6, 12.4, 11.5],
			"rotation": {"angle": 22.5, "axis": "z", "origin": [9.1, 11.6, 11.7]},
			"faces": {
				"north": {"uv": [6.5, 3, 7.0625, 4.375], "texture": "#4"},
				"east": {"uv": [0, 6.5, 0.625, 7.875], "texture": "#4"},
				"south": {"uv": [6.5, 4.5, 7.0625, 5.875], "texture": "#4"},
				"west": {"uv": [6.5, 0, 7.125, 1.375], "texture": "#4"},
				"up": {"uv": [7.8125, 5.375, 7.25, 4.75], "texture": "#4"},
				"down": {"uv": [3.0625, 7.5, 2.5, 8.125], "texture": "#4"}
			}
		},
		{
			"from": [11.8, 7.3, 8.8],
			"to": [14.2, 8.9, 11.6],
			"rotation": {"angle": 0, "axis": "y", "origin": [10.6, 8, 11.7]},
			"faces": {
				"north": {"uv": [8, 2.75, 8.5625, 3.125], "texture": "#4"},
				"east": {"uv": [0.75, 8, 1.375, 8.375], "texture": "#4"},
				"south": {"uv": [8, 3.25, 8.5625, 3.625], "texture": "#4"},
				"west": {"uv": [1.5, 8, 2.125, 8.375], "texture": "#4"},
				"up": {"uv": [3.8125, 8.125, 3.25, 7.5], "texture": "#4"},
				"down": {"uv": [4.5625, 7.5, 4, 8.125], "texture": "#4"}
			}
		},
		{
			"from": [13.4, 5.7, 8.8],
			"to": [14.2, 7.3, 9.6],
			"rotation": {"angle": 0, "axis": "y", "origin": [10.6, 6.4, 11.7]},
			"faces": {
				"north": {"uv": [3.75, 8.25, 3.875, 8.625], "texture": "#4"},
				"east": {"uv": [4, 8.25, 4.125, 8.625], "texture": "#4"},
				"south": {"uv": [4.25, 8.25, 4.375, 8.625], "texture": "#4"},
				"west": {"uv": [8.25, 4.25, 8.375, 4.625], "texture": "#4"},
				"up": {"uv": [8.375, 7.375, 8.25, 7.25], "texture": "#4"},
				"down": {"uv": [8.375, 7.5, 8.25, 7.625], "texture": "#4"}
			}
		},
		{
			"from": [11.9, 6.2, 8.8],
			"to": [12.8, 7.8, 9.7],
			"rotation": {"angle": 0, "axis": "y", "origin": [9.1, 6.9, 11.7]},
			"faces": {
				"north": {"uv": [8, 6.5, 8.1875, 6.875], "texture": "#4"},
				"east": {"uv": [7, 8, 7.1875, 8.375], "texture": "#4"},
				"south": {"uv": [8, 7, 8.1875, 7.375], "texture": "#4"},
				"west": {"uv": [7.25, 8, 7.4375, 8.375], "texture": "#4"},
				"up": {"uv": [2.6875, 6.1875, 2.5, 6], "texture": "#4"},
				"down": {"uv": [2.9375, 6, 2.75, 6.1875], "texture": "#4"}
			}
		},
		{
			"from": [13.4, 5.7, 9.8],
			"to": [14.2, 7.3, 10.6],
			"rotation": {"angle": 0, "axis": "y", "origin": [10.6, 6.4, 12.7]},
			"faces": {
				"north": {"uv": [4.5, 8.25, 4.625, 8.625], "texture": "#4"},
				"east": {"uv": [8.25, 4.75, 8.375, 5.125], "texture": "#4"},
				"south": {"uv": [8.25, 5.25, 8.375, 5.625], "texture": "#4"},
				"west": {"uv": [5.75, 8.25, 5.875, 8.625], "texture": "#4"},
				"up": {"uv": [8.375, 7.875, 8.25, 7.75], "texture": "#4"},
				"down": {"uv": [8.375, 8, 8.25, 8.125], "texture": "#4"}
			}
		},
		{
			"from": [13.4, 5.7, 10.8],
			"to": [14.2, 7.3, 11.6],
			"rotation": {"angle": 0, "axis": "y", "origin": [10.6, 6.4, 13.6]},
			"faces": {
				"north": {"uv": [8.25, 5.75, 8.375, 6.125], "texture": "#4"},
				"east": {"uv": [6, 8.25, 6.125, 8.625], "texture": "#4"},
				"south": {"uv": [6.25, 8.25, 6.375, 8.625], "texture": "#4"},
				"west": {"uv": [8.25, 6.25, 8.375, 6.625], "texture": "#4"},
				"up": {"uv": [8.375, 8.375, 8.25, 8.25], "texture": "#4"},
				"down": {"uv": [0.125, 8.5, 0, 8.625], "texture": "#4"}
			}
		},
		{
			"from": [3, 3, 8],
			"to": [4, 5.5, 12],
			"rotation": {"angle": 0, "axis": "y", "origin": [3, 3, 8]},
			"faces": {
				"north": {"uv": [10, 0, 12, 5], "texture": "#6"},
				"east": {"uv": [0, 0, 8, 5], "texture": "#6"},
				"south": {"uv": [10, 6, 12, 11], "texture": "#6"},
				"west": {"uv": [0, 6, 8, 11], "texture": "#6"},
				"up": {"uv": [10, 8, 8, 0], "texture": "#6"},
				"down": {"uv": [10, 8, 8, 16], "texture": "#6"}
			}
		}
	],
	"display": {
		"thirdperson_righthand": {
			"rotation": [61.5, 0, 0],
			"translation": [0.25, 0, -0.5],
			"scale": [0.4, 0.4, 0.4]
		},
		"thirdperson_lefthand": {
			"rotation": [61.5, 0, 0],
			"translation": [0.25, 0, -0.5],
			"scale": [0.4, 0.4, 0.4]
		},
		"firstperson_righthand": {
			"rotation": [0, 150, 0],
			"translation": [-2.5, 1.75, 3.25],
			"scale": [0.53, 0.53, 0.53]
		},
		"firstperson_lefthand": {
			"rotation": [0, 150, 0],
			"translation": [-2.5, 1.75, 3.25],
			"scale": [0.53, 0.53, 0.53]
		},
		"ground": {
			"translation": [0, 3.5, 0]
		},
		"head": {
			"translation": [1.25, 10, -2.25],
			"scale": [0.7, 0.7, 0.7]
		},
		"fixed": {
			"rotation": [-90, 0, 0],
			"translation": [2, 0, -21.5],
			"scale": [4, 4, 4]
		}
	},
	"groups": [
		0,
		1,
		2,
		3,
		4,
		5,
		6,
		7,
		8,
		9,
		{
			"name": "group",
			"origin": [4, 25, 6],
			"color": 0,
			"children": [10]
		},
		{
			"name": "group",
			"origin": [4, 25, 6],
			"color": 0,
			"children": [11]
		},
		12,
		13,
		14,
		15,
		16,
		17,
		18,
		19,
		20,
		21,
		22,
		23,
		24,
		25,
		26,
		{
			"name": "group",
			"origin": [2, 18, 7],
			"color": 0,
			"children": [27]
		},
		{
			"name": "group",
			"origin": [2, 18, 7],
			"color": 0,
			"children": [28]
		},
		29,
		30,
		31,
		32,
		33,
		34,
		35,
		36,
		37,
		38,
		39,
		40,
		41,
		42,
		43,
		44,
		45,
		{
			"name": "group",
			"origin": [4.2, 11, 10.6],
			"color": 0,
			"children": [46, 47, 48, 49, 50, 51, 52]
		},
		{
			"name": "group",
			"origin": [4.2, 11, 10.6],
			"color": 0,
			"children": [53, 54, 55, 56, 57, 58, 59]
		},
		60
	]
}