{
	"credit": "MadewithBlockbench",
	"texture_size": [64, 64],
	"textures": {
		"0": "elitecreatures:japan_street_v2/pillarlight1texture"
	},
	"elements": [
		{
			"from": [7, -3, 7],
			"to": [9, 19, 9],
			"rotation": {"angle": 0, "axis": "y", "origin": [8, 0, 8]},
			"faces": {
				"north": {"uv": [0.5, 0.5, 1, 6], "texture": "#0"},
				"east": {"uv": [0, 0.5, 0.5, 6], "texture": "#0"},
				"south": {"uv": [1.5, 0.5, 2, 6], "texture": "#0"},
				"west": {"uv": [1, 0.5, 1.5, 6], "texture": "#0"},
				"up": {"uv": [1, 0.5, 0.5, 0], "texture": "#0"},
				"down": {"uv": [1.5, 0, 1, 0.5], "texture": "#0"}
			}
		},
		{
			"from": [9.5, 22, 7.5],
			"to": [19, 23, 8.5],
			"rotation": {"angle": 0, "axis": "y", "origin": [8, 0, 8]},
			"faces": {
				"north": {"uv": [0.25, 8.25, 2.5, 8.5], "texture": "#0"},
				"east": {"uv": [0, 8.25, 0.25, 8.5], "texture": "#0"},
				"south": {"uv": [2.75, 8.25, 5, 8.5], "texture": "#0"},
				"west": {"uv": [2.5, 8.25, 2.75, 8.5], "texture": "#0"},
				"up": {"uv": [2.5, 8.25, 0.25, 8], "texture": "#0"},
				"down": {"uv": [4.75, 8, 2.5, 8.25], "texture": "#0"}
			}
		},
		{
			"from": [5.5, -16, 5.5],
			"to": [10.5, -3, 10.5],
			"rotation": {"angle": 0, "axis": "y", "origin": [8, 0, 8]},
			"faces": {
				"north": {"uv": [3.25, 1.25, 4.5, 4.5], "texture": "#0"},
				"east": {"uv": [2, 1.25, 3.25, 4.5], "texture": "#0"},
				"south": {"uv": [5.75, 1.25, 7, 4.5], "texture": "#0"},
				"west": {"uv": [4.5, 1.25, 5.75, 4.5], "texture": "#0"},
				"up": {"uv": [4.5, 1.25, 3.25, 0], "texture": "#0"},
				"down": {"uv": [5.75, 0, 4.5, 1.25], "texture": "#0"}
			}
		},
		{
			"from": [6.5, 19, 6.5],
			"to": [9.5, 25, 9.5],
			"rotation": {"angle": 0, "axis": "y", "origin": [8, 0, 8]},
			"faces": {
				"north": {"uv": [2.75, 6, 3.5, 7.5], "texture": "#0"},
				"east": {"uv": [2, 6, 2.75, 7.5], "texture": "#0"},
				"south": {"uv": [4.25, 6, 5, 7.5], "texture": "#0"},
				"west": {"uv": [3.5, 6, 4.25, 7.5], "texture": "#0"},
				"up": {"uv": [3.5, 6, 2.75, 5.25], "texture": "#0"},
				"down": {"uv": [4.25, 5.25, 3.5, 6], "texture": "#0"}
			}
		},
		{
			"from": [13.875, 29, 5],
			"to": [19.875, 30.5, 11],
			"rotation": {"angle": 0, "axis": "y", "origin": [8, 0, 8]},
			"faces": {
				"north": {"uv": [8.5, 4.5, 10, 4.875], "texture": "#0"},
				"east": {"uv": [7, 4.5, 8.5, 4.875], "texture": "#0"},
				"south": {"uv": [11.5, 4.5, 13, 4.875], "texture": "#0"},
				"west": {"uv": [10, 4.5, 11.5, 4.875], "texture": "#0"},
				"up": {"uv": [10, 4.5, 8.5, 3], "texture": "#0"},
				"down": {"uv": [11.5, 3, 10, 4.5], "texture": "#0"}
			}
		},
		{
			"from": [15.875, 23, 7],
			"to": [17.875, 32, 9],
			"rotation": {"angle": 0, "axis": "y", "origin": [8, 0, 8]},
			"faces": {
				"north": {"uv": [11.5, 0.5, 12, 2.75], "texture": "#0"},
				"east": {"uv": [11, 0.5, 11.5, 2.75], "texture": "#0"},
				"south": {"uv": [12.5, 0.5, 13, 2.75], "texture": "#0"},
				"west": {"uv": [12, 0.5, 12.5, 2.75], "texture": "#0"},
				"up": {"uv": [12, 0.5, 11.5, 0], "texture": "#0"},
				"down": {"uv": [12.5, 0, 12, 0.5], "texture": "#0"}
			}
		},
		{
			"from": [-3, 22, 7.5],
			"to": [6.5, 23, 8.5],
			"rotation": {"angle": 0, "axis": "y", "origin": [8, 0, 8]},
			"faces": {
				"north": {"uv": [2.5, 8.25, 0.25, 8.5], "texture": "#0"},
				"east": {"uv": [2.75, 8.25, 2.5, 8.5], "texture": "#0"},
				"south": {"uv": [5, 8.25, 2.75, 8.5], "texture": "#0"},
				"west": {"uv": [0.25, 8.25, 0, 8.5], "texture": "#0"},
				"up": {"uv": [0.25, 8.25, 2.5, 8], "texture": "#0"},
				"down": {"uv": [2.5, 8, 4.75, 8.25], "texture": "#0"}
			}
		},
		{
			"from": [-3, 18, 8],
			"to": [19, 22, 8.1],
			"rotation": {"angle": 0, "axis": "y", "origin": [8, 0, 8]},
			"faces": {
				"north": {"uv": [5, 8, 10.5, 9], "texture": "#0"},
				"east": {"uv": [5, 8, 5.025, 9], "texture": "#0"},
				"south": {"uv": [5, 8, 10.5, 9], "texture": "#0"},
				"west": {"uv": [10.5, 8, 10.525, 9], "texture": "#0"},
				"up": {"uv": [10.5, 8, 5, 8], "texture": "#0"},
				"down": {"uv": [16, 8, 10.5, 8], "texture": "#0"}
			}
		},
		{
			"from": [14.875, 25, 6],
			"to": [18.875, 30, 10],
			"rotation": {"angle": 0, "axis": "y", "origin": [8, 0, 8]},
			"faces": {
				"north": {"uv": [8, 1.25, 9, 2.5], "texture": "#0"},
				"east": {"uv": [7, 1.25, 8, 2.5], "texture": "#0"},
				"south": {"uv": [10, 1.25, 11, 2.5], "texture": "#0"},
				"west": {"uv": [9, 1.25, 10, 2.5], "texture": "#0"},
				"up": {"uv": [9, 1, 8, 0], "texture": "#0"},
				"down": {"uv": [10, 0, 9, 1], "texture": "#0"}
			}
		},
		{
			"from": [-3.875, 29, 5],
			"to": [2.125, 30.5, 11],
			"rotation": {"angle": 0, "axis": "y", "origin": [8, 0, 8]},
			"faces": {
				"north": {"uv": [10, 4.5, 8.5, 4.875], "texture": "#0"},
				"east": {"uv": [11.5, 4.5, 10, 4.875], "texture": "#0"},
				"south": {"uv": [13, 4.5, 11.5, 4.875], "texture": "#0"},
				"west": {"uv": [8.5, 4.5, 7, 4.875], "texture": "#0"},
				"up": {"uv": [8.5, 4.5, 10, 3], "texture": "#0"},
				"down": {"uv": [10, 3, 11.5, 4.5], "texture": "#0"}
			}
		},
		{
			"from": [-2.875, 25, 6],
			"to": [1.125, 30, 10],
			"rotation": {"angle": 0, "axis": "y", "origin": [8, 0, 8]},
			"faces": {
				"north": {"uv": [9, 1.25, 8, 2.5], "texture": "#0"},
				"east": {"uv": [10, 1.25, 9, 2.5], "texture": "#0"},
				"south": {"uv": [11, 1.25, 10, 2.5], "texture": "#0"},
				"west": {"uv": [8, 1.25, 7, 2.5], "texture": "#0"},
				"up": {"uv": [8, 1, 9, 0], "texture": "#0"},
				"down": {"uv": [9, 0, 10, 1], "texture": "#0"}
			}
		},
		{
			"from": [-1.875, 23, 7],
			"to": [0.125, 32, 9],
			"rotation": {"angle": 0, "axis": "y", "origin": [8, 0, 8]},
			"faces": {
				"north": {"uv": [12, 0.5, 11.5, 2.75], "texture": "#0"},
				"east": {"uv": [12.5, 0.5, 12, 2.75], "texture": "#0"},
				"south": {"uv": [13, 0.5, 12.5, 2.75], "texture": "#0"},
				"west": {"uv": [11.5, 0.5, 11, 2.75], "texture": "#0"},
				"up": {"uv": [11.5, 0.5, 12, 0], "texture": "#0"},
				"down": {"uv": [12, 0, 12.5, 0.5], "texture": "#0"}
			}
		}
	],
	"gui_light": "front",
	"display": {
		"thirdperson_righthand": {
			"rotation": [67.5, 0, 0],
			"translation": [0, 0.5, 0.75],
			"scale": [0.15531, 0.15531, 0.15531]
		},
		"thirdperson_lefthand": {
			"rotation": [67.5, 0, 0],
			"translation": [0, 0.5, 0.75],
			"scale": [0.15531, 0.15531, 0.15531]
		},
		"firstperson_righthand": {
			"translation": [4, 5.25, 0],
			"scale": [0.25782, 0.25782, 0.25782]
		},
		"firstperson_lefthand": {
			"translation": [4, 5.25, 0],
			"scale": [0.25782, 0.25782, 0.25782]
		},
		"ground": {
			"translation": [0, 9, 0],
			"scale": [0.35, 0.35, 0.35]
		},
		"gui": {
			"rotation": [30, 135, 0],
			"translation": [0, -0.25, 0],
			"scale": [0.33007, 0.33007, 0.33007]
		},
		"head": {
			"rotation": [0, 180, 0],
			"translation": [0, -4.8, 0],
			"scale": [1.6, 1.6, 1.6]
		},
		"fixed": {
			"rotation": [-90, 0, 0],
			"translation": [0, 0, -48],
			"scale": [2, 2, 2]
		}
	},
	"groups": [
		{
			"name": "group",
			"origin": [8, 0, 8],
			"color": 0,
			"children": [0, 1, 2, 3, 4, 5, 6, 7, 8, 9, 10, 11]
		}
	]
}