{
	"credit": "MadewithBlockbench",
	"texture_size": [64, 64],
	"textures": {
		"0": "elitecreatures:japan_street_v2/flowerbed2texture"
	},
	"elements": [
		{
			"from": [-16, 0, 0],
			"to": [16, 10, 2],
			"rotation": {"angle": 0, "axis": "y", "origin": [0, 0, 8]},
			"faces": {
				"north": {"uv": [8, 3, 0, 5.5], "texture": "#0"},
				"east": {"uv": [8, 0.5, 7.5, 3], "texture": "#0"},
				"south": {"uv": [8, 3, 0, 5.5], "texture": "#0"},
				"west": {"uv": [7.5, 0.5, 8, 3], "texture": "#0"},
				"up": {"uv": [8.75, 0, 8.25, 8], "rotation": 270, "texture": "#0"},
				"down": {"uv": [9.25, 8, 8.75, 0], "rotation": 90, "texture": "#0"}
			}
		},
		{
			"from": [-14, 0, 2],
			"to": [14, 8, 14],
			"rotation": {"angle": 0, "axis": "y", "origin": [0, 0, 8]},
			"faces": {
				"north": {"uv": [0, 12.5, 7, 14.5], "texture": "#0"},
				"east": {"uv": [0, 12.5, 3.5, 14.5], "texture": "#0"},
				"south": {"uv": [0, 12.5, 7, 14.5], "texture": "#0"},
				"west": {"uv": [0, 12.5, 3.5, 14.5], "texture": "#0"},
				"up": {"uv": [7, 8.75, 0, 5.75], "texture": "#0"},
				"down": {"uv": [7, 5.75, 0, 8.75], "texture": "#0"}
			}
		},
		{
			"from": [14, 0, 2],
			"to": [16, 10, 14],
			"rotation": {"angle": 0, "axis": "y", "origin": [8, 4.5, 8]},
			"faces": {
				"north": {"uv": [0.5, 0.5, 0, 3], "texture": "#0"},
				"east": {"uv": [3.75, 0.5, 0.75, 3], "texture": "#0"},
				"south": {"uv": [4.5, 0.5, 4, 3], "texture": "#0"},
				"west": {"uv": [0.75, 0.5, 3.75, 3], "texture": "#0"},
				"up": {"uv": [0.75, 0.5, 3.75, 0], "rotation": 90, "texture": "#0"},
				"down": {"uv": [4, 0, 7.5, 0.5], "rotation": 270, "texture": "#0"}
			}
		},
		{
			"from": [-16, 0, 14],
			"to": [16, 10, 16],
			"rotation": {"angle": 0, "axis": "y", "origin": [2, 0, 8]},
			"faces": {
				"north": {"uv": [0, 3, 8, 5.5], "texture": "#0"},
				"east": {"uv": [7.5, 0.5, 8, 3], "texture": "#0"},
				"south": {"uv": [8, 3, 0, 5.5], "texture": "#0"},
				"west": {"uv": [8, 0.5, 7.5, 3], "texture": "#0"},
				"up": {"uv": [8.25, 8, 8.75, 0], "rotation": 270, "texture": "#0"},
				"down": {"uv": [8.75, 0, 9.25, 8], "rotation": 90, "texture": "#0"}
			}
		},
		{
			"from": [-16, 0, 2],
			"to": [-14, 10, 14],
			"rotation": {"angle": 0, "axis": "y", "origin": [-6, 4.5, 8]},
			"faces": {
				"north": {"uv": [0, 0.5, 0.5, 3], "texture": "#0"},
				"east": {"uv": [3.75, 0.5, 0.75, 3], "texture": "#0"},
				"south": {"uv": [4, 0.5, 4.5, 3], "texture": "#0"},
				"west": {"uv": [0.75, 0.5, 3.75, 3], "texture": "#0"},
				"up": {"uv": [3.75, 0.5, 0.75, 0], "rotation": 270, "texture": "#0"},
				"down": {"uv": [7.5, 0, 4, 0.5], "rotation": 90, "texture": "#0"}
			}
		},
		{
			"from": [-14, 8, 8],
			"to": [-5, 29, 8],
			"rotation": {"angle": 45, "axis": "y", "origin": [-9.5, 18.5, 8.125]},
			"faces": {
				"north": {"uv": [10.25, 0, 12.5, 5.25], "texture": "#0"},
				"east": {"uv": [10.375, 5.875, 10.4375, 11.125], "texture": "#0"},
				"south": {"uv": [10.25, 0, 12.5, 5.25], "texture": "#0"},
				"west": {"uv": [12.5, 0, 12.5, 5.25], "texture": "#0"},
				"up": {"uv": [12.625, 5.875, 10.375, 5.9375], "texture": "#0"},
				"down": {"uv": [14.875, 5.875, 12.625, 5.9375], "texture": "#0"}
			}
		},
		{
			"from": [-14, 8, 8],
			"to": [-5, 29, 8],
			"rotation": {"angle": -45, "axis": "y", "origin": [-9.5, 18.5, 8.125]},
			"faces": {
				"north": {"uv": [10.25, 0, 12.5, 5.25], "texture": "#0"},
				"east": {"uv": [10.375, 5.875, 10.4375, 11.125], "texture": "#0"},
				"south": {"uv": [10.25, 0, 12.5, 5.25], "texture": "#0"},
				"west": {"uv": [12.5, 0, 12.5, 5.25], "texture": "#0"},
				"up": {"uv": [12.625, 5.875, 10.375, 5.9375], "texture": "#0"},
				"down": {"uv": [14.875, 5.875, 12.625, 5.9375], "texture": "#0"}
			}
		},
		{
			"from": [-5, 8, 8],
			"to": [4, 29, 8],
			"rotation": {"angle": 45, "axis": "y", "origin": [-0.5, 18.5, 8.125]},
			"faces": {
				"north": {"uv": [10.25, 0, 12.5, 5.25], "texture": "#0"},
				"east": {"uv": [10.375, 5.875, 10.4375, 11.125], "texture": "#0"},
				"south": {"uv": [10.25, 0, 12.5, 5.25], "texture": "#0"},
				"west": {"uv": [12.5, 0, 12.5, 5.25], "texture": "#0"},
				"up": {"uv": [12.625, 5.875, 10.375, 5.9375], "texture": "#0"},
				"down": {"uv": [14.875, 5.875, 12.625, 5.9375], "texture": "#0"}
			}
		},
		{
			"from": [-5, 8, 8],
			"to": [4, 29, 8],
			"rotation": {"angle": -45, "axis": "y", "origin": [-0.5, 18.5, 8.125]},
			"faces": {
				"north": {"uv": [10.25, 0, 12.5, 5.25], "texture": "#0"},
				"east": {"uv": [10.375, 5.875, 10.4375, 11.125], "texture": "#0"},
				"south": {"uv": [10.25, 0, 12.5, 5.25], "texture": "#0"},
				"west": {"uv": [12.5, 0, 12.5, 5.25], "texture": "#0"},
				"up": {"uv": [12.625, 5.875, 10.375, 5.9375], "texture": "#0"},
				"down": {"uv": [14.875, 5.875, 12.625, 5.9375], "texture": "#0"}
			}
		},
		{
			"from": [4, 8, 8],
			"to": [13, 29, 8],
			"rotation": {"angle": -45, "axis": "y", "origin": [8.5, 18.5, 8.125]},
			"faces": {
				"north": {"uv": [10.25, 0, 12.5, 5.25], "texture": "#0"},
				"east": {"uv": [10.375, 5.875, 10.4375, 11.125], "texture": "#0"},
				"south": {"uv": [10.25, 0, 12.5, 5.25], "texture": "#0"},
				"west": {"uv": [12.5, 0, 12.5, 5.25], "texture": "#0"},
				"up": {"uv": [12.625, 5.875, 10.375, 5.9375], "texture": "#0"},
				"down": {"uv": [14.875, 5.875, 12.625, 5.9375], "texture": "#0"}
			}
		},
		{
			"from": [4, 8, 8],
			"to": [13, 29, 8],
			"rotation": {"angle": 45, "axis": "y", "origin": [8.5, 18.5, 8.125]},
			"faces": {
				"north": {"uv": [10.25, 0, 12.5, 5.25], "texture": "#0"},
				"east": {"uv": [10.375, 5.875, 10.4375, 11.125], "texture": "#0"},
				"south": {"uv": [10.25, 0, 12.5, 5.25], "texture": "#0"},
				"west": {"uv": [12.5, 0, 12.5, 5.25], "texture": "#0"},
				"up": {"uv": [12.625, 5.875, 10.375, 5.9375], "texture": "#0"},
				"down": {"uv": [14.875, 5.875, 12.625, 5.9375], "texture": "#0"}
			}
		}
	],
	"gui_light": "front",
	"display": {
		"thirdperson_righthand": {
			"rotation": [67.5, 0, 0],
			"translation": [1.5, 1.5, 0],
			"scale": [0.17289, 0.17289, 0.17289]
		},
		"thirdperson_lefthand": {
			"rotation": [67.5, 0, 0],
			"translation": [-1.5, 1.5, 0],
			"scale": [0.17289, 0.17289, 0.17289]
		},
		"firstperson_righthand": {
			"translation": [2.75, 3, 0],
			"scale": [0.24415, 0.24415, 0.24415]
		},
		"firstperson_lefthand": {
			"translation": [-0.75, 3, 0],
			"scale": [0.24415, 0.24415, 0.24415]
		},
		"ground": {
			"translation": [2.75, 6, 0],
			"scale": [0.35, 0.35, 0.35]
		},
		"gui": {
			"rotation": [30, 135, 0],
			"translation": [-2.25, 0, 0],
			"scale": [0.41406, 0.41406, 0.41406]
		},
		"head": {
			"rotation": [0, 180, 0],
			"translation": [0, -30.4, 0],
			"scale": [1.6, 1.6, 1.6]
		},
		"fixed": {
			"rotation": [-90, 0, 0],
			"translation": [0, 0, -16],
			"scale": [2, 2, 2]
		}
	},
	"groups": [
		{
			"name": "group",
			"origin": [8.5, 18.5, 8.125],
			"color": 0,
			"children": [0, 1, 2, 3, 4, 5, 6, 7, 8, 9, 10]
		}
	]
}