{
	"credit": "MadewithBlockbench",
	"texture_size": [64, 64],
	"textures": {
		"0": "elitecreatures:japan_street_v2/roadsign1texture"
	},
	"elements": [
		{
			"from": [1.5, -3, 7],
			"to": [3.5, 30, 9],
			"rotation": {"angle": 0, "axis": "y", "origin": [13, 0, 8]},
			"faces": {
				"north": {"uv": [0.5, 0.5, 1, 8.75], "texture": "#0"},
				"east": {"uv": [0, 0.5, 0.5, 8.75], "texture": "#0"},
				"south": {"uv": [1.5, 0.5, 2, 8.75], "texture": "#0"},
				"west": {"uv": [1, 0.5, 1.5, 8.75], "texture": "#0"},
				"up": {"uv": [1, 0.5, 0.5, 0], "texture": "#0"},
				"down": {"uv": [1.5, 0, 1, 0.5], "texture": "#0"}
			}
		},
		{
			"from": [3.5, 22, 7],
			"to": [16, 29, 9],
			"rotation": {"angle": 0, "axis": "y", "origin": [13, 0, 8]},
			"faces": {
				"north": {"uv": [7.5, 2.75, 10.625, 4.5], "texture": "#0"},
				"east": {"uv": [7, 2.75, 7.5, 4.5], "texture": "#0"},
				"south": {"uv": [10.61875, 2.75, 7.49375, 4.5], "texture": "#0"},
				"west": {"uv": [10.61875, 2.75, 11.11875, 4.5], "texture": "#0"},
				"up": {"uv": [10.5, 2.75, 7.5, 2.25], "texture": "#0"},
				"down": {"uv": [13.5, 2.25, 10.5, 2.75], "texture": "#0"}
			}
		},
		{
			"from": [0, -16, 5.5],
			"to": [5, -3, 10.5],
			"rotation": {"angle": 0, "axis": "y", "origin": [13, 0, 8]},
			"faces": {
				"north": {"uv": [3.25, 1.25, 4.5, 4.5], "texture": "#0"},
				"east": {"uv": [2, 1.25, 3.25, 4.5], "texture": "#0"},
				"south": {"uv": [5.75, 1.25, 7, 4.5], "texture": "#0"},
				"west": {"uv": [4.5, 1.25, 5.75, 4.5], "texture": "#0"},
				"up": {"uv": [4.5, 1.25, 3.25, 0], "texture": "#0"},
				"down": {"uv": [5.75, 0, 4.5, 1.25], "texture": "#0"}
			}
		},
		{
			"from": [0, 29, 5.5],
			"to": [5, 32, 10.5],
			"rotation": {"angle": 0, "axis": "y", "origin": [13, 0, 8]},
			"faces": {
				"north": {"uv": [8.5, 1.25, 9.75, 2], "texture": "#0"},
				"east": {"uv": [7.25, 1.25, 8.5, 2], "texture": "#0"},
				"south": {"uv": [11, 1.25, 12.25, 2], "texture": "#0"},
				"west": {"uv": [9.75, 1.25, 11, 2], "texture": "#0"},
				"up": {"uv": [9.75, 1.25, 8.5, 0], "texture": "#0"},
				"down": {"uv": [11, 0, 9.75, 1.25], "texture": "#0"}
			}
		},
		{
			"from": [0, 19, 5.5],
			"to": [5, 22, 10.5],
			"rotation": {"angle": 0, "axis": "y", "origin": [13, 0, 8]},
			"faces": {
				"north": {"uv": [8.5, 1.25, 9.75, 2], "texture": "#0"},
				"east": {"uv": [7.25, 1.25, 8.5, 2], "texture": "#0"},
				"south": {"uv": [11, 1.25, 12.25, 2], "texture": "#0"},
				"west": {"uv": [9.75, 1.25, 11, 2], "texture": "#0"},
				"up": {"uv": [9.75, 1.25, 8.5, 0], "texture": "#0"},
				"down": {"uv": [11, 0, 9.75, 1.25], "texture": "#0"}
			}
		}
	],
	"gui_light": "front",
	"display": {
		"thirdperson_righthand": {
			"rotation": [67.5, 0, 0],
			"translation": [0, 0.25, 0.25],
			"scale": [0.15531, 0.15531, 0.15531]
		},
		"thirdperson_lefthand": {
			"rotation": [67.5, 0, 0],
			"translation": [0, 0.25, 0.25],
			"scale": [0.15531, 0.15531, 0.15531]
		},
		"firstperson_righthand": {
			"translation": [4.75, 4.75, 0],
			"scale": [0.23047, 0.23047, 0.23047]
		},
		"firstperson_lefthand": {
			"rotation": [0, 180, 0],
			"translation": [4.75, 4.75, 0],
			"scale": [0.23047, 0.23047, 0.23047]
		},
		"ground": {
			"translation": [0, 9, 0],
			"scale": [0.35, 0.35, 0.35]
		},
		"gui": {
			"rotation": [30, 135, 0],
			"translation": [-1.25, 0.5, 0],
			"scale": [0.34375, 0.34375, 0.34375]
		},
		"head": {
			"rotation": [0, 180, 0],
			"translation": [0, -4.8, 0],
			"scale": [1.6, 1.6, 1.6]
		},
		"fixed": {
			"rotation": [-90, 0, 0],
			"translation": [0, 0, -48],
			"scale": [2, 2, 2]
		}
	},
	"groups": [
		{
			"name": "group",
			"origin": [13, 0, 8],
			"color": 0,
			"children": [0, 1, 2, 3, 4]
		}
	]
}