{
	"credit": "Made with Blockbench",
	"texture_size": [128, 128],
	"textures": {
		"1": "custom/deko/schildi",
		"particle": "custom/deko/schildi"
	},
	"elements": [
		{
			"name": "body",
			"from": [0, 8, 1],
			"to": [16, 18, 19],
			"rotation": {"angle": 0, "axis": "y", "origin": [8, 0, 8]},
			"faces": {
				"north": {"uv": [2.25, 2.25, 4.25, 3.5], "texture": "#1"},
				"east": {"uv": [0, 2.25, 2.25, 3.5], "texture": "#1"},
				"south": {"uv": [6.5, 2.25, 8.5, 3.5], "texture": "#1"},
				"west": {"uv": [4.25, 2.25, 6.5, 3.5], "texture": "#1"},
				"up": {"uv": [4.25, 2.25, 2.25, 0], "texture": "#1"},
				"down": {"uv": [6.25, 0, 4.25, 2.25], "texture": "#1"}
			}
		},
		{
			"name": "body",
			"from": [2, 6, 2],
			"to": [14, 10, 18],
			"rotation": {"angle": 0, "axis": "y", "origin": [8, 0, 8]},
			"faces": {
				"north": {"uv": [2, 5.5, 3.5, 6], "texture": "#1"},
				"east": {"uv": [0, 5.5, 2, 6], "texture": "#1"},
				"south": {"uv": [5.5, 5.5, 7, 6], "texture": "#1"},
				"west": {"uv": [3.5, 5.5, 5.5, 6], "texture": "#1"},
				"up": {"uv": [3.5, 5.5, 2, 3.5], "texture": "#1"},
				"down": {"uv": [5, 3.5, 3.5, 5.5], "texture": "#1"}
			}
		},
		{
			"name": "head",
			"from": [5, 6, -6],
			"to": [11, 11, 2],
			"rotation": {"angle": 0, "axis": "y", "origin": [8, 0, 8]},
			"faces": {
				"north": {"uv": [6, 4.5, 6.75, 5.125], "texture": "#1"},
				"east": {"uv": [5, 4.5, 6, 5.125], "texture": "#1"},
				"south": {"uv": [7.75, 4.5, 8.5, 5.125], "texture": "#1"},
				"west": {"uv": [6.75, 4.5, 7.75, 5.125], "texture": "#1"},
				"up": {"uv": [6.75, 4.5, 6, 3.5], "texture": "#1"},
				"down": {"uv": [7.5, 3.5, 6.75, 4.5], "texture": "#1"}
			}
		},
		{
			"name": "leg1",
			"from": [0, 0, 0],
			"to": [5, 8, 6],
			"rotation": {"angle": 0, "axis": "y", "origin": [8, 0, 8]},
			"faces": {
				"north": {"uv": [7, 0.75, 7.625, 1.75], "texture": "#1"},
				"east": {"uv": [6.25, 0.75, 7, 1.75], "texture": "#1"},
				"south": {"uv": [8.375, 0.75, 9, 1.75], "texture": "#1"},
				"west": {"uv": [7.625, 0.75, 8.375, 1.75], "texture": "#1"},
				"up": {"uv": [7.625, 0.75, 7, 0], "texture": "#1"},
				"down": {"uv": [8.25, 0, 7.625, 0.75], "texture": "#1"}
			}
		},
		{
			"name": "leg2",
			"from": [11, 0, 0],
			"to": [16, 8, 6],
			"rotation": {"angle": 0, "axis": "y", "origin": [8, 0, 8]},
			"faces": {
				"north": {"uv": [6.25, 6.75, 6.875, 7.75], "texture": "#1"},
				"east": {"uv": [5.5, 6.75, 6.25, 7.75], "texture": "#1"},
				"south": {"uv": [7.625, 6.75, 8.25, 7.75], "texture": "#1"},
				"west": {"uv": [6.875, 6.75, 7.625, 7.75], "texture": "#1"},
				"up": {"uv": [6.875, 6.75, 6.25, 6], "texture": "#1"},
				"down": {"uv": [7.5, 6, 6.875, 6.75], "texture": "#1"}
			}
		},
		{
			"name": "leg3",
			"from": [11, 0, 14],
			"to": [16, 8, 20],
			"rotation": {"angle": 0, "axis": "y", "origin": [8, 0, 8]},
			"faces": {
				"north": {"uv": [3.5, 6.75, 4.125, 7.75], "texture": "#1"},
				"east": {"uv": [2.75, 6.75, 3.5, 7.75], "texture": "#1"},
				"south": {"uv": [4.875, 6.75, 5.5, 7.75], "texture": "#1"},
				"west": {"uv": [4.125, 6.75, 4.875, 7.75], "texture": "#1"},
				"up": {"uv": [4.125, 6.75, 3.5, 6], "texture": "#1"},
				"down": {"uv": [4.75, 6, 4.125, 6.75], "texture": "#1"}
			}
		},
		{
			"name": "leg4",
			"from": [0, 0, 14],
			"to": [5, 8, 20],
			"rotation": {"angle": 0, "axis": "y", "origin": [8, 0, 8]},
			"faces": {
				"north": {"uv": [0.75, 6.75, 1.375, 7.75], "texture": "#1"},
				"east": {"uv": [0, 6.75, 0.75, 7.75], "texture": "#1"},
				"south": {"uv": [2.125, 6.75, 2.75, 7.75], "texture": "#1"},
				"west": {"uv": [1.375, 6.75, 2.125, 7.75], "texture": "#1"},
				"up": {"uv": [1.375, 6.75, 0.75, 6], "texture": "#1"},
				"down": {"uv": [2, 6, 1.375, 6.75], "texture": "#1"}
			}
		}
	],
	"display": {
		"firstperson_righthand": {
			"rotation": [14, 39, 0],
			"translation": [2, 1.5, 0],
			"scale": [0.31, 0.39, 0.25]
		},
		"firstperson_lefthand": {
			"rotation": [14, 39, 0],
			"translation": [2, 1.5, 0],
			"scale": [0.31, 0.39, 0.25]
		},
		"ground": {
			"translation": [0, 3.75, 0]
		},
		"head": {
			"translation": [0, 2.25, -1.5]
		},
		"fixed": {
			"rotation": [-90, 0, 0],
			"translation": [0, -4.5, -14.5],
			"scale": [2.29, 2.23, 2.17]
		}
	},
	"groups": [
		{
			"name": "body",
			"origin": [8, 10, 10],
			"color": 0,
			"children": [
				0,
				1,
				{
					"name": "head",
					"origin": [8, 8, 2],
					"color": 1,
					"children": [2]
				}
			]
		},
		{
			"name": "leg1",
			"origin": [2, 8, 3],
			"color": 2,
			"children": [3]
		},
		{
			"name": "leg2",
			"origin": [13, 8, 3],
			"color": 3,
			"children": [4]
		},
		{
			"name": "leg3",
			"origin": [13, 8, 17],
			"color": 4,
			"children": [5]
		},
		{
			"name": "leg4",
			"origin": [2, 8, 17],
			"color": 5,
			"children": [6]
		}
	]
}