{
	"credit": "Made with Blockbench",
	"texture_size": [64, 64],
	"textures": {
		"2": "custom/deko/seelowe",
		"particle": "custom/deko/seelowe"
	},
	"elements": [
		{
			"name": "body",
			"from": [4, 0, 2],
			"to": [12, 7, 15],
			"rotation": {"angle": 0, "axis": "y", "origin": [8, 0, 8]},
			"faces": {
				"north": {"uv": [3.25, 3.25, 5.25, 5], "texture": "#2"},
				"east": {"uv": [0, 3.25, 3.25, 5], "texture": "#2"},
				"south": {"uv": [8.5, 3.25, 10.5, 5], "texture": "#2"},
				"west": {"uv": [5.25, 3.25, 8.5, 5], "texture": "#2"},
				"up": {"uv": [5.25, 3.25, 3.25, 0], "texture": "#2"},
				"down": {"uv": [7.25, 0, 5.25, 3.25], "texture": "#2"}
			}
		},
		{
			"name": "tail",
			"from": [5, 0, 15],
			"to": [11, 5, 24],
			"rotation": {"angle": 0, "axis": "y", "origin": [8, 0, 8]},
			"faces": {
				"north": {"uv": [8.25, 7.25, 9.75, 8.5], "texture": "#2"},
				"east": {"uv": [6, 7.25, 8.25, 8.5], "texture": "#2"},
				"south": {"uv": [12, 7.25, 13.5, 8.5], "texture": "#2"},
				"west": {"uv": [9.75, 7.25, 12, 8.5], "texture": "#2"},
				"up": {"uv": [9.75, 7.25, 8.25, 5], "texture": "#2"},
				"down": {"uv": [11.25, 5, 9.75, 7.25], "texture": "#2"}
			}
		},
		{
			"name": "leg2",
			"from": [8, 2, 23],
			"to": [12, 3, 30],
			"rotation": {"angle": 0, "axis": "y", "origin": [8, 0, 8]},
			"faces": {
				"north": {"uv": [6, 10.25, 7, 10.5], "texture": "#2"},
				"east": {"uv": [4.25, 10.25, 6, 10.5], "texture": "#2"},
				"south": {"uv": [8.75, 10.25, 9.75, 10.5], "texture": "#2"},
				"west": {"uv": [7, 10.25, 8.75, 10.5], "texture": "#2"},
				"up": {"uv": [7, 10.25, 6, 8.5], "texture": "#2"},
				"down": {"uv": [8, 8.5, 7, 10.25], "texture": "#2"}
			}
		},
		{
			"name": "leg1",
			"from": [4, 2, 23],
			"to": [8, 3, 30],
			"rotation": {"angle": 0, "axis": "y", "origin": [8, 0, 8]},
			"faces": {
				"north": {"uv": [9, 1.75, 10, 2], "texture": "#2"},
				"east": {"uv": [7.25, 1.75, 9, 2], "texture": "#2"},
				"south": {"uv": [11.75, 1.75, 12.75, 2], "texture": "#2"},
				"west": {"uv": [10, 1.75, 11.75, 2], "texture": "#2"},
				"up": {"uv": [10, 1.75, 9, 0], "texture": "#2"},
				"down": {"uv": [11, 0, 10, 1.75], "texture": "#2"}
			}
		},
		{
			"name": "head",
			"from": [5, 2, 0],
			"to": [11, 16, 6],
			"rotation": {"angle": 0, "axis": "y", "origin": [8, 0, 8]},
			"faces": {
				"north": {"uv": [1.5, 6.5, 3, 10], "texture": "#2"},
				"east": {"uv": [0, 6.5, 1.5, 10], "texture": "#2"},
				"south": {"uv": [4.5, 6.5, 6, 10], "texture": "#2"},
				"west": {"uv": [3, 6.5, 4.5, 10], "texture": "#2"},
				"up": {"uv": [3, 6.5, 1.5, 5], "texture": "#2"},
				"down": {"uv": [4.5, 5, 3, 6.5], "texture": "#2"}
			}
		},
		{
			"name": "head",
			"from": [6, 11, -2],
			"to": [10, 13, 0],
			"rotation": {"angle": 0, "axis": "y", "origin": [8, 0, 8]},
			"faces": {
				"north": {"uv": [0.5, 0.5, 1.5, 1], "texture": "#2"},
				"east": {"uv": [0, 0.5, 0.5, 1], "texture": "#2"},
				"south": {"uv": [2, 0.5, 3, 1], "texture": "#2"},
				"west": {"uv": [1.5, 0.5, 2, 1], "texture": "#2"},
				"up": {"uv": [1.5, 0.5, 0.5, 0], "texture": "#2"},
				"down": {"uv": [2.5, 0, 1.5, 0.5], "texture": "#2"}
			}
		},
		{
			"name": "arm1",
			"from": [-3, 2, 3],
			"to": [4, 3, 7],
			"rotation": {"angle": 0, "axis": "y", "origin": [8, 0, 8]},
			"faces": {
				"north": {"uv": [9, 9.5, 10.75, 9.75], "texture": "#2"},
				"east": {"uv": [8, 9.5, 9, 9.75], "texture": "#2"},
				"south": {"uv": [11.75, 9.5, 13.5, 9.75], "texture": "#2"},
				"west": {"uv": [10.75, 9.5, 11.75, 9.75], "texture": "#2"},
				"up": {"uv": [10.75, 9.5, 9, 8.5], "texture": "#2"},
				"down": {"uv": [12.5, 8.5, 10.75, 9.5], "texture": "#2"}
			}
		},
		{
			"name": "arm2",
			"from": [12, 2, 3],
			"to": [19, 3, 7],
			"rotation": {"angle": 0, "axis": "y", "origin": [8, 0, 8]},
			"faces": {
				"north": {"uv": [8.25, 3, 10, 3.25], "texture": "#2"},
				"east": {"uv": [7.25, 3, 8.25, 3.25], "texture": "#2"},
				"south": {"uv": [11, 3, 12.75, 3.25], "texture": "#2"},
				"west": {"uv": [10, 3, 11, 3.25], "texture": "#2"},
				"up": {"uv": [10, 3, 8.25, 2], "texture": "#2"},
				"down": {"uv": [11.75, 2, 10, 3], "texture": "#2"}
			}
		}
	],
	"display": {
		"head": {
			"translation": [0, 14.25, -5.5]
		},
		"fixed": {
			"rotation": [-90, 0, 0],
			"translation": [0, -6.25, -18.5],
			"scale": [2.51, 2.36, 2.2]
		}
	},
	"groups": [
		{
			"name": "body",
			"origin": [8, 3, 9],
			"color": 0,
			"children": [
				0,
				{
					"name": "tail",
					"origin": [8, 3, 15],
					"color": 1,
					"children": [
						1,
						{
							"name": "leg",
							"origin": [8, 2, 24],
							"color": 2,
							"children": [
								{
									"name": "leg2",
									"origin": [10, 2, 24],
									"color": 3,
									"children": [2]
								},
								{
									"name": "leg1",
									"origin": [6, 2, 24],
									"color": 4,
									"children": [3]
								}
							]
						}
					]
				},
				{
					"name": "head",
					"origin": [8, 4, 2],
					"color": 5,
					"children": [4, 5]
				},
				{
					"name": "arm1",
					"origin": [4, 2, 5],
					"color": 6,
					"children": [6]
				},
				{
					"name": "arm2",
					"origin": [12, 2, 5],
					"color": 7,
					"children": [7]
				}
			]
		}
	]
}