{
	"credit": "Made with Blockbench",
	"texture_size": [64, 64],
	"textures": {
		"0": "custom/deko/setup",
		"particle": "custom/deko/setup"
	},
	"elements": [
		{
			"from": [-2, 0, 7],
			"to": [0, 13, 12],
			"rotation": {"angle": 0, "axis": "y", "origin": [-2, 0, 7]},
			"faces": {
				"north": {"uv": [6.75, 9, 7.25, 12.25], "texture": "#0"},
				"east": {"uv": [5.5, 3.25, 6.75, 6.5], "texture": "#0"},
				"south": {"uv": [7.25, 9, 7.75, 12.25], "texture": "#0"},
				"west": {"uv": [5, 6.5, 6.25, 9.75], "texture": "#0"},
				"up": {"uv": [2, 10.75, 1.5, 9.5], "texture": "#0"},
				"down": {"uv": [2.5, 9.5, 2, 10.75], "texture": "#0"}
			}
		},
		{
			"from": [16, 0, 7],
			"to": [18, 13, 13],
			"rotation": {"angle": 0, "axis": "y", "origin": [16, 0, 7]},
			"faces": {
				"north": {"uv": [1, 8.75, 1.5, 12], "texture": "#0"},
				"east": {"uv": [0, 5.5, 1.5, 8.75], "texture": "#0"},
				"south": {"uv": [6.25, 9, 6.75, 12.25], "texture": "#0"},
				"west": {"uv": [5.5, 0, 7, 3.25], "texture": "#0"},
				"up": {"uv": [9.75, 1.5, 9.25, 0], "texture": "#0"},
				"down": {"uv": [9.75, 1.5, 9.25, 3], "texture": "#0"}
			}
		},
		{
			"from": [11, 0, 6],
			"to": [15, 10, 13],
			"rotation": {"angle": 0, "axis": "y", "origin": [13, 0, 7]},
			"faces": {
				"north": {"uv": [3.75, 8, 4.75, 10.5], "texture": "#0"},
				"east": {"uv": [1.5, 5.5, 3.25, 8], "texture": "#0"},
				"south": {"uv": [0, 8.75, 1, 11.25], "texture": "#0"},
				"west": {"uv": [3.25, 5.5, 5, 8], "texture": "#0"},
				"up": {"uv": [9.5, 8, 8.5, 6.25], "texture": "#0"},
				"down": {"uv": [10, 3, 9, 4.75], "texture": "#0"}
			}
		},
		{
			"from": [11, 10, 6],
			"to": [15, 11, 13],
			"rotation": {"angle": 0, "axis": "y", "origin": [13, 1, 7]},
			"faces": {
				"north": {"uv": [1.875, 5.5, 2.875, 8], "texture": "#0"},
				"east": {"uv": [1.5, 5.5, 3.25, 8], "texture": "#0"},
				"south": {"uv": [0, 8.75, 1, 11.25], "texture": "#0"},
				"west": {"uv": [1.75, 5.625, 2.875, 7.25], "texture": "#0"},
				"up": {"uv": [9.5, 8, 8.5, 6.25], "texture": "#0"},
				"down": {"uv": [10, 3, 9, 4.75], "texture": "#0"}
			}
		},
		{
			"from": [10.4, 10, 5.4],
			"to": [15, 11, 6],
			"rotation": {"angle": 0, "axis": "y", "origin": [13, 1, 0]},
			"faces": {
				"north": {"uv": [1.875, 5.5, 2.875, 8], "texture": "#0"},
				"east": {"uv": [1.5, 5.5, 3.25, 8], "texture": "#0"},
				"south": {"uv": [0, 8.75, 1, 11.25], "texture": "#0"},
				"west": {"uv": [1.75, 5.625, 2.875, 7.25], "texture": "#0"},
				"up": {"uv": [9.5, 8, 8.5, 6.25], "texture": "#0"},
				"down": {"uv": [10, 3, 9, 4.75], "texture": "#0"}
			}
		},
		{
			"from": [10.4, 10, 6],
			"to": [11, 11, 13],
			"rotation": {"angle": 0, "axis": "y", "origin": [9, 1, 7]},
			"faces": {
				"north": {"uv": [1.875, 5.5, 2.875, 8], "texture": "#0"},
				"east": {"uv": [1.5, 5.5, 3.25, 8], "texture": "#0"},
				"south": {"uv": [0, 8.75, 1, 11.25], "texture": "#0"},
				"west": {"uv": [1.75, 5.625, 2.875, 7.25], "texture": "#0"},
				"up": {"uv": [9.5, 8, 8.5, 6.25], "texture": "#0"},
				"down": {"uv": [10, 3, 9, 4.75], "texture": "#0"}
			}
		},
		{
			"from": [10.4, -0.3, 5.4],
			"to": [15, 0.7, 6],
			"rotation": {"angle": 0, "axis": "y", "origin": [13, -9.3, 0]},
			"faces": {
				"north": {"uv": [1.875, 5.5, 2.875, 8], "texture": "#0"},
				"east": {"uv": [1.5, 5.5, 3.25, 8], "texture": "#0"},
				"south": {"uv": [0, 8.75, 1, 11.25], "texture": "#0"},
				"west": {"uv": [1.75, 5.625, 2.875, 7.25], "texture": "#0"},
				"up": {"uv": [9.5, 8, 8.5, 6.25], "texture": "#0"},
				"down": {"uv": [10, 3, 9, 4.75], "texture": "#0"}
			}
		},
		{
			"from": [10.4, -0.3, 6],
			"to": [11, 0.7, 13],
			"rotation": {"angle": 0, "axis": "y", "origin": [9, -9.3, 7]},
			"faces": {
				"north": {"uv": [1.875, 5.5, 2.875, 8], "texture": "#0"},
				"east": {"uv": [1.5, 5.5, 3.25, 8], "texture": "#0"},
				"south": {"uv": [0, 8.75, 1, 11.25], "texture": "#0"},
				"west": {"uv": [1.75, 5.625, 2.875, 7.25], "texture": "#0"},
				"up": {"uv": [9.5, 8, 8.5, 6.25], "texture": "#0"},
				"down": {"uv": [10, 3, 9, 4.75], "texture": "#0"}
			}
		},
		{
			"from": [16, 11, 4],
			"to": [18, 13, 7],
			"rotation": {"angle": 0, "axis": "y", "origin": [16, 0, 1]},
			"faces": {
				"north": {"uv": [9.75, 2.25, 10.25, 2.75], "texture": "#0"},
				"east": {"uv": [2.5, 9.5, 3.25, 10], "texture": "#0"},
				"south": {"uv": [5.75, 9.75, 6.25, 10.25], "texture": "#0"},
				"west": {"uv": [7.75, 9.5, 8.5, 10], "texture": "#0"},
				"up": {"uv": [5.5, 6.25, 5, 5.5], "texture": "#0"},
				"down": {"uv": [3.75, 9.5, 3.25, 10.25], "texture": "#0"}
			}
		},
		{
			"from": [-3, 13, 3],
			"to": [19, 15, 14],
			"rotation": {"angle": 0, "axis": "y", "origin": [16, 2, 1]},
			"faces": {
				"north": {"uv": [6.25, 8, 11.75, 8.5], "texture": "#0"},
				"east": {"uv": [9, 4.75, 11.75, 5.25], "texture": "#0"},
				"south": {"uv": [6.25, 8.5, 11.75, 9], "texture": "#0"},
				"west": {"uv": [9, 5.25, 11.75, 5.75], "texture": "#0"},
				"up": {"uv": [5.5, 2.75, 0, 0], "texture": "#0"},
				"down": {"uv": [5.5, 2.75, 0, 5.5], "texture": "#0"}
			}
		},
		{
			"from": [17.4, 14.5, 3.5],
			"to": [18.7, 15.5, 5.5],
			"rotation": {"angle": 0, "axis": "y", "origin": [15.7, 3.5, 1.5]},
			"faces": {
				"north": {"uv": [10.25, 9.5, 10.625, 9.75], "texture": "#0"},
				"east": {"uv": [5, 6.25, 5.5, 6.5], "texture": "#0"},
				"south": {"uv": [10.25, 9.75, 10.625, 10], "texture": "#0"},
				"west": {"uv": [7.75, 6.25, 8.25, 6.5], "texture": "#0"},
				"up": {"uv": [10.625, 0.75, 10.25, 0.25], "texture": "#0"},
				"down": {"uv": [10.625, 1.25, 10.25, 1.75], "texture": "#0"}
			}
		},
		{
			"from": [17.6, 14.9, 3.7],
			"to": [18.5, 15.6, 5.3],
			"rotation": {"angle": 0, "axis": "y", "origin": [15.7, 3.9, 1.5]},
			"faces": {
				"north": {"uv": [10.75, 9.25, 11, 9.375], "texture": "#0"},
				"east": {"uv": [3.25, 10.75, 3.625, 10.875], "texture": "#0"},
				"south": {"uv": [9.5, 10.75, 9.75, 10.875], "texture": "#0"},
				"west": {"uv": [10.75, 3.25, 11.125, 3.375], "texture": "#0"},
				"up": {"uv": [4.25, 10.875, 4, 10.5], "texture": "#0"},
				"down": {"uv": [4.5, 10.5, 4.25, 10.875], "texture": "#0"}
			}
		},
		{
			"from": [15.4, 14.9, 3.7],
			"to": [16.3, 15.6, 5.3],
			"rotation": {"angle": 0, "axis": "y", "origin": [13.5, 3.9, 1.5]},
			"faces": {
				"north": {"uv": [10.75, 9.5, 11, 9.625], "texture": "#0"},
				"east": {"uv": [10.75, 3.5, 11.125, 3.625], "texture": "#0"},
				"south": {"uv": [10.75, 9.75, 11, 9.875], "texture": "#0"},
				"west": {"uv": [10.75, 5.75, 11.125, 5.875], "texture": "#0"},
				"up": {"uv": [4.75, 10.875, 4.5, 10.5], "texture": "#0"},
				"down": {"uv": [6, 10.5, 5.75, 10.875], "texture": "#0"}
			}
		},
		{
			"from": [15.2, 14.5, 3.5],
			"to": [16.5, 15.5, 5.5],
			"rotation": {"angle": 0, "axis": "y", "origin": [13.5, 3.5, 1.5]},
			"faces": {
				"north": {"uv": [10, 10.25, 10.375, 10.5], "texture": "#0"},
				"east": {"uv": [5.75, 10.25, 6.25, 10.5], "texture": "#0"},
				"south": {"uv": [10.5, 0.75, 10.875, 1], "texture": "#0"},
				"west": {"uv": [10.25, 9, 10.75, 9.25], "texture": "#0"},
				"up": {"uv": [10.625, 2.25, 10.25, 1.75], "texture": "#0"},
				"down": {"uv": [10.625, 2.25, 10.25, 2.75], "texture": "#0"}
			}
		},
		{
			"from": [17.5, 14.3, 4.6],
			"to": [18.1, 15.3, 6.6],
			"rotation": {"angle": 0, "axis": "y", "origin": [15.7, 3.3, 2.6]},
			"faces": {
				"north": {"uv": [10.75, 6, 10.875, 6.25], "texture": "#0"},
				"east": {"uv": [10.25, 3.25, 10.75, 3.5], "texture": "#0"},
				"south": {"uv": [10.75, 7.75, 10.875, 8], "texture": "#0"},
				"west": {"uv": [10.25, 3.5, 10.75, 3.75], "texture": "#0"},
				"up": {"uv": [10.875, 2, 10.75, 1.5], "texture": "#0"},
				"down": {"uv": [1.875, 10.75, 1.75, 11.25], "texture": "#0"}
			}
		},
		{
			"from": [16.3, 14.3, 5.9],
			"to": [17.7, 15.3, 6.9],
			"rotation": {"angle": 0, "axis": "y", "origin": [15.3, 3.3, 3.9]},
			"faces": {
				"north": {"uv": [10.5, 1, 10.875, 1.25], "texture": "#0"},
				"east": {"uv": [2.25, 10.75, 2.5, 11], "texture": "#0"},
				"south": {"uv": [10.5, 2.75, 10.875, 3], "texture": "#0"},
				"west": {"uv": [10.75, 2.5, 11, 2.75], "texture": "#0"},
				"up": {"uv": [10.875, 3.25, 10.5, 3], "texture": "#0"},
				"down": {"uv": [3.875, 10.5, 3.5, 10.75], "texture": "#0"}
			}
		},
		{
			"from": [15.8, 14.3, 4.6],
			"to": [16.4, 15.3, 6.6],
			"rotation": {"angle": 0, "axis": "y", "origin": [14, 3.3, 2.6]},
			"faces": {
				"north": {"uv": [10.75, 9, 10.875, 9.25], "texture": "#0"},
				"east": {"uv": [9.25, 10.25, 9.75, 10.5], "texture": "#0"},
				"south": {"uv": [9.25, 10.75, 9.375, 11], "texture": "#0"},
				"west": {"uv": [10.25, 9.25, 10.75, 9.5], "texture": "#0"},
				"up": {"uv": [2.125, 11.25, 2, 10.75], "texture": "#0"},
				"down": {"uv": [10.875, 2, 10.75, 2.5], "texture": "#0"}
			}
		},
		{
			"from": [13.8, 13.2, 5.5],
			"to": [15.2, 16.8, 6.9],
			"rotation": {"angle": 0, "axis": "y", "origin": [25, 1.4, 2.7]},
			"faces": {
				"north": {"uv": [3, 10, 3.25, 11], "texture": "#0"},
				"east": {"uv": [7.75, 10, 8, 11], "texture": "#0"},
				"south": {"uv": [8, 10, 8.25, 11], "texture": "#0"},
				"west": {"uv": [8.25, 10, 8.5, 11], "texture": "#0"},
				"up": {"uv": [9.75, 10.75, 9.5, 10.5], "texture": "#0"},
				"down": {"uv": [11, 0.5, 10.75, 0.75], "texture": "#0"}
			}
		},
		{
			"from": [14, 13.1, 5.7],
			"to": [15, 17.3, 6.7],
			"rotation": {"angle": 0, "axis": "y", "origin": [25, 2.1, 2.7]},
			"faces": {
				"north": {"uv": [8.5, 10, 8.75, 11], "texture": "#0"},
				"east": {"uv": [8.75, 10, 9, 11], "texture": "#0"},
				"south": {"uv": [9, 10, 9.25, 11], "texture": "#0"},
				"west": {"uv": [9.75, 10, 10, 11], "texture": "#0"},
				"up": {"uv": [11, 1.5, 10.75, 1.25], "texture": "#0"},
				"down": {"uv": [1.75, 10.75, 1.5, 11], "texture": "#0"}
			}
		},
		{
			"from": [14.1, 16.9, 5.8],
			"to": [14.9, 17.7, 6.5],
			"rotation": {"angle": 0, "axis": "y", "origin": [25, 6, 2.7]},
			"faces": {
				"north": {"uv": [10, 10.75, 10.125, 10.875], "texture": "#0"},
				"east": {"uv": [10.25, 10.75, 10.375, 10.875], "texture": "#0"},
				"south": {"uv": [10.5, 10.75, 10.625, 10.875], "texture": "#0"},
				"west": {"uv": [10.75, 10.75, 10.875, 10.875], "texture": "#0"},
				"up": {"uv": [11.125, 0.625, 11, 0.5], "texture": "#0"},
				"down": {"uv": [11.125, 0.75, 11, 0.875], "texture": "#0"}
			}
		},
		{
			"from": [3, 14.8, 12.7],
			"to": [4, 15.4, 14.7],
			"rotation": {"angle": -22.5, "axis": "y", "origin": [17, 3.8, 6.7]},
			"faces": {
				"north": {"uv": [3.75, 10.75, 4, 10.875], "texture": "#0"},
				"east": {"uv": [10, 10.5, 10.5, 10.625], "texture": "#0"},
				"south": {"uv": [6, 10.75, 6.25, 10.875], "texture": "#0"},
				"west": {"uv": [10.5, 10.25, 11, 10.375], "texture": "#0"},
				"up": {"uv": [10.5, 3.25, 10.25, 2.75], "texture": "#0"},
				"down": {"uv": [3.5, 10.25, 3.25, 10.75], "texture": "#0"}
			}
		},
		{
			"from": [4.3, 14.9, 6.4],
			"to": [11.3, 15.5, 8.4],
			"rotation": {"angle": 0, "axis": "y", "origin": [18.3, 3.9, 0.4]},
			"faces": {
				"north": {"uv": [10, 10, 11.75, 10.125], "texture": "#0"},
				"east": {"uv": [10.5, 10.5, 11, 10.625], "texture": "#0"},
				"south": {"uv": [10.25, 0, 12, 0.125], "texture": "#0"},
				"west": {"uv": [10.75, 0.25, 11.25, 0.375], "texture": "#0"},
				"up": {"uv": [10.75, 6.25, 9, 5.75], "texture": "#0"},
				"down": {"uv": [9.5, 9, 7.75, 9.5], "texture": "#0"}
			}
		},
		{
			"from": [4, 17.5, 11.4],
			"to": [13, 23.5, 12.4],
			"rotation": {"angle": 0, "axis": "y", "origin": [16, 6.5, -0.6]},
			"faces": {
				"north": {"uv": [6.25, 6.5, 8.5, 8], "texture": "#0"},
				"east": {"uv": [4.75, 8, 5, 9.5], "texture": "#0"},
				"south": {"uv": [6.75, 3.25, 9, 4.75], "texture": "#0"},
				"west": {"uv": [4.75, 9.5, 5, 11], "texture": "#0"},
				"up": {"uv": [11.75, 6.5, 9.5, 6.25], "texture": "#0"},
				"down": {"uv": [11.75, 6.5, 9.5, 6.75], "texture": "#0"}
			}
		},
		{
			"from": [5.5, 19.7, 16],
			"to": [9.5, 20.7, 17],
			"rotation": {"angle": -22.5, "axis": "y", "origin": [16.5, 5.7, 4]},
			"faces": {
				"north": {"uv": [6.75, 6.25, 7.75, 6.5], "texture": "#0"},
				"east": {"uv": [3.5, 10.25, 3.75, 10.5], "texture": "#0"},
				"south": {"uv": [7, 3, 8, 3.25], "texture": "#0"},
				"west": {"uv": [6, 10.5, 6.25, 10.75], "texture": "#0"},
				"up": {"uv": [9, 3.25, 8, 3], "texture": "#0"},
				"down": {"uv": [10.5, 7.75, 9.5, 8], "texture": "#0"}
			}
		},
		{
			"from": [7.4, 19.7, 16],
			"to": [11.4, 20.7, 17],
			"rotation": {"angle": 22.5, "axis": "y", "origin": [0.4, 5.7, 4]},
			"faces": {
				"north": {"uv": [10, 3.75, 11, 4], "texture": "#0"},
				"east": {"uv": [10.5, 7.75, 10.75, 8], "texture": "#0"},
				"south": {"uv": [10, 4, 11, 4.25], "texture": "#0"},
				"west": {"uv": [9.25, 10.5, 9.5, 10.75], "texture": "#0"},
				"up": {"uv": [11, 4.5, 10, 4.25], "texture": "#0"},
				"down": {"uv": [11, 4.5, 10, 4.75], "texture": "#0"}
			}
		},
		{
			"from": [8, 17.5, 7.5],
			"to": [17, 23.5, 8.5],
			"rotation": {"angle": 22.5, "axis": "y", "origin": [20, 6.5, -4.5]},
			"faces": {
				"north": {"uv": [7, 1.5, 9.25, 3], "texture": "#0"},
				"east": {"uv": [5.25, 9.75, 5.5, 11.25], "texture": "#0"},
				"south": {"uv": [1.5, 8, 3.75, 9.5], "texture": "#0"},
				"west": {"uv": [5.5, 9.75, 5.75, 11.25], "texture": "#0"},
				"up": {"uv": [11.75, 7.5, 9.5, 7.25], "texture": "#0"},
				"down": {"uv": [11.75, 7.5, 9.5, 7.75], "texture": "#0"}
			}
		},
		{
			"from": [-1, 17.5, 13.5],
			"to": [8, 23.5, 14.5],
			"rotation": {"angle": -22.5, "axis": "y", "origin": [11, 6.5, 1.5]},
			"faces": {
				"north": {"uv": [6.75, 4.75, 9, 6.25], "texture": "#0"},
				"east": {"uv": [9.75, 0.75, 10, 2.25], "texture": "#0"},
				"south": {"uv": [7, 0, 9.25, 1.5], "texture": "#0"},
				"west": {"uv": [5, 9.75, 5.25, 11.25], "texture": "#0"},
				"up": {"uv": [11.75, 7, 9.5, 6.75], "texture": "#0"},
				"down": {"uv": [11.75, 7, 9.5, 7.25], "texture": "#0"}
			}
		},
		{
			"from": [8, 10.5, 18.1],
			"to": [9, 14.5, 19.1],
			"rotation": {"angle": -22.5, "axis": "x", "origin": [16, -0.5, 6.1]},
			"faces": {
				"north": {"uv": [10, 1.25, 10.25, 2.25], "texture": "#0"},
				"east": {"uv": [2.5, 10, 2.75, 11], "texture": "#0"},
				"south": {"uv": [2.75, 10, 3, 11], "texture": "#0"},
				"west": {"uv": [10, 2.75, 10.25, 3.75], "texture": "#0"},
				"up": {"uv": [8.5, 6.5, 8.25, 6.25], "texture": "#0"},
				"down": {"uv": [10, 2.75, 9.75, 3], "texture": "#0"}
			}
		},
		{
			"from": [-2, 11, 4],
			"to": [0, 13, 7],
			"rotation": {"angle": 0, "axis": "y", "origin": [-2, 0, 1]},
			"faces": {
				"north": {"uv": [9.75, 9.5, 10.25, 10], "texture": "#0"},
				"east": {"uv": [8.5, 9.5, 9.25, 10], "texture": "#0"},
				"south": {"uv": [10, 0.75, 10.5, 1.25], "texture": "#0"},
				"west": {"uv": [9.5, 9, 10.25, 9.5], "texture": "#0"},
				"up": {"uv": [9.75, 10.25, 9.25, 9.5], "texture": "#0"},
				"down": {"uv": [10.25, 0, 9.75, 0.75], "texture": "#0"}
			}
		}
	],
	"display": {
		"fixed": {
			"rotation": [-89, 0, 0],
			"translation": [0, 0, -31.25],
			"scale": [4, 4, 4]
		}
	},
	"groups": [
		0,
		1,
		2,
		3,
		4,
		5,
		6,
		7,
		8,
		9,
		10,
		11,
		12,
		13,
		14,
		15,
		16,
		17,
		18,
		19,
		20,
		21,
		22,
		23,
		24,
		25,
		26,
		{
			"name": "group",
			"origin": [16, 4, 1],
			"color": 0,
			"children": [27]
		},
		28
	]
}