{
	"credit": "MadewithBlockbench",
	"texture_size": [256, 256],
	"textures": {
		"0": "custom/deko/shop1texture",
		"particle": "custom/deko/shop1texture"
	},
	"elements": [
		{
			"from": [-16, 32, -16],
			"to": [32, 32, 32],
			"rotation": {"angle": 0, "axis": "y", "origin": [8, 28, 8]},
			"faces": {
				"north": {"uv": [0, 0, 3, 0], "texture": "#0"},
				"east": {"uv": [3, 0, 6, 0], "texture": "#0"},
				"south": {"uv": [0, 3.0625, 3, 3.0625], "texture": "#0"},
				"west": {"uv": [3, 3.0625, 6, 3.0625], "texture": "#0"},
				"up": {"uv": [9, 3, 6, 0], "texture": "#0"},
				"down": {"uv": [8.96875, 0, 5.96875, 3], "texture": "#0"}
			}
		},
		{
			"from": [-15.95, -16, -12],
			"to": [-13.95, 32, -10],
			"rotation": {"angle": 0, "axis": "y", "origin": [8, 0, 8]},
			"faces": {
				"north": {"uv": [0.25, 8.25, 0.125, 11.25], "texture": "#0"},
				"east": {"uv": [0.375, 8.25, 0.25, 11.25], "texture": "#0"},
				"south": {"uv": [0.5, 8.25, 0.375, 11.25], "texture": "#0"},
				"west": {"uv": [0.125, 8.25, 0, 11.25], "texture": "#0"},
				"up": {"uv": [0.125, 8.25, 0.25, 8.125], "texture": "#0"},
				"down": {"uv": [0.25, 8.125, 0.375, 8.25], "texture": "#0"}
			}
		},
		{
			"from": [-13, -16, -16],
			"to": [29, -4, 0],
			"rotation": {"angle": 0, "axis": "y", "origin": [8, 0, 8]},
			"faces": {
				"north": {"uv": [5.25, 6.375, 7.875, 7.125], "texture": "#0"},
				"east": {"uv": [0, 7.375, 1, 8.125], "texture": "#0"},
				"south": {"uv": [0, 6.375, 2.625, 7.125], "texture": "#0"},
				"west": {"uv": [1, 7.375, 2, 8.125], "texture": "#0"},
				"up": {"uv": [5.25, 7.125, 2.625, 6.125], "texture": "#0"},
				"down": {"uv": [7.875, 7.15625, 5.25, 8.15625], "texture": "#0"}
			}
		},
		{
			"from": [-13, -2, -16],
			"to": [29, -2, 0],
			"rotation": {"angle": 0, "axis": "y", "origin": [8, 0, 8]},
			"faces": {
				"north": {"uv": [0, 6.125, 2.625, 6.125], "texture": "#0"},
				"east": {"uv": [0, 7.125, 1, 7.125], "texture": "#0"},
				"south": {"uv": [5.25, 6.125, 7.875, 6.125], "texture": "#0"},
				"west": {"uv": [1, 7.125, 2, 7.125], "texture": "#0"},
				"up": {"uv": [4.65625, 8.125, 2.03125, 7.125], "texture": "#0"},
				"down": {"uv": [2.625, 2.0625, 0, 3.0625], "texture": "#0"}
			}
		},
		{
			"from": [29.95, -16, -12],
			"to": [31.95, 32, -10],
			"rotation": {"angle": 0, "axis": "y", "origin": [8, 0, 8]},
			"faces": {
				"north": {"uv": [0.125, 8.25, 0.25, 11.25], "texture": "#0"},
				"east": {"uv": [0, 8.25, 0.125, 11.25], "texture": "#0"},
				"south": {"uv": [0.375, 8.25, 0.5, 11.25], "texture": "#0"},
				"west": {"uv": [0.25, 8.25, 0.375, 11.25], "texture": "#0"},
				"up": {"uv": [0.25, 8.25, 0.125, 8.125], "texture": "#0"},
				"down": {"uv": [0.375, 8.125, 0.25, 8.25], "texture": "#0"}
			}
		},
		{
			"from": [29.95, -16, 4],
			"to": [31.95, 32, 6],
			"rotation": {"angle": 0, "axis": "y", "origin": [8, 0, 8]},
			"faces": {
				"north": {"uv": [0.125, 8.25, 0.25, 11.25], "texture": "#0"},
				"east": {"uv": [0, 8.25, 0.125, 11.25], "texture": "#0"},
				"south": {"uv": [0.375, 8.25, 0.5, 11.25], "texture": "#0"},
				"west": {"uv": [0.25, 8.25, 0.375, 11.25], "texture": "#0"},
				"up": {"uv": [0.25, 8.25, 0.125, 8.125], "texture": "#0"},
				"down": {"uv": [0.375, 8.125, 0.25, 8.25], "texture": "#0"}
			}
		},
		{
			"from": [-15.95, -16, 4],
			"to": [-13.95, 32, 6],
			"rotation": {"angle": 0, "axis": "y", "origin": [8, 0, 8]},
			"faces": {
				"north": {"uv": [0.25, 8.25, 0.125, 11.25], "texture": "#0"},
				"east": {"uv": [0.375, 8.25, 0.25, 11.25], "texture": "#0"},
				"south": {"uv": [0.5, 8.25, 0.375, 11.25], "texture": "#0"},
				"west": {"uv": [0.125, 8.25, 0, 11.25], "texture": "#0"},
				"up": {"uv": [0.125, 8.25, 0.25, 8.125], "texture": "#0"},
				"down": {"uv": [0.25, 8.125, 0.375, 8.25], "texture": "#0"}
			}
		},
		{
			"from": [19, -16, 25.75],
			"to": [31, -8, 31.75],
			"rotation": {"angle": 0, "axis": "y", "origin": [11, -12, 28.75]},
			"faces": {
				"north": {"uv": [0.875, 8.5, 1.625, 9], "texture": "#0"},
				"east": {"uv": [0.5, 8.5, 0.875, 9], "texture": "#0"},
				"south": {"uv": [2, 8.5, 2.75, 9], "texture": "#0"},
				"west": {"uv": [1.625, 8.5, 2, 9], "texture": "#0"},
				"up": {"uv": [1.625, 8.5, 0.875, 8.125], "texture": "#0"},
				"down": {"uv": [2.375, 8.125, 1.625, 8.5], "texture": "#0"}
			}
		},
		{
			"from": [5, -16, 25.75],
			"to": [17, -8, 31.75],
			"rotation": {"angle": 0, "axis": "y", "origin": [11, -4, 28.75]},
			"faces": {
				"north": {"uv": [0.875, 8.5, 1.625, 9], "texture": "#0"},
				"east": {"uv": [0.5, 8.5, 0.875, 9], "texture": "#0"},
				"south": {"uv": [2, 8.5, 2.75, 9], "texture": "#0"},
				"west": {"uv": [1.625, 8.5, 2, 9], "texture": "#0"},
				"up": {"uv": [1.625, 8.5, 0.875, 8.125], "texture": "#0"},
				"down": {"uv": [2.375, 8.125, 1.625, 8.5], "texture": "#0"}
			}
		},
		{
			"from": [-9, -16, 23],
			"to": [0, -6, 27],
			"rotation": {"angle": -22.5, "axis": "y", "origin": [-11.75, -8.25, 29]},
			"faces": {
				"north": {"uv": [0.875, 9.25, 1.4375, 9.875], "texture": "#0"},
				"east": {"uv": [0.625, 9.25, 0.875, 9.875], "texture": "#0"},
				"south": {"uv": [1.6875, 9.25, 2.25, 9.875], "texture": "#0"},
				"west": {"uv": [1.4375, 9.25, 1.6875, 9.875], "texture": "#0"},
				"up": {"uv": [1.4375, 9.25, 0.875, 9], "texture": "#0"},
				"down": {"uv": [2, 9, 1.4375, 9.25], "texture": "#0"}
			}
		},
		{
			"from": [-8, -6, 24],
			"to": [-6, -5, 26],
			"rotation": {"angle": -22.5, "axis": "y", "origin": [-11.75, -8.25, 29]},
			"faces": {
				"north": {"uv": [0.625, 10, 0.75, 10.0625], "texture": "#0"},
				"east": {"uv": [0.5, 10, 0.625, 10.0625], "texture": "#0"},
				"south": {"uv": [0.875, 10, 1, 10.0625], "texture": "#0"},
				"west": {"uv": [0.75, 10, 0.875, 10.0625], "texture": "#0"},
				"up": {"uv": [0.75, 10, 0.625, 9.875], "texture": "#0"},
				"down": {"uv": [0.875, 9.875, 0.75, 10], "texture": "#0"}
			}
		},
		{
			"from": [24, -2, -12.5],
			"to": [32, -1, 6.5],
			"rotation": {"angle": -45, "axis": "y", "origin": [25, -1.5, -8.5]},
			"faces": {
				"north": {"uv": [3.4375, 9.3125, 3.9375, 9.375], "texture": "#0"},
				"east": {"uv": [2.25, 9.3125, 3.4375, 9.375], "texture": "#0"},
				"south": {"uv": [5.125, 9.3125, 5.625, 9.375], "texture": "#0"},
				"west": {"uv": [3.9375, 9.3125, 5.125, 9.375], "texture": "#0"},
				"up": {"uv": [3.9375, 9.3125, 3.4375, 8.125], "texture": "#0"},
				"down": {"uv": [4.4375, 8.125, 3.9375, 9.3125], "texture": "#0"}
			}
		},
		{
			"from": [19.44975, -1, -5.46447],
			"to": [23.44975, -0.975, 2.53553],
			"rotation": {"angle": 22.5, "axis": "y", "origin": [21.44975, -0.98125, -0.87868]},
			"faces": {
				"north": {"uv": [3, 9.875, 3.25, 9.875], "texture": "#0"},
				"east": {"uv": [2.5, 9.875, 3, 9.875], "texture": "#0"},
				"south": {"uv": [2.25, 9.875, 2.5, 9.875], "texture": "#0"},
				"west": {"uv": [1.75, 9.875, 2.25, 9.875], "texture": "#0"},
				"up": {"uv": [2.5, 9.875, 2.25, 9.375], "rotation": 180, "texture": "#0"},
				"down": {"uv": [2.5, 9.375, 2.25, 9.875], "rotation": 180, "texture": "#0"}
			}
		},
		{
			"from": [14.36108, -1, 0.11713],
			"to": [22.36108, -0.95, 4.11713],
			"rotation": {"angle": -22.5, "axis": "y", "origin": [18.36108, -0.975, 2.11713]},
			"faces": {
				"north": {"uv": [3, 9.875, 3.5, 9.875], "texture": "#0"},
				"east": {"uv": [2.75, 9.875, 3, 9.875], "texture": "#0"},
				"south": {"uv": [2.25, 9.875, 2.75, 9.875], "texture": "#0"},
				"west": {"uv": [3.5, 9.875, 3.75, 9.875], "texture": "#0"},
				"up": {"uv": [3, 9.875, 2.75, 9.375], "rotation": 90, "texture": "#0"},
				"down": {"uv": [3, 9.375, 2.75, 9.875], "rotation": 270, "texture": "#0"}
			}
		},
		{
			"from": [-16, 12.5, -12.1],
			"to": [32, 13.5, -12.1],
			"rotation": {"angle": 0, "axis": "y", "origin": [8, 0, 8]},
			"faces": {
				"north": {"uv": [4.4375, 8.3125, 7.4375, 8.375], "texture": "#0"},
				"east": {"uv": [4.4375, 8.3125, 4.4375, 8.375], "texture": "#0"},
				"south": {"uv": [4.4375, 8.3125, 7.4375, 8.375], "texture": "#0"},
				"west": {"uv": [7.4375, 8.3125, 7.4375, 8.375], "texture": "#0"},
				"up": {"uv": [7.4375, 8.3125, 4.4375, 8.3125], "texture": "#0"},
				"down": {"uv": [7.4375, 8.3125, 4.4375, 8.3125], "texture": "#0"}
			}
		},
		{
			"from": [-16, 12.5, 3.9],
			"to": [32, 13.5, 3.9],
			"rotation": {"angle": 0, "axis": "y", "origin": [8, 13, 4]},
			"faces": {
				"north": {"uv": [4.4375, 8.3125, 7.4375, 8.375], "texture": "#0"},
				"east": {"uv": [4.4375, 8.3125, 4.4375, 8.375], "texture": "#0"},
				"south": {"uv": [4.4375, 8.3125, 7.4375, 8.375], "texture": "#0"},
				"west": {"uv": [7.4375, 8.3125, 7.4375, 8.375], "texture": "#0"},
				"up": {"uv": [7.4375, 8.3125, 4.4375, 8.3125], "texture": "#0"},
				"down": {"uv": [7.4375, 8.3125, 4.4375, 8.3125], "texture": "#0"}
			}
		},
		{
			"from": [-16, 19, -16],
			"to": [32, 32, -16],
			"rotation": {"angle": 0, "axis": "y", "origin": [8, 28, 8]},
			"faces": {
				"north": {"uv": [0, 0, 3, 0.8125], "texture": "#0"},
				"east": {"uv": [3, 0, 3, 0.9375], "texture": "#0"},
				"south": {"uv": [0, 0, 3, 0.8125], "texture": "#0"},
				"west": {"uv": [3, 3.0625, 3, 6.0625], "texture": "#0"},
				"up": {"uv": [9, 0, 6, 0], "texture": "#0"},
				"down": {"uv": [9, 3, 6, 3], "texture": "#0"}
			}
		},
		{
			"from": [-16, 19, -16],
			"to": [-16, 32, 32],
			"rotation": {"angle": 0, "axis": "y", "origin": [8, 28, 8]},
			"faces": {
				"north": {"uv": [0, 0, 0, 3], "texture": "#0"},
				"east": {"uv": [3, 3.0625, 6, 3.875], "texture": "#0"},
				"south": {"uv": [0, 3.0625, 0, 6.0625], "texture": "#0"},
				"west": {"uv": [3, 3.0625, 6, 3.875], "texture": "#0"},
				"up": {"uv": [6, 3, 6, 0], "texture": "#0"},
				"down": {"uv": [6, 3, 6, 6], "texture": "#0"}
			}
		},
		{
			"from": [32, 19, -16],
			"to": [32, 32, 32],
			"rotation": {"angle": 0, "axis": "y", "origin": [8, 28, 8]},
			"faces": {
				"north": {"uv": [0, 0, 0, 3], "texture": "#0"},
				"east": {"uv": [3, 0, 6, 0.8125], "texture": "#0"},
				"south": {"uv": [0, 3.0625, 0, 6.0625], "texture": "#0"},
				"west": {"uv": [3, 0, 6, 0.8125], "texture": "#0"},
				"up": {"uv": [6, 3, 6, 0], "texture": "#0"},
				"down": {"uv": [6, 3, 6, 6], "texture": "#0"}
			}
		},
		{
			"from": [-16, -16, 32],
			"to": [32, 32, 32],
			"rotation": {"angle": 0, "axis": "y", "origin": [8, 28, 8]},
			"faces": {
				"north": {"uv": [0, 3.0625, 3, 6.0625], "texture": "#0"},
				"east": {"uv": [3, 0, 3, 3], "texture": "#0"},
				"south": {"uv": [0, 3.0625, 3, 6.0625], "texture": "#0"},
				"west": {"uv": [3, 3.0625, 3, 6.0625], "texture": "#0"},
				"up": {"uv": [9, 0, 6, 0], "texture": "#0"},
				"down": {"uv": [9, 3, 6, 3], "texture": "#0"}
			}
		},
		{
			"from": [-13, -4, -16],
			"to": [29, -2, -16],
			"rotation": {"angle": 0, "axis": "y", "origin": [8, 0, 8]},
			"faces": {
				"north": {"uv": [0, 6.125, 2.625, 6.25], "texture": "#0"},
				"east": {"uv": [0, 7.125, 0, 7.25], "texture": "#0"},
				"south": {"uv": [5.25, 6.125, 7.875, 6.25], "texture": "#0"},
				"west": {"uv": [1, 7.125, 1, 7.25], "texture": "#0"},
				"up": {"uv": [4.65625, 7.125, 2.03125, 7.125], "texture": "#0"},
				"down": {"uv": [2.625, 2.0625, 0, 2.0625], "texture": "#0"}
			}
		},
		{
			"from": [-13, -4, 0],
			"to": [29, -2, 0],
			"rotation": {"angle": 0, "axis": "y", "origin": [8, 0, 8]},
			"faces": {
				"north": {"uv": [0, 6.125, 2.625, 6.25], "texture": "#0"},
				"east": {"uv": [0, 7.125, 0, 7.25], "texture": "#0"},
				"south": {"uv": [5.25, 6.125, 7.875, 6.25], "texture": "#0"},
				"west": {"uv": [1, 7.125, 1, 7.25], "texture": "#0"},
				"up": {"uv": [4.65625, 7.125, 2.03125, 7.125], "texture": "#0"},
				"down": {"uv": [2.625, 2.0625, 0, 2.0625], "texture": "#0"}
			}
		},
		{
			"from": [29, -4, -16],
			"to": [29, -2, 0],
			"rotation": {"angle": 0, "axis": "y", "origin": [8, 0, 8]},
			"faces": {
				"north": {"uv": [0, 6.125, 0, 6.25], "texture": "#0"},
				"east": {"uv": [0, 7.125, 1, 7.25], "texture": "#0"},
				"south": {"uv": [5.25, 6.125, 5.25, 6.25], "texture": "#0"},
				"west": {"uv": [1, 7.125, 2, 7.25], "texture": "#0"},
				"up": {"uv": [2.03125, 8.125, 2.03125, 7.125], "texture": "#0"},
				"down": {"uv": [0, 2.0625, 0, 3.0625], "texture": "#0"}
			}
		},
		{
			"from": [-13, -4, -16],
			"to": [-13, -2, 0],
			"rotation": {"angle": 0, "axis": "y", "origin": [8, 0, 8]},
			"faces": {
				"north": {"uv": [0, 6.125, 0, 6.25], "texture": "#0"},
				"east": {"uv": [0, 7.125, 1, 7.25], "texture": "#0"},
				"south": {"uv": [5.25, 6.125, 5.25, 6.25], "texture": "#0"},
				"west": {"uv": [1, 7.125, 2, 7.25], "texture": "#0"},
				"up": {"uv": [2.03125, 8.125, 2.03125, 7.125], "texture": "#0"},
				"down": {"uv": [0, 2.0625, 0, 3.0625], "texture": "#0"}
			}
		},
		{
			"from": [24, -0.9, -5],
			"to": [26, -0.9, -3],
			"rotation": {"angle": 0, "axis": "y", "origin": [8, 0, 8]},
			"faces": {
				"north": {"uv": [2.875, 8.25, 3, 8.25], "texture": "#0"},
				"east": {"uv": [2.75, 8.25, 2.875, 8.25], "texture": "#0"},
				"south": {"uv": [3.125, 8.25, 3.25, 8.25], "texture": "#0"},
				"west": {"uv": [3, 8.25, 3.125, 8.25], "texture": "#0"},
				"up": {"uv": [3.125, 8.25, 3, 8.125], "texture": "#0"},
				"down": {"uv": [3.125, 8.125, 3, 8.25], "texture": "#0"}
			}
		},
		{
			"from": [26, -0.9, -5],
			"to": [26, 1.1, -3],
			"rotation": {"angle": 0, "axis": "y", "origin": [8, 0, 8]},
			"faces": {
				"north": {"uv": [2.875, 8.25, 2.875, 8.375], "texture": "#0"},
				"east": {"uv": [2.75, 8.25, 2.875, 8.375], "texture": "#0"},
				"south": {"uv": [3.125, 8.25, 3.125, 8.375], "texture": "#0"},
				"west": {"uv": [3, 8.25, 3.125, 8.375], "texture": "#0"},
				"up": {"uv": [2.875, 8.25, 2.875, 8.125], "texture": "#0"},
				"down": {"uv": [3, 8.125, 3, 8.25], "texture": "#0"}
			}
		},
		{
			"from": [24, -0.9, -5],
			"to": [24, 1.1, -3],
			"rotation": {"angle": 0, "axis": "y", "origin": [8, 0, 8]},
			"faces": {
				"north": {"uv": [2.875, 8.25, 2.875, 8.375], "texture": "#0"},
				"east": {"uv": [2.75, 8.25, 2.875, 8.375], "texture": "#0"},
				"south": {"uv": [3.125, 8.25, 3.125, 8.375], "texture": "#0"},
				"west": {"uv": [3, 8.25, 3.125, 8.375], "texture": "#0"},
				"up": {"uv": [2.875, 8.25, 2.875, 8.125], "texture": "#0"},
				"down": {"uv": [3, 8.125, 3, 8.25], "texture": "#0"}
			}
		},
		{
			"from": [24, -0.9, -5],
			"to": [26, 1.1, -5],
			"rotation": {"angle": 0, "axis": "y", "origin": [8, 0, 8]},
			"faces": {
				"north": {"uv": [2.875, 8.25, 3, 8.375], "texture": "#0"},
				"east": {"uv": [2.75, 8.25, 2.75, 8.375], "texture": "#0"},
				"south": {"uv": [3.125, 8.25, 3.25, 8.375], "texture": "#0"},
				"west": {"uv": [3, 8.25, 3, 8.375], "texture": "#0"},
				"up": {"uv": [3, 8.125, 2.875, 8.125], "texture": "#0"},
				"down": {"uv": [3.125, 8.125, 3, 8.125], "texture": "#0"}
			}
		},
		{
			"from": [24, -0.9, -3],
			"to": [26, 1.1, -3],
			"rotation": {"angle": 0, "axis": "y", "origin": [8, 0, 8]},
			"faces": {
				"north": {"uv": [2.875, 8.25, 3, 8.375], "texture": "#0"},
				"east": {"uv": [2.75, 8.25, 2.75, 8.375], "texture": "#0"},
				"south": {"uv": [3.125, 8.25, 3.25, 8.375], "texture": "#0"},
				"west": {"uv": [3, 8.25, 3, 8.375], "texture": "#0"},
				"up": {"uv": [3, 8.125, 2.875, 8.125], "texture": "#0"},
				"down": {"uv": [3.125, 8.125, 3, 8.125], "texture": "#0"}
			}
		},
		{
			"from": [10, -4.2, -9],
			"to": [12, -2.2, -9],
			"rotation": {"angle": 0, "axis": "y", "origin": [8, 0, 8]},
			"faces": {
				"north": {"uv": [2.875, 8.25, 3, 8.375], "texture": "#0"},
				"east": {"uv": [2.75, 8.25, 2.75, 8.375], "texture": "#0"},
				"south": {"uv": [3.125, 8.25, 3.25, 8.375], "texture": "#0"},
				"west": {"uv": [3, 8.25, 3, 8.375], "texture": "#0"},
				"up": {"uv": [3, 8.125, 2.875, 8.125], "texture": "#0"},
				"down": {"uv": [3.125, 8.125, 3, 8.125], "texture": "#0"}
			}
		},
		{
			"from": [10, -4.2, -11],
			"to": [12, -2.2, -11],
			"rotation": {"angle": 0, "axis": "y", "origin": [8, 0, 8]},
			"faces": {
				"north": {"uv": [2.875, 8.25, 3, 8.375], "texture": "#0"},
				"east": {"uv": [2.75, 8.25, 2.75, 8.375], "texture": "#0"},
				"south": {"uv": [3.125, 8.25, 3.25, 8.375], "texture": "#0"},
				"west": {"uv": [3, 8.25, 3, 8.375], "texture": "#0"},
				"up": {"uv": [3, 8.125, 2.875, 8.125], "texture": "#0"},
				"down": {"uv": [3.125, 8.125, 3, 8.125], "texture": "#0"}
			}
		},
		{
			"from": [10, -4.2, -11],
			"to": [10, -2.2, -9],
			"rotation": {"angle": 0, "axis": "y", "origin": [8, 0, 8]},
			"faces": {
				"north": {"uv": [2.875, 8.25, 2.875, 8.375], "texture": "#0"},
				"east": {"uv": [2.75, 8.25, 2.875, 8.375], "texture": "#0"},
				"south": {"uv": [3.125, 8.25, 3.125, 8.375], "texture": "#0"},
				"west": {"uv": [3, 8.25, 3.125, 8.375], "texture": "#0"},
				"up": {"uv": [2.875, 8.25, 2.875, 8.125], "texture": "#0"},
				"down": {"uv": [3, 8.125, 3, 8.25], "texture": "#0"}
			}
		},
		{
			"from": [12, -4.2, -11],
			"to": [12, -2.2, -9],
			"rotation": {"angle": 0, "axis": "y", "origin": [8, 0, 8]},
			"faces": {
				"north": {"uv": [2.875, 8.25, 2.875, 8.375], "texture": "#0"},
				"east": {"uv": [2.75, 8.25, 2.875, 8.375], "texture": "#0"},
				"south": {"uv": [3.125, 8.25, 3.125, 8.375], "texture": "#0"},
				"west": {"uv": [3, 8.25, 3.125, 8.375], "texture": "#0"},
				"up": {"uv": [2.875, 8.25, 2.875, 8.125], "texture": "#0"},
				"down": {"uv": [3, 8.125, 3, 8.25], "texture": "#0"}
			}
		},
		{
			"from": [10, -4.2, -11],
			"to": [12, -4.2, -9],
			"rotation": {"angle": 0, "axis": "y", "origin": [8, 0, 8]},
			"faces": {
				"north": {"uv": [2.875, 8.25, 3, 8.25], "texture": "#0"},
				"east": {"uv": [2.75, 8.25, 2.875, 8.25], "texture": "#0"},
				"south": {"uv": [3.125, 8.25, 3.25, 8.25], "texture": "#0"},
				"west": {"uv": [3, 8.25, 3.125, 8.25], "texture": "#0"},
				"up": {"uv": [3.125, 8.25, 3, 8.125], "texture": "#0"},
				"down": {"uv": [3.125, 8.125, 3, 8.25], "texture": "#0"}
			}
		},
		{
			"from": [-4, -4.2, -13],
			"to": [-4, -2.2, -11],
			"rotation": {"angle": 0, "axis": "y", "origin": [8, 0, 8]},
			"faces": {
				"north": {"uv": [2.875, 8.25, 2.875, 8.375], "texture": "#0"},
				"east": {"uv": [2.75, 8.25, 2.875, 8.375], "texture": "#0"},
				"south": {"uv": [3.125, 8.25, 3.125, 8.375], "texture": "#0"},
				"west": {"uv": [3, 8.25, 3.125, 8.375], "texture": "#0"},
				"up": {"uv": [2.875, 8.25, 2.875, 8.125], "texture": "#0"},
				"down": {"uv": [3, 8.125, 3, 8.25], "texture": "#0"}
			}
		},
		{
			"from": [-6, -4.2, -13],
			"to": [-6, -2.2, -11],
			"rotation": {"angle": 0, "axis": "y", "origin": [8, 0, 8]},
			"faces": {
				"north": {"uv": [2.875, 8.25, 2.875, 8.375], "texture": "#0"},
				"east": {"uv": [2.75, 8.25, 2.875, 8.375], "texture": "#0"},
				"south": {"uv": [3.125, 8.25, 3.125, 8.375], "texture": "#0"},
				"west": {"uv": [3, 8.25, 3.125, 8.375], "texture": "#0"},
				"up": {"uv": [2.875, 8.25, 2.875, 8.125], "texture": "#0"},
				"down": {"uv": [3, 8.125, 3, 8.25], "texture": "#0"}
			}
		},
		{
			"from": [-6, -4.2, -11],
			"to": [-4, -2.2, -11],
			"rotation": {"angle": 0, "axis": "y", "origin": [8, 0, 8]},
			"faces": {
				"north": {"uv": [2.875, 8.25, 3, 8.375], "texture": "#0"},
				"east": {"uv": [2.75, 8.25, 2.75, 8.375], "texture": "#0"},
				"south": {"uv": [3.125, 8.25, 3.25, 8.375], "texture": "#0"},
				"west": {"uv": [3, 8.25, 3, 8.375], "texture": "#0"},
				"up": {"uv": [3, 8.125, 2.875, 8.125], "texture": "#0"},
				"down": {"uv": [3.125, 8.125, 3, 8.125], "texture": "#0"}
			}
		},
		{
			"from": [-6, -4.2, -13],
			"to": [-4, -4.2, -11],
			"rotation": {"angle": 0, "axis": "y", "origin": [8, 0, 8]},
			"faces": {
				"north": {"uv": [2.875, 8.25, 3, 8.25], "texture": "#0"},
				"east": {"uv": [2.75, 8.25, 2.875, 8.25], "texture": "#0"},
				"south": {"uv": [3.125, 8.25, 3.25, 8.25], "texture": "#0"},
				"west": {"uv": [3, 8.25, 3.125, 8.25], "texture": "#0"},
				"up": {"uv": [3.125, 8.25, 3, 8.125], "texture": "#0"},
				"down": {"uv": [3.125, 8.125, 3, 8.25], "texture": "#0"}
			}
		},
		{
			"from": [-6, -4.2, -13],
			"to": [-4, -2.2, -13],
			"rotation": {"angle": 0, "axis": "y", "origin": [8, 0, 8]},
			"faces": {
				"north": {"uv": [2.875, 8.25, 3, 8.375], "texture": "#0"},
				"east": {"uv": [2.75, 8.25, 2.75, 8.375], "texture": "#0"},
				"south": {"uv": [3.125, 8.25, 3.25, 8.375], "texture": "#0"},
				"west": {"uv": [3, 8.25, 3, 8.375], "texture": "#0"},
				"up": {"uv": [3, 8.125, 2.875, 8.125], "texture": "#0"},
				"down": {"uv": [3.125, 8.125, 3, 8.125], "texture": "#0"}
			}
		}
	],
	"gui_light": "front",
	"display": {
		"thirdperson_righthand": {
			"rotation": [67.5, 0, 0],
			"translation": [0, 2.25, 0],
			"scale": [0.08672, 0.08672, 0.08672]
		},
		"thirdperson_lefthand": {
			"rotation": [67.5, 0, 0],
			"translation": [0, 2.25, 0],
			"scale": [0.08672, 0.08672, 0.08672]
		},
		"firstperson_righthand": {
			"translation": [30, -8, -36.75],
			"scale": [0.47657, 0.47657, 0.47657]
		},
		"firstperson_lefthand": {
			"translation": [30, -8, -36.75],
			"scale": [0.47657, 0.47657, 0.47657]
		},
		"ground": {
			"translation": [0, 6, 0],
			"scale": [0.2, 0.2, 0.2]
		},
		"gui": {
			"rotation": [30, 135, 0],
			"translation": [0, -0.25, 0],
			"scale": [0.20508, 0.20508, 0.20508]
		},
		"head": {
			"rotation": [0, 180, 0],
			"translation": [0, -4.8, 0],
			"scale": [1.6, 1.6, 1.6]
		},
		"fixed": {
			"rotation": [-90, 0, 0],
			"translation": [0, 0, -48],
			"scale": [2, 2, 2]
		}
	},
	"groups": [
		{
			"name": "group",
			"origin": [8, 0, 8],
			"color": 0,
			"children": [0, 1, 2, 3, 4, 5, 6, 7, 8, 9, 10, 11, 12, 13, 14, 15, 16, 17, 18, 19, 20, 21, 22, 23, 24, 25, 26, 27, 28, 29, 30, 31, 32, 33, 34, 35, 36, 37, 38]
		}
	]
}