{
	"credit": "MadewithBlockbench",
	"texture_size": [128, 128],
	"textures": {
		"0": "custom/deko/shop06texture",
		"particle": "custom/deko/shop06texture"
	},
	"elements": [
		{
			"from": [7, -16, 29],
			"to": [9, 32, 31],
			"rotation": {"angle": 0, "axis": "y", "origin": [8, 0, 30]},
			"faces": {
				"north": {"uv": [6.75, 0.75, 7, 6.75], "texture": "#0"},
				"east": {"uv": [7.25, 0.75, 7.5, 6.75], "texture": "#0"},
				"south": {"uv": [7, 0.75, 7.25, 6.75], "texture": "#0"},
				"west": {"uv": [7.5, 0.75, 7.75, 6.75], "texture": "#0"},
				"up": {"uv": [8, 1, 7.75, 0.75], "texture": "#0"},
				"down": {"uv": [8, 1, 7.75, 1.25], "texture": "#0"}
			}
		},
		{
			"from": [-13.675, 18, -16],
			"to": [-13.675, 24, 32],
			"rotation": {"angle": 0, "axis": "y", "origin": [8.25, -7.975, 31]},
			"faces": {
				"north": {"uv": [10, 15.25, 10, 16], "texture": "#0"},
				"east": {"uv": [12.75, 0, 6.75, 0.75], "texture": "#0"},
				"south": {"uv": [10, 15.25, 10, 16], "texture": "#0"},
				"west": {"uv": [12.75, 0, 6.75, 0.75], "texture": "#0"},
				"up": {"uv": [10, 16, 10, 10], "texture": "#0"},
				"down": {"uv": [10, 10, 10, 16], "texture": "#0"}
			}
		},
		{
			"from": [-15.95, -3, -12],
			"to": [-1.95, 0, 20],
			"rotation": {"angle": 0, "axis": "y", "origin": [8, 0, 8]},
			"faces": {
				"north": {"uv": [1.75, 8.25, 3.5, 8.625], "texture": "#0"},
				"east": {"uv": [8.75, 0.75, 12.75, 1.125], "texture": "#0"},
				"south": {"uv": [1.75, 8.25, 3.5, 8.625], "texture": "#0"},
				"west": {"uv": [8.75, 0.75, 12.75, 1.125], "texture": "#0"},
				"up": {"uv": [0, 8.6875, 1.75, 12.6875], "texture": "#0"},
				"down": {"uv": [1.75, 8.6875, 3.5, 12.6875], "texture": "#0"}
			}
		},
		{
			"from": [-15.95, -16, -11.5],
			"to": [-13.95, -3, -9.5],
			"rotation": {"angle": 0, "axis": "y", "origin": [8, 0, 8]},
			"faces": {
				"north": {"uv": [6.75, 5.125, 7, 6.75], "texture": "#0"},
				"east": {"uv": [6.75, 5.125, 7, 6.75], "texture": "#0"},
				"south": {"uv": [6.75, 5.125, 7, 6.75], "texture": "#0"},
				"west": {"uv": [6.75, 5.125, 7, 6.75], "texture": "#0"},
				"up": {"uv": [7.75, 0.75, 8, 1], "texture": "#0"},
				"down": {"uv": [7.75, 0.75, 8, 1], "texture": "#0"}
			}
		},
		{
			"from": [-16, -8.975, 5],
			"to": [-16, 0.025, 18],
			"rotation": {"angle": 0, "axis": "y", "origin": [8, 0, 8]},
			"faces": {
				"north": {"uv": [14.24375, 14.375, 14.24375, 15.5], "texture": "#0"},
				"east": {"uv": [1.8125, 7, 3.4375, 8.125], "texture": "#0"},
				"south": {"uv": [14.24375, 14.375, 14.24375, 15.5], "texture": "#0"},
				"west": {"uv": [1.8125, 7, 3.4375, 8.125], "texture": "#0"},
				"up": {"uv": [0, 7, 0, 8.625], "texture": "#0"},
				"down": {"uv": [14.24375, 14.375, 14.24375, 16], "texture": "#0"}
			}
		},
		{
			"from": [-3.95, -16, -11.5],
			"to": [-1.95, -3, -9.5],
			"rotation": {"angle": 0, "axis": "y", "origin": [8, 0, 8]},
			"faces": {
				"north": {"uv": [7, 5.125, 6.75, 6.75], "texture": "#0"},
				"east": {"uv": [7, 5.125, 6.75, 6.75], "texture": "#0"},
				"south": {"uv": [7, 5.125, 6.75, 6.75], "texture": "#0"},
				"west": {"uv": [7, 5.125, 6.75, 6.75], "texture": "#0"},
				"up": {"uv": [8, 0.75, 7.75, 1], "texture": "#0"},
				"down": {"uv": [8, 0.75, 7.75, 1], "texture": "#0"}
			}
		},
		{
			"from": [-15.95, -16, 17.5],
			"to": [-13.95, -3, 19.5],
			"rotation": {"angle": 0, "axis": "y", "origin": [8, 0, 8]},
			"faces": {
				"north": {"uv": [7, 5.125, 6.75, 6.75], "texture": "#0"},
				"east": {"uv": [7, 5.125, 6.75, 6.75], "texture": "#0"},
				"south": {"uv": [7, 5.125, 6.75, 6.75], "texture": "#0"},
				"west": {"uv": [7, 5.125, 6.75, 6.75], "texture": "#0"},
				"up": {"uv": [7.75, 1, 8, 0.75], "texture": "#0"},
				"down": {"uv": [7.75, 1, 8, 0.75], "texture": "#0"}
			}
		},
		{
			"from": [-3.95, -16, 17.5],
			"to": [-1.95, -3, 19.5],
			"rotation": {"angle": 0, "axis": "y", "origin": [8, 0, 8]},
			"faces": {
				"north": {"uv": [6.75, 5.125, 7, 6.75], "texture": "#0"},
				"east": {"uv": [6.75, 5.125, 7, 6.75], "texture": "#0"},
				"south": {"uv": [6.75, 5.125, 7, 6.75], "texture": "#0"},
				"west": {"uv": [6.75, 5.125, 7, 6.75], "texture": "#0"},
				"up": {"uv": [8, 1, 7.75, 0.75], "texture": "#0"},
				"down": {"uv": [8, 1, 7.75, 0.75], "texture": "#0"}
			}
		},
		{
			"from": [13, -16, -13],
			"to": [29, 0, 3],
			"rotation": {"angle": 22.5, "axis": "y", "origin": [22, -8, -5]},
			"faces": {
				"north": {"uv": [3.5, 9.5, 5.5, 11.5], "texture": "#0"},
				"east": {"uv": [7.5, 9.5, 5.5, 11.5], "texture": "#0"},
				"south": {"uv": [3.5, 9.5, 5.5, 11.5], "texture": "#0"},
				"west": {"uv": [5.5, 9.5, 7.5, 11.5], "texture": "#0"},
				"up": {"uv": [7.5, 9.5, 5.5, 7.5], "texture": "#0"},
				"down": {"uv": [5.5, 7.5, 3.5, 9.5], "texture": "#0"}
			}
		},
		{
			"from": [-14, 1, -2],
			"to": [-10, 6, 2],
			"rotation": {"angle": 0, "axis": "y", "origin": [8, -16, 8]},
			"faces": {
				"north": {"uv": [3.5, 11.5, 4, 12.125], "texture": "#0"},
				"east": {"uv": [5, 11.5, 5.5, 12.125], "texture": "#0"},
				"south": {"uv": [4.5, 11.5, 5, 12.125], "texture": "#0"},
				"west": {"uv": [4, 11.5, 4.5, 12.125], "texture": "#0"},
				"up": {"uv": [4, 12.125, 4.5, 12.625], "texture": "#0"},
				"down": {"uv": [3.5, 12.125, 4, 12.625], "texture": "#0"}
			}
		},
		{
			"from": [-12, 1, -8],
			"to": [-8, 6, -4],
			"rotation": {"angle": 45, "axis": "y", "origin": [-10, 3.5, -6]},
			"faces": {
				"north": {"uv": [3.5, 11.5, 4, 12.125], "texture": "#0"},
				"east": {"uv": [5, 11.5, 5.5, 12.125], "texture": "#0"},
				"south": {"uv": [4.5, 11.5, 5, 12.125], "texture": "#0"},
				"west": {"uv": [4, 11.5, 4.5, 12.125], "texture": "#0"},
				"up": {"uv": [4, 12.125, 4.5, 12.625], "texture": "#0"},
				"down": {"uv": [3.5, 12.125, 4, 12.625], "texture": "#0"}
			}
		},
		{
			"from": [22, -14, 18],
			"to": [26, -9, 22],
			"rotation": {"angle": 45, "axis": "y", "origin": [24, -11.5, 20]},
			"faces": {
				"north": {"uv": [3.5, 11.5, 4, 12.125], "texture": "#0"},
				"east": {"uv": [5, 11.5, 5.5, 12.125], "texture": "#0"},
				"south": {"uv": [4.5, 11.5, 5, 12.125], "texture": "#0"},
				"west": {"uv": [4, 11.5, 4.5, 12.125], "texture": "#0"},
				"up": {"uv": [4, 12.125, 4.5, 12.625], "texture": "#0"},
				"down": {"uv": [3.5, 12.125, 4, 12.625], "texture": "#0"}
			}
		},
		{
			"from": [20, -14, 24],
			"to": [24, -9, 28],
			"rotation": {"angle": 0, "axis": "y", "origin": [42, -31, 34]},
			"faces": {
				"north": {"uv": [3.5, 11.5, 4, 12.125], "texture": "#0"},
				"east": {"uv": [5, 11.5, 5.5, 12.125], "texture": "#0"},
				"south": {"uv": [4.5, 11.5, 5, 12.125], "texture": "#0"},
				"west": {"uv": [4, 11.5, 4.5, 12.125], "texture": "#0"},
				"up": {"uv": [4, 12.125, 4.5, 12.625], "texture": "#0"},
				"down": {"uv": [3.5, 12.125, 4, 12.625], "texture": "#0"}
			}
		},
		{
			"from": [26.36198, -14, 20.64067],
			"to": [30.36198, -9, 24.64067],
			"rotation": {"angle": 0, "axis": "y", "origin": [28.36198, -11.5, 22.64067]},
			"faces": {
				"north": {"uv": [3.5, 11.5, 4, 12.125], "texture": "#0"},
				"east": {"uv": [5, 11.5, 5.5, 12.125], "texture": "#0"},
				"south": {"uv": [4.5, 11.5, 5, 12.125], "texture": "#0"},
				"west": {"uv": [4, 11.5, 4.5, 12.125], "texture": "#0"},
				"up": {"uv": [4, 12.125, 4.5, 12.625], "texture": "#0"},
				"down": {"uv": [3.5, 12.125, 4, 12.625], "texture": "#0"}
			}
		},
		{
			"from": [29.675, 18, -16],
			"to": [29.675, 24, 32],
			"rotation": {"angle": 0, "axis": "y", "origin": [7.75, -7.975, 31]},
			"faces": {
				"north": {"uv": [10, 15.25, 10, 16], "texture": "#0"},
				"east": {"uv": [6.75, 0, 12.75, 0.75], "texture": "#0"},
				"south": {"uv": [10, 15.25, 10, 16], "texture": "#0"},
				"west": {"uv": [6.75, 0, 12.75, 0.75], "texture": "#0"},
				"up": {"uv": [10, 16, 10, 10], "texture": "#0"},
				"down": {"uv": [10, 10, 10, 16], "texture": "#0"}
			}
		},
		{
			"from": [-13.5, 21, 29.025],
			"to": [29.5, 23, 30.975],
			"rotation": {"angle": 0, "axis": "y", "origin": [8, -2.3, 30]},
			"faces": {
				"north": {"uv": [8.8125, 1.4375, 14.1875, 1.6875], "texture": "#0"},
				"east": {"uv": [7.75, 0.75, 7.99375, 1], "texture": "#0"},
				"south": {"uv": [8.8125, 1.6875, 14.1875, 1.9375], "texture": "#0"},
				"west": {"uv": [7.75, 1, 7.99375, 1.25], "texture": "#0"},
				"up": {"uv": [14.1875, 1.43125, 8.8125, 1.1875], "texture": "#0"},
				"down": {"uv": [14.1875, 1.9375, 8.8125, 2.18125], "texture": "#0"}
			}
		},
		{
			"from": [8.25, 23.5, -16],
			"to": [31.75, 23.525, 32],
			"rotation": {"angle": -22.5, "axis": "z", "origin": [31.75, 29.025, 31]},
			"faces": {
				"north": {"uv": [2.9375, 0, 0, 0.00312], "texture": "#0"},
				"east": {"uv": [6, 0, 0, 0.00312], "texture": "#0"},
				"south": {"uv": [2.9375, 0, 0, 0.00312], "texture": "#0"},
				"west": {"uv": [6, 0, 0, 0.00312], "texture": "#0"},
				"up": {"uv": [2.9375, 0, 0, 6], "texture": "#0"},
				"down": {"uv": [6.3125, 6, 3.375, 0], "texture": "#0"}
			}
		},
		{
			"from": [-15.75, 23.5, -16],
			"to": [7.75, 23.525, 32],
			"rotation": {"angle": 22.5, "axis": "z", "origin": [-15.75, 29.025, 31]},
			"faces": {
				"north": {"uv": [0, 0, 2.9375, 0.00312], "texture": "#0"},
				"east": {"uv": [0, 0, 6, 0.00312], "texture": "#0"},
				"south": {"uv": [0, 0, 2.9375, 0.00312], "texture": "#0"},
				"west": {"uv": [0, 0, 6, 0.00312], "texture": "#0"},
				"up": {"uv": [0, 0, 2.9375, 6], "texture": "#0"},
				"down": {"uv": [3.375, 6, 6.3125, 0], "texture": "#0"}
			}
		},
		{
			"from": [-1.9, -8.975, 5],
			"to": [-1.9, 0.025, 18],
			"rotation": {"angle": 0, "axis": "y", "origin": [8, 0, 8]},
			"faces": {
				"north": {"uv": [14.24375, 14.375, 14.24375, 15.5], "texture": "#0"},
				"east": {"uv": [1.8125, 7, 3.4375, 8.125], "texture": "#0"},
				"south": {"uv": [14.24375, 14.375, 14.24375, 15.5], "texture": "#0"},
				"west": {"uv": [1.8125, 7, 3.4375, 8.125], "texture": "#0"},
				"up": {"uv": [0, 7, 0, 8.625], "texture": "#0"},
				"down": {"uv": [14.24375, 14.375, 14.24375, 16], "texture": "#0"}
			}
		},
		{
			"from": [-16, 0.025, 5],
			"to": [-1.95, 0.025, 18],
			"rotation": {"angle": 0, "axis": "y", "origin": [8, 0, 8]},
			"faces": {
				"north": {"uv": [14.24375, 14.375, 16, 14.375], "texture": "#0"},
				"east": {"uv": [1.8125, 7, 3.4375, 7], "texture": "#0"},
				"south": {"uv": [14.24375, 14.375, 16, 14.375], "texture": "#0"},
				"west": {"uv": [1.8125, 7, 3.4375, 7], "texture": "#0"},
				"up": {"uv": [0, 7, 1.75625, 8.625], "texture": "#0"},
				"down": {"uv": [14.24375, 14.375, 16, 16], "texture": "#0"}
			}
		},
		{
			"from": [-15.66537, 0.85, -11.10347],
			"to": [-3.66537, 0.85, 4.89653],
			"rotation": {"angle": 0, "axis": "y", "origin": [1.33463, 4.1, -1.10347]},
			"faces": {
				"north": {"uv": [2, 6, 3.5, 6], "texture": "#0"},
				"east": {"uv": [0, 6, 2, 6], "texture": "#0"},
				"south": {"uv": [2, 6, 3.5, 6], "texture": "#0"},
				"west": {"uv": [0, 6, 2, 6], "texture": "#0"},
				"up": {"uv": [3.5, 6, 5.5, 7.5], "rotation": 270, "texture": "#0"},
				"down": {"uv": [3.5, 6, 5.5, 7.5], "rotation": 90, "texture": "#0"}
			}
		},
		{
			"from": [-15.66537, -0.15, -11.10347],
			"to": [-15.66537, 7.85, 4.89653],
			"rotation": {"angle": 0, "axis": "y", "origin": [1.33463, 4.1, -1.10347]},
			"faces": {
				"north": {"uv": [2, 6, 2, 7], "texture": "#0"},
				"east": {"uv": [0, 6, 2, 7], "texture": "#0"},
				"south": {"uv": [2, 6, 2, 7], "texture": "#0"},
				"west": {"uv": [0, 6, 2, 7], "texture": "#0"},
				"up": {"uv": [14, 14.5, 16, 14.5], "rotation": 270, "texture": "#0"},
				"down": {"uv": [3.5, 6, 5.5, 6], "rotation": 90, "texture": "#0"}
			}
		},
		{
			"from": [-15.66537, -0.15, 4.89653],
			"to": [-3.66537, 7.85, 4.89653],
			"rotation": {"angle": 0, "axis": "y", "origin": [1.33463, 4.1, -1.10347]},
			"faces": {
				"north": {"uv": [2, 6, 3.5, 7], "texture": "#0"},
				"east": {"uv": [0, 6, 0, 7], "texture": "#0"},
				"south": {"uv": [2, 6, 3.5, 7], "texture": "#0"},
				"west": {"uv": [0, 6, 0, 7], "texture": "#0"},
				"up": {"uv": [14, 14.5, 14, 16], "rotation": 270, "texture": "#0"},
				"down": {"uv": [3.5, 6, 3.5, 7.5], "rotation": 90, "texture": "#0"}
			}
		},
		{
			"from": [-15.66537, -0.15, -11.10347],
			"to": [-3.66537, 7.85, -11.10347],
			"rotation": {"angle": 0, "axis": "y", "origin": [1.33463, 4.1, -1.10347]},
			"faces": {
				"north": {"uv": [2, 6, 3.5, 7], "texture": "#0"},
				"east": {"uv": [0, 6, 0, 7], "texture": "#0"},
				"south": {"uv": [2, 6, 3.5, 7], "texture": "#0"},
				"west": {"uv": [0, 6, 0, 7], "texture": "#0"},
				"up": {"uv": [14, 14.5, 14, 16], "rotation": 270, "texture": "#0"},
				"down": {"uv": [3.5, 6, 3.5, 7.5], "rotation": 90, "texture": "#0"}
			}
		},
		{
			"from": [-3.66537, -0.15, -11.10347],
			"to": [-3.66537, 7.85, 4.89653],
			"rotation": {"angle": 0, "axis": "y", "origin": [1.33463, 4.1, -1.10347]},
			"faces": {
				"north": {"uv": [2, 6, 2, 7], "texture": "#0"},
				"east": {"uv": [0, 6, 2, 7], "texture": "#0"},
				"south": {"uv": [2, 6, 2, 7], "texture": "#0"},
				"west": {"uv": [0, 6, 2, 7], "texture": "#0"},
				"up": {"uv": [14, 14.5, 16, 14.5], "rotation": 270, "texture": "#0"},
				"down": {"uv": [3.5, 6, 5.5, 6], "rotation": 90, "texture": "#0"}
			}
		},
		{
			"from": [19.33463, -14.15, 15.89653],
			"to": [31.33463, -14.15, 31.89653],
			"rotation": {"angle": 0, "axis": "y", "origin": [1.33463, 4.1, -1.10347]},
			"faces": {
				"north": {"uv": [2, 6, 3.5, 6], "texture": "#0"},
				"east": {"uv": [0, 6, 2, 6], "texture": "#0"},
				"south": {"uv": [2, 6, 3.5, 6], "texture": "#0"},
				"west": {"uv": [0, 6, 2, 6], "texture": "#0"},
				"up": {"uv": [3.5, 6, 5.5, 7.5], "rotation": 270, "texture": "#0"},
				"down": {"uv": [3.5, 6, 5.5, 7.5], "rotation": 90, "texture": "#0"}
			}
		},
		{
			"from": [19.33463, -15.15, 31.89653],
			"to": [31.33463, -7.15, 31.89653],
			"rotation": {"angle": 0, "axis": "y", "origin": [1.33463, 4.1, -1.10347]},
			"faces": {
				"north": {"uv": [2, 6, 3.5, 7], "texture": "#0"},
				"east": {"uv": [0, 6, 0, 7], "texture": "#0"},
				"south": {"uv": [2, 6, 3.5, 7], "texture": "#0"},
				"west": {"uv": [0, 6, 0, 7], "texture": "#0"},
				"up": {"uv": [14, 14.5, 14, 16], "rotation": 270, "texture": "#0"},
				"down": {"uv": [3.5, 6, 3.5, 7.5], "rotation": 90, "texture": "#0"}
			}
		},
		{
			"from": [19.33463, -15.15, 15.89653],
			"to": [19.33463, -7.15, 31.89653],
			"rotation": {"angle": 0, "axis": "y", "origin": [1.33463, 4.1, -1.10347]},
			"faces": {
				"north": {"uv": [2, 6, 2, 7], "texture": "#0"},
				"east": {"uv": [0, 6, 2, 7], "texture": "#0"},
				"south": {"uv": [2, 6, 2, 7], "texture": "#0"},
				"west": {"uv": [0, 6, 2, 7], "texture": "#0"},
				"up": {"uv": [14, 14.5, 16, 14.5], "rotation": 270, "texture": "#0"},
				"down": {"uv": [3.5, 6, 5.5, 6], "rotation": 90, "texture": "#0"}
			}
		},
		{
			"from": [19.33463, -15.15, 15.89653],
			"to": [31.33463, -7.15, 15.89653],
			"rotation": {"angle": 0, "axis": "y", "origin": [1.33463, 4.1, -1.10347]},
			"faces": {
				"north": {"uv": [2, 6, 3.5, 7], "texture": "#0"},
				"east": {"uv": [0, 6, 0, 7], "texture": "#0"},
				"south": {"uv": [2, 6, 3.5, 7], "texture": "#0"},
				"west": {"uv": [0, 6, 0, 7], "texture": "#0"},
				"up": {"uv": [14, 14.5, 14, 16], "rotation": 270, "texture": "#0"},
				"down": {"uv": [3.5, 6, 3.5, 7.5], "rotation": 90, "texture": "#0"}
			}
		},
		{
			"from": [31.33463, -15.15, 15.89653],
			"to": [31.33463, -7.15, 31.89653],
			"rotation": {"angle": 0, "axis": "y", "origin": [1.33463, 4.1, -1.10347]},
			"faces": {
				"north": {"uv": [2, 6, 2, 7], "texture": "#0"},
				"east": {"uv": [0, 6, 2, 7], "texture": "#0"},
				"south": {"uv": [2, 6, 2, 7], "texture": "#0"},
				"west": {"uv": [0, 6, 2, 7], "texture": "#0"},
				"up": {"uv": [14, 14.5, 16, 14.5], "rotation": 270, "texture": "#0"},
				"down": {"uv": [3.5, 6, 5.5, 6], "rotation": 90, "texture": "#0"}
			}
		},
		{
			"from": [-13.5, 21, -14.975],
			"to": [29.5, 23, -13.025],
			"rotation": {"angle": 0, "axis": "y", "origin": [8, -2.3, -14]},
			"faces": {
				"north": {"uv": [14.1875, 1.6875, 8.8125, 1.9375], "texture": "#0"},
				"east": {"uv": [7.99375, 0.75, 7.75, 1], "texture": "#0"},
				"south": {"uv": [14.1875, 1.4375, 8.8125, 1.6875], "texture": "#0"},
				"west": {"uv": [7.99375, 1, 7.75, 1.25], "texture": "#0"},
				"up": {"uv": [14.1875, 1.1875, 8.8125, 1.43125], "texture": "#0"},
				"down": {"uv": [14.1875, 2.18125, 8.8125, 1.9375], "texture": "#0"}
			}
		},
		{
			"from": [7, -16, -15],
			"to": [9, 32, -13],
			"rotation": {"angle": 0, "axis": "y", "origin": [8, 0, -14]},
			"faces": {
				"north": {"uv": [7.25, 0.75, 7, 6.75], "texture": "#0"},
				"east": {"uv": [7.5, 0.75, 7.25, 6.75], "texture": "#0"},
				"south": {"uv": [7, 0.75, 6.75, 6.75], "texture": "#0"},
				"west": {"uv": [7.75, 0.75, 7.5, 6.75], "texture": "#0"},
				"up": {"uv": [8, 0.75, 7.75, 1], "texture": "#0"},
				"down": {"uv": [8, 1.25, 7.75, 1], "texture": "#0"}
			}
		}
	],
	"gui_light": "front",
	"display": {
		"thirdperson_righthand": {
			"rotation": [67.5, 0, 0],
			"translation": [0, 2.25, 0.25],
			"scale": [0.08672, 0.08672, 0.08672]
		},
		"thirdperson_lefthand": {
			"rotation": [67.5, 0, 0],
			"translation": [0, 2.25, 0.25],
			"scale": [0.08672, 0.08672, 0.08672]
		},
		"firstperson_righthand": {
			"translation": [30, -8, -36.75],
			"scale": [0.50196, 0.50196, 0.50196]
		},
		"firstperson_lefthand": {
			"translation": [30, -8, -36.75],
			"scale": [0.50196, 0.50196, 0.50196]
		},
		"ground": {
			"translation": [0, 6, 0],
			"scale": [0.2, 0.2, 0.2]
		},
		"gui": {
			"rotation": [30, 135, 0],
			"translation": [0, 0.5, 0],
			"scale": [0.22852, 0.22852, 0.22852]
		},
		"head": {
			"rotation": [0, 180, 0],
			"translation": [0, -4.8, 0],
			"scale": [1.6, 1.6, 1.6]
		},
		"fixed": {
			"rotation": [-90, 0, 0],
			"translation": [0, 0, -48],
			"scale": [2, 2, 2]
		}
	},
	"groups": [
		{
			"name": "group",
			"origin": [8, 0, -14],
			"color": 0,
			"children": [0, 1, 2, 3, 4, 5, 6, 7, 8, 9, 10, 11, 12, 13, 14, 15, 16, 17, 18, 19, 20, 21, 22, 23, 24, 25, 26, 27, 28, 29, 30, 31]
		}
	]
}