{
	"credit": "MadewithBlockbench",
	"textures": {
		"0": "custom/deko/skull_hat",
		"particle": "custom/deko/skull_hat"
	},
	"elements": [
		{
			"from": [5.5, 4, 5.5],
			"to": [10.5, 7.5, 10.5],
			"rotation": {"angle": 0, "axis": "y", "origin": [7.5, 7.5, 7.5]},
			"faces": {
				"north": {"uv": [5, 0, 10, 4.5], "texture": "#0"},
				"east": {"uv": [10, 0, 15, 4.5], "texture": "#0"},
				"south": {"uv": [0, 10, 5, 14.5], "texture": "#0"},
				"west": {"uv": [10, 0, 15, 4.5], "texture": "#0"},
				"up": {"uv": [5, 5, 0, 0], "texture": "#0"},
				"down": {"uv": [5, 5, 0, 10], "texture": "#0"}
			}
		},
		{
			"from": [5.7, 3, 5.7],
			"to": [6.95, 4, 6.45],
			"rotation": {"angle": 0, "axis": "y", "origin": [7.5, 7.5, 7.5]},
			"faces": {
				"north": {"uv": [5, 10, 6.5, 11], "texture": "#0"},
				"east": {"uv": [11, 11, 12, 12], "texture": "#0"},
				"south": {"uv": [10, 5, 11.5, 6], "texture": "#0"},
				"west": {"uv": [5, 12, 6, 13], "texture": "#0"},
				"up": {"uv": [11.5, 7, 10, 6], "texture": "#0"},
				"down": {"uv": [8.5, 10, 7, 11], "texture": "#0"}
			}
		},
		{
			"from": [9.05, 3, 5.7],
			"to": [10.3, 4, 6.45],
			"rotation": {"angle": 0, "axis": "y", "origin": [8.5, 7.5, 7.5]},
			"faces": {
				"north": {"uv": [10, 7, 11.5, 8], "texture": "#0"},
				"east": {"uv": [12, 5, 13, 6], "texture": "#0"},
				"south": {"uv": [10, 8, 11.5, 9], "texture": "#0"},
				"west": {"uv": [6, 12, 7, 13], "texture": "#0"},
				"up": {"uv": [10.5, 11, 9, 10], "texture": "#0"},
				"down": {"uv": [11.5, 9, 10, 10], "texture": "#0"}
			}
		},
		{
			"from": [7.4, 3, 5.7],
			"to": [8.65, 4, 6.45],
			"rotation": {"angle": 0, "axis": "y", "origin": [8.5, 7.5, 7.5]},
			"faces": {
				"north": {"uv": [5, 11, 6.5, 12], "texture": "#0"},
				"east": {"uv": [12, 6, 13, 7], "texture": "#0"},
				"south": {"uv": [7, 11, 8.5, 12], "texture": "#0"},
				"west": {"uv": [7, 12, 8, 13], "texture": "#0"},
				"up": {"uv": [10.5, 12, 9, 11], "texture": "#0"},
				"down": {"uv": [12.5, 10, 11, 11], "texture": "#0"}
			}
		}
	],
	"gui_light": "front",
	"display": {
		"thirdperson_righthand": {
			"rotation": [65, 0, 0],
			"translation": [0, 2.5, 3.75]
		},
		"thirdperson_lefthand": {
			"rotation": [65, 0, 0],
			"translation": [0, 2.5, 3.75]
		},
		"firstperson_righthand": {
			"rotation": [0, 136, 0],
			"translation": [0, 7.25, 1]
		},
		"firstperson_lefthand": {
			"rotation": [0, 136, 0],
			"translation": [0, 7.25, 1]
		},
		"ground": {
			"translation": [0, 4, 0],
			"scale": [1.74, 1.74, 1.74]
		},
		"gui": {
			"rotation": [25, 138, 0],
			"translation": [0, 4.25, 0],
			"scale": [1.27, 1.27, 1.27]
		},
		"head": {
			"translation": [0, 8.75, 0],
			"scale": [3.01445, 3.01445, 3.01445]
		},
		"fixed": {
			"rotation": [-69.75, 0, 0],
			"translation": [0, 3.5, -12],
			"scale": [3.02, 3.02, 3.02]
		}
	},
	"groups": [
		{
			"name": "group",
			"origin": [8, 8, 8],
			"color": 0,
			"children": [0, 1, 2, 3]
		}
	]
}