{
	"credit": "MadewithBlockbench",
	"texture_size": [64, 64],
	"textures": {
		"0": "custom/deko/smalltabletexture",
		"particle": "custom/deko/smalltabletexture"
	},
	"elements": [
		{
			"from": [0, 14, 0],
			"to": [16, 16, 16],
			"rotation": {"angle": 0, "axis": "y", "origin": [8, 0, 8]},
			"faces": {
				"north": {"uv": [4, 5, 8, 5.5], "texture": "#0"},
				"east": {"uv": [4, 5.5, 8, 6], "texture": "#0"},
				"south": {"uv": [4, 6, 8, 6.5], "texture": "#0"},
				"west": {"uv": [6.5, 0, 10.5, 0.5], "texture": "#0"},
				"up": {"uv": [4, 4, 0, 0], "texture": "#0"},
				"down": {"uv": [4, 4, 0, 8], "texture": "#0"}
			}
		},
		{
			"from": [7, 2, 7],
			"to": [9, 14, 9],
			"rotation": {"angle": 0, "axis": "y", "origin": [8, 0, 8]},
			"faces": {
				"north": {"uv": [6.5, 0.5, 7, 3.5], "texture": "#0"},
				"east": {"uv": [4, 6.5, 4.5, 9.5], "texture": "#0"},
				"south": {"uv": [4.5, 6.5, 5, 9.5], "texture": "#0"},
				"west": {"uv": [5, 6.5, 5.5, 9.5], "texture": "#0"},
				"up": {"uv": [7.5, 1, 7, 0.5], "texture": "#0"},
				"down": {"uv": [7.5, 1, 7, 1.5], "texture": "#0"}
			}
		},
		{
			"from": [3, 0, 3],
			"to": [13, 2, 13],
			"rotation": {"angle": 0, "axis": "y", "origin": [8, 0, 8]},
			"faces": {
				"north": {"uv": [6.5, 3.5, 9, 4], "texture": "#0"},
				"east": {"uv": [6.5, 4, 9, 4.5], "texture": "#0"},
				"south": {"uv": [6.5, 4.5, 9, 5], "texture": "#0"},
				"west": {"uv": [5.5, 6.5, 8, 7], "texture": "#0"},
				"up": {"uv": [6.5, 2.5, 4, 0], "texture": "#0"},
				"down": {"uv": [6.5, 2.5, 4, 5], "texture": "#0"}
			}
		}
	],
	"gui_light": "front",
	"display": {
		"thirdperson_righthand": {
			"rotation": [67.5, 0, 0],
			"translation": [0, 0.25, 0],
			"scale": [0.22367, 0.22367, 0.22367]
		},
		"thirdperson_lefthand": {
			"rotation": [67.5, 0, 0],
			"translation": [0, 0.25, 0],
			"scale": [0.22367, 0.22367, 0.22367]
		},
		"firstperson_righthand": {
			"translation": [2.75, 2.5, 0],
			"scale": [0.32618, 0.32618, 0.32618]
		},
		"firstperson_lefthand": {
			"translation": [2.75, 2.5, 0],
			"scale": [0.32618, 0.32618, 0.32618]
		},
		"ground": {
			"translation": [0, 6, 0],
			"scale": [0.4, 0.4, 0.4]
		},
		"gui": {
			"rotation": [30, 135, 0],
			"translation": [0, -0.75, 0],
			"scale": [0.66601, 0.66601, 0.66601]
		},
		"head": {
			"rotation": [0, 180, 0],
			"translation": [0, -30.4, 0],
			"scale": [1.6, 1.6, 1.6]
		},
		"fixed": {
			"rotation": [-90, 0, 0],
			"translation": [0, 0, -16],
			"scale": [2, 2, 2]
		}
	},
	"groups": [
		{
			"name": "group",
			"origin": [8, 0, 8],
			"color": 0,
			"children": [0, 1, 2]
		}
	]
}