{
	"credit": "Made with Blockbench",
	"texture_size": [32, 32],
	"textures": {
		"0": "custom/deko/spongi",
		"particle": "custom/deko/spongi"
	},
	"elements": [
		{
			"from": [9.25, 3.25, 2.25],
			"to": [11.25, 6.5, 3.25],
			"rotation": {"angle": 0, "axis": "x", "origin": [9.25, 6.75, 2.25]},
			"faces": {
				"north": {"uv": [5, 7, 4, 8.75], "rotation": 180, "texture": "#0"},
				"east": {"uv": [5, 10.5, 6.75, 11], "rotation": 270, "texture": "#0"},
				"south": {"uv": [8, 3.75, 7, 2], "texture": "#0"},
				"west": {"uv": [10.5, 8, 12.25, 8.5], "rotation": 90, "texture": "#0"},
				"up": {"uv": [11, 5, 12, 5.5], "rotation": 180, "texture": "#0"},
				"down": {"uv": [11, 5.5, 12, 6], "texture": "#0"}
			}
		},
		{
			"from": [4.75, 3.25, 2.25],
			"to": [6.75, 6.5, 3.25],
			"rotation": {"angle": 0, "axis": "x", "origin": [4.75, 6.75, 2.25]},
			"faces": {
				"north": {"uv": [7, 7, 6, 8.75], "rotation": 180, "texture": "#0"},
				"east": {"uv": [10.5, 8.5, 12.25, 9], "rotation": 270, "texture": "#0"},
				"south": {"uv": [6, 8.75, 5, 7], "texture": "#0"},
				"west": {"uv": [10.5, 9, 12.25, 9.5], "rotation": 90, "texture": "#0"},
				"up": {"uv": [6, 11, 7, 11.5], "rotation": 180, "texture": "#0"},
				"down": {"uv": [11, 6, 12, 6.5], "texture": "#0"}
			}
		},
		{
			"from": [5, 3.5, 3.25],
			"to": [6.5, 4.75, 7.75],
			"rotation": {"angle": 0, "axis": "x", "origin": [4, 4.25, 3.25]},
			"faces": {
				"north": {"uv": [4.75, 11, 4, 11.75], "rotation": 180, "texture": "#0"},
				"east": {"uv": [7.5, 4, 8.25, 6], "rotation": 270, "texture": "#0"},
				"south": {"uv": [11.75, 3.75, 11, 3], "texture": "#0"},
				"west": {"uv": [8, 6, 8.75, 8], "rotation": 90, "texture": "#0"},
				"up": {"uv": [7, 7, 7.75, 9], "rotation": 180, "texture": "#0"},
				"down": {"uv": [8, 2, 8.75, 4], "texture": "#0"}
			}
		},
		{
			"from": [9.5, 3.5, 3.25],
			"to": [11, 4.75, 7.75],
			"rotation": {"angle": 0, "axis": "x", "origin": [8.5, 4.25, 3.25]},
			"faces": {
				"north": {"uv": [5.75, 11, 5, 11.75], "rotation": 180, "texture": "#0"},
				"east": {"uv": [8.5, 4, 9.25, 6], "rotation": 270, "texture": "#0"},
				"south": {"uv": [11.75, 4.75, 11, 4], "texture": "#0"},
				"west": {"uv": [4, 9, 4.75, 11], "rotation": 90, "texture": "#0"},
				"up": {"uv": [8, 8, 8.75, 10], "rotation": 180, "texture": "#0"},
				"down": {"uv": [9, 2, 9.75, 4], "texture": "#0"}
			}
		},
		{
			"from": [4.5, 4.75, 6],
			"to": [11.5, 14.75, 9.25],
			"rotation": {"angle": 0, "axis": "y", "origin": [4.25, 4.75, 6.75]},
			"faces": {
				"north": {"uv": [0, 0, 3.5, 5], "texture": "#0"},
				"east": {"uv": [0, 5, 1.75, 10], "texture": "#0"},
				"south": {"uv": [3.5, 0, 7, 5], "texture": "#0"},
				"west": {"uv": [2, 5, 3.75, 10], "texture": "#0"},
				"up": {"uv": [7.5, 6.75, 4, 5], "texture": "#0"},
				"down": {"uv": [10.5, 0, 7, 1.75], "texture": "#0"}
			}
		},
		{
			"from": [5, 11, 5.75],
			"to": [7, 13, 7.5],
			"rotation": {"angle": 0, "axis": "y", "origin": [5, 11, 5.5]},
			"faces": {
				"north": {"uv": [9, 6, 10, 7], "texture": "#0"},
				"east": {"uv": [7, 9, 8, 10], "texture": "#0"},
				"south": {"uv": [9, 7, 10, 8], "texture": "#0"},
				"west": {"uv": [9, 8, 10, 9], "texture": "#0"},
				"up": {"uv": [10, 10, 9, 9], "texture": "#0"},
				"down": {"uv": [10.5, 4, 9.5, 5], "texture": "#0"}
			}
		},
		{
			"from": [9, 11, 5.75],
			"to": [11, 13, 7.5],
			"rotation": {"angle": 0, "axis": "y", "origin": [9, 11, 5.5]},
			"faces": {
				"north": {"uv": [9.5, 5, 10.5, 6], "texture": "#0"},
				"east": {"uv": [0, 10, 1, 11], "texture": "#0"},
				"south": {"uv": [1, 10, 2, 11], "texture": "#0"},
				"west": {"uv": [2, 10, 3, 11], "texture": "#0"},
				"up": {"uv": [11, 3, 10, 2], "texture": "#0"},
				"down": {"uv": [4, 10, 3, 11], "texture": "#0"}
			}
		},
		{
			"from": [7.25, 10.25, 3.25],
			"to": [8.75, 11.25, 6],
			"rotation": {"angle": 0, "axis": "y", "origin": [7, 10, 4]},
			"faces": {
				"north": {"uv": [11, 6.5, 11.75, 7], "texture": "#0"},
				"east": {"uv": [10.5, 9.5, 12, 10], "texture": "#0"},
				"south": {"uv": [7, 11, 7.75, 11.5], "texture": "#0"},
				"west": {"uv": [10.5, 10, 12, 10.5], "texture": "#0"},
				"up": {"uv": [5.75, 10.5, 5, 9], "texture": "#0"},
				"down": {"uv": [6.75, 9, 6, 10.5], "texture": "#0"}
			}
		},
		{
			"from": [3, 7.5, 6.5],
			"to": [5, 8.75, 8.5],
			"rotation": {"angle": 0, "axis": "y", "origin": [3, 6.75, 7]},
			"faces": {
				"north": {"uv": [10.5, 10.5, 11.5, 11.25], "texture": "#0"},
				"east": {"uv": [0, 11, 1, 11.75], "texture": "#0"},
				"south": {"uv": [11, 0, 12, 0.75], "texture": "#0"},
				"west": {"uv": [1, 11, 2, 11.75], "texture": "#0"},
				"up": {"uv": [11, 4, 10, 3], "texture": "#0"},
				"down": {"uv": [11, 6, 10, 7], "texture": "#0"}
			}
		},
		{
			"from": [11, 7.5, 6.5],
			"to": [13, 8.75, 8.5],
			"rotation": {"angle": 0, "axis": "y", "origin": [11, 6.75, 7]},
			"faces": {
				"north": {"uv": [11, 1, 12, 1.75], "texture": "#0"},
				"east": {"uv": [2, 11, 3, 11.75], "texture": "#0"},
				"south": {"uv": [11, 2, 12, 2.75], "texture": "#0"},
				"west": {"uv": [3, 11, 4, 11.75], "texture": "#0"},
				"up": {"uv": [8, 11, 7, 10], "texture": "#0"},
				"down": {"uv": [11, 7, 10, 8], "texture": "#0"}
			}
		},
		{
			"from": [3.5, 4, 7],
			"to": [4.5, 8, 8],
			"rotation": {"angle": 0, "axis": "y", "origin": [2.5, 6, 7]},
			"faces": {
				"north": {"uv": [8, 10, 8.5, 12], "texture": "#0"},
				"east": {"uv": [10, 8, 10.5, 10], "texture": "#0"},
				"south": {"uv": [8.5, 10, 9, 12], "texture": "#0"},
				"west": {"uv": [9, 10, 9.5, 12], "texture": "#0"},
				"up": {"uv": [7.5, 4.5, 7, 4], "texture": "#0"},
				"down": {"uv": [7.5, 4.5, 7, 5], "texture": "#0"}
			}
		},
		{
			"from": [11.5, 4, 7],
			"to": [12.5, 8, 8],
			"rotation": {"angle": 0, "axis": "y", "origin": [10.5, 6, 7]},
			"faces": {
				"north": {"uv": [9.5, 10, 10, 12], "texture": "#0"},
				"east": {"uv": [10, 10, 10.5, 12], "texture": "#0"},
				"south": {"uv": [10.5, 0, 11, 2], "texture": "#0"},
				"west": {"uv": [10.5, 4, 11, 6], "texture": "#0"},
				"up": {"uv": [8, 6.5, 7.5, 6], "texture": "#0"},
				"down": {"uv": [8, 6.5, 7.5, 7], "texture": "#0"}
			}
		}
	],
	"display": {
		"thirdperson_righthand": {
			"rotation": [67, 46, 0],
			"translation": [-0.25, 0.5, 0.5]
		},
		"thirdperson_lefthand": {
			"rotation": [67, 46, 0],
			"translation": [-0.25, 0.5, 0.5]
		},
		"firstperson_righthand": {
			"rotation": [0, 105, 0],
			"translation": [2.25, 1.5, 0]
		},
		"firstperson_lefthand": {
			"rotation": [0, 105, 0],
			"translation": [2.25, 1.5, 0]
		},
		"gui": {
			"rotation": [0, -153, 0],
			"translation": [0, -1.75, 0],
			"scale": [1.27, 1.27, 1.27]
		},
		"head": {
			"translation": [0, 11.25, -6.25],
			"scale": [1.45, 1.45, 1.45]
		},
		"fixed": {
			"rotation": [-89, 0, 0],
			"translation": [0, 0, -17.5],
			"scale": [4, 4, 4]
		}
	}
}