{
	"credit": "Made with Blockbench",
	"texture_size": [32, 32],
	"textures": {
		"1": "custom/deko/totem"
	},
	"elements": [
		{
			"from": [8, 0, 10],
			"to": [9, 0.9, 10.8],
			"faces": {
				"north": {"uv": [4, 8.5, 4.5, 9], "texture": "#1"},
				"east": {"uv": [4.5, 8.5, 5, 9], "texture": "#1"},
				"south": {"uv": [5, 8.5, 5.5, 9], "texture": "#1"},
				"west": {"uv": [5.5, 8.5, 6, 9], "texture": "#1"},
				"up": {"uv": [6.5, 9, 6, 8.5], "texture": "#1"},
				"down": {"uv": [7, 8.5, 6.5, 9], "texture": "#1"}
			}
		},
		{
			"from": [5, 0.9, 10],
			"to": [9, 1.8, 10.8],
			"faces": {
				"north": {"uv": [3, 6.5, 5, 7], "texture": "#1"},
				"east": {"uv": [3.5, 9, 4, 9.5], "texture": "#1"},
				"south": {"uv": [5, 6.5, 7, 7], "texture": "#1"},
				"west": {"uv": [9, 3.5, 9.5, 4], "texture": "#1"},
				"up": {"uv": [2, 7.5, 0, 7], "texture": "#1"},
				"down": {"uv": [9, 0, 7, 0.5], "texture": "#1"}
			}
		},
		{
			"from": [9, 0.9, 10],
			"to": [10, 1.8, 10.8],
			"faces": {
				"north": {"uv": [4, 9, 4.5, 9.5], "texture": "#1"},
				"east": {"uv": [9, 4, 9.5, 4.5], "texture": "#1"},
				"south": {"uv": [4.5, 9, 5, 9.5], "texture": "#1"},
				"west": {"uv": [9, 4.5, 9.5, 5], "texture": "#1"},
				"up": {"uv": [5.5, 9.5, 5, 9], "texture": "#1"},
				"down": {"uv": [9.5, 5, 9, 5.5], "texture": "#1"}
			}
		},
		{
			"from": [9, 2.7, 10],
			"to": [10, 3.6, 10.8],
			"faces": {
				"north": {"uv": [2, 9.5, 2.5, 10], "texture": "#1"},
				"east": {"uv": [9.5, 2, 10, 2.5], "texture": "#1"},
				"south": {"uv": [2.5, 9.5, 3, 10], "texture": "#1"},
				"west": {"uv": [9.5, 2.5, 10, 3], "texture": "#1"},
				"up": {"uv": [3.5, 10, 3, 9.5], "texture": "#1"},
				"down": {"uv": [10, 3, 9.5, 3.5], "texture": "#1"}
			}
		},
		{
			"from": [4, 2.7, 10],
			"to": [5, 3.6, 10.8],
			"faces": {
				"north": {"uv": [5.5, 9.5, 6, 10], "texture": "#1"},
				"east": {"uv": [9.5, 5.5, 10, 6], "texture": "#1"},
				"south": {"uv": [6, 9.5, 6.5, 10], "texture": "#1"},
				"west": {"uv": [9.5, 6, 10, 6.5], "texture": "#1"},
				"up": {"uv": [7, 10, 6.5, 9.5], "texture": "#1"},
				"down": {"uv": [10, 6.5, 9.5, 7], "texture": "#1"}
			}
		},
		{
			"from": [3, 2.7, 10],
			"to": [4, 3.6, 10.8],
			"faces": {
				"north": {"uv": [7, 9.5, 7.5, 10], "texture": "#1"},
				"east": {"uv": [7.5, 9.5, 8, 10], "texture": "#1"},
				"south": {"uv": [8, 9.5, 8.5, 10], "texture": "#1"},
				"west": {"uv": [8.5, 9.5, 9, 10], "texture": "#1"},
				"up": {"uv": [10, 9, 9.5, 8.5], "texture": "#1"},
				"down": {"uv": [9.5, 9.5, 9, 10], "texture": "#1"}
			}
		},
		{
			"from": [10, 2.7, 10],
			"to": [11, 3.6, 10.8],
			"faces": {
				"north": {"uv": [3.5, 9.5, 4, 10], "texture": "#1"},
				"east": {"uv": [9.5, 3.5, 10, 4], "texture": "#1"},
				"south": {"uv": [4, 9.5, 4.5, 10], "texture": "#1"},
				"west": {"uv": [9.5, 4, 10, 4.5], "texture": "#1"},
				"up": {"uv": [5, 10, 4.5, 9.5], "texture": "#1"},
				"down": {"uv": [10, 4.5, 9.5, 5], "texture": "#1"}
			}
		},
		{
			"from": [11, 4.5, 10],
			"to": [12, 5.4, 10.8],
			"faces": {
				"north": {"uv": [10.5, 2, 11, 2.5], "texture": "#1"},
				"east": {"uv": [2.5, 10.5, 3, 11], "texture": "#1"},
				"south": {"uv": [10.5, 2.5, 11, 3], "texture": "#1"},
				"west": {"uv": [3, 10.5, 3.5, 11], "texture": "#1"},
				"up": {"uv": [11, 3.5, 10.5, 3], "texture": "#1"},
				"down": {"uv": [4, 10.5, 3.5, 11], "texture": "#1"}
			}
		},
		{
			"from": [12, 4.5, 10],
			"to": [13, 5.4, 10.8],
			"faces": {
				"north": {"uv": [10.5, 3.5, 11, 4], "texture": "#1"},
				"east": {"uv": [4, 10.5, 4.5, 11], "texture": "#1"},
				"south": {"uv": [10.5, 4, 11, 4.5], "texture": "#1"},
				"west": {"uv": [4.5, 10.5, 5, 11], "texture": "#1"},
				"up": {"uv": [11, 5, 10.5, 4.5], "texture": "#1"},
				"down": {"uv": [5.5, 10.5, 5, 11], "texture": "#1"}
			}
		},
		{
			"from": [2, 4.5, 10],
			"to": [3, 5.4, 10.8],
			"faces": {
				"north": {"uv": [10.5, 6.5, 11, 7], "texture": "#1"},
				"east": {"uv": [7, 10.5, 7.5, 11], "texture": "#1"},
				"south": {"uv": [10.5, 7, 11, 7.5], "texture": "#1"},
				"west": {"uv": [7.5, 10.5, 8, 11], "texture": "#1"},
				"up": {"uv": [11, 8, 10.5, 7.5], "texture": "#1"},
				"down": {"uv": [8.5, 10.5, 8, 11], "texture": "#1"}
			}
		},
		{
			"from": [1, 4.5, 10],
			"to": [2, 5.4, 10.8],
			"faces": {
				"north": {"uv": [10.5, 5, 11, 5.5], "texture": "#1"},
				"east": {"uv": [5.5, 10.5, 6, 11], "texture": "#1"},
				"south": {"uv": [10.5, 5.5, 11, 6], "texture": "#1"},
				"west": {"uv": [6, 10.5, 6.5, 11], "texture": "#1"},
				"up": {"uv": [11, 6.5, 10.5, 6], "texture": "#1"},
				"down": {"uv": [7, 10.5, 6.5, 11], "texture": "#1"}
			}
		},
		{
			"from": [2, 5.4, 10],
			"to": [3, 6.3, 10.8],
			"faces": {
				"north": {"uv": [2, 11, 2.5, 11.5], "texture": "#1"},
				"east": {"uv": [11, 2, 11.5, 2.5], "texture": "#1"},
				"south": {"uv": [2.5, 11, 3, 11.5], "texture": "#1"},
				"west": {"uv": [11, 2.5, 11.5, 3], "texture": "#1"},
				"up": {"uv": [3.5, 11.5, 3, 11], "texture": "#1"},
				"down": {"uv": [11.5, 3, 11, 3.5], "texture": "#1"}
			}
		},
		{
			"from": [1, 5.4, 10],
			"to": [2, 6.3, 10.8],
			"faces": {
				"north": {"uv": [0.5, 11, 1, 11.5], "texture": "#1"},
				"east": {"uv": [11, 0.5, 11.5, 1], "texture": "#1"},
				"south": {"uv": [1, 11, 1.5, 11.5], "texture": "#1"},
				"west": {"uv": [11, 1, 11.5, 1.5], "texture": "#1"},
				"up": {"uv": [2, 11.5, 1.5, 11], "texture": "#1"},
				"down": {"uv": [11.5, 1.5, 11, 2], "texture": "#1"}
			}
		},
		{
			"from": [12, 5.4, 10],
			"to": [13, 6.3, 10.8],
			"faces": {
				"north": {"uv": [10.5, 9.5, 11, 10], "texture": "#1"},
				"east": {"uv": [10, 10.5, 10.5, 11], "texture": "#1"},
				"south": {"uv": [10.5, 10, 11, 10.5], "texture": "#1"},
				"west": {"uv": [10.5, 10.5, 11, 11], "texture": "#1"},
				"up": {"uv": [0.5, 11.5, 0, 11], "texture": "#1"},
				"down": {"uv": [11.5, 0, 11, 0.5], "texture": "#1"}
			}
		},
		{
			"from": [11, 5.4, 10],
			"to": [12, 6.3, 10.8],
			"faces": {
				"north": {"uv": [10.5, 8, 11, 8.5], "texture": "#1"},
				"east": {"uv": [8.5, 10.5, 9, 11], "texture": "#1"},
				"south": {"uv": [10.5, 8.5, 11, 9], "texture": "#1"},
				"west": {"uv": [9, 10.5, 9.5, 11], "texture": "#1"},
				"up": {"uv": [11, 9.5, 10.5, 9], "texture": "#1"},
				"down": {"uv": [10, 10.5, 9.5, 11], "texture": "#1"}
			}
		},
		{
			"from": [2, 6.3, 10],
			"to": [3, 7.2, 10.8],
			"faces": {
				"north": {"uv": [8, 11, 8.5, 11.5], "texture": "#1"},
				"east": {"uv": [11, 8, 11.5, 8.5], "texture": "#1"},
				"south": {"uv": [8.5, 11, 9, 11.5], "texture": "#1"},
				"west": {"uv": [11, 8.5, 11.5, 9], "texture": "#1"},
				"up": {"uv": [9.5, 11.5, 9, 11], "texture": "#1"},
				"down": {"uv": [11.5, 9, 11, 9.5], "texture": "#1"}
			}
		},
		{
			"from": [1, 6.3, 10],
			"to": [2, 7.2, 10.8],
			"faces": {
				"north": {"uv": [6.5, 11, 7, 11.5], "texture": "#1"},
				"east": {"uv": [11, 6.5, 11.5, 7], "texture": "#1"},
				"south": {"uv": [7, 11, 7.5, 11.5], "texture": "#1"},
				"west": {"uv": [11, 7, 11.5, 7.5], "texture": "#1"},
				"up": {"uv": [8, 11.5, 7.5, 11], "texture": "#1"},
				"down": {"uv": [11.5, 7.5, 11, 8], "texture": "#1"}
			}
		},
		{
			"from": [12, 6.3, 10],
			"to": [13, 7.2, 10.8],
			"faces": {
				"north": {"uv": [5, 11, 5.5, 11.5], "texture": "#1"},
				"east": {"uv": [11, 5, 11.5, 5.5], "texture": "#1"},
				"south": {"uv": [5.5, 11, 6, 11.5], "texture": "#1"},
				"west": {"uv": [11, 5.5, 11.5, 6], "texture": "#1"},
				"up": {"uv": [6.5, 11.5, 6, 11], "texture": "#1"},
				"down": {"uv": [11.5, 6, 11, 6.5], "texture": "#1"}
			}
		},
		{
			"from": [13, 6.3, 10],
			"to": [14, 7.2, 10.8],
			"faces": {
				"north": {"uv": [11, 11, 11.5, 11.5], "texture": "#1"},
				"east": {"uv": [0, 11.5, 0.5, 12], "texture": "#1"},
				"south": {"uv": [11.5, 0, 12, 0.5], "texture": "#1"},
				"west": {"uv": [0.5, 11.5, 1, 12], "texture": "#1"},
				"up": {"uv": [12, 1, 11.5, 0.5], "texture": "#1"},
				"down": {"uv": [1.5, 11.5, 1, 12], "texture": "#1"}
			}
		},
		{
			"from": [13, 5.4, 10],
			"to": [14, 6.3, 10.8],
			"faces": {
				"north": {"uv": [9.5, 11, 10, 11.5], "texture": "#1"},
				"east": {"uv": [11, 9.5, 11.5, 10], "texture": "#1"},
				"south": {"uv": [10, 11, 10.5, 11.5], "texture": "#1"},
				"west": {"uv": [11, 10, 11.5, 10.5], "texture": "#1"},
				"up": {"uv": [11, 11.5, 10.5, 11], "texture": "#1"},
				"down": {"uv": [11.5, 10.5, 11, 11], "texture": "#1"}
			}
		},
		{
			"from": [0, 5.4, 10],
			"to": [1, 6.3, 10.8],
			"faces": {
				"north": {"uv": [9.5, 11, 10, 11.5], "texture": "#1"},
				"east": {"uv": [11, 9.5, 11.5, 10], "texture": "#1"},
				"south": {"uv": [10, 11, 10.5, 11.5], "texture": "#1"},
				"west": {"uv": [11, 10, 11.5, 10.5], "texture": "#1"},
				"up": {"uv": [11, 11.5, 10.5, 11], "texture": "#1"},
				"down": {"uv": [11.5, 10.5, 11, 11], "texture": "#1"}
			}
		},
		{
			"from": [0, 6.3, 10],
			"to": [1, 7.2, 10.8],
			"faces": {
				"north": {"uv": [11, 11, 11.5, 11.5], "texture": "#1"},
				"east": {"uv": [0, 11.5, 0.5, 12], "texture": "#1"},
				"south": {"uv": [11.5, 0, 12, 0.5], "texture": "#1"},
				"west": {"uv": [0.5, 11.5, 1, 12], "texture": "#1"},
				"up": {"uv": [12, 1, 11.5, 0.5], "texture": "#1"},
				"down": {"uv": [1.5, 11.5, 1, 12], "texture": "#1"}
			}
		},
		{
			"from": [0, 7.2, 10],
			"to": [1, 7.3, 10.8],
			"faces": {
				"north": {"uv": [11, 11, 11.5, 11.5], "texture": "#1"},
				"east": {"uv": [0, 11.5, 0.5, 12], "texture": "#1"},
				"south": {"uv": [11.5, 0, 12, 0.5], "texture": "#1"},
				"west": {"uv": [0.5, 11.5, 1, 12], "texture": "#1"},
				"up": {"uv": [12, 1, 11.5, 0.5], "texture": "#1"},
				"down": {"uv": [1.5, 11.5, 1, 12], "texture": "#1"}
			}
		},
		{
			"from": [0, 6.3, 10],
			"to": [1, 7.2, 10.8],
			"faces": {
				"north": {"uv": [11.5, 2.5, 12, 3], "texture": "#1"},
				"east": {"uv": [3, 11.5, 3.5, 12], "texture": "#1"},
				"south": {"uv": [11.5, 3, 12, 3.5], "texture": "#1"},
				"west": {"uv": [3.5, 11.5, 4, 12], "texture": "#1"},
				"up": {"uv": [12, 4, 11.5, 3.5], "texture": "#1"},
				"down": {"uv": [4.5, 11.5, 4, 12], "texture": "#1"}
			}
		},
		{
			"from": [11, 6.3, 10],
			"to": [12, 7.2, 10.8],
			"faces": {
				"north": {"uv": [3.5, 11, 4, 11.5], "texture": "#1"},
				"east": {"uv": [11, 3.5, 11.5, 4], "texture": "#1"},
				"south": {"uv": [4, 11, 4.5, 11.5], "texture": "#1"},
				"west": {"uv": [11, 4, 11.5, 4.5], "texture": "#1"},
				"up": {"uv": [5, 11.5, 4.5, 11], "texture": "#1"},
				"down": {"uv": [11.5, 4.5, 11, 5], "texture": "#1"}
			}
		},
		{
			"from": [3.9, 7.2, 10],
			"to": [11, 8.1, 10.8],
			"faces": {
				"north": {"uv": [0, 0, 3.5, 0.5], "texture": "#1"},
				"east": {"uv": [12.5, 2.5, 13, 3], "texture": "#1"},
				"south": {"uv": [0, 0.5, 3.5, 1], "texture": "#1"},
				"west": {"uv": [3, 12.5, 3.5, 13], "texture": "#1"},
				"up": {"uv": [3.5, 1.5, 0, 1], "texture": "#1"},
				"down": {"uv": [3.5, 1.5, 0, 2], "texture": "#1"}
			}
		},
		{
			"from": [3.9, 8.1, 10],
			"to": [11, 9, 10.8],
			"faces": {
				"north": {"uv": [0, 2, 3.5, 2.5], "texture": "#1"},
				"east": {"uv": [12.5, 3, 13, 3.5], "texture": "#1"},
				"south": {"uv": [0, 2.5, 3.5, 3], "texture": "#1"},
				"west": {"uv": [3.5, 12.5, 4, 13], "texture": "#1"},
				"up": {"uv": [3.5, 3.5, 0, 3], "texture": "#1"},
				"down": {"uv": [3.5, 3.5, 0, 4], "texture": "#1"}
			}
		},
		{
			"from": [3.9, 9, 10],
			"to": [11, 9.9, 10.8],
			"faces": {
				"north": {"uv": [3.5, 0, 7, 0.5], "texture": "#1"},
				"east": {"uv": [12.5, 3.5, 13, 4], "texture": "#1"},
				"south": {"uv": [3.5, 0.5, 7, 1], "texture": "#1"},
				"west": {"uv": [4, 12.5, 4.5, 13], "texture": "#1"},
				"up": {"uv": [7, 1.5, 3.5, 1], "texture": "#1"},
				"down": {"uv": [7, 1.5, 3.5, 2], "texture": "#1"}
			}
		},
		{
			"from": [3.9, 9.9, 10],
			"to": [11, 10.8, 10.8],
			"faces": {
				"north": {"uv": [3.5, 2, 7, 2.5], "texture": "#1"},
				"east": {"uv": [12.5, 4, 13, 4.5], "texture": "#1"},
				"south": {"uv": [3.5, 2.5, 7, 3], "texture": "#1"},
				"west": {"uv": [4.5, 12.5, 5, 13], "texture": "#1"},
				"up": {"uv": [7, 3.5, 3.5, 3], "texture": "#1"},
				"down": {"uv": [7, 3.5, 3.5, 4], "texture": "#1"}
			}
		},
		{
			"from": [3.9, 10.8, 10],
			"to": [11, 11.7, 10.8],
			"faces": {
				"north": {"uv": [0, 4, 3.5, 4.5], "texture": "#1"},
				"east": {"uv": [12.5, 4.5, 13, 5], "texture": "#1"},
				"south": {"uv": [3.5, 4, 7, 4.5], "texture": "#1"},
				"west": {"uv": [5, 12.5, 5.5, 13], "texture": "#1"},
				"up": {"uv": [3.5, 5, 0, 4.5], "texture": "#1"},
				"down": {"uv": [7, 4.5, 3.5, 5], "texture": "#1"}
			}
		},
		{
			"from": [3.9, 11.7, 10],
			"to": [11, 12.6, 10.8],
			"faces": {
				"north": {"uv": [0, 5, 3.5, 5.5], "texture": "#1"},
				"east": {"uv": [12.5, 5, 13, 5.5], "texture": "#1"},
				"south": {"uv": [3.5, 5, 7, 5.5], "texture": "#1"},
				"west": {"uv": [5.5, 12.5, 6, 13], "texture": "#1"},
				"up": {"uv": [3.5, 6, 0, 5.5], "texture": "#1"},
				"down": {"uv": [7, 5.5, 3.5, 6], "texture": "#1"}
			}
		},
		{
			"from": [3.9, 12.6, 10],
			"to": [10, 13.5, 10.8],
			"faces": {
				"north": {"uv": [0, 6, 3, 6.5], "texture": "#1"},
				"east": {"uv": [2, 13, 2.5, 13.5], "texture": "#1"},
				"south": {"uv": [3, 6, 6, 6.5], "texture": "#1"},
				"west": {"uv": [13, 2, 13.5, 2.5], "texture": "#1"},
				"up": {"uv": [9, 6.5, 6, 6], "texture": "#1"},
				"down": {"uv": [3, 6.5, 0, 7], "texture": "#1"}
			}
		},
		{
			"from": [2.9, 11.7, 10],
			"to": [3.9, 12.6, 10.8],
			"faces": {
				"north": {"uv": [0.5, 13, 1, 13.5], "texture": "#1"},
				"east": {"uv": [13, 0.5, 13.5, 1], "texture": "#1"},
				"south": {"uv": [1, 13, 1.5, 13.5], "texture": "#1"},
				"west": {"uv": [13, 1, 13.5, 1.5], "texture": "#1"},
				"up": {"uv": [2, 13.5, 1.5, 13], "texture": "#1"},
				"down": {"uv": [13.5, 1.5, 13, 2], "texture": "#1"}
			}
		},
		{
			"from": [2.9, 8.1, 10],
			"to": [3.9, 9, 10.8],
			"faces": {
				"north": {"uv": [12.5, 11.5, 13, 12], "texture": "#1"},
				"east": {"uv": [12, 12.5, 12.5, 13], "texture": "#1"},
				"south": {"uv": [12.5, 12, 13, 12.5], "texture": "#1"},
				"west": {"uv": [12.5, 12.5, 13, 13], "texture": "#1"},
				"up": {"uv": [0.5, 13.5, 0, 13], "texture": "#1"},
				"down": {"uv": [13.5, 0, 13, 0.5], "texture": "#1"}
			}
		},
		{
			"from": [2.9, 7.2, 10],
			"to": [3.9, 8.1, 10.8],
			"faces": {
				"north": {"uv": [12.5, 10, 13, 10.5], "texture": "#1"},
				"east": {"uv": [10.5, 12.5, 11, 13], "texture": "#1"},
				"south": {"uv": [12.5, 10.5, 13, 11], "texture": "#1"},
				"west": {"uv": [11, 12.5, 11.5, 13], "texture": "#1"},
				"up": {"uv": [13, 11.5, 12.5, 11], "texture": "#1"},
				"down": {"uv": [12, 12.5, 11.5, 13], "texture": "#1"}
			}
		},
		{
			"from": [2.9, 9.9, 10],
			"to": [3.9, 10.8, 10.8],
			"faces": {
				"north": {"uv": [12.5, 8.5, 13, 9], "texture": "#1"},
				"east": {"uv": [9, 12.5, 9.5, 13], "texture": "#1"},
				"south": {"uv": [12.5, 9, 13, 9.5], "texture": "#1"},
				"west": {"uv": [9.5, 12.5, 10, 13], "texture": "#1"},
				"up": {"uv": [13, 10, 12.5, 9.5], "texture": "#1"},
				"down": {"uv": [10.5, 12.5, 10, 13], "texture": "#1"}
			}
		},
		{
			"from": [2.9, 9, 10],
			"to": [3.9, 9.9, 10.8],
			"faces": {
				"north": {"uv": [12.5, 7, 13, 7.5], "texture": "#1"},
				"east": {"uv": [7.5, 12.5, 8, 13], "texture": "#1"},
				"south": {"uv": [12.5, 7.5, 13, 8], "texture": "#1"},
				"west": {"uv": [8, 12.5, 8.5, 13], "texture": "#1"},
				"up": {"uv": [13, 8.5, 12.5, 8], "texture": "#1"},
				"down": {"uv": [9, 12.5, 8.5, 13], "texture": "#1"}
			}
		},
		{
			"from": [2.9, 10.8, 10],
			"to": [3.9, 11.7, 10.8],
			"faces": {
				"north": {"uv": [12.5, 5.5, 13, 6], "texture": "#1"},
				"east": {"uv": [6, 12.5, 6.5, 13], "texture": "#1"},
				"south": {"uv": [12.5, 6, 13, 6.5], "texture": "#1"},
				"west": {"uv": [6.5, 12.5, 7, 13], "texture": "#1"},
				"up": {"uv": [13, 7, 12.5, 6.5], "texture": "#1"},
				"down": {"uv": [7.5, 12.5, 7, 13], "texture": "#1"}
			}
		},
		{
			"from": [4, 0.9, 10],
			"to": [5, 1.8, 10.8],
			"faces": {
				"north": {"uv": [5.5, 9, 6, 9.5], "texture": "#1"},
				"east": {"uv": [9, 5.5, 9.5, 6], "texture": "#1"},
				"south": {"uv": [6, 9, 6.5, 9.5], "texture": "#1"},
				"west": {"uv": [9, 6, 9.5, 6.5], "texture": "#1"},
				"up": {"uv": [7, 9.5, 6.5, 9], "texture": "#1"},
				"down": {"uv": [9.5, 6.5, 9, 7], "texture": "#1"}
			}
		},
		{
			"from": [9, 1.8, 10],
			"to": [10, 2.7, 10.8],
			"faces": {
				"north": {"uv": [0.5, 9.5, 1, 10], "texture": "#1"},
				"east": {"uv": [9.5, 0.5, 10, 1], "texture": "#1"},
				"south": {"uv": [1, 9.5, 1.5, 10], "texture": "#1"},
				"west": {"uv": [9.5, 1, 10, 1.5], "texture": "#1"},
				"up": {"uv": [2, 10, 1.5, 9.5], "texture": "#1"},
				"down": {"uv": [10, 1.5, 9.5, 2], "texture": "#1"}
			}
		},
		{
			"from": [5, 1.8, 10],
			"to": [9, 2.7, 10.8],
			"faces": {
				"north": {"uv": [7, 0.5, 9, 1], "texture": "#1"},
				"east": {"uv": [0, 9.5, 0.5, 10], "texture": "#1"},
				"south": {"uv": [7, 1, 9, 1.5], "texture": "#1"},
				"west": {"uv": [9.5, 0, 10, 0.5], "texture": "#1"},
				"up": {"uv": [9, 2, 7, 1.5], "texture": "#1"},
				"down": {"uv": [4, 7, 2, 7.5], "texture": "#1"}
			}
		},
		{
			"from": [5, 2.7, 10],
			"to": [9, 3.6, 10.8],
			"faces": {
				"north": {"uv": [7, 2, 9, 2.5], "texture": "#1"},
				"east": {"uv": [5, 9.5, 5.5, 10], "texture": "#1"},
				"south": {"uv": [7, 2.5, 9, 3], "texture": "#1"},
				"west": {"uv": [9.5, 5, 10, 5.5], "texture": "#1"},
				"up": {"uv": [9, 3.5, 7, 3], "texture": "#1"},
				"down": {"uv": [9, 3.5, 7, 4], "texture": "#1"}
			}
		},
		{
			"from": [3, 3.6, 10],
			"to": [4, 4.5, 10.8],
			"faces": {
				"north": {"uv": [4.5, 10, 5, 10.5], "texture": "#1"},
				"east": {"uv": [10, 4.5, 10.5, 5], "texture": "#1"},
				"south": {"uv": [5, 10, 5.5, 10.5], "texture": "#1"},
				"west": {"uv": [10, 5, 10.5, 5.5], "texture": "#1"},
				"up": {"uv": [6, 10.5, 5.5, 10], "texture": "#1"},
				"down": {"uv": [10.5, 5.5, 10, 6], "texture": "#1"}
			}
		},
		{
			"from": [10, 3.6, 10],
			"to": [11, 4.5, 10.8],
			"faces": {
				"north": {"uv": [3, 10, 3.5, 10.5], "texture": "#1"},
				"east": {"uv": [10, 3, 10.5, 3.5], "texture": "#1"},
				"south": {"uv": [3.5, 10, 4, 10.5], "texture": "#1"},
				"west": {"uv": [10, 3.5, 10.5, 4], "texture": "#1"},
				"up": {"uv": [4.5, 10.5, 4, 10], "texture": "#1"},
				"down": {"uv": [10.5, 4, 10, 4.5], "texture": "#1"}
			}
		},
		{
			"from": [9, 3.6, 10],
			"to": [10, 4.5, 10.8],
			"faces": {
				"north": {"uv": [1.5, 10, 2, 10.5], "texture": "#1"},
				"east": {"uv": [10, 1.5, 10.5, 2], "texture": "#1"},
				"south": {"uv": [2, 10, 2.5, 10.5], "texture": "#1"},
				"west": {"uv": [10, 2, 10.5, 2.5], "texture": "#1"},
				"up": {"uv": [3, 10.5, 2.5, 10], "texture": "#1"},
				"down": {"uv": [10.5, 2.5, 10, 3], "texture": "#1"}
			}
		},
		{
			"from": [4, 3.6, 10],
			"to": [5, 4.5, 10.8],
			"faces": {
				"north": {"uv": [0, 10, 0.5, 10.5], "texture": "#1"},
				"east": {"uv": [10, 0, 10.5, 0.5], "texture": "#1"},
				"south": {"uv": [0.5, 10, 1, 10.5], "texture": "#1"},
				"west": {"uv": [10, 0.5, 10.5, 1], "texture": "#1"},
				"up": {"uv": [1.5, 10.5, 1, 10], "texture": "#1"},
				"down": {"uv": [10.5, 1, 10, 1.5], "texture": "#1"}
			}
		},
		{
			"from": [5, 3.6, 10],
			"to": [9, 4.5, 10.8],
			"faces": {
				"north": {"uv": [4, 7, 6, 7.5], "texture": "#1"},
				"east": {"uv": [9.5, 9, 10, 9.5], "texture": "#1"},
				"south": {"uv": [7, 4, 9, 4.5], "texture": "#1"},
				"west": {"uv": [9.5, 9.5, 10, 10], "texture": "#1"},
				"up": {"uv": [9, 5, 7, 4.5], "texture": "#1"},
				"down": {"uv": [9, 5, 7, 5.5], "texture": "#1"}
			}
		},
		{
			"from": [4, 5.4, 10],
			"to": [5, 6.3, 10.8],
			"faces": {
				"north": {"uv": [7, 12, 7.5, 12.5], "texture": "#1"},
				"east": {"uv": [12, 7, 12.5, 7.5], "texture": "#1"},
				"south": {"uv": [7.5, 12, 8, 12.5], "texture": "#1"},
				"west": {"uv": [12, 7.5, 12.5, 8], "texture": "#1"},
				"up": {"uv": [8.5, 12.5, 8, 12], "texture": "#1"},
				"down": {"uv": [12.5, 8, 12, 8.5], "texture": "#1"}
			}
		},
		{
			"from": [5, 5.4, 10],
			"to": [9, 6.3, 10.8],
			"faces": {
				"north": {"uv": [2, 8, 4, 8.5], "texture": "#1"},
				"east": {"uv": [6.5, 12, 7, 12.5], "texture": "#1"},
				"south": {"uv": [4, 8, 6, 8.5], "texture": "#1"},
				"west": {"uv": [12, 6.5, 12.5, 7], "texture": "#1"},
				"up": {"uv": [8, 8.5, 6, 8], "texture": "#1"},
				"down": {"uv": [10, 7, 8, 7.5], "texture": "#1"}
			}
		},
		{
			"from": [9, 5.4, 10],
			"to": [10, 6.3, 10.8],
			"faces": {
				"north": {"uv": [5, 12, 5.5, 12.5], "texture": "#1"},
				"east": {"uv": [12, 5, 12.5, 5.5], "texture": "#1"},
				"south": {"uv": [5.5, 12, 6, 12.5], "texture": "#1"},
				"west": {"uv": [12, 5.5, 12.5, 6], "texture": "#1"},
				"up": {"uv": [6.5, 12.5, 6, 12], "texture": "#1"},
				"down": {"uv": [12.5, 6, 12, 6.5], "texture": "#1"}
			}
		},
		{
			"from": [10, 5.4, 10],
			"to": [11, 6.3, 10.8],
			"faces": {
				"north": {"uv": [3.5, 12, 4, 12.5], "texture": "#1"},
				"east": {"uv": [12, 3.5, 12.5, 4], "texture": "#1"},
				"south": {"uv": [4, 12, 4.5, 12.5], "texture": "#1"},
				"west": {"uv": [12, 4, 12.5, 4.5], "texture": "#1"},
				"up": {"uv": [5, 12.5, 4.5, 12], "texture": "#1"},
				"down": {"uv": [12.5, 4.5, 12, 5], "texture": "#1"}
			}
		},
		{
			"from": [3, 5.4, 10],
			"to": [4, 6.3, 10.8],
			"faces": {
				"north": {"uv": [2, 12, 2.5, 12.5], "texture": "#1"},
				"east": {"uv": [12, 2, 12.5, 2.5], "texture": "#1"},
				"south": {"uv": [2.5, 12, 3, 12.5], "texture": "#1"},
				"west": {"uv": [12, 2.5, 12.5, 3], "texture": "#1"},
				"up": {"uv": [3.5, 12.5, 3, 12], "texture": "#1"},
				"down": {"uv": [12.5, 3, 12, 3.5], "texture": "#1"}
			}
		},
		{
			"from": [4, 6.3, 10],
			"to": [5, 7.2, 10.8],
			"faces": {
				"north": {"uv": [12.5, 1, 13, 1.5], "texture": "#1"},
				"east": {"uv": [1.5, 12.5, 2, 13], "texture": "#1"},
				"south": {"uv": [12.5, 1.5, 13, 2], "texture": "#1"},
				"west": {"uv": [2, 12.5, 2.5, 13], "texture": "#1"},
				"up": {"uv": [13, 2.5, 12.5, 2], "texture": "#1"},
				"down": {"uv": [3, 12.5, 2.5, 13], "texture": "#1"}
			}
		},
		{
			"from": [5, 6.3, 10],
			"to": [9, 7.2, 10.8],
			"faces": {
				"north": {"uv": [8, 7.5, 10, 8], "texture": "#1"},
				"east": {"uv": [12.5, 0.5, 13, 1], "texture": "#1"},
				"south": {"uv": [8, 8, 10, 8.5], "texture": "#1"},
				"west": {"uv": [1, 12.5, 1.5, 13], "texture": "#1"},
				"up": {"uv": [2, 9, 0, 8.5], "texture": "#1"},
				"down": {"uv": [4, 8.5, 2, 9], "texture": "#1"}
			}
		},
		{
			"from": [9, 6.3, 10],
			"to": [10, 7.2, 10.8],
			"faces": {
				"north": {"uv": [11.5, 12, 12, 12.5], "texture": "#1"},
				"east": {"uv": [12, 11.5, 12.5, 12], "texture": "#1"},
				"south": {"uv": [12, 12, 12.5, 12.5], "texture": "#1"},
				"west": {"uv": [0, 12.5, 0.5, 13], "texture": "#1"},
				"up": {"uv": [13, 0.5, 12.5, 0], "texture": "#1"},
				"down": {"uv": [1, 12.5, 0.5, 13], "texture": "#1"}
			}
		},
		{
			"from": [10, 6.3, 10],
			"to": [11, 7.2, 10.8],
			"faces": {
				"north": {"uv": [10, 12, 10.5, 12.5], "texture": "#1"},
				"east": {"uv": [12, 10, 12.5, 10.5], "texture": "#1"},
				"south": {"uv": [10.5, 12, 11, 12.5], "texture": "#1"},
				"west": {"uv": [12, 10.5, 12.5, 11], "texture": "#1"},
				"up": {"uv": [11.5, 12.5, 11, 12], "texture": "#1"},
				"down": {"uv": [12.5, 11, 12, 11.5], "texture": "#1"}
			}
		},
		{
			"from": [3, 6.3, 10],
			"to": [4, 7.2, 10.8],
			"faces": {
				"north": {"uv": [8.5, 12, 9, 12.5], "texture": "#1"},
				"east": {"uv": [12, 8.5, 12.5, 9], "texture": "#1"},
				"south": {"uv": [9, 12, 9.5, 12.5], "texture": "#1"},
				"west": {"uv": [12, 9, 12.5, 9.5], "texture": "#1"},
				"up": {"uv": [10, 12.5, 9.5, 12], "texture": "#1"},
				"down": {"uv": [12.5, 9.5, 12, 10], "texture": "#1"}
			}
		},
		{
			"from": [10, 4.5, 10],
			"to": [11, 5.4, 10.8],
			"faces": {
				"north": {"uv": [11.5, 9, 12, 9.5], "texture": "#1"},
				"east": {"uv": [9.5, 11.5, 10, 12], "texture": "#1"},
				"south": {"uv": [11.5, 9.5, 12, 10], "texture": "#1"},
				"west": {"uv": [10, 11.5, 10.5, 12], "texture": "#1"},
				"up": {"uv": [12, 10.5, 11.5, 10], "texture": "#1"},
				"down": {"uv": [11, 11.5, 10.5, 12], "texture": "#1"}
			}
		},
		{
			"from": [9, 4.5, 10],
			"to": [10, 5.4, 10.8],
			"faces": {
				"north": {"uv": [11.5, 7.5, 12, 8], "texture": "#1"},
				"east": {"uv": [8, 11.5, 8.5, 12], "texture": "#1"},
				"south": {"uv": [11.5, 8, 12, 8.5], "texture": "#1"},
				"west": {"uv": [8.5, 11.5, 9, 12], "texture": "#1"},
				"up": {"uv": [12, 9, 11.5, 8.5], "texture": "#1"},
				"down": {"uv": [9.5, 11.5, 9, 12], "texture": "#1"}
			}
		},
		{
			"from": [5, 4.5, 10],
			"to": [9, 5.4, 10.8],
			"faces": {
				"north": {"uv": [2, 7.5, 4, 8], "texture": "#1"},
				"east": {"uv": [11.5, 7, 12, 7.5], "texture": "#1"},
				"south": {"uv": [4, 7.5, 6, 8], "texture": "#1"},
				"west": {"uv": [7.5, 11.5, 8, 12], "texture": "#1"},
				"up": {"uv": [8, 8, 6, 7.5], "texture": "#1"},
				"down": {"uv": [2, 8, 0, 8.5], "texture": "#1"}
			}
		},
		{
			"from": [4, 4.5, 10],
			"to": [5, 5.4, 10.8],
			"faces": {
				"north": {"uv": [11.5, 5.5, 12, 6], "texture": "#1"},
				"east": {"uv": [6, 11.5, 6.5, 12], "texture": "#1"},
				"south": {"uv": [11.5, 6, 12, 6.5], "texture": "#1"},
				"west": {"uv": [6.5, 11.5, 7, 12], "texture": "#1"},
				"up": {"uv": [12, 7, 11.5, 6.5], "texture": "#1"},
				"down": {"uv": [7.5, 11.5, 7, 12], "texture": "#1"}
			}
		},
		{
			"from": [3, 4.5, 10],
			"to": [4, 5.4, 10.8],
			"faces": {
				"north": {"uv": [11.5, 4, 12, 4.5], "texture": "#1"},
				"east": {"uv": [4.5, 11.5, 5, 12], "texture": "#1"},
				"south": {"uv": [11.5, 4.5, 12, 5], "texture": "#1"},
				"west": {"uv": [5, 11.5, 5.5, 12], "texture": "#1"},
				"up": {"uv": [12, 5.5, 11.5, 5], "texture": "#1"},
				"down": {"uv": [6, 11.5, 5.5, 12], "texture": "#1"}
			}
		},
		{
			"from": [4, 1.8, 10],
			"to": [5, 2.7, 10.8],
			"faces": {
				"north": {"uv": [7, 9, 7.5, 9.5], "texture": "#1"},
				"east": {"uv": [7.5, 9, 8, 9.5], "texture": "#1"},
				"south": {"uv": [8, 9, 8.5, 9.5], "texture": "#1"},
				"west": {"uv": [8.5, 9, 9, 9.5], "texture": "#1"},
				"up": {"uv": [9.5, 9, 9, 8.5], "texture": "#1"},
				"down": {"uv": [9.5, 9, 9, 9.5], "texture": "#1"}
			}
		},
		{
			"from": [7, 0, 10],
			"to": [8, 0.9, 10.8],
			"faces": {
				"north": {"uv": [7, 8.5, 7.5, 9], "texture": "#1"},
				"east": {"uv": [7.5, 8.5, 8, 9], "texture": "#1"},
				"south": {"uv": [8, 8.5, 8.5, 9], "texture": "#1"},
				"west": {"uv": [8.5, 8.5, 9, 9], "texture": "#1"},
				"up": {"uv": [0.5, 9.5, 0, 9], "texture": "#1"},
				"down": {"uv": [9.5, 0, 9, 0.5], "texture": "#1"}
			}
		},
		{
			"from": [6, 0, 10],
			"to": [7, 0.9, 10.8],
			"faces": {
				"north": {"uv": [0.5, 9, 1, 9.5], "texture": "#1"},
				"east": {"uv": [9, 0.5, 9.5, 1], "texture": "#1"},
				"south": {"uv": [1, 9, 1.5, 9.5], "texture": "#1"},
				"west": {"uv": [9, 1, 9.5, 1.5], "texture": "#1"},
				"up": {"uv": [2, 9.5, 1.5, 9], "texture": "#1"},
				"down": {"uv": [9.5, 1.5, 9, 2], "texture": "#1"}
			}
		},
		{
			"from": [5, 0, 10],
			"to": [6, 0.9, 10.8],
			"faces": {
				"north": {"uv": [2, 9, 2.5, 9.5], "texture": "#1"},
				"east": {"uv": [9, 2, 9.5, 2.5], "texture": "#1"},
				"south": {"uv": [2.5, 9, 3, 9.5], "texture": "#1"},
				"west": {"uv": [9, 2.5, 9.5, 3], "texture": "#1"},
				"up": {"uv": [3.5, 9.5, 3, 9], "texture": "#1"},
				"down": {"uv": [9.5, 3, 9, 3.5], "texture": "#1"}
			}
		},
		{
			"from": [5, 0, 10.8],
			"to": [6, 0.9, 11.1],
			"faces": {
				"north": {"uv": [5, 8.5, 5.5, 9], "texture": "#1"},
				"east": {"uv": [5.5, 8.5, 6, 9], "texture": "#1"},
				"south": {"uv": [4, 8.5, 4.5, 9], "texture": "#1"},
				"west": {"uv": [4.5, 8.5, 5, 9], "texture": "#1"},
				"up": {"uv": [6.5, 9, 6, 8.5], "rotation": 180, "texture": "#1"},
				"down": {"uv": [7, 8.5, 6.5, 9], "rotation": 180, "texture": "#1"}
			}
		},
		{
			"from": [6, 0, 10.8],
			"to": [7, 0.9, 11.1],
			"faces": {
				"north": {"uv": [8, 8.5, 8.5, 9], "texture": "#1"},
				"east": {"uv": [8.5, 8.5, 9, 9], "texture": "#1"},
				"south": {"uv": [7, 8.5, 7.5, 9], "texture": "#1"},
				"west": {"uv": [7.5, 8.5, 8, 9], "texture": "#1"},
				"up": {"uv": [0.5, 9.5, 0, 9], "rotation": 180, "texture": "#1"},
				"down": {"uv": [9.5, 0, 9, 0.5], "rotation": 180, "texture": "#1"}
			}
		},
		{
			"from": [7, 0, 10.8],
			"to": [8, 0.9, 11.1],
			"faces": {
				"north": {"uv": [1, 9, 1.5, 9.5], "texture": "#1"},
				"east": {"uv": [9, 1, 9.5, 1.5], "texture": "#1"},
				"south": {"uv": [0.5, 9, 1, 9.5], "texture": "#1"},
				"west": {"uv": [9, 0.5, 9.5, 1], "texture": "#1"},
				"up": {"uv": [2, 9.5, 1.5, 9], "rotation": 180, "texture": "#1"},
				"down": {"uv": [9.5, 1.5, 9, 2], "rotation": 180, "texture": "#1"}
			}
		},
		{
			"from": [8, 0, 10.8],
			"to": [9, 0.9, 11.1],
			"faces": {
				"north": {"uv": [2.5, 9, 3, 9.5], "texture": "#1"},
				"east": {"uv": [9, 2.5, 9.5, 3], "texture": "#1"},
				"south": {"uv": [2, 9, 2.5, 9.5], "texture": "#1"},
				"west": {"uv": [9, 2, 9.5, 2.5], "texture": "#1"},
				"up": {"uv": [3.5, 9.5, 3, 9], "rotation": 180, "texture": "#1"},
				"down": {"uv": [9.5, 3, 9, 3.5], "rotation": 180, "texture": "#1"}
			}
		},
		{
			"from": [5, 0.9, 10.8],
			"to": [9, 1.8, 11.1],
			"faces": {
				"north": {"uv": [5, 6.5, 7, 7], "texture": "#1"},
				"east": {"uv": [9, 3.5, 9.5, 4], "texture": "#1"},
				"south": {"uv": [3, 6.5, 5, 7], "texture": "#1"},
				"west": {"uv": [3.5, 9, 4, 9.5], "texture": "#1"},
				"up": {"uv": [2, 7.5, 0, 7], "rotation": 180, "texture": "#1"},
				"down": {"uv": [9, 0, 7, 0.5], "rotation": 180, "texture": "#1"}
			}
		},
		{
			"from": [4, 0.9, 10.8],
			"to": [5, 1.8, 11.1],
			"faces": {
				"north": {"uv": [4.5, 9, 5, 9.5], "texture": "#1"},
				"east": {"uv": [9, 4.5, 9.5, 5], "texture": "#1"},
				"south": {"uv": [4, 9, 4.5, 9.5], "texture": "#1"},
				"west": {"uv": [9, 4, 9.5, 4.5], "texture": "#1"},
				"up": {"uv": [5.5, 9.5, 5, 9], "rotation": 180, "texture": "#1"},
				"down": {"uv": [9.5, 5, 9, 5.5], "rotation": 180, "texture": "#1"}
			}
		},
		{
			"from": [9, 0.9, 10.8],
			"to": [10, 1.8, 11.1],
			"faces": {
				"north": {"uv": [6, 9, 6.5, 9.5], "texture": "#1"},
				"east": {"uv": [9, 6, 9.5, 6.5], "texture": "#1"},
				"south": {"uv": [5.5, 9, 6, 9.5], "texture": "#1"},
				"west": {"uv": [9, 5.5, 9.5, 6], "texture": "#1"},
				"up": {"uv": [7, 9.5, 6.5, 9], "rotation": 180, "texture": "#1"},
				"down": {"uv": [9.5, 6.5, 9, 7], "rotation": 180, "texture": "#1"}
			}
		},
		{
			"from": [9, 1.8, 10.8],
			"to": [10, 2.7, 11.1],
			"faces": {
				"north": {"uv": [8, 9, 8.5, 9.5], "texture": "#1"},
				"east": {"uv": [8.5, 9, 9, 9.5], "texture": "#1"},
				"south": {"uv": [7, 9, 7.5, 9.5], "texture": "#1"},
				"west": {"uv": [7.5, 9, 8, 9.5], "texture": "#1"},
				"up": {"uv": [9.5, 9, 9, 8.5], "rotation": 180, "texture": "#1"},
				"down": {"uv": [9.5, 9, 9, 9.5], "rotation": 180, "texture": "#1"}
			}
		},
		{
			"from": [5, 1.8, 10.8],
			"to": [9, 2.7, 11.1],
			"faces": {
				"north": {"uv": [7, 1, 9, 1.5], "texture": "#1"},
				"east": {"uv": [9.5, 0, 10, 0.5], "texture": "#1"},
				"south": {"uv": [7, 0.5, 9, 1], "texture": "#1"},
				"west": {"uv": [0, 9.5, 0.5, 10], "texture": "#1"},
				"up": {"uv": [9, 2, 7, 1.5], "rotation": 180, "texture": "#1"},
				"down": {"uv": [4, 7, 2, 7.5], "rotation": 180, "texture": "#1"}
			}
		},
		{
			"from": [4, 1.8, 10.8],
			"to": [5, 2.7, 11.1],
			"faces": {
				"north": {"uv": [1, 9.5, 1.5, 10], "texture": "#1"},
				"east": {"uv": [9.5, 1, 10, 1.5], "texture": "#1"},
				"south": {"uv": [0.5, 9.5, 1, 10], "texture": "#1"},
				"west": {"uv": [9.5, 0.5, 10, 1], "texture": "#1"},
				"up": {"uv": [2, 10, 1.5, 9.5], "rotation": 180, "texture": "#1"},
				"down": {"uv": [10, 1.5, 9.5, 2], "rotation": 180, "texture": "#1"}
			}
		},
		{
			"from": [4, 2.7, 10.8],
			"to": [5, 3.6, 11.1],
			"faces": {
				"north": {"uv": [2.5, 9.5, 3, 10], "texture": "#1"},
				"east": {"uv": [9.5, 2.5, 10, 3], "texture": "#1"},
				"south": {"uv": [2, 9.5, 2.5, 10], "texture": "#1"},
				"west": {"uv": [9.5, 2, 10, 2.5], "texture": "#1"},
				"up": {"uv": [3.5, 10, 3, 9.5], "rotation": 180, "texture": "#1"},
				"down": {"uv": [10, 3, 9.5, 3.5], "rotation": 180, "texture": "#1"}
			}
		},
		{
			"from": [3, 2.7, 10.8],
			"to": [4, 3.6, 11.1],
			"faces": {
				"north": {"uv": [4, 9.5, 4.5, 10], "texture": "#1"},
				"east": {"uv": [9.5, 4, 10, 4.5], "texture": "#1"},
				"south": {"uv": [3.5, 9.5, 4, 10], "texture": "#1"},
				"west": {"uv": [9.5, 3.5, 10, 4], "texture": "#1"},
				"up": {"uv": [5, 10, 4.5, 9.5], "rotation": 180, "texture": "#1"},
				"down": {"uv": [10, 4.5, 9.5, 5], "rotation": 180, "texture": "#1"}
			}
		},
		{
			"from": [5, 2.7, 10.8],
			"to": [9, 3.6, 11.1],
			"faces": {
				"north": {"uv": [7, 2.5, 9, 3], "texture": "#1"},
				"east": {"uv": [9.5, 5, 10, 5.5], "texture": "#1"},
				"south": {"uv": [7, 2, 9, 2.5], "texture": "#1"},
				"west": {"uv": [5, 9.5, 5.5, 10], "texture": "#1"},
				"up": {"uv": [9, 3.5, 7, 3], "rotation": 180, "texture": "#1"},
				"down": {"uv": [9, 3.5, 7, 4], "rotation": 180, "texture": "#1"}
			}
		},
		{
			"from": [9, 2.7, 10.8],
			"to": [10, 3.6, 11.1],
			"faces": {
				"north": {"uv": [6, 9.5, 6.5, 10], "texture": "#1"},
				"east": {"uv": [9.5, 6, 10, 6.5], "texture": "#1"},
				"south": {"uv": [5.5, 9.5, 6, 10], "texture": "#1"},
				"west": {"uv": [9.5, 5.5, 10, 6], "texture": "#1"},
				"up": {"uv": [7, 10, 6.5, 9.5], "rotation": 180, "texture": "#1"},
				"down": {"uv": [10, 6.5, 9.5, 7], "rotation": 180, "texture": "#1"}
			}
		},
		{
			"from": [10, 2.7, 10.8],
			"to": [11, 3.6, 11.1],
			"faces": {
				"north": {"uv": [8, 9.5, 8.5, 10], "texture": "#1"},
				"east": {"uv": [8.5, 9.5, 9, 10], "texture": "#1"},
				"south": {"uv": [7, 9.5, 7.5, 10], "texture": "#1"},
				"west": {"uv": [7.5, 9.5, 8, 10], "texture": "#1"},
				"up": {"uv": [10, 9, 9.5, 8.5], "rotation": 180, "texture": "#1"},
				"down": {"uv": [9.5, 9.5, 9, 10], "rotation": 180, "texture": "#1"}
			}
		},
		{
			"from": [5, 3.6, 10.8],
			"to": [9, 4.5, 11.1],
			"faces": {
				"north": {"uv": [7, 4, 9, 4.5], "texture": "#1"},
				"east": {"uv": [9.5, 9.5, 10, 10], "texture": "#1"},
				"south": {"uv": [4, 7, 6, 7.5], "texture": "#1"},
				"west": {"uv": [9.5, 9, 10, 9.5], "texture": "#1"},
				"up": {"uv": [9, 5, 7, 4.5], "rotation": 180, "texture": "#1"},
				"down": {"uv": [9, 5, 7, 5.5], "rotation": 180, "texture": "#1"}
			}
		},
		{
			"from": [9, 3.6, 10.8],
			"to": [10, 4.5, 11.1],
			"faces": {
				"north": {"uv": [0.5, 10, 1, 10.5], "texture": "#1"},
				"east": {"uv": [10, 0.5, 10.5, 1], "texture": "#1"},
				"south": {"uv": [0, 10, 0.5, 10.5], "texture": "#1"},
				"west": {"uv": [10, 0, 10.5, 0.5], "texture": "#1"},
				"up": {"uv": [1.5, 10.5, 1, 10], "rotation": 180, "texture": "#1"},
				"down": {"uv": [10.5, 1, 10, 1.5], "rotation": 180, "texture": "#1"}
			}
		},
		{
			"from": [4, 3.6, 10.8],
			"to": [5, 4.5, 11.1],
			"faces": {
				"north": {"uv": [2, 10, 2.5, 10.5], "texture": "#1"},
				"east": {"uv": [10, 2, 10.5, 2.5], "texture": "#1"},
				"south": {"uv": [1.5, 10, 2, 10.5], "texture": "#1"},
				"west": {"uv": [10, 1.5, 10.5, 2], "texture": "#1"},
				"up": {"uv": [3, 10.5, 2.5, 10], "rotation": 180, "texture": "#1"},
				"down": {"uv": [10.5, 2.5, 10, 3], "rotation": 180, "texture": "#1"}
			}
		},
		{
			"from": [3, 3.6, 10.8],
			"to": [4, 4.5, 11.1],
			"faces": {
				"north": {"uv": [3.5, 10, 4, 10.5], "texture": "#1"},
				"east": {"uv": [10, 3.5, 10.5, 4], "texture": "#1"},
				"south": {"uv": [3, 10, 3.5, 10.5], "texture": "#1"},
				"west": {"uv": [10, 3, 10.5, 3.5], "texture": "#1"},
				"up": {"uv": [4.5, 10.5, 4, 10], "rotation": 180, "texture": "#1"},
				"down": {"uv": [10.5, 4, 10, 4.5], "rotation": 180, "texture": "#1"}
			}
		},
		{
			"from": [10, 3.6, 10.8],
			"to": [11, 4.5, 11.1],
			"faces": {
				"north": {"uv": [5, 10, 5.5, 10.5], "texture": "#1"},
				"east": {"uv": [10, 5, 10.5, 5.5], "texture": "#1"},
				"south": {"uv": [4.5, 10, 5, 10.5], "texture": "#1"},
				"west": {"uv": [10, 4.5, 10.5, 5], "texture": "#1"},
				"up": {"uv": [6, 10.5, 5.5, 10], "rotation": 180, "texture": "#1"},
				"down": {"uv": [10.5, 5.5, 10, 6], "rotation": 180, "texture": "#1"}
			}
		},
		{
			"from": [2, 4.5, 10.8],
			"to": [3, 5.4, 11.1],
			"faces": {
				"north": {"uv": [10.5, 2.5, 11, 3], "texture": "#1"},
				"east": {"uv": [3, 10.5, 3.5, 11], "texture": "#1"},
				"south": {"uv": [10.5, 2, 11, 2.5], "texture": "#1"},
				"west": {"uv": [2.5, 10.5, 3, 11], "texture": "#1"},
				"up": {"uv": [11, 3.5, 10.5, 3], "rotation": 180, "texture": "#1"},
				"down": {"uv": [4, 10.5, 3.5, 11], "rotation": 180, "texture": "#1"}
			}
		},
		{
			"from": [1, 4.5, 10.8],
			"to": [2, 5.4, 11.1],
			"faces": {
				"north": {"uv": [10.5, 4, 11, 4.5], "texture": "#1"},
				"east": {"uv": [4.5, 10.5, 5, 11], "texture": "#1"},
				"south": {"uv": [10.5, 3.5, 11, 4], "texture": "#1"},
				"west": {"uv": [4, 10.5, 4.5, 11], "texture": "#1"},
				"up": {"uv": [11, 5, 10.5, 4.5], "rotation": 180, "texture": "#1"},
				"down": {"uv": [5.5, 10.5, 5, 11], "rotation": 180, "texture": "#1"}
			}
		},
		{
			"from": [12, 4.5, 10.8],
			"to": [13, 5.4, 11.1],
			"faces": {
				"north": {"uv": [10.5, 5.5, 11, 6], "texture": "#1"},
				"east": {"uv": [6, 10.5, 6.5, 11], "texture": "#1"},
				"south": {"uv": [10.5, 5, 11, 5.5], "texture": "#1"},
				"west": {"uv": [5.5, 10.5, 6, 11], "texture": "#1"},
				"up": {"uv": [11, 6.5, 10.5, 6], "rotation": 180, "texture": "#1"},
				"down": {"uv": [7, 10.5, 6.5, 11], "rotation": 180, "texture": "#1"}
			}
		},
		{
			"from": [11, 4.5, 10.8],
			"to": [12, 5.4, 11.1],
			"faces": {
				"north": {"uv": [10.5, 7, 11, 7.5], "texture": "#1"},
				"east": {"uv": [7.5, 10.5, 8, 11], "texture": "#1"},
				"south": {"uv": [10.5, 6.5, 11, 7], "texture": "#1"},
				"west": {"uv": [7, 10.5, 7.5, 11], "texture": "#1"},
				"up": {"uv": [11, 8, 10.5, 7.5], "rotation": 180, "texture": "#1"},
				"down": {"uv": [8.5, 10.5, 8, 11], "rotation": 180, "texture": "#1"}
			}
		},
		{
			"from": [2, 5.4, 10.8],
			"to": [3, 6.3, 11.1],
			"faces": {
				"north": {"uv": [10.5, 8.5, 11, 9], "texture": "#1"},
				"east": {"uv": [9, 10.5, 9.5, 11], "texture": "#1"},
				"south": {"uv": [10.5, 8, 11, 8.5], "texture": "#1"},
				"west": {"uv": [8.5, 10.5, 9, 11], "texture": "#1"},
				"up": {"uv": [11, 9.5, 10.5, 9], "rotation": 180, "texture": "#1"},
				"down": {"uv": [10, 10.5, 9.5, 11], "rotation": 180, "texture": "#1"}
			}
		},
		{
			"from": [1, 5.4, 10.8],
			"to": [2, 6.3, 11.1],
			"faces": {
				"north": {"uv": [10.5, 10, 11, 10.5], "texture": "#1"},
				"east": {"uv": [10.5, 10.5, 11, 11], "texture": "#1"},
				"south": {"uv": [10.5, 9.5, 11, 10], "texture": "#1"},
				"west": {"uv": [10, 10.5, 10.5, 11], "texture": "#1"},
				"up": {"uv": [0.5, 11.5, 0, 11], "rotation": 180, "texture": "#1"},
				"down": {"uv": [11.5, 0, 11, 0.5], "rotation": 180, "texture": "#1"}
			}
		},
		{
			"from": [12, 5.4, 10.8],
			"to": [13, 6.3, 11.1],
			"faces": {
				"north": {"uv": [1, 11, 1.5, 11.5], "texture": "#1"},
				"east": {"uv": [11, 1, 11.5, 1.5], "texture": "#1"},
				"south": {"uv": [0.5, 11, 1, 11.5], "texture": "#1"},
				"west": {"uv": [11, 0.5, 11.5, 1], "texture": "#1"},
				"up": {"uv": [2, 11.5, 1.5, 11], "rotation": 180, "texture": "#1"},
				"down": {"uv": [11.5, 1.5, 11, 2], "rotation": 180, "texture": "#1"}
			}
		},
		{
			"from": [11, 5.4, 10.8],
			"to": [12, 6.3, 11.1],
			"faces": {
				"north": {"uv": [2.5, 11, 3, 11.5], "texture": "#1"},
				"east": {"uv": [11, 2.5, 11.5, 3], "texture": "#1"},
				"south": {"uv": [2, 11, 2.5, 11.5], "texture": "#1"},
				"west": {"uv": [11, 2, 11.5, 2.5], "texture": "#1"},
				"up": {"uv": [3.5, 11.5, 3, 11], "rotation": 180, "texture": "#1"},
				"down": {"uv": [11.5, 3, 11, 3.5], "rotation": 180, "texture": "#1"}
			}
		},
		{
			"from": [2, 6.3, 10.8],
			"to": [3, 7.2, 11.1],
			"faces": {
				"north": {"uv": [4, 11, 4.5, 11.5], "texture": "#1"},
				"east": {"uv": [11, 4, 11.5, 4.5], "texture": "#1"},
				"south": {"uv": [3.5, 11, 4, 11.5], "texture": "#1"},
				"west": {"uv": [11, 3.5, 11.5, 4], "texture": "#1"},
				"up": {"uv": [5, 11.5, 4.5, 11], "rotation": 180, "texture": "#1"},
				"down": {"uv": [11.5, 4.5, 11, 5], "rotation": 180, "texture": "#1"}
			}
		},
		{
			"from": [1, 6.3, 10.8],
			"to": [2, 7.2, 11.1],
			"faces": {
				"north": {"uv": [5.5, 11, 6, 11.5], "texture": "#1"},
				"east": {"uv": [11, 5.5, 11.5, 6], "texture": "#1"},
				"south": {"uv": [5, 11, 5.5, 11.5], "texture": "#1"},
				"west": {"uv": [11, 5, 11.5, 5.5], "texture": "#1"},
				"up": {"uv": [6.5, 11.5, 6, 11], "rotation": 180, "texture": "#1"},
				"down": {"uv": [11.5, 6, 11, 6.5], "rotation": 180, "texture": "#1"}
			}
		},
		{
			"from": [12, 6.3, 10.8],
			"to": [13, 7.2, 11.1],
			"faces": {
				"north": {"uv": [7, 11, 7.5, 11.5], "texture": "#1"},
				"east": {"uv": [11, 7, 11.5, 7.5], "texture": "#1"},
				"south": {"uv": [6.5, 11, 7, 11.5], "texture": "#1"},
				"west": {"uv": [11, 6.5, 11.5, 7], "texture": "#1"},
				"up": {"uv": [8, 11.5, 7.5, 11], "rotation": 180, "texture": "#1"},
				"down": {"uv": [11.5, 7.5, 11, 8], "rotation": 180, "texture": "#1"}
			}
		},
		{
			"from": [11, 6.3, 10.8],
			"to": [12, 7.2, 11.1],
			"faces": {
				"north": {"uv": [8.5, 11, 9, 11.5], "texture": "#1"},
				"east": {"uv": [11, 8.5, 11.5, 9], "texture": "#1"},
				"south": {"uv": [8, 11, 8.5, 11.5], "texture": "#1"},
				"west": {"uv": [11, 8, 11.5, 8.5], "texture": "#1"},
				"up": {"uv": [9.5, 11.5, 9, 11], "rotation": 180, "texture": "#1"},
				"down": {"uv": [11.5, 9, 11, 9.5], "rotation": 180, "texture": "#1"}
			}
		},
		{
			"from": [0, 5.4, 10.8],
			"to": [1, 6.3, 11.1],
			"faces": {
				"north": {"uv": [10, 11, 10.5, 11.5], "texture": "#1"},
				"east": {"uv": [11, 10, 11.5, 10.5], "texture": "#1"},
				"south": {"uv": [9.5, 11, 10, 11.5], "texture": "#1"},
				"west": {"uv": [11, 9.5, 11.5, 10], "texture": "#1"},
				"up": {"uv": [11, 11.5, 10.5, 11], "rotation": 180, "texture": "#1"},
				"down": {"uv": [11.5, 10.5, 11, 11], "rotation": 180, "texture": "#1"}
			}
		},
		{
			"from": [0, 6.3, 10.8],
			"to": [1, 7.2, 11.1],
			"faces": {
				"north": {"uv": [11.5, 0, 12, 0.5], "texture": "#1"},
				"east": {"uv": [0.5, 11.5, 1, 12], "texture": "#1"},
				"south": {"uv": [11, 11, 11.5, 11.5], "texture": "#1"},
				"west": {"uv": [0, 11.5, 0.5, 12], "texture": "#1"},
				"up": {"uv": [12, 1, 11.5, 0.5], "rotation": 180, "texture": "#1"},
				"down": {"uv": [1.5, 11.5, 1, 12], "rotation": 180, "texture": "#1"}
			}
		},
		{
			"from": [0, 7.2, 10.8],
			"to": [1, 7.3, 11.1],
			"faces": {
				"north": {"uv": [11.5, 0, 12, 0.5], "texture": "#1"},
				"east": {"uv": [0.5, 11.5, 1, 12], "texture": "#1"},
				"south": {"uv": [11, 11, 11.5, 11.5], "texture": "#1"},
				"west": {"uv": [0, 11.5, 0.5, 12], "texture": "#1"},
				"up": {"uv": [12, 1, 11.5, 0.5], "rotation": 180, "texture": "#1"},
				"down": {"uv": [1.5, 11.5, 1, 12], "rotation": 180, "texture": "#1"}
			}
		},
		{
			"from": [13, 7.2, 10.8],
			"to": [14, 7.3, 11.1],
			"faces": {
				"north": {"uv": [11.5, 0, 12, 0.5], "texture": "#1"},
				"east": {"uv": [0.5, 11.5, 1, 12], "texture": "#1"},
				"south": {"uv": [11, 11, 11.5, 11.5], "texture": "#1"},
				"west": {"uv": [0, 11.5, 0.5, 12], "texture": "#1"},
				"up": {"uv": [12, 1, 11.5, 0.5], "rotation": 180, "texture": "#1"},
				"down": {"uv": [1.5, 11.5, 1, 12], "rotation": 180, "texture": "#1"}
			}
		},
		{
			"from": [13, 7.2, 10],
			"to": [14, 7.3, 10.8],
			"faces": {
				"north": {"uv": [11, 11, 11.5, 11.5], "texture": "#1"},
				"east": {"uv": [0, 11.5, 0.5, 12], "texture": "#1"},
				"south": {"uv": [11.5, 0, 12, 0.5], "texture": "#1"},
				"west": {"uv": [0.5, 11.5, 1, 12], "texture": "#1"},
				"up": {"uv": [12, 1, 11.5, 0.5], "texture": "#1"},
				"down": {"uv": [1.5, 11.5, 1, 12], "texture": "#1"}
			}
		},
		{
			"from": [12.9, 6.3, 10.8],
			"to": [13.9, 7.2, 10.8],
			"faces": {
				"north": {"uv": [11.5, 3, 12, 3.5], "texture": "#1"},
				"east": {"uv": [3.5, 11.5, 4, 12], "texture": "#1"},
				"south": {"uv": [11.5, 2.5, 12, 3], "texture": "#1"},
				"west": {"uv": [3, 11.5, 3.5, 12], "texture": "#1"},
				"up": {"uv": [12, 4, 11.5, 3.5], "rotation": 180, "texture": "#1"},
				"down": {"uv": [4.5, 11.5, 4, 12], "rotation": 180, "texture": "#1"}
			}
		},
		{
			"from": [10, 4.5, 10.8],
			"to": [11, 5.4, 11.1],
			"faces": {
				"north": {"uv": [11.5, 4.5, 12, 5], "texture": "#1"},
				"east": {"uv": [5, 11.5, 5.5, 12], "texture": "#1"},
				"south": {"uv": [11.5, 4, 12, 4.5], "texture": "#1"},
				"west": {"uv": [4.5, 11.5, 5, 12], "texture": "#1"},
				"up": {"uv": [12, 5.5, 11.5, 5], "rotation": 180, "texture": "#1"},
				"down": {"uv": [6, 11.5, 5.5, 12], "rotation": 180, "texture": "#1"}
			}
		},
		{
			"from": [9, 4.5, 10.8],
			"to": [10, 5.4, 11.1],
			"faces": {
				"north": {"uv": [11.5, 6, 12, 6.5], "texture": "#1"},
				"east": {"uv": [6.5, 11.5, 7, 12], "texture": "#1"},
				"south": {"uv": [11.5, 5.5, 12, 6], "texture": "#1"},
				"west": {"uv": [6, 11.5, 6.5, 12], "texture": "#1"},
				"up": {"uv": [12, 7, 11.5, 6.5], "rotation": 180, "texture": "#1"},
				"down": {"uv": [7.5, 11.5, 7, 12], "rotation": 180, "texture": "#1"}
			}
		},
		{
			"from": [5, 4.5, 10.8],
			"to": [9, 5.4, 11.1],
			"faces": {
				"north": {"uv": [4, 7.5, 6, 8], "texture": "#1"},
				"east": {"uv": [7.5, 11.5, 8, 12], "texture": "#1"},
				"south": {"uv": [2, 7.5, 4, 8], "texture": "#1"},
				"west": {"uv": [11.5, 7, 12, 7.5], "texture": "#1"},
				"up": {"uv": [8, 8, 6, 7.5], "rotation": 180, "texture": "#1"},
				"down": {"uv": [2, 8, 0, 8.5], "rotation": 180, "texture": "#1"}
			}
		},
		{
			"from": [4, 4.5, 10.8],
			"to": [5, 5.4, 11.1],
			"faces": {
				"north": {"uv": [11.5, 8, 12, 8.5], "texture": "#1"},
				"east": {"uv": [8.5, 11.5, 9, 12], "texture": "#1"},
				"south": {"uv": [11.5, 7.5, 12, 8], "texture": "#1"},
				"west": {"uv": [8, 11.5, 8.5, 12], "texture": "#1"},
				"up": {"uv": [12, 9, 11.5, 8.5], "rotation": 180, "texture": "#1"},
				"down": {"uv": [9.5, 11.5, 9, 12], "rotation": 180, "texture": "#1"}
			}
		},
		{
			"from": [3, 4.5, 10.8],
			"to": [4, 5.4, 11.1],
			"faces": {
				"north": {"uv": [11.5, 9.5, 12, 10], "texture": "#1"},
				"east": {"uv": [10, 11.5, 10.5, 12], "texture": "#1"},
				"south": {"uv": [11.5, 9, 12, 9.5], "texture": "#1"},
				"west": {"uv": [9.5, 11.5, 10, 12], "texture": "#1"},
				"up": {"uv": [12, 10.5, 11.5, 10], "rotation": 180, "texture": "#1"},
				"down": {"uv": [11, 11.5, 10.5, 12], "rotation": 180, "texture": "#1"}
			}
		},
		{
			"from": [10, 5.4, 10.8],
			"to": [11, 6.3, 11.1],
			"faces": {
				"north": {"uv": [2.5, 12, 3, 12.5], "texture": "#1"},
				"east": {"uv": [12, 2.5, 12.5, 3], "texture": "#1"},
				"south": {"uv": [2, 12, 2.5, 12.5], "texture": "#1"},
				"west": {"uv": [12, 2, 12.5, 2.5], "texture": "#1"},
				"up": {"uv": [3.5, 12.5, 3, 12], "rotation": 180, "texture": "#1"},
				"down": {"uv": [12.5, 3, 12, 3.5], "rotation": 180, "texture": "#1"}
			}
		},
		{
			"from": [3, 5.4, 10.8],
			"to": [4, 6.3, 11.1],
			"faces": {
				"north": {"uv": [4, 12, 4.5, 12.5], "texture": "#1"},
				"east": {"uv": [12, 4, 12.5, 4.5], "texture": "#1"},
				"south": {"uv": [3.5, 12, 4, 12.5], "texture": "#1"},
				"west": {"uv": [12, 3.5, 12.5, 4], "texture": "#1"},
				"up": {"uv": [5, 12.5, 4.5, 12], "rotation": 180, "texture": "#1"},
				"down": {"uv": [12.5, 4.5, 12, 5], "rotation": 180, "texture": "#1"}
			}
		},
		{
			"from": [4, 5.4, 10.8],
			"to": [5, 6.3, 11.1],
			"faces": {
				"north": {"uv": [5.5, 12, 6, 12.5], "texture": "#1"},
				"east": {"uv": [12, 5.5, 12.5, 6], "texture": "#1"},
				"south": {"uv": [5, 12, 5.5, 12.5], "texture": "#1"},
				"west": {"uv": [12, 5, 12.5, 5.5], "texture": "#1"},
				"up": {"uv": [6.5, 12.5, 6, 12], "rotation": 180, "texture": "#1"},
				"down": {"uv": [12.5, 6, 12, 6.5], "rotation": 180, "texture": "#1"}
			}
		},
		{
			"from": [5, 5.4, 10.8],
			"to": [9, 6.3, 11.1],
			"faces": {
				"north": {"uv": [4, 8, 6, 8.5], "texture": "#1"},
				"east": {"uv": [12, 6.5, 12.5, 7], "texture": "#1"},
				"south": {"uv": [2, 8, 4, 8.5], "texture": "#1"},
				"west": {"uv": [6.5, 12, 7, 12.5], "texture": "#1"},
				"up": {"uv": [8, 8.5, 6, 8], "rotation": 180, "texture": "#1"},
				"down": {"uv": [10, 7, 8, 7.5], "rotation": 180, "texture": "#1"}
			}
		},
		{
			"from": [9, 5.4, 10.8],
			"to": [10, 6.3, 11.1],
			"faces": {
				"north": {"uv": [7.5, 12, 8, 12.5], "texture": "#1"},
				"east": {"uv": [12, 7.5, 12.5, 8], "texture": "#1"},
				"south": {"uv": [7, 12, 7.5, 12.5], "texture": "#1"},
				"west": {"uv": [12, 7, 12.5, 7.5], "texture": "#1"},
				"up": {"uv": [8.5, 12.5, 8, 12], "rotation": 180, "texture": "#1"},
				"down": {"uv": [12.5, 8, 12, 8.5], "rotation": 180, "texture": "#1"}
			}
		},
		{
			"from": [10, 6.3, 10.8],
			"to": [11, 7.2, 11.1],
			"faces": {
				"north": {"uv": [9, 12, 9.5, 12.5], "texture": "#1"},
				"east": {"uv": [12, 9, 12.5, 9.5], "texture": "#1"},
				"south": {"uv": [8.5, 12, 9, 12.5], "texture": "#1"},
				"west": {"uv": [12, 8.5, 12.5, 9], "texture": "#1"},
				"up": {"uv": [10, 12.5, 9.5, 12], "rotation": 180, "texture": "#1"},
				"down": {"uv": [12.5, 9.5, 12, 10], "rotation": 180, "texture": "#1"}
			}
		},
		{
			"from": [3, 6.3, 10.8],
			"to": [4, 7.2, 11.1],
			"faces": {
				"north": {"uv": [10.5, 12, 11, 12.5], "texture": "#1"},
				"east": {"uv": [12, 10.5, 12.5, 11], "texture": "#1"},
				"south": {"uv": [10, 12, 10.5, 12.5], "texture": "#1"},
				"west": {"uv": [12, 10, 12.5, 10.5], "texture": "#1"},
				"up": {"uv": [11.5, 12.5, 11, 12], "rotation": 180, "texture": "#1"},
				"down": {"uv": [12.5, 11, 12, 11.5], "rotation": 180, "texture": "#1"}
			}
		},
		{
			"from": [4, 6.3, 10.8],
			"to": [5, 7.2, 11.1],
			"faces": {
				"north": {"uv": [12, 12, 12.5, 12.5], "texture": "#1"},
				"east": {"uv": [0, 12.5, 0.5, 13], "texture": "#1"},
				"south": {"uv": [11.5, 12, 12, 12.5], "texture": "#1"},
				"west": {"uv": [12, 11.5, 12.5, 12], "texture": "#1"},
				"up": {"uv": [13, 0.5, 12.5, 0], "rotation": 180, "texture": "#1"},
				"down": {"uv": [1, 12.5, 0.5, 13], "rotation": 180, "texture": "#1"}
			}
		},
		{
			"from": [5, 6.3, 10.8],
			"to": [9, 7.2, 11.1],
			"faces": {
				"north": {"uv": [8, 8, 10, 8.5], "texture": "#1"},
				"east": {"uv": [1, 12.5, 1.5, 13], "texture": "#1"},
				"south": {"uv": [8, 7.5, 10, 8], "texture": "#1"},
				"west": {"uv": [12.5, 0.5, 13, 1], "texture": "#1"},
				"up": {"uv": [2, 9, 0, 8.5], "rotation": 180, "texture": "#1"},
				"down": {"uv": [4, 8.5, 2, 9], "rotation": 180, "texture": "#1"}
			}
		},
		{
			"from": [9, 6.3, 10.8],
			"to": [10, 7.2, 11.1],
			"faces": {
				"north": {"uv": [12.5, 1.5, 13, 2], "texture": "#1"},
				"east": {"uv": [2, 12.5, 2.5, 13], "texture": "#1"},
				"south": {"uv": [12.5, 1, 13, 1.5], "texture": "#1"},
				"west": {"uv": [1.5, 12.5, 2, 13], "texture": "#1"},
				"up": {"uv": [13, 2.5, 12.5, 2], "rotation": 180, "texture": "#1"},
				"down": {"uv": [3, 12.5, 2.5, 13], "rotation": 180, "texture": "#1"}
			}
		},
		{
			"from": [3, 7.2, 10.8],
			"to": [10.1, 8.1, 11.1],
			"faces": {
				"north": {"uv": [0, 0.5, 3.5, 1], "texture": "#1"},
				"east": {"uv": [3, 12.5, 3.5, 13], "texture": "#1"},
				"south": {"uv": [0, 0, 3.5, 0.5], "texture": "#1"},
				"west": {"uv": [12.5, 2.5, 13, 3], "texture": "#1"},
				"up": {"uv": [3.5, 1.5, 0, 1], "rotation": 180, "texture": "#1"},
				"down": {"uv": [3.5, 1.5, 0, 2], "rotation": 180, "texture": "#1"}
			}
		},
		{
			"from": [3, 8.1, 10.8],
			"to": [10.1, 9, 11.1],
			"faces": {
				"north": {"uv": [0, 2.5, 3.5, 3], "texture": "#1"},
				"east": {"uv": [3.5, 12.5, 4, 13], "texture": "#1"},
				"south": {"uv": [0, 2, 3.5, 2.5], "texture": "#1"},
				"west": {"uv": [12.5, 3, 13, 3.5], "texture": "#1"},
				"up": {"uv": [3.5, 3.5, 0, 3], "rotation": 180, "texture": "#1"},
				"down": {"uv": [3.5, 3.5, 0, 4], "rotation": 180, "texture": "#1"}
			}
		},
		{
			"from": [3, 9, 10.8],
			"to": [10.1, 9.9, 11.1],
			"faces": {
				"north": {"uv": [3.5, 0.5, 7, 1], "texture": "#1"},
				"east": {"uv": [4, 12.5, 4.5, 13], "texture": "#1"},
				"south": {"uv": [3.5, 0, 7, 0.5], "texture": "#1"},
				"west": {"uv": [12.5, 3.5, 13, 4], "texture": "#1"},
				"up": {"uv": [7, 1.5, 3.5, 1], "rotation": 180, "texture": "#1"},
				"down": {"uv": [7, 1.5, 3.5, 2], "rotation": 180, "texture": "#1"}
			}
		},
		{
			"from": [3, 9.9, 10.8],
			"to": [10.1, 10.8, 11.1],
			"faces": {
				"north": {"uv": [3.5, 2.5, 7, 3], "texture": "#1"},
				"east": {"uv": [4.5, 12.5, 5, 13], "texture": "#1"},
				"south": {"uv": [3.5, 2, 7, 2.5], "texture": "#1"},
				"west": {"uv": [12.5, 4, 13, 4.5], "texture": "#1"},
				"up": {"uv": [7, 3.5, 3.5, 3], "rotation": 180, "texture": "#1"},
				"down": {"uv": [7, 3.5, 3.5, 4], "rotation": 180, "texture": "#1"}
			}
		},
		{
			"from": [3, 10.8, 10.8],
			"to": [10.1, 11.7, 11.1],
			"faces": {
				"north": {"uv": [3.5, 4, 7, 4.5], "texture": "#1"},
				"east": {"uv": [5, 12.5, 5.5, 13], "texture": "#1"},
				"south": {"uv": [0, 4, 3.5, 4.5], "texture": "#1"},
				"west": {"uv": [12.5, 4.5, 13, 5], "texture": "#1"},
				"up": {"uv": [3.5, 5, 0, 4.5], "rotation": 180, "texture": "#1"},
				"down": {"uv": [7, 4.5, 3.5, 5], "rotation": 180, "texture": "#1"}
			}
		},
		{
			"from": [3, 11.7, 10.8],
			"to": [10.1, 12.6, 11.1],
			"faces": {
				"north": {"uv": [3.5, 5, 7, 5.5], "texture": "#1"},
				"east": {"uv": [5.5, 12.5, 6, 13], "texture": "#1"},
				"south": {"uv": [0, 5, 3.5, 5.5], "texture": "#1"},
				"west": {"uv": [12.5, 5, 13, 5.5], "texture": "#1"},
				"up": {"uv": [3.5, 6, 0, 5.5], "rotation": 180, "texture": "#1"},
				"down": {"uv": [7, 5.5, 3.5, 6], "rotation": 180, "texture": "#1"}
			}
		},
		{
			"from": [10.1, 10.8, 10.8],
			"to": [11.1, 11.7, 11.1],
			"faces": {
				"north": {"uv": [12.5, 6, 13, 6.5], "texture": "#1"},
				"east": {"uv": [6.5, 12.5, 7, 13], "texture": "#1"},
				"south": {"uv": [12.5, 5.5, 13, 6], "texture": "#1"},
				"west": {"uv": [6, 12.5, 6.5, 13], "texture": "#1"},
				"up": {"uv": [13, 7, 12.5, 6.5], "rotation": 180, "texture": "#1"},
				"down": {"uv": [7.5, 12.5, 7, 13], "rotation": 180, "texture": "#1"}
			}
		},
		{
			"from": [10.1, 9, 10.8],
			"to": [11.1, 9.9, 11.1],
			"faces": {
				"north": {"uv": [12.5, 7.5, 13, 8], "texture": "#1"},
				"east": {"uv": [8, 12.5, 8.5, 13], "texture": "#1"},
				"south": {"uv": [12.5, 7, 13, 7.5], "texture": "#1"},
				"west": {"uv": [7.5, 12.5, 8, 13], "texture": "#1"},
				"up": {"uv": [13, 8.5, 12.5, 8], "rotation": 180, "texture": "#1"},
				"down": {"uv": [9, 12.5, 8.5, 13], "rotation": 180, "texture": "#1"}
			}
		},
		{
			"from": [10.1, 9.9, 10.8],
			"to": [11.1, 10.8, 11.1],
			"faces": {
				"north": {"uv": [12.5, 9, 13, 9.5], "texture": "#1"},
				"east": {"uv": [9.5, 12.5, 10, 13], "texture": "#1"},
				"south": {"uv": [12.5, 8.5, 13, 9], "texture": "#1"},
				"west": {"uv": [9, 12.5, 9.5, 13], "texture": "#1"},
				"up": {"uv": [13, 10, 12.5, 9.5], "rotation": 180, "texture": "#1"},
				"down": {"uv": [10.5, 12.5, 10, 13], "rotation": 180, "texture": "#1"}
			}
		},
		{
			"from": [10.1, 7.2, 10.8],
			"to": [11.1, 8.1, 11.1],
			"faces": {
				"north": {"uv": [12.5, 10.5, 13, 11], "texture": "#1"},
				"east": {"uv": [11, 12.5, 11.5, 13], "texture": "#1"},
				"south": {"uv": [12.5, 10, 13, 10.5], "texture": "#1"},
				"west": {"uv": [10.5, 12.5, 11, 13], "texture": "#1"},
				"up": {"uv": [13, 11.5, 12.5, 11], "rotation": 180, "texture": "#1"},
				"down": {"uv": [12, 12.5, 11.5, 13], "rotation": 180, "texture": "#1"}
			}
		},
		{
			"from": [10.1, 8.1, 10.8],
			"to": [11.1, 9, 11.1],
			"faces": {
				"north": {"uv": [12.5, 12, 13, 12.5], "texture": "#1"},
				"east": {"uv": [12.5, 12.5, 13, 13], "texture": "#1"},
				"south": {"uv": [12.5, 11.5, 13, 12], "texture": "#1"},
				"west": {"uv": [12, 12.5, 12.5, 13], "texture": "#1"},
				"up": {"uv": [0.5, 13.5, 0, 13], "rotation": 180, "texture": "#1"},
				"down": {"uv": [13.5, 0, 13, 0.5], "rotation": 180, "texture": "#1"}
			}
		},
		{
			"from": [10.1, 11.7, 10.8],
			"to": [11.1, 12.6, 11.1],
			"faces": {
				"north": {"uv": [1, 13, 1.5, 13.5], "texture": "#1"},
				"east": {"uv": [13, 1, 13.5, 1.5], "texture": "#1"},
				"south": {"uv": [0.5, 13, 1, 13.5], "texture": "#1"},
				"west": {"uv": [13, 0.5, 13.5, 1], "texture": "#1"},
				"up": {"uv": [2, 13.5, 1.5, 13], "rotation": 180, "texture": "#1"},
				"down": {"uv": [13.5, 1.5, 13, 2], "rotation": 180, "texture": "#1"}
			}
		},
		{
			"from": [4, 12.6, 10.8],
			"to": [10.1, 13.5, 11.1],
			"faces": {
				"north": {"uv": [3, 6, 6, 6.5], "texture": "#1"},
				"east": {"uv": [13, 2, 13.5, 2.5], "texture": "#1"},
				"south": {"uv": [0, 6, 3, 6.5], "texture": "#1"},
				"west": {"uv": [2, 13, 2.5, 13.5], "texture": "#1"},
				"up": {"uv": [9, 6.5, 6, 6], "rotation": 180, "texture": "#1"},
				"down": {"uv": [3, 6.5, 0, 7], "rotation": 180, "texture": "#1"}
			}
		},
		{
			"from": [13, 6.3, 10.8],
			"to": [14, 7.2, 11.1],
			"faces": {
				"north": {"uv": [11.5, 0, 12, 0.5], "texture": "#1"},
				"east": {"uv": [0.5, 11.5, 1, 12], "texture": "#1"},
				"south": {"uv": [11, 11, 11.5, 11.5], "texture": "#1"},
				"west": {"uv": [0, 11.5, 0.5, 12], "texture": "#1"},
				"up": {"uv": [12, 1, 11.5, 0.5], "rotation": 180, "texture": "#1"},
				"down": {"uv": [1.5, 11.5, 1, 12], "rotation": 180, "texture": "#1"}
			}
		},
		{
			"from": [13, 5.4, 10.8],
			"to": [14, 6.3, 11.1],
			"faces": {
				"north": {"uv": [10, 11, 10.5, 11.5], "texture": "#1"},
				"east": {"uv": [11, 10, 11.5, 10.5], "texture": "#1"},
				"south": {"uv": [9.5, 11, 10, 11.5], "texture": "#1"},
				"west": {"uv": [11, 9.5, 11.5, 10], "texture": "#1"},
				"up": {"uv": [11, 11.5, 10.5, 11], "rotation": 180, "texture": "#1"},
				"down": {"uv": [11.5, 10.5, 11, 11], "rotation": 180, "texture": "#1"}
			}
		}
	],
	"display": {
		"thirdperson_righthand": {
			"rotation": [8, 0, 0],
			"translation": [0.5, 3.25, -0.25],
			"scale": [0.44, 0.41, 0.42]
		},
		"thirdperson_lefthand": {
			"rotation": [8, 0, 0],
			"translation": [-0.25, 3.25, -0.25],
			"scale": [0.44, 0.41, 0.42]
		},
		"firstperson_righthand": {
			"rotation": [-25, -47, 0],
			"translation": [2.5, 4.5, 0],
			"scale": [0.63, 0.61, 0.63]
		},
		"firstperson_lefthand": {
			"rotation": [-25, -47, 0],
			"translation": [2.5, 4.25, 0],
			"scale": [0.46, 0.5, 0.5]
		},
		"ground": {
			"translation": [0, 2.5, 0],
			"scale": [0.73, 0.7, 0.68]
		},
		"gui": {
			"translation": [1.25, 1.25, 0]
		},
		"head": {
			"translation": [-11, -0.25, -1.5],
			"scale": [0.75, 0.75, 0.76]
		},
		"fixed": {
			"translation": [1, 0.75, -2.75]
		}
	}
}