{
	"credit": "Made with Blockbench",
	"texture_size": [64, 64],
	"textures": {
		"0": "custom/deko/turtile",
		"particle": "custom/deko/turtile"
	},
	"elements": [
		{
			"from": [4.5, 0, 7],
			"to": [6.5, 4.25, 9],
			"rotation": {"angle": 0, "axis": "x", "origin": [4.5, 0, 7]},
			"faces": {
				"north": {"uv": [6.25, 4.25, 6.75, 5.375], "texture": "#0"},
				"east": {"uv": [6.25, 5.5, 6.75, 6.625], "texture": "#0"},
				"south": {"uv": [6.75, 2.75, 7.25, 3.875], "texture": "#0"},
				"west": {"uv": [6.75, 4, 7.25, 5.125], "texture": "#0"},
				"up": {"uv": [4, 2, 3.5, 1.5], "texture": "#0"},
				"down": {"uv": [6.75, 1.5, 6.25, 2], "texture": "#0"}
			}
		},
		{
			"from": [8.75, 0, 7],
			"to": [10.75, 4, 9],
			"rotation": {"angle": 0, "axis": "z", "origin": [8.75, -0.25, 7]},
			"faces": {
				"north": {"uv": [6.75, 5.25, 7.25, 6.25], "texture": "#0"},
				"east": {"uv": [6.25, 6.75, 6.75, 7.75], "texture": "#0"},
				"south": {"uv": [6.75, 6.25, 7.25, 7.25], "texture": "#0"},
				"west": {"uv": [7, 0, 7.5, 1], "texture": "#0"},
				"up": {"uv": [4.5, 7.5, 4, 7], "texture": "#0"},
				"down": {"uv": [5, 7, 4.5, 7.5], "texture": "#0"}
			}
		},
		{
			"from": [4.5, 4, 6.75],
			"to": [10.75, 11.25, 9.25],
			"rotation": {"angle": 0, "axis": "y", "origin": [4.5, 4, 7]},
			"faces": {
				"north": {"uv": [0, 0, 1.625, 1.875], "texture": "#0"},
				"east": {"uv": [5.5, 0, 6.125, 1.875], "texture": "#0"},
				"south": {"uv": [1.75, 0, 3.375, 1.875], "texture": "#0"},
				"west": {"uv": [1.5, 5.5, 2.125, 7.375], "texture": "#0"},
				"up": {"uv": [6.875, 2.625, 5.25, 2], "texture": "#0"},
				"down": {"uv": [3.875, 5.5, 2.25, 6.125], "texture": "#0"}
			}
		},
		{
			"from": [2.5, 5.5, 7],
			"to": [4.5, 10.75, 9.25],
			"rotation": {"angle": 45, "axis": "x", "origin": [2.5, 8.75, 7]},
			"faces": {
				"north": {"uv": [2.25, 6.25, 2.75, 7.625], "texture": "#0"},
				"east": {"uv": [4, 5.5, 4.625, 6.875], "texture": "#0"},
				"south": {"uv": [2.75, 6.25, 3.25, 7.625], "texture": "#0"},
				"west": {"uv": [5.5, 4.5, 6.125, 5.875], "texture": "#0"},
				"up": {"uv": [4.5, 3.625, 4, 3], "texture": "#0"},
				"down": {"uv": [5, 3, 4.5, 3.625], "texture": "#0"}
			}
		},
		{
			"from": [10.75, 5.5, 7],
			"to": [12.75, 10.75, 9.25],
			"rotation": {"angle": 22.5, "axis": "x", "origin": [10.75, 8.75, 7]},
			"faces": {
				"north": {"uv": [6.25, 2.75, 6.75, 4.125], "texture": "#0"},
				"east": {"uv": [5.5, 6, 6.125, 7.375], "texture": "#0"},
				"south": {"uv": [3.25, 6.25, 3.75, 7.625], "texture": "#0"},
				"west": {"uv": [6.25, 0, 6.875, 1.375], "texture": "#0"},
				"up": {"uv": [7.5, 1.625, 7, 1], "texture": "#0"},
				"down": {"uv": [7.5, 1.75, 7, 2.375], "texture": "#0"}
			}
		},
		{
			"from": [4, 10.75, 5.25],
			"to": [11.25, 17.25, 10.75],
			"rotation": {"angle": 0, "axis": "y", "origin": [6, 10.75, 6.5]},
			"faces": {
				"north": {"uv": [0, 2, 1.875, 3.625], "texture": "#0"},
				"east": {"uv": [2, 3.75, 3.375, 5.375], "texture": "#0"},
				"south": {"uv": [2, 2, 3.875, 3.625], "texture": "#0"},
				"west": {"uv": [3.5, 3.75, 4.875, 5.375], "texture": "#0"},
				"up": {"uv": [5.375, 1.375, 3.5, 0], "texture": "#0"},
				"down": {"uv": [1.875, 3.75, 0, 5.125], "texture": "#0"}
			}
		},
		{
			"from": [5.5, -0.5, 4.25],
			"to": [6.75, 17, 5.5],
			"rotation": {"angle": 22.5, "axis": "z", "origin": [4.75, -0.5, 3.5]},
			"faces": {
				"north": {"uv": [5, 4.5, 5.375, 8.875], "texture": "#0"},
				"east": {"uv": [0, 5.25, 0.375, 9.625], "texture": "#0"},
				"south": {"uv": [0.5, 5.25, 0.875, 9.625], "texture": "#0"},
				"west": {"uv": [1, 5.25, 1.375, 9.625], "texture": "#0"},
				"up": {"uv": [7.625, 3.375, 7.25, 3], "texture": "#0"},
				"down": {"uv": [7.625, 3.5, 7.25, 3.875], "texture": "#0"}
			}
		},
		{
			"from": [5.25, 4.5, 8.75],
			"to": [9.75, 10.25, 9.75],
			"rotation": {"angle": 0, "axis": "y", "origin": [6.5, 7.5, 7.5]},
			"faces": {
				"north": {"uv": [4, 1.5, 5.125, 3], "texture": "#0"},
				"east": {"uv": [4.75, 5.5, 5, 7], "texture": "#0"},
				"south": {"uv": [5, 3, 6.125, 4.5], "texture": "#0"},
				"west": {"uv": [3.75, 6.25, 4, 7.75], "texture": "#0"},
				"up": {"uv": [8.125, 2.75, 7, 2.5], "texture": "#0"},
				"down": {"uv": [8.375, 2.75, 7.25, 3], "texture": "#0"}
			}
		}
	],
	"display": {
		"thirdperson_righthand": {
			"rotation": [55, 54, 5],
			"translation": [-1, 0.75, 0.75],
			"scale": [0.63, 0.63, 0.6]
		},
		"thirdperson_lefthand": {
			"rotation": [55, 54, 5],
			"translation": [-1, 0.75, 0.75],
			"scale": [0.63, 0.63, 0.6]
		},
		"firstperson_righthand": {
			"rotation": [0, 128, 0],
			"translation": [2.25, -0.5, 0]
		},
		"firstperson_lefthand": {
			"rotation": [0, 128, 0],
			"translation": [2.25, -0.5, 0]
		},
		"ground": {
			"rotation": [87, 0, 0],
			"translation": [0, -1.5, 0]
		},
		"gui": {
			"rotation": [0, 144, 0],
			"translation": [0, -0.5, 0],
			"scale": [0.92, 0.9, 0.93]
		},
		"head": {
			"translation": [0.5, 14.5, -0.75]
		},
		"fixed": {
			"rotation": [-90, 0, 0],
			"translation": [1.5, 0, -32],
			"scale": [4, 4, 4]
		}
	}
}