{
	"credit": "Made with Blockbench",
	"textures": {
		"0": "custom/deko2/lightschwert",
		"1": "custom/deko2/body",
		"2": "custom/deko2/tschal",
		"3": "custom/deko2/arm",
		"4": "custom/deko2/pfoten",
		"5": "custom/deko2/koppes",
		"6": "custom/deko2/ohren",
		"particle": "custom/deko2/lightschwert"
	},
	"elements": [
		{
			"from": [5.8, 1.5, 5.6],
			"to": [11.4, 3.5, 9.4],
			"rotation": {"angle": 0, "axis": "y", "origin": [5.5, 1.5, 6]},
			"faces": {
				"north": {"uv": [6, 5, 9.25, 6], "texture": "#1"},
				"east": {"uv": [6.5, 0, 9.375, 1], "texture": "#1"},
				"south": {"uv": [6, 6, 9.25, 7], "texture": "#1"},
				"west": {"uv": [6.5, 1, 9.375, 2], "texture": "#1"},
				"up": {"uv": [3.25, 2.875, 0, 0], "texture": "#1"},
				"down": {"uv": [3.25, 3, 0, 5.875], "texture": "#1"}
			}
		},
		{
			"from": [5.8, 0.5, 8.6],
			"to": [8.1, 1.5, 9.4],
			"rotation": {"angle": 0, "axis": "y", "origin": [5.5, 0.5, 5.1]},
			"faces": {
				"north": {"uv": [10, 8, 11.25, 8.5], "texture": "#1"},
				"east": {"uv": [2.5, 6, 3.25, 6.5], "texture": "#1"},
				"south": {"uv": [8.5, 10, 9.75, 10.5], "texture": "#1"},
				"west": {"uv": [4.5, 7.5, 5.25, 8], "texture": "#1"},
				"up": {"uv": [2.25, 10.25, 1, 9.5], "texture": "#1"},
				"down": {"uv": [10.75, 1, 9.5, 1.75], "texture": "#1"}
			}
		},
		{
			"from": [8.1, 1, 8.6],
			"to": [11.4, 1.5, 9.4],
			"rotation": {"angle": 0, "axis": "y", "origin": [8.1, 0.5, 5.1]},
			"faces": {
				"north": {"uv": [10.5, 6, 12.375, 6.25], "texture": "#1"},
				"east": {"uv": [5, 11, 5.75, 11.25], "texture": "#1"},
				"south": {"uv": [10.5, 6.5, 12.375, 6.75], "texture": "#1"},
				"west": {"uv": [6, 11, 6.75, 11.25], "texture": "#1"},
				"up": {"uv": [4.375, 8.25, 2.5, 7.5], "texture": "#1"},
				"down": {"uv": [6.375, 8, 4.5, 8.75], "texture": "#1"}
			}
		},
		{
			"from": [6, 3.5, 5.8],
			"to": [11.3, 5.5, 9.3],
			"rotation": {"angle": 0, "axis": "y", "origin": [5.9, 3.5, 6]},
			"faces": {
				"north": {"uv": [6.5, 2, 9.25, 3], "texture": "#1"},
				"east": {"uv": [6.5, 3, 8.75, 4], "texture": "#1"},
				"south": {"uv": [2.5, 6.5, 5.25, 7.5], "texture": "#1"},
				"west": {"uv": [6.5, 4, 8.75, 5], "texture": "#1"},
				"up": {"uv": [6.25, 2.25, 3.5, 0], "texture": "#1"},
				"down": {"uv": [6.25, 2.5, 3.5, 4.75], "texture": "#1"}
			}
		},
		{
			"from": [6.3, 5.5, 6],
			"to": [11.1, 7.2, 9],
			"rotation": {"angle": 0, "axis": "y", "origin": [5.9, 5.5, 6]},
			"faces": {
				"north": {"uv": [5.5, 7, 8, 7.875], "texture": "#1"},
				"east": {"uv": [6.5, 8, 8, 8.875], "texture": "#1"},
				"south": {"uv": [0, 7.5, 2.5, 8.375], "texture": "#1"},
				"west": {"uv": [8, 7, 9.5, 7.875], "texture": "#1"},
				"up": {"uv": [6, 6.5, 3.5, 5], "texture": "#1"},
				"down": {"uv": [2.5, 6, 0, 7.5], "texture": "#1"}
			}
		},
		{
			"from": [6.5, 6.6, 5.9],
			"to": [10.9, 10.6, 9.1],
			"rotation": {"angle": 0, "axis": "y", "origin": [6, 6.4, 6.6]},
			"faces": {
				"north": {"uv": [0, 0, 4.25, 4.25], "texture": "#5"},
				"east": {"uv": [5, 0, 9, 4.25], "texture": "#5"},
				"south": {"uv": [0, 5, 4.25, 9.25], "texture": "#5"},
				"west": {"uv": [5, 5, 9, 9.25], "texture": "#5"},
				"up": {"uv": [13.25, 4, 9, 0], "texture": "#5"},
				"down": {"uv": [13.25, 4, 9, 8], "texture": "#5"}
			}
		},
		{
			"from": [4.6, 6.2, 6.6],
			"to": [6.4, 7.7, 8.2],
			"rotation": {"angle": 22.5, "axis": "x", "origin": [1.5, 6.1, 5.3]},
			"faces": {
				"north": {"uv": [9.5, 2, 10.375, 2.875], "texture": "#1"},
				"east": {"uv": [2.5, 9.5, 3.375, 10.375], "texture": "#1"},
				"south": {"uv": [9.5, 5, 10.375, 5.875], "texture": "#1"},
				"west": {"uv": [9.5, 6, 10.375, 6.875], "texture": "#1"},
				"up": {"uv": [10.375, 7.875, 9.5, 7], "texture": "#1"},
				"down": {"uv": [10.875, 3, 10, 3.875], "texture": "#1"}
			}
		},
		{
			"from": [4.8, 5.5, 6.6],
			"to": [6, 7.2, 7.8],
			"rotation": {"angle": 22.5, "axis": "x", "origin": [1.6, 5.5, 5.2]},
			"faces": {
				"north": {"uv": [10, 8.5, 10.625, 9.375], "texture": "#1"},
				"east": {"uv": [10, 9.5, 10.625, 10.375], "texture": "#1"},
				"south": {"uv": [0, 10.5, 0.625, 11.375], "texture": "#1"},
				"west": {"uv": [10.5, 0, 11.125, 0.875], "texture": "#1"},
				"up": {"uv": [11.125, 7.625, 10.5, 7], "texture": "#1"},
				"down": {"uv": [9.125, 10.5, 8.5, 11.125], "texture": "#1"}
			}
		},
		{
			"from": [11.4, 5.5, 6.6],
			"to": [12.6, 7.2, 7.8],
			"rotation": {"angle": 22.5, "axis": "x", "origin": [15.8, 5.5, 5.2]},
			"faces": {
				"north": {"uv": [10.625, 8.5, 10, 9.375], "texture": "#1"},
				"east": {"uv": [11.125, 0, 10.5, 0.875], "texture": "#1"},
				"south": {"uv": [0.625, 10.5, 0, 11.375], "texture": "#1"},
				"west": {"uv": [10.625, 9.5, 10, 10.375], "texture": "#1"},
				"up": {"uv": [10.5, 7.625, 11.125, 7], "texture": "#1"},
				"down": {"uv": [8.5, 10.5, 9.125, 11.125], "texture": "#1"}
			}
		},
		{
			"from": [5.2, 4.6, 6.2],
			"to": [5.9, 5.2, 7.5],
			"rotation": {"angle": 22.5, "axis": "x", "origin": [1.5, 4.6, 4.7]},
			"faces": {
				"north": {"uv": [2, 2, 3, 3], "texture": "#0"},
				"east": {"uv": [3, 0, 4, 1], "texture": "#0"},
				"south": {"uv": [3, 1, 4, 2], "texture": "#0"},
				"west": {"uv": [2, 3, 3, 4], "texture": "#0"},
				"up": {"uv": [4, 3, 3, 2], "texture": "#0"},
				"down": {"uv": [4, 3, 3, 4], "texture": "#0"}
			}
		},
		{
			"from": [5, 4.7, 6.1],
			"to": [6.1, 5.7, 6.6],
			"rotation": {"angle": 22.5, "axis": "x", "origin": [1.5, 4.9, 3.9]},
			"faces": {
				"north": {"uv": [4, 0, 5, 1], "texture": "#0"},
				"east": {"uv": [4, 1, 5, 2], "texture": "#0"},
				"south": {"uv": [2, 4, 3, 5], "texture": "#0"},
				"west": {"uv": [4, 2, 5, 3], "texture": "#0"},
				"up": {"uv": [4, 5, 3, 4], "texture": "#0"},
				"down": {"uv": [5, 3, 4, 4], "texture": "#0"}
			}
		},
		{
			"from": [5.1, 4, 5.9],
			"to": [5.8, 4.5, 7],
			"rotation": {"angle": 22.5, "axis": "x", "origin": [4.4, 3, 7.5]},
			"faces": {
				"north": {"uv": [11, 9, 11.375, 9.25], "texture": "#1"},
				"east": {"uv": [7, 11, 7.5, 11.25], "texture": "#1"},
				"south": {"uv": [11, 9.5, 11.375, 9.75], "texture": "#1"},
				"west": {"uv": [7.5, 11, 8, 11.25], "texture": "#1"},
				"up": {"uv": [5.875, 7, 5.5, 6.5], "texture": "#1"},
				"down": {"uv": [4.375, 8.5, 4, 9], "texture": "#1"}
			}
		},
		{
			"from": [5.1, 3.5, 6],
			"to": [5.8, 4, 6.3],
			"rotation": {"angle": 22.5, "axis": "x", "origin": [4.4, 2.5, 7.4]},
			"faces": {
				"north": {"uv": [11, 10, 11.375, 10.25], "texture": "#1"},
				"east": {"uv": [11.5, 5.5, 11.625, 5.75], "texture": "#1"},
				"south": {"uv": [0, 11.5, 0.375, 11.75], "texture": "#1"},
				"west": {"uv": [6, 11.5, 6.125, 11.75], "texture": "#1"},
				"up": {"uv": [11.875, 2.625, 11.5, 2.5], "texture": "#1"},
				"down": {"uv": [3.375, 11.5, 3, 11.625], "texture": "#1"}
			}
		},
		{
			"from": [5.1, 3.4, 6.4],
			"to": [5.8, 3.9, 6.7],
			"rotation": {"angle": 22.5, "axis": "x", "origin": [4.4, 2.4, 7.8]},
			"faces": {
				"north": {"uv": [11.5, 0, 11.875, 0.25], "texture": "#1"},
				"east": {"uv": [6.5, 11.5, 6.625, 11.75], "texture": "#1"},
				"south": {"uv": [0.5, 11.5, 0.875, 11.75], "texture": "#1"},
				"west": {"uv": [7, 11.5, 7.125, 11.75], "texture": "#1"},
				"up": {"uv": [3.875, 11.625, 3.5, 11.5], "texture": "#1"},
				"down": {"uv": [4.375, 11.5, 4, 11.625], "texture": "#1"}
			}
		},
		{
			"from": [11, 6.2, 6.6],
			"to": [12.8, 7.7, 8.2],
			"rotation": {"angle": 22.5, "axis": "x", "origin": [15.9, 6.1, 5.3]},
			"faces": {
				"north": {"uv": [10.375, 2, 9.5, 2.875], "texture": "#1"},
				"east": {"uv": [10.375, 6, 9.5, 6.875], "texture": "#1"},
				"south": {"uv": [10.375, 5, 9.5, 5.875], "texture": "#1"},
				"west": {"uv": [3.375, 9.5, 2.5, 10.375], "texture": "#1"},
				"up": {"uv": [9.5, 7.875, 10.375, 7], "texture": "#1"},
				"down": {"uv": [10, 3, 10.875, 3.875], "texture": "#1"}
			}
		},
		{
			"from": [11.6, 4, 5.9],
			"to": [12.3, 4.5, 7],
			"rotation": {"angle": 22.5, "axis": "x", "origin": [13, 3, 7.5]},
			"faces": {
				"north": {"uv": [11.375, 9, 11, 9.25], "texture": "#1"},
				"east": {"uv": [8, 11, 7.5, 11.25], "texture": "#1"},
				"south": {"uv": [11.375, 9.5, 11, 9.75], "texture": "#1"},
				"west": {"uv": [7.5, 11, 7, 11.25], "texture": "#1"},
				"up": {"uv": [5.5, 7, 5.875, 6.5], "texture": "#1"},
				"down": {"uv": [4, 8.5, 4.375, 9], "texture": "#1"}
			}
		},
		{
			"from": [12, 3.4, 6.5],
			"to": [12.3, 3.9, 6.8],
			"rotation": {"angle": 22.5, "axis": "x", "origin": [13, 2.4, 7.9]},
			"faces": {
				"north": {"uv": [11.875, 0, 11.5, 0.25], "texture": "#1"},
				"east": {"uv": [7.125, 11.5, 7, 11.75], "texture": "#1"},
				"south": {"uv": [0.875, 11.5, 0.5, 11.75], "texture": "#1"},
				"west": {"uv": [6.625, 11.5, 6.5, 11.75], "texture": "#1"},
				"up": {"uv": [3.5, 11.625, 3.875, 11.5], "texture": "#1"},
				"down": {"uv": [4, 11.5, 4.375, 11.625], "texture": "#1"}
			}
		},
		{
			"from": [12, 3.5, 6.1],
			"to": [12.3, 4, 6.4],
			"rotation": {"angle": 22.5, "axis": "x", "origin": [13, 2.5, 7.5]},
			"faces": {
				"north": {"uv": [11.375, 10, 11, 10.25], "texture": "#1"},
				"east": {"uv": [6.125, 11.5, 6, 11.75], "texture": "#1"},
				"south": {"uv": [0.375, 11.5, 0, 11.75], "texture": "#1"},
				"west": {"uv": [11.625, 5.5, 11.5, 5.75], "texture": "#1"},
				"up": {"uv": [11.5, 2.625, 11.875, 2.5], "texture": "#1"},
				"down": {"uv": [3, 11.5, 3.375, 11.625], "texture": "#1"}
			}
		},
		{
			"from": [12, 3.7, 5.8],
			"to": [12.3, 4.2, 6.1],
			"rotation": {"angle": 22.5, "axis": "x", "origin": [13, 2.7, 7.2]},
			"faces": {
				"north": {"uv": [11.375, 10, 11, 10.25], "texture": "#1"},
				"east": {"uv": [6.125, 11.5, 6, 11.75], "texture": "#1"},
				"south": {"uv": [0.375, 11.5, 0, 11.75], "texture": "#1"},
				"west": {"uv": [11.625, 5.5, 11.5, 5.75], "texture": "#1"},
				"up": {"uv": [11.5, 2.625, 11.875, 2.5], "texture": "#1"},
				"down": {"uv": [3, 11.5, 3.375, 11.625], "texture": "#1"}
			}
		},
		{
			"from": [11.6, 3.7, 5.8],
			"to": [11.9, 4.2, 6.1],
			"rotation": {"angle": 22.5, "axis": "x", "origin": [12.5, 2.7, 7.2]},
			"faces": {
				"north": {"uv": [11.375, 10, 11, 10.25], "texture": "#1"},
				"east": {"uv": [6.125, 11.5, 6, 11.75], "texture": "#1"},
				"south": {"uv": [0.375, 11.5, 0, 11.75], "texture": "#1"},
				"west": {"uv": [11.625, 5.5, 11.5, 5.75], "texture": "#1"},
				"up": {"uv": [11.5, 2.625, 11.875, 2.5], "texture": "#1"},
				"down": {"uv": [3, 11.5, 3.375, 11.625], "texture": "#1"}
			}
		},
		{
			"from": [5.2, 4.9, -3],
			"to": [5.9, 5.5, 6.3],
			"rotation": {"angle": 22.5, "axis": "x", "origin": [1.5, 4.9, 3.8]},
			"faces": {
				"north": {"uv": [4, 4, 5, 5], "texture": "#0"},
				"east": {"uv": [0, 0, 3, 1], "texture": "#0"},
				"south": {"uv": [0, 5, 1, 6], "texture": "#0"},
				"west": {"uv": [0, 1, 3, 2], "texture": "#0"},
				"up": {"uv": [1, 5, 0, 2], "texture": "#0"},
				"down": {"uv": [2, 2, 1, 5], "texture": "#0"}
			}
		},
		{
			"from": [6.2, 6.1, 5.7],
			"to": [11.2, 7.3, 9.2],
			"rotation": {"angle": 0, "axis": "y", "origin": [8, 4, 0]},
			"faces": {
				"north": {"uv": [5, 0, 10, 1.25], "texture": "#2"},
				"east": {"uv": [5, 4, 8.5, 5.25], "texture": "#2"},
				"south": {"uv": [5, 2, 10, 3.25], "texture": "#2"},
				"west": {"uv": [5, 6, 8.5, 7.25], "texture": "#2"},
				"up": {"uv": [5, 3.5, 0, 0], "texture": "#2"},
				"down": {"uv": [5, 4, 0, 7.5], "texture": "#2"}
			}
		},
		{
			"from": [6.1, 0, 6.5],
			"to": [8.1, 2, 8.5],
			"rotation": {"angle": 0, "axis": "y", "origin": [6.1, 0, 6.5]},
			"faces": {
				"north": {"uv": [8, 8, 9, 9], "texture": "#1"},
				"east": {"uv": [0, 8.5, 1, 9.5], "texture": "#1"},
				"south": {"uv": [1, 8.5, 2, 9.5], "texture": "#1"},
				"west": {"uv": [2, 8.5, 3, 9.5], "texture": "#1"},
				"up": {"uv": [4, 9.5, 3, 8.5], "texture": "#1"},
				"down": {"uv": [10, 3, 9, 4], "texture": "#1"}
			}
		},
		{
			"from": [9.1, 0, 6.5],
			"to": [11.1, 2, 8.5],
			"rotation": {"angle": 0, "axis": "y", "origin": [9.1, 0, 6.5]},
			"faces": {
				"north": {"uv": [4, 9, 5, 10], "texture": "#1"},
				"east": {"uv": [9, 4, 10, 5], "texture": "#1"},
				"south": {"uv": [5, 9, 6, 10], "texture": "#1"},
				"west": {"uv": [6, 9, 7, 10], "texture": "#1"},
				"up": {"uv": [8, 10, 7, 9], "texture": "#1"},
				"down": {"uv": [9, 9, 8, 10], "texture": "#1"}
			}
		},
		{
			"from": [8.9, -0.1, 6.3],
			"to": [11.3, 0.8, 8.7],
			"rotation": {"angle": 0, "axis": "y", "origin": [9.1, -1.4, 6.5]},
			"faces": {
				"north": {"uv": [11, 1, 12, 1.25], "texture": "#1"},
				"east": {"uv": [11, 1.5, 12, 1.75], "texture": "#1"},
				"south": {"uv": [3, 11, 4, 11.25], "texture": "#1"},
				"west": {"uv": [11, 3, 12, 3.25], "texture": "#1"},
				"up": {"uv": [10, 9, 9, 8], "texture": "#1"},
				"down": {"uv": [10, 9, 9, 10], "texture": "#1"}
			}
		},
		{
			"from": [5.9, -0.1, 6.3],
			"to": [8.3, 0.8, 8.7],
			"rotation": {"angle": 0, "axis": "y", "origin": [6.1, -1.4, 6.5]},
			"faces": {
				"north": {"uv": [11, 3.5, 12, 3.75], "texture": "#1"},
				"east": {"uv": [4, 11, 5, 11.25], "texture": "#1"},
				"south": {"uv": [11, 4, 12, 4.25], "texture": "#1"},
				"west": {"uv": [11, 4.5, 12, 4.75], "texture": "#1"},
				"up": {"uv": [1, 10.5, 0, 9.5], "texture": "#1"},
				"down": {"uv": [10.5, 0, 9.5, 1], "texture": "#1"}
			}
		},
		{
			"from": [4.7, 5.4, 6.5],
			"to": [6.1, 5.8, 7.9],
			"rotation": {"angle": 22.5, "axis": "x", "origin": [1.6, 5.5, 5.2]},
			"faces": {
				"north": {"uv": [8, 0, 13, 1], "texture": "#3"},
				"east": {"uv": [8, 4, 13, 5], "texture": "#3"},
				"south": {"uv": [8, 8, 13, 9], "texture": "#3"},
				"west": {"uv": [8, 12, 13, 13], "texture": "#3"},
				"up": {"uv": [5, 5, 0, 0], "texture": "#3"},
				"down": {"uv": [5, 8, 0, 13], "texture": "#3"}
			}
		},
		{
			"from": [11.3, 5.4, 6.5],
			"to": [12.7, 5.8, 7.9],
			"rotation": {"angle": 22.5, "axis": "x", "origin": [15.8, 5.5, 5.2]},
			"faces": {
				"north": {"uv": [13, 0, 8, 1], "texture": "#3"},
				"east": {"uv": [13, 12, 8, 13], "texture": "#3"},
				"south": {"uv": [13, 8, 8, 9], "texture": "#3"},
				"west": {"uv": [13, 4, 8, 5], "texture": "#3"},
				"up": {"uv": [0, 5, 5, 0], "texture": "#3"},
				"down": {"uv": [0, 8, 5, 13], "texture": "#3"}
			}
		},
		{
			"from": [6.1, -0.1, 5.8],
			"to": [6.6, 0.5, 6.6],
			"rotation": {"angle": 0, "axis": "y", "origin": [0.1, 0, 0.4]},
			"faces": {
				"north": {"uv": [10, 8, 11, 9], "texture": "#4"},
				"east": {"uv": [4, 8, 5.5, 9], "texture": "#4"},
				"south": {"uv": [10, 10, 11, 11], "texture": "#4"},
				"west": {"uv": [8, 4, 9.5, 5], "texture": "#4"},
				"up": {"uv": [7, 9.5, 6, 8], "texture": "#4"},
				"down": {"uv": [9, 6, 8, 7.5], "texture": "#4"}
			}
		},
		{
			"from": [6.8, -0.1, 5.8],
			"to": [7.3, 0.5, 6.6],
			"rotation": {"angle": 0, "axis": "y", "origin": [0.8, 0, 0.4]},
			"faces": {
				"north": {"uv": [10, 6, 11, 7], "texture": "#4"},
				"east": {"uv": [0, 8, 1.5, 9], "texture": "#4"},
				"south": {"uv": [8, 10, 9, 11], "texture": "#4"},
				"west": {"uv": [8, 0, 9.5, 1], "texture": "#4"},
				"up": {"uv": [3, 9.5, 2, 8], "texture": "#4"},
				"down": {"uv": [9, 2, 8, 3.5], "texture": "#4"}
			}
		},
		{
			"from": [7.6, -0.1, 5.8],
			"to": [8.1, 0.5, 6.6],
			"rotation": {"angle": 0, "axis": "y", "origin": [1.6, 0, 0.4]},
			"faces": {
				"north": {"uv": [10, 4, 11, 5], "texture": "#4"},
				"east": {"uv": [6, 2, 7.5, 3], "texture": "#4"},
				"south": {"uv": [6, 10, 7, 11], "texture": "#4"},
				"west": {"uv": [4, 6, 5.5, 7], "texture": "#4"},
				"up": {"uv": [7, 5.5, 6, 4], "texture": "#4"},
				"down": {"uv": [7, 6, 6, 7.5], "texture": "#4"}
			}
		},
		{
			"from": [9.1, -0.1, 5.8],
			"to": [9.6, 0.5, 6.6],
			"rotation": {"angle": 0, "axis": "y", "origin": [3.1, 0, 0.4]},
			"faces": {
				"north": {"uv": [8, 8, 9, 9], "texture": "#4"},
				"east": {"uv": [0, 0, 1.5, 1], "texture": "#4"},
				"south": {"uv": [0, 10, 1, 11], "texture": "#4"},
				"west": {"uv": [0, 2, 1.5, 3], "texture": "#4"},
				"up": {"uv": [3, 1.5, 2, 0], "texture": "#4"},
				"down": {"uv": [3, 2, 2, 3.5], "texture": "#4"}
			}
		},
		{
			"from": [9.8, -0.1, 5.8],
			"to": [10.3, 0.5, 6.6],
			"rotation": {"angle": 0, "axis": "y", "origin": [3.8, 0, 0.4]},
			"faces": {
				"north": {"uv": [10, 0, 11, 1], "texture": "#4"},
				"east": {"uv": [0, 4, 1.5, 5], "texture": "#4"},
				"south": {"uv": [2, 10, 3, 11], "texture": "#4"},
				"west": {"uv": [4, 0, 5.5, 1], "texture": "#4"},
				"up": {"uv": [3, 5.5, 2, 4], "texture": "#4"},
				"down": {"uv": [5, 2, 4, 3.5], "texture": "#4"}
			}
		},
		{
			"from": [10.6, -0.1, 5.8],
			"to": [11.1, 0.5, 6.6],
			"rotation": {"angle": 0, "axis": "y", "origin": [4.6, 0, 0.4]},
			"faces": {
				"north": {"uv": [10, 2, 11, 3], "texture": "#4"},
				"east": {"uv": [4, 4, 5.5, 5], "texture": "#4"},
				"south": {"uv": [4, 10, 5, 11], "texture": "#4"},
				"west": {"uv": [0, 6, 1.5, 7], "texture": "#4"},
				"up": {"uv": [7, 1.5, 6, 0], "texture": "#4"},
				"down": {"uv": [3, 6, 2, 7.5], "texture": "#4"}
			}
		},
		{
			"from": [10.9, 8.8, 6.8],
			"to": [13.2, 10, 8.1],
			"rotation": {"angle": -22.5, "axis": "y", "origin": [10.9, 8, 6.8]},
			"faces": {
				"north": {"uv": [0, 4, 2.25, 5.25], "texture": "#6"},
				"east": {"uv": [6, 4, 7.25, 5.25], "texture": "#6"},
				"south": {"uv": [3, 4, 5.25, 5.25], "texture": "#6"},
				"west": {"uv": [5, 6, 6.25, 7.25], "texture": "#6"},
				"up": {"uv": [2.25, 7.25, 0, 6], "texture": "#6"},
				"down": {"uv": [8.25, 0, 6, 1.25], "texture": "#6"}
			}
		},
		{
			"from": [10.9, 8, 7],
			"to": [12.4, 8.8, 7.8],
			"rotation": {"angle": -22.5, "axis": "y", "origin": [10.9, 6.8, 6.8]},
			"faces": {
				"north": {"uv": [8, 2, 9.5, 2.75], "texture": "#6"},
				"east": {"uv": [7, 8, 7.75, 8.75], "texture": "#6"},
				"south": {"uv": [8, 3, 9.5, 3.75], "texture": "#6"},
				"west": {"uv": [8, 8, 8.75, 8.75], "texture": "#6"},
				"up": {"uv": [5.5, 8.75, 4, 8], "texture": "#6"},
				"down": {"uv": [9.5, 4, 8, 4.75], "texture": "#6"}
			}
		},
		{
			"from": [4.3, 8.8, 6.8],
			"to": [6.6, 10, 8.1],
			"rotation": {"angle": 22.5, "axis": "y", "origin": [6.6, 8, 6.8]},
			"faces": {
				"north": {"uv": [0, 0, 2.25, 1.25], "texture": "#6"},
				"east": {"uv": [6, 2, 7.25, 3.25], "texture": "#6"},
				"south": {"uv": [0, 2, 2.25, 3.25], "texture": "#6"},
				"west": {"uv": [3, 6, 4.25, 7.25], "texture": "#6"},
				"up": {"uv": [5.25, 1.25, 3, 0], "texture": "#6"},
				"down": {"uv": [5.25, 2, 3, 3.25], "texture": "#6"}
			}
		},
		{
			"from": [5.1, 8, 7],
			"to": [6.6, 8.8, 7.8],
			"rotation": {"angle": 22.5, "axis": "y", "origin": [6.6, 6.8, 6.8]},
			"faces": {
				"north": {"uv": [7, 6, 8.5, 6.75], "texture": "#6"},
				"east": {"uv": [8, 5, 8.75, 5.75], "texture": "#6"},
				"south": {"uv": [7, 7, 8.5, 7.75], "texture": "#6"},
				"west": {"uv": [6, 8, 6.75, 8.75], "texture": "#6"},
				"up": {"uv": [1.5, 8.75, 0, 8], "texture": "#6"},
				"down": {"uv": [3.5, 8, 2, 8.75], "texture": "#6"}
			}
		}
	],
	"display": {
		"thirdperson_righthand": {
			"rotation": [40, 48, 0],
			"translation": [0, 3.5, 4.5]
		},
		"thirdperson_lefthand": {
			"rotation": [40, 48, 0],
			"translation": [0.75, 3.5, 3.5]
		},
		"firstperson_righthand": {
			"rotation": [0, 101, 0],
			"translation": [-1.25, 8, 4]
		},
		"firstperson_lefthand": {
			"rotation": [0, 101, 0],
			"translation": [-1.25, 8, 4]
		},
		"ground": {
			"translation": [0, 7, 0],
			"scale": [1.31, 1.31, 1.31]
		},
		"gui": {
			"rotation": [0, 148, 0],
			"translation": [0.25, 2.5, 0]
		},
		"head": {
			"rotation": [0, -180, 0],
			"translation": [0.5, -10, 4.5],
			"scale": [1.38, 1.38, 1.38]
		},
		"fixed": {
			"rotation": [-90, 0, 0],
			"translation": [-2.5, 2, -32.25],
			"scale": [4, 4, 4]
		}
	},
	"groups": [
		0,
		1,
		2,
		3,
		4,
		5,
		{
			"name": "group",
			"origin": [1.4, 5.3, 5.6],
			"color": 0,
			"children": [6, 7, 8, 9, 10, 11, 12, 13, 14, 15, 16, 17, 18, 19, 20, 21]
		},
		22,
		23,
		24,
		25,
		26,
		27,
		28,
		29,
		30,
		31,
		32,
		33,
		{
			"name": "group",
			"origin": [10.7, 6.8, 7],
			"color": 0,
			"children": [34, 35]
		},
		{
			"name": "group",
			"origin": [10.7, 6.8, 7],
			"color": 0,
			"children": [36, 37]
		}
	]
}