{
	"credit": "Made with Blockbench",
	"texture_size": [64, 64],
	"textures": {
		"0": "custom/deko2/yoshi",
		"particle": "custom/deko2/yoshi"
	},
	"elements": [
		{
			"from": [4.75, 0, 5],
			"to": [7, 2, 10],
			"rotation": {"angle": 0, "axis": "y", "origin": [5, 0, 5]},
			"faces": {
				"north": {"uv": [5.75, 4.5, 6.375, 5], "texture": "#0"},
				"east": {"uv": [7.25, 0, 8.5, 0.5], "texture": "#0"},
				"south": {"uv": [8, 6.25, 8.625, 6.75], "texture": "#0"},
				"west": {"uv": [7.25, 0.5, 8.5, 1], "texture": "#0"},
				"up": {"uv": [2.125, 6.5, 1.5, 5.25], "texture": "#0"},
				"down": {"uv": [5.625, 6.75, 5, 8], "texture": "#0"}
			}
		},
		{
			"from": [10, 0, 5],
			"to": [12.25, 2, 10],
			"rotation": {"angle": 0, "axis": "y", "origin": [10.25, 0, 5]},
			"faces": {
				"north": {"uv": [0.25, 8.25, 0.875, 8.75], "texture": "#0"},
				"east": {"uv": [7.25, 1, 8.5, 1.5], "texture": "#0"},
				"south": {"uv": [1, 8.25, 1.625, 8.75], "texture": "#0"},
				"west": {"uv": [7.25, 1.5, 8.5, 2], "texture": "#0"},
				"up": {"uv": [6.375, 8, 5.75, 6.75], "texture": "#0"},
				"down": {"uv": [7.125, 7, 6.5, 8.25], "texture": "#0"}
			}
		},
		{
			"from": [5, 1.75, 8],
			"to": [6.75, 2.5, 9.75],
			"rotation": {"angle": 0, "axis": "y", "origin": [4.75, 1.75, 7.75]},
			"faces": {
				"north": {"uv": [8, 6.75, 8.5, 7], "texture": "#0"},
				"east": {"uv": [8.75, 4.75, 9.25, 5], "texture": "#0"},
				"south": {"uv": [5.5, 8.75, 6, 9], "texture": "#0"},
				"west": {"uv": [8.75, 6.25, 9.25, 6.5], "texture": "#0"},
				"up": {"uv": [4.5, 3.5, 4, 3], "texture": "#0"},
				"down": {"uv": [2.25, 8.25, 1.75, 8.75], "texture": "#0"}
			}
		},
		{
			"from": [10.25, 1.75, 8],
			"to": [12, 2.5, 9.75],
			"rotation": {"angle": 0, "axis": "y", "origin": [10, 1.75, 7.75]},
			"faces": {
				"north": {"uv": [6.5, 8.75, 7, 9], "texture": "#0"},
				"east": {"uv": [8.75, 6.5, 9.25, 6.75], "texture": "#0"},
				"south": {"uv": [7, 8.75, 7.5, 9], "texture": "#0"},
				"west": {"uv": [8.5, 8.75, 9, 9], "texture": "#0"},
				"up": {"uv": [8.75, 3.5, 8.25, 3], "texture": "#0"},
				"down": {"uv": [8.75, 3.5, 8.25, 4], "texture": "#0"}
			}
		},
		{
			"from": [4.75, 2.5, 7.75],
			"to": [7, 3.5, 10],
			"rotation": {"angle": 0, "axis": "y", "origin": [5, 2.5, 7.75]},
			"faces": {
				"north": {"uv": [3.5, 4.75, 4.125, 5], "texture": "#0"},
				"east": {"uv": [1.5, 6.5, 2.125, 6.75], "texture": "#0"},
				"south": {"uv": [7.25, 4.25, 7.875, 4.5], "texture": "#0"},
				"west": {"uv": [8.25, 4, 8.875, 4.25], "texture": "#0"},
				"up": {"uv": [8.375, 7.625, 7.75, 7], "texture": "#0"},
				"down": {"uv": [8.375, 7.75, 7.75, 8.375], "texture": "#0"}
			}
		},
		{
			"from": [10, 2.5, 7.75],
			"to": [12.25, 3.5, 10],
			"rotation": {"angle": 0, "axis": "y", "origin": [10.25, 2.5, 7.75]},
			"faces": {
				"north": {"uv": [8.5, 6, 9.125, 6.25], "texture": "#0"},
				"east": {"uv": [8.5, 8.25, 9.125, 8.5], "texture": "#0"},
				"south": {"uv": [8.5, 8.5, 9.125, 8.75], "texture": "#0"},
				"west": {"uv": [0.25, 8.75, 0.875, 9], "texture": "#0"},
				"up": {"uv": [8.625, 4.875, 8, 4.25], "texture": "#0"},
				"down": {"uv": [5.625, 8, 5, 8.625], "texture": "#0"}
			}
		},
		{
			"from": [5.25, 3.25, 8.25],
			"to": [6.75, 4, 9.5],
			"rotation": {"angle": 0, "axis": "y", "origin": [4.5, 3.25, 7.5]},
			"faces": {
				"north": {"uv": [9, 0, 9.375, 0.25], "texture": "#0"},
				"east": {"uv": [0.25, 9, 0.625, 9.25], "texture": "#0"},
				"south": {"uv": [9, 0.25, 9.375, 0.5], "texture": "#0"},
				"west": {"uv": [9, 0.5, 9.375, 0.75], "texture": "#0"},
				"up": {"uv": [1.375, 9.125, 1, 8.75], "texture": "#0"},
				"down": {"uv": [1.875, 8.75, 1.5, 9.125], "texture": "#0"}
			}
		},
		{
			"from": [10.5, 3.25, 8.25],
			"to": [11.75, 4, 9.5],
			"rotation": {"angle": 0, "axis": "y", "origin": [9.75, 3.25, 7.5]},
			"faces": {
				"north": {"uv": [9, 0.75, 9.375, 1], "texture": "#0"},
				"east": {"uv": [9, 1, 9.375, 1.25], "texture": "#0"},
				"south": {"uv": [9, 1.25, 9.375, 1.5], "texture": "#0"},
				"west": {"uv": [9, 1.5, 9.375, 1.75], "texture": "#0"},
				"up": {"uv": [2.375, 9.125, 2, 8.75], "texture": "#0"},
				"down": {"uv": [2.875, 8.75, 2.5, 9.125], "texture": "#0"}
			}
		},
		{
			"from": [4.25, 4, 6.75],
			"to": [12.75, 11.75, 11.75],
			"rotation": {"angle": 0, "axis": "y", "origin": [5.25, 4, 7.5]},
			"faces": {
				"north": {"uv": [0, 0, 2.125, 2], "texture": "#0"},
				"east": {"uv": [4.5, 3, 5.75, 5], "texture": "#0"},
				"south": {"uv": [0, 2, 2.125, 4], "texture": "#0"},
				"west": {"uv": [2.25, 4.75, 3.5, 6.75], "texture": "#0"},
				"up": {"uv": [4.375, 4.75, 2.25, 3.5], "texture": "#0"},
				"down": {"uv": [2.125, 4, 0, 5.25], "texture": "#0"}
			}
		},
		{
			"from": [3, 6.5, 8.5],
			"to": [4.25, 11, 10],
			"rotation": {"angle": -22.5, "axis": "z", "origin": [2.25, 7.75, 8]},
			"faces": {
				"north": {"uv": [7.25, 3, 7.625, 4.125], "texture": "#0"},
				"east": {"uv": [7.25, 7, 7.625, 8.125], "texture": "#0"},
				"south": {"uv": [2.5, 7.5, 2.875, 8.625], "texture": "#0"},
				"west": {"uv": [3, 7.5, 3.375, 8.625], "texture": "#0"},
				"up": {"uv": [3.375, 9.125, 3, 8.75], "texture": "#0"},
				"down": {"uv": [9.125, 3, 8.75, 3.375], "texture": "#0"}
			}
		},
		{
			"from": [12, 6.25, 8.5],
			"to": [13.25, 10.75, 10],
			"rotation": {"angle": 22.5, "axis": "z", "origin": [14, 9.5, 8]},
			"faces": {
				"north": {"uv": [3.5, 7.5, 3.875, 8.625], "texture": "#0"},
				"east": {"uv": [4, 7.5, 4.375, 8.625], "texture": "#0"},
				"south": {"uv": [4.5, 7.5, 4.875, 8.625], "texture": "#0"},
				"west": {"uv": [7.75, 3, 8.125, 4.125], "texture": "#0"},
				"up": {"uv": [3.875, 9.125, 3.5, 8.75], "texture": "#0"},
				"down": {"uv": [9.125, 3.5, 8.75, 3.875], "texture": "#0"}
			}
		},
		{
			"from": [1.75, 5, 8.25],
			"to": [3.35, 6.5, 10.25],
			"rotation": {"angle": -22.5, "axis": "z", "origin": [1.75, 5, 8.5]},
			"faces": {
				"north": {"uv": [4, 8.75, 4.375, 9.125], "texture": "#0"},
				"east": {"uv": [8.5, 2, 9, 2.375], "texture": "#0"},
				"south": {"uv": [8.75, 4.25, 9.125, 4.625], "texture": "#0"},
				"west": {"uv": [8.5, 2.5, 9, 2.875], "texture": "#0"},
				"up": {"uv": [8.875, 6, 8.5, 5.5], "texture": "#0"},
				"down": {"uv": [8.875, 6.75, 8.5, 7.25], "texture": "#0"}
			}
		},
		{
			"from": [13.5, 5, 8.25],
			"to": [15.1, 6.5, 10.25],
			"rotation": {"angle": 22.5, "axis": "z", "origin": [13.5, 5, 8.5]},
			"faces": {
				"north": {"uv": [4.5, 8.75, 4.875, 9.125], "texture": "#0"},
				"east": {"uv": [8.5, 7.25, 9, 7.625], "texture": "#0"},
				"south": {"uv": [5, 8.75, 5.375, 9.125], "texture": "#0"},
				"west": {"uv": [7.5, 8.5, 8, 8.875], "texture": "#0"},
				"up": {"uv": [8.875, 8.25, 8.5, 7.75], "texture": "#0"},
				"down": {"uv": [8.375, 8.5, 8, 9], "texture": "#0"}
			}
		},
		{
			"from": [5.5, 5, 6.25],
			"to": [11.5, 10.5, 7],
			"rotation": {"angle": 0, "axis": "y", "origin": [7.75, 5.5, 5]},
			"faces": {
				"north": {"uv": [0, 5.25, 1.5, 6.625], "texture": "#0"},
				"east": {"uv": [6.25, 8, 6.5, 9.375], "texture": "#0"},
				"south": {"uv": [5.75, 0, 7.25, 1.375], "texture": "#0"},
				"west": {"uv": [0, 8.25, 0.25, 9.625], "texture": "#0"},
				"up": {"uv": [9.5, 5.25, 8, 5], "texture": "#0"},
				"down": {"uv": [9.5, 5.25, 8, 5.5], "texture": "#0"}
			}
		},
		{
			"from": [7.5, 11.25, 8],
			"to": [9.5, 13.25, 10],
			"rotation": {"angle": 0, "axis": "y", "origin": [7.5, 11.25, 8]},
			"faces": {
				"north": {"uv": [6.5, 8.25, 7, 8.75], "texture": "#0"},
				"east": {"uv": [7, 8.25, 7.5, 8.75], "texture": "#0"},
				"south": {"uv": [8.5, 0, 9, 0.5], "texture": "#0"},
				"west": {"uv": [8.5, 0.5, 9, 1], "texture": "#0"},
				"up": {"uv": [9, 1.5, 8.5, 1], "texture": "#0"},
				"down": {"uv": [9, 1.5, 8.5, 2], "texture": "#0"}
			}
		},
		{
			"from": [5, 11.9, 7],
			"to": [12, 18.15, 12.75],
			"rotation": {"angle": 0, "axis": "y", "origin": [7.75, 12.65, 8]},
			"faces": {
				"north": {"uv": [2.25, 0, 4, 1.625], "texture": "#0"},
				"east": {"uv": [3.5, 5, 5, 6.625], "texture": "#0"},
				"south": {"uv": [2.25, 1.75, 4, 3.375], "texture": "#0"},
				"west": {"uv": [5, 5, 6.5, 6.625], "texture": "#0"},
				"up": {"uv": [5.75, 1.5, 4, 0], "texture": "#0"},
				"down": {"uv": [5.75, 1.5, 4, 3], "texture": "#0"}
			}
		},
		{
			"from": [5.5, 12.15, 4],
			"to": [11.5, 17.65, 8.25],
			"rotation": {"angle": 0, "axis": "y", "origin": [7.75, 12.65, 2.5]},
			"faces": {
				"north": {"uv": [5.75, 1.5, 7.25, 2.875], "texture": "#0"},
				"east": {"uv": [0, 6.75, 1.125, 8.125], "texture": "#0"},
				"south": {"uv": [5.75, 3, 7.25, 4.375], "texture": "#0"},
				"west": {"uv": [1.25, 6.75, 2.375, 8.125], "texture": "#0"},
				"up": {"uv": [8, 5.625, 6.5, 4.5], "texture": "#0"},
				"down": {"uv": [8, 5.75, 6.5, 6.875], "texture": "#0"}
			}
		},
		{
			"from": [6, 17.9, 8],
			"to": [11, 20.65, 10],
			"rotation": {"angle": 0, "axis": "y", "origin": [5.75, 17.9, 8]},
			"faces": {
				"north": {"uv": [2.5, 6.75, 3.75, 7.5], "texture": "#0"},
				"east": {"uv": [8, 5.5, 8.5, 6.25], "texture": "#0"},
				"south": {"uv": [3.75, 6.75, 5, 7.5], "texture": "#0"},
				"west": {"uv": [5.75, 8, 6.25, 8.75], "texture": "#0"},
				"up": {"uv": [8.5, 2.5, 7.25, 2], "texture": "#0"},
				"down": {"uv": [8.5, 2.5, 7.25, 3], "texture": "#0"}
			}
		}
	],
	"display": {
		"thirdperson_righthand": {
			"rotation": [74, 39, 0],
			"translation": [-1.5, -0.75, 0.75],
			"scale": [0.57, 0.58, 0.57]
		},
		"thirdperson_lefthand": {
			"rotation": [74, 39, 0],
			"translation": [-1.5, -0.75, 0.75],
			"scale": [0.57, 0.58, 0.57]
		},
		"firstperson_righthand": {
			"rotation": [0, 103, 0],
			"translation": [3, 0, 0],
			"scale": [0.64, 0.63, 0.64]
		},
		"firstperson_lefthand": {
			"rotation": [0, 103, 0],
			"translation": [3, 0, 0],
			"scale": [0.64, 0.63, 0.64]
		},
		"ground": {
			"translation": [0, 4, 0]
		},
		"gui": {
			"rotation": [0, -145, 0],
			"translation": [0.25, -1.5, 0],
			"scale": [0.69, 0.7, 0.69]
		},
		"head": {
			"translation": [-0.75, 14.25, 0]
		},
		"fixed": {
			"rotation": [-90, 0, 0],
			"translation": [-2, 0, -32],
			"scale": [4, 4, 4]
		}
	}
}