{
  "providers": [
    {
      "type": "bitmap",
      "file": "minecraft:emojis/7768-crown.png",
      "ascent": 7,
      "height": 8,
      "chars": [
        ""
      ]
    },
    {
      "type": "bitmap",
      "file": "minecraft:emojis/7438-peepohappy.png",
      "ascent": 7,
      "height": 8,
      "chars": [
        ""
      ]
    },
    {
      "type": "bitmap",
      "file": "minecraft:emojis/9012-nerd.png",
      "ascent": 7,
      "height": 8,
      "chars": [
        ""
      ]
    },
    {
      "type": "bitmap",
      "file": "minecraft:emojis/9579-madge.png",
      "ascent": 7,
      "height": 8,
      "chars": [
        ""
      ]
    },
    {
      "type": "bitmap",
      "file": "minecraft:emojis/1344-sadge.png",
      "ascent": 7,
      "height": 8,
      "chars": [
        ""
      ]
    },
    {
      "type": "bitmap",
      "file": "minecraft:emojis/1x.png",
      "ascent": 7,
      "height": 8,
      "chars": [
        ""
      ]
    },
    {
      "type": "bitmap",
      "file": "minecraft:emojis/7438-peepohappy.png",
      "ascent": 7,
      "height": 8,
      "chars": [
        ""
      ]
    },
    {
      "type": "bitmap",
      "file": "minecraft:emojis/ezgif-1-d85c28699b.png",
      "ascent": 7,
      "height": 8,
      "chars": [
        ""
      ]
    },
    {
      "type": "bitmap",
      "file": "minecraft:emojis/o7.png",
      "ascent": 7,
      "height": 8,
      "chars": [
        ""
      ]
    },
    {
      "type": "bitmap",
      "file": "minecraft:emojis/bedge.png",
      "ascent": 7,
      "height": 8,
      "chars": [
        ""
      ]
    },
    {
      "type": "bitmap",
      "file": "minecraft:emojis/fr.png",
      "ascent": 7,
      "height": 8,
      "chars": [
        ""
      ]
    },
    {
      "type": "bitmap",
      "file": "minecraft:emojis/gumo.png",
      "ascent": 7,
      "height": 8,
      "chars": [
        ""
      ]
    },
    {
      "type": "bitmap",
      "file": "minecraft:emojis/heyy.png",
      "ascent": 7,
      "height": 8,
      "chars": [
        ""
      ]
    },
    {
      "type": "bitmap",
      "file": "minecraft:emojis/schere.png",
      "ascent": 7,
      "height": 8,
      "chars": [
        ""
      ]
    },
    {
      "type": "bitmap",
      "file": "minecraft:emojis/leon.png",
      "ascent": 7,
      "height": 8,
      "chars": [
        ""
      ]
    },
    {
      "type": "bitmap",
      "file": "minecraft:emojis/youtube.png",
      "ascent": 7,
      "height": 8,
      "chars": [
        ""
      ]
    },
    {
      "type": "bitmap",
      "file": "minecraft:emojis/stamm.png",
      "ascent": 7,
      "height": 8,
      "chars": [
        ""
      ]
    },
    {
      "type": "bitmap",
      "file": "minecraft:emojis/admin.png",
      "ascent": 7,
      "height": 8,
      "chars": [
        ""
      ]
    },
    {
      "type": "bitmap",
      "file": "minecraft:emojis/mod.png",
      "ascent": 7,
      "height": 8,
      "chars": [
        ""
      ]
    },
    {
      "type": "bitmap",
      "file": "minecraft:emojis/vip.png",
      "ascent": 7,
      "height": 8,
      "chars": [
        ""
      ]
    },
    {
      "type": "bitmap",
      "file": "minecraft:emojis/thumbs.png",
      "ascent": 7,
      "height": 8,
      "chars": [
        ""
      ]
    },
    {
      "type": "bitmap",
      "file": "minecraft:emojis/og.png",
      "ascent": 7,
      "height": 8,
      "chars": [
        ""
      ]
    },
    {
      "type": "bitmap",
      "file": "minecraft:emojis/noob.png",
      "ascent": 7,
      "height": 8,
      "chars": [
        ""
      ]
    },
    {
      "type": "bitmap",
      "file": "minecraft:emojis/sklave.png",
      "ascent": 7,
      "height": 8,
      "chars": [
        ""
      ]
    },
    {
      "type": "bitmap",
      "file": "minecraft:emojis/tischler.png",
      "ascent": 7,
      "height": 8,
      "chars": [
        ""
      ]
    },
  {
      "type": "bitmap",
      "file": "minecraft:emojis/cow.png",
      "ascent": 7,
      "height": 8,
      "chars": [
        ""
      ]
    },
    {
      "type": "bitmap",
      "file": "minecraft:emojis/srmod.png",
      "ascent": 7,
      "height": 8,
      "chars": [
        ""
      ]
    },
    {
      "type": "bitmap",
      "file": "minecraft:emojis/kaktus.png",
      "ascent": 7,
      "height": 8,
      "chars": [
        ""
      ]
    }
  ]
}