{
	"credit": "Made with Blockbench",
	"textures": {
		"0": "custom/bbm/spin_1",
		"1": "custom/bbm/spin_2",
		"2": "custom/bbm/spin_3",
		"3": "custom/bbm/schild1",
		"4": "custom/bbm/maschiene",
		"5": "custom/bbm/maschieneV",
		"6": "custom/bbm/ores_pattern",
		"7": "custom/bbm/stamm-smp-de",
		"8": "custom/bbm/viel_Luck",
		"9": "custom/bbm/wertzumSpielen",
		"particle": "custom/bbm/spin_1"
	},
	"elements": [
		{
			"from": [1, 0, 14.25],
			"to": [2, 1.5, 15.25],
			"rotation": {"angle": -45, "axis": "y", "origin": [1, 0, 14.25]},
			"faces": {
				"north": {"uv": [0, 0, 14, 1], "texture": "#4"},
				"east": {"uv": [0, 0, 1, 1.5], "texture": "#missing"},
				"south": {"uv": [5.25, 11, 11.5, 13.25], "texture": "#4"},
				"west": {"uv": [0, 0, 1, 1.5], "texture": "#missing"},
				"up": {"uv": [5.25, 11, 11.5, 13.25], "texture": "#4"},
				"down": {"uv": [0, 0, 14, 1], "texture": "#4"}
			}
		},
		{
			"from": [1, 0, 0],
			"to": [15, 1.5, 1],
			"rotation": {"angle": 0, "axis": "y", "origin": [12.25, 0, 0]},
			"faces": {
				"north": {"uv": [5.25, 11, 11.5, 13.25], "texture": "#4"},
				"east": {"uv": [0, 0, 1, 1.5], "texture": "#4"},
				"south": {"uv": [0, 0, 14, 1], "texture": "#4"},
				"west": {"uv": [0, 0, 1, 1.5], "texture": "#4"},
				"up": {"uv": [0, 0, 14, 1], "texture": "#4"},
				"down": {"uv": [0, 0, 14, 1], "texture": "#4"}
			}
		},
		{
			"from": [0.29289, 0, 0.70711],
			"to": [1.29289, 1.5, 14.95711],
			"rotation": {"angle": 0, "axis": "y", "origin": [0.29289, 0, 2.45711]},
			"faces": {
				"north": {"uv": [5.25, 11, 11.5, 13.25], "texture": "#4"},
				"east": {"uv": [5.25, 11, 11.5, 13.25], "texture": "#4"},
				"south": {"uv": [5.25, 11, 11.5, 13.25], "texture": "#4"},
				"west": {"uv": [5.25, 11, 11.5, 13.25], "texture": "#4"},
				"up": {"uv": [5.25, 11, 11.5, 13.25], "texture": "#4"},
				"down": {"uv": [5.25, 11, 11.5, 13.25], "texture": "#4"}
			}
		},
		{
			"from": [0.29289, 0, 0.70711],
			"to": [1.29289, 1.5, 1.70711],
			"rotation": {"angle": 45, "axis": "y", "origin": [0.29289, 0, 0.70711]},
			"faces": {
				"north": {"uv": [5.25, 11, 11.5, 13.25], "texture": "#4"},
				"east": {"uv": [0, 0, 1, 1.5], "texture": "#missing"},
				"south": {"uv": [0, 0, 14, 1], "texture": "#4"},
				"west": {"uv": [0, 0, 1, 1.5], "texture": "#missing"},
				"up": {"uv": [5.25, 11, 11.5, 13.25], "texture": "#4"},
				"down": {"uv": [0, 0, 14, 1], "texture": "#4"}
			}
		},
		{
			"from": [14.70711, 0, 0.70711],
			"to": [15.70711, 1.5, 14.95711],
			"rotation": {"angle": 0, "axis": "y", "origin": [14.70711, 0, 2.45711]},
			"faces": {
				"north": {"uv": [0, 0, 1, 1.5], "texture": "#missing"},
				"east": {"uv": [5.25, 11, 11.5, 13.25], "texture": "#4"},
				"south": {"uv": [0, 0, 1, 1.5], "texture": "#missing"},
				"west": {"uv": [0, 0, 14, 1], "texture": "#4"},
				"up": {"uv": [5.25, 11, 11.5, 13.25], "texture": "#4"},
				"down": {"uv": [0, 0, 14, 1], "texture": "#4"}
			}
		},
		{
			"from": [1, 0, 14.66421],
			"to": [15, 1.5, 15.66421],
			"rotation": {"angle": 0, "axis": "y", "origin": [12.25, 0, 14.66421]},
			"faces": {
				"north": {"uv": [0, 0, 14, 1], "texture": "#4"},
				"east": {"uv": [0, 0, 1, 1.5], "texture": "#missing"},
				"south": {"uv": [5.25, 11, 11.5, 13.25], "texture": "#4"},
				"west": {"uv": [0, 0, 1, 1.5], "texture": "#missing"},
				"up": {"uv": [5.25, 11, 11.5, 13.25], "texture": "#4"},
				"down": {"uv": [0, 0, 14, 1], "texture": "#4"}
			}
		},
		{
			"from": [15, 0, 0],
			"to": [16, 1.5, 1],
			"rotation": {"angle": -45, "axis": "y", "origin": [15, 0, 0]},
			"faces": {
				"north": {"uv": [5.25, 11, 11.5, 13.25], "texture": "#4"},
				"east": {"uv": [0, 0, 1, 1.5], "texture": "#missing"},
				"south": {"uv": [0, 0, 14, 1], "texture": "#4"},
				"west": {"uv": [0, 0, 1, 1.5], "texture": "#missing"},
				"up": {"uv": [5.25, 11, 11.5, 13.25], "texture": "#4"},
				"down": {"uv": [0, 0, 14, 1], "texture": "#4"}
			}
		},
		{
			"from": [14.29289, 0, 14.95711],
			"to": [15.29289, 1.5, 15.95711],
			"rotation": {"angle": 45, "axis": "y", "origin": [14.29289, 0, 14.95711]},
			"faces": {
				"north": {"uv": [0, 0, 14, 1], "texture": "#4"},
				"east": {"uv": [0, 0, 1, 1.5], "texture": "#missing"},
				"south": {"uv": [5.25, 11, 11.5, 13.25], "texture": "#4"},
				"west": {"uv": [0, 0, 1, 1.5], "texture": "#missing"},
				"up": {"uv": [5.25, 11, 11.5, 13.25], "texture": "#4"},
				"down": {"uv": [0, 0, 14, 1], "texture": "#4"}
			}
		},
		{
			"from": [14.25, 1.5, 0.5],
			"to": [15.25, 13, 1.5],
			"rotation": {"angle": 0, "axis": "y", "origin": [14.25, 1.5, 0.5]},
			"faces": {
				"north": {"uv": [14, 9.25, 14.5, 11.25], "texture": "#3"},
				"east": {"uv": [14, 9.25, 14.5, 11.25], "texture": "#3"},
				"south": {"uv": [14, 9.25, 14.5, 11.25], "texture": "#3"},
				"west": {"uv": [14, 9.25, 14.5, 11.25], "texture": "#3"},
				"up": {"uv": [0, 0, 1, 1], "texture": "#3"},
				"down": {"uv": [1, 2.75, 2.5, 4.75], "texture": "#5"}
			}
		},
		{
			"from": [14.25, 1.5, 14.25],
			"to": [15.25, 30.5, 15.25],
			"rotation": {"angle": 0, "axis": "y", "origin": [14.25, 1.5, 14.25]},
			"faces": {
				"north": {"uv": [14, 9.25, 14.5, 11.25], "texture": "#3"},
				"east": {"uv": [14, 9.25, 14.5, 11.25], "texture": "#3"},
				"south": {"uv": [14, 9.25, 14.5, 11.25], "texture": "#3"},
				"west": {"uv": [14, 9.25, 14.5, 11.25], "texture": "#3"},
				"up": {"uv": [0, 0, 1, 1], "texture": "#missing"},
				"down": {"uv": [1, 2.75, 2.5, 4.75], "texture": "#5"}
			}
		},
		{
			"from": [14.25, 1.5, 1.5],
			"to": [15, 13, 14.25],
			"rotation": {"angle": 0, "axis": "y", "origin": [14.25, 1.5, 13.25]},
			"faces": {
				"north": {"uv": [0, 0, 0.75, 11.5], "texture": "#missing"},
				"east": {"uv": [0, 0, 16, 16], "texture": "#4"},
				"south": {"uv": [0, 0, 0.75, 11.5], "texture": "#missing"},
				"west": {"uv": [1, 2.75, 2.5, 4.75], "texture": "#5"},
				"up": {"uv": [0, 0, 0.75, 12.75], "texture": "#missing"},
				"down": {"uv": [1, 2.75, 2.5, 4.75], "texture": "#5"}
			}
		},
		{
			"from": [1, 1.5, 1.5],
			"to": [1.75, 13, 14.25],
			"rotation": {"angle": 0, "axis": "y", "origin": [1, 1.5, 13.25]},
			"faces": {
				"north": {"uv": [0, 0, 0.75, 11.5], "texture": "#missing"},
				"east": {"uv": [1, 2.75, 2.5, 4.75], "texture": "#5"},
				"south": {"uv": [0, 0, 0.75, 11.5], "texture": "#missing"},
				"west": {"uv": [0, 0, 16, 16], "texture": "#4"},
				"up": {"uv": [0, 0, 0.75, 12.75], "texture": "#missing"},
				"down": {"uv": [1, 2.75, 2.5, 4.75], "texture": "#5"}
			}
		},
		{
			"from": [1.75, 1.5, 14.25],
			"to": [14.25, 16.5, 15],
			"rotation": {"angle": 0, "axis": "y", "origin": [2.75, 1.5, 14.25]},
			"faces": {
				"north": {"uv": [1, 2.75, 2.5, 4.75], "texture": "#5"},
				"east": {"uv": [0, 0, 0.75, 15], "texture": "#missing"},
				"south": {"uv": [0, 0, 16, 16], "texture": "#4"},
				"west": {"uv": [0, 0, 0.75, 15], "texture": "#missing"},
				"up": {"uv": [5.25, 11, 11.5, 13.25], "texture": "#4"},
				"down": {"uv": [1, 2.75, 2.5, 4.75], "texture": "#5"}
			}
		},
		{
			"from": [1.75, 1.5, 0.75],
			"to": [14.25, 13, 1.5],
			"rotation": {"angle": 0, "axis": "y", "origin": [2.75, 1.5, 0.75]},
			"faces": {
				"north": {"uv": [0, 0, 16, 16], "texture": "#5"},
				"east": {"uv": [0, 0, 0.75, 11.5], "texture": "#missing"},
				"south": {"uv": [1, 2.75, 2.5, 4.75], "texture": "#5"},
				"west": {"uv": [0, 0, 0.75, 11.5], "texture": "#missing"},
				"up": {"uv": [0, 0, 0.75, 12.5], "rotation": 90, "texture": "#missing"},
				"down": {"uv": [1, 2.75, 2.5, 4.75], "texture": "#5"}
			}
		},
		{
			"from": [11, 13, 0.49],
			"to": [14, 16, 1.24],
			"rotation": {"angle": 0, "axis": "y", "origin": [2.5, 13, 0.5]},
			"faces": {
				"north": {"uv": [0, 0, 4, 16], "texture": "#6"},
				"east": {"uv": [0, 0, 4, 1], "texture": "#6"},
				"south": {"uv": [0, 0, 4, 1], "texture": "#6"},
				"west": {"uv": [0, 0, 4, 1], "texture": "#6"},
				"up": {"uv": [0, 0, 4, 1], "texture": "#6"},
				"down": {"uv": [0, 0, 4, 1], "texture": "#6"}
			}
		},
		{
			"from": [8.25, 13, 0.48],
			"to": [11.25, 16, 1.23],
			"rotation": {"angle": 0, "axis": "y", "origin": [-0.75, 13, 0.25]},
			"faces": {
				"north": {"uv": [4, 0, 8, 16], "texture": "#6"},
				"east": {"uv": [0, 0, 4, 1], "texture": "#6"},
				"south": {"uv": [0, 0, 4, 1], "texture": "#6"},
				"west": {"uv": [0, 0, 4, 1], "texture": "#6"},
				"up": {"uv": [0, 0, 4, 1], "texture": "#6"},
				"down": {"uv": [0, 0, 4, 1], "texture": "#6"}
			}
		},
		{
			"from": [5, 13, 0.49],
			"to": [8, 16, 1.24],
			"rotation": {"angle": 0, "axis": "y", "origin": [-4, 13, 0.5]},
			"faces": {
				"north": {"uv": [8, 0, 12, 16], "texture": "#6"},
				"east": {"uv": [0, 0, 4, 1], "texture": "#6"},
				"south": {"uv": [0, 0, 4, 1], "texture": "#6"},
				"west": {"uv": [0, 0, 4, 1], "texture": "#6"},
				"up": {"uv": [0, 0, 4, 1], "texture": "#6"},
				"down": {"uv": [0, 0, 4, 1], "texture": "#6"}
			}
		},
		{
			"from": [1.75, 12.75, 0.49],
			"to": [4.75, 16, 1.24],
			"rotation": {"angle": 0, "axis": "y", "origin": [-7.25, 12.75, 0.5]},
			"faces": {
				"north": {"uv": [12, 0, 16, 16], "texture": "#6"},
				"east": {"uv": [0, 0, 4, 1], "texture": "#6"},
				"south": {"uv": [0, 0, 4, 1], "texture": "#6"},
				"west": {"uv": [0, 0, 4, 1], "texture": "#6"},
				"up": {"uv": [0, 0, 4, 1], "texture": "#6"},
				"down": {"uv": [0, 0, 4, 1], "texture": "#6"}
			}
		},
		{
			"from": [4.75, 11.25, 0],
			"to": [11.25, 11.75, 0.75],
			"rotation": {"angle": 0, "axis": "y", "origin": [2.75, 5.25, 0]},
			"faces": {
				"north": {"uv": [5.25, 11, 11.5, 13.25], "texture": "#4"},
				"east": {"uv": [5.25, 11, 11.5, 13.25], "texture": "#4"},
				"south": {"uv": [5.25, 11, 11.5, 13.25], "texture": "#4"},
				"west": {"uv": [5.25, 11, 11.5, 13.25], "texture": "#4"},
				"up": {"uv": [5.25, 11, 11.5, 13.25], "texture": "#4"},
				"down": {"uv": [5.25, 11, 11.5, 13.25], "texture": "#4"}
			}
		},
		{
			"from": [4.75, 10, 0],
			"to": [11.25, 10.5, 0.75],
			"rotation": {"angle": 0, "axis": "y", "origin": [2.75, 4, 0]},
			"faces": {
				"north": {"uv": [5.25, 11, 11.5, 13.25], "texture": "#4"},
				"east": {"uv": [5.25, 11, 11.5, 13.25], "texture": "#4"},
				"south": {"uv": [5.25, 11, 11.5, 13.25], "texture": "#4"},
				"west": {"uv": [5.25, 11, 11.5, 13.25], "texture": "#4"},
				"up": {"uv": [5.25, 11, 11.5, 13.25], "texture": "#4"},
				"down": {"uv": [5.25, 11, 11.5, 13.25], "texture": "#4"}
			}
		},
		{
			"from": [4.75, 10.5, 0],
			"to": [5.25, 11.25, 0.75],
			"rotation": {"angle": 0, "axis": "y", "origin": [-3.25, 4.75, 0]},
			"faces": {
				"north": {"uv": [5.25, 11, 11.5, 13.25], "texture": "#4"},
				"east": {"uv": [5.25, 11, 11.5, 13.25], "texture": "#4"},
				"south": {"uv": [5.25, 11, 11.5, 13.25], "texture": "#4"},
				"west": {"uv": [5.25, 11, 11.5, 13.25], "texture": "#4"},
				"up": {"uv": [5.25, 11, 11.5, 13.25], "texture": "#4"},
				"down": {"uv": [5.25, 11, 11.5, 13.25], "texture": "#4"}
			}
		},
		{
			"from": [10.75, 10.5, 0],
			"to": [11.25, 11.25, 0.75],
			"rotation": {"angle": 0, "axis": "y", "origin": [2.75, 4.75, 0]},
			"faces": {
				"north": {"uv": [5.25, 11, 11.5, 13.25], "texture": "#4"},
				"east": {"uv": [5.25, 11, 11.5, 13.25], "texture": "#4"},
				"south": {"uv": [5.25, 11, 11.5, 13.25], "texture": "#4"},
				"west": {"uv": [5.25, 11, 11.5, 13.25], "texture": "#4"},
				"up": {"uv": [5.25, 11, 11.5, 13.25], "texture": "#4"},
				"down": {"uv": [5.25, 11, 11.5, 13.25], "texture": "#4"}
			}
		},
		{
			"from": [0.75, 1.5, 14.25],
			"to": [1.75, 30.5, 15.25],
			"rotation": {"angle": 0, "axis": "y", "origin": [0.75, 1.5, 14.25]},
			"faces": {
				"north": {"uv": [14, 9.25, 14.5, 11.25], "texture": "#3"},
				"east": {"uv": [14, 9.25, 14.5, 11.25], "texture": "#3"},
				"south": {"uv": [14, 9.25, 14.5, 11.25], "texture": "#3"},
				"west": {"uv": [14, 9.25, 14.5, 11.25], "texture": "#3"},
				"up": {"uv": [0, 0, 1, 1], "texture": "#missing"},
				"down": {"uv": [1, 2.75, 2.5, 4.75], "texture": "#5"}
			}
		},
		{
			"from": [0.75, 30.5, 7.25],
			"to": [15.25, 32, 15.25],
			"rotation": {"angle": 0, "axis": "y", "origin": [0.75, 1.5, 14.25]},
			"faces": {
				"north": {"uv": [0, 0, 14.5, 1.5], "texture": "#missing"},
				"east": {"uv": [11.75, 9.75, 14.75, 10.5], "texture": "#3"},
				"south": {"uv": [12.5, 10.25, 13.5, 8.25], "rotation": 90, "texture": "#3"},
				"west": {"uv": [11.75, 9.75, 14.75, 10.5], "texture": "#3"},
				"up": {"uv": [0.75, 12.75, 15.75, 15], "texture": "#3"},
				"down": {"uv": [12.25, 9, 13.25, 10], "texture": "#3"}
			}
		},
		{
			"from": [0.75, 29.25, 5.75],
			"to": [15.25, 32, 7.25],
			"rotation": {"angle": 0, "axis": "y", "origin": [0.75, 1.5, 5.75]},
			"faces": {
				"north": {"uv": [0, 0, 16, 3.75], "texture": "#3"},
				"east": {"uv": [0.75, 8.25, 2.5, 11.5], "texture": "#3"},
				"south": {"uv": [0, 0, 14.5, 3.75], "texture": "#3"},
				"west": {"uv": [0.75, 8.25, 2.5, 11.5], "texture": "#3"},
				"up": {"uv": [0.5, 12, 16, 12.75], "texture": "#3"},
				"down": {"uv": [0.25, 4, 15.75, 7.75], "texture": "#3"}
			}
		},
		{
			"from": [1, 29, 10],
			"to": [15, 30.5, 14.25],
			"rotation": {"angle": 0, "axis": "y", "origin": [0.75, 0, 14.25]},
			"faces": {
				"north": {"uv": [0, 0, 14.25, 1.5], "texture": "#missing"},
				"east": {"uv": [6.5, 5, 11.75, 6.5], "texture": "#3"},
				"south": {"uv": [12.25, 9, 13.25, 10], "texture": "#3"},
				"west": {"uv": [9, 6.75, 10, 4.75], "rotation": 90, "texture": "#3"},
				"up": {"uv": [0, 0, 14.25, 5.25], "texture": "#missing"},
				"down": {"uv": [0, 0, 14.25, 5.25], "texture": "#missing"}
			}
		},
		{
			"from": [1, 28.79094, -4.47633],
			"to": [15, 31.54094, 3.02367],
			"rotation": {"angle": 22.5, "axis": "x", "origin": [0.75, 0.79094, 2.27367]},
			"faces": {
				"north": {"uv": [0.25, 4, 15.75, 7.75], "texture": "#3"},
				"east": {"uv": [9, 6.75, 10, 4.75], "rotation": 90, "texture": "#3"},
				"south": {"uv": [12.25, 9, 13.25, 10], "texture": "#3"},
				"west": {"uv": [3, 6.5, 4, 5.25], "rotation": 90, "texture": "#3"},
				"up": {"uv": [0, 0, 14.5, 7.75], "texture": "#missing"},
				"down": {"uv": [0.25, 4, 15.75, 7.75], "texture": "#3"}
			}
		},
		{
			"from": [0.75, 1.5, 0.5],
			"to": [1.75, 13, 1.5],
			"rotation": {"angle": 0, "axis": "y", "origin": [0.75, 1.5, 0.5]},
			"faces": {
				"north": {"uv": [14, 9.25, 14.5, 11.25], "texture": "#3"},
				"east": {"uv": [14, 9.25, 14.5, 11.25], "texture": "#3"},
				"south": {"uv": [14, 9.25, 14.5, 11.25], "texture": "#3"},
				"west": {"uv": [14, 9.25, 14.5, 11.25], "texture": "#3"},
				"up": {"uv": [0, 0, 1, 1], "texture": "#missing"},
				"down": {"uv": [1, 2.75, 2.5, 4.75], "texture": "#5"}
			}
		},
		{
			"from": [0.75, 13, 0.5],
			"to": [15.25, 14.5, 14.25],
			"rotation": {"angle": 0, "axis": "y", "origin": [12.25, 13, 0.5]},
			"faces": {
				"north": {"uv": [0.25, 5, 15.5, 6.5], "texture": "#3"},
				"east": {"uv": [14, 5.5, 0.5, 6], "texture": "#3"},
				"south": {"uv": [0, 0, 14.5, 1.5], "texture": "#missing"},
				"west": {"uv": [0.5, 5.5, 14, 6], "texture": "#3"},
				"up": {"uv": [9, 6.75, 10, 4.75], "rotation": 90, "texture": "#3"},
				"down": {"uv": [1, 2.75, 2.5, 4.75], "texture": "#5"}
			}
		},
		{
			"from": [0.75, 1.5, 0.25],
			"to": [1, 14.5, 0.5],
			"rotation": {"angle": 0, "axis": "y", "origin": [12.25, 13, 0.25]},
			"faces": {
				"north": {"uv": [13.5, 10.25, 14.5, 11.25], "texture": "#3"},
				"east": {"uv": [14, 9.25, 14.5, 11.25], "texture": "#3"},
				"south": {"uv": [14, 9.25, 14.5, 11.25], "texture": "#3"},
				"west": {"uv": [14, 9.25, 14.5, 11.25], "texture": "#3"},
				"up": {"uv": [14, 9.25, 14.5, 11.25], "texture": "#3"},
				"down": {"uv": [14, 9.25, 14.5, 11.25], "texture": "#3"}
			}
		},
		{
			"from": [15, 17.2705, 3.2705],
			"to": [15.25, 17.5205, 14.2705],
			"rotation": {"angle": 0, "axis": "y", "origin": [26.5, 17.5205, 3.0205]},
			"faces": {
				"north": {"uv": [14, 9.25, 14.5, 11.25], "rotation": 180, "texture": "#3"},
				"east": {"uv": [14, 9.25, 14.5, 11.25], "rotation": 270, "texture": "#3"},
				"south": {"uv": [14, 9.25, 14.5, 11.25], "texture": "#3"},
				"west": {"uv": [14, 9.25, 14.5, 11.25], "rotation": 90, "texture": "#3"},
				"up": {"uv": [13.5, 10.25, 14.5, 11.25], "rotation": 180, "texture": "#3"},
				"down": {"uv": [14, 9.25, 14.5, 11.25], "texture": "#3"}
			}
		},
		{
			"from": [15, 16.69648, 1.88469],
			"to": [15.25, 16.94648, 3.38469],
			"rotation": {"angle": -22.5, "axis": "x", "origin": [26.5, 16.94648, 1.88469]},
			"faces": {
				"north": {"uv": [14, 9.25, 14.5, 11.25], "rotation": 180, "texture": "#3"},
				"east": {"uv": [14, 9.25, 14.5, 11.25], "rotation": 270, "texture": "#3"},
				"south": {"uv": [14, 9.25, 14.5, 11.25], "texture": "#3"},
				"west": {"uv": [14, 9.25, 14.5, 11.25], "rotation": 90, "texture": "#3"},
				"up": {"uv": [13.5, 10.25, 14.5, 11.25], "rotation": 180, "texture": "#3"},
				"down": {"uv": [14, 9.25, 14.5, 11.25], "texture": "#3"}
			}
		},
		{
			"from": [15, 15.88582, 0.82403],
			"to": [15.25, 17.38582, 1.07403],
			"rotation": {"angle": 45, "axis": "x", "origin": [26.5, 15.88582, 0.82403]},
			"faces": {
				"north": {"uv": [13.5, 10.25, 14.5, 11.25], "texture": "#3"},
				"east": {"uv": [14, 9.25, 14.5, 11.25], "texture": "#3"},
				"south": {"uv": [14, 9.25, 14.5, 11.25], "texture": "#3"},
				"west": {"uv": [14, 9.25, 14.5, 11.25], "texture": "#3"},
				"up": {"uv": [14, 9.25, 14.5, 11.25], "texture": "#3"},
				"down": {"uv": [14, 9.25, 14.5, 11.25], "texture": "#3"}
			}
		},
		{
			"from": [15, 14.5, 0.25],
			"to": [15.25, 16, 0.5],
			"rotation": {"angle": 22.5, "axis": "x", "origin": [26.5, 14.5, 0.25]},
			"faces": {
				"north": {"uv": [13.5, 10.25, 14.5, 11.25], "texture": "#3"},
				"east": {"uv": [14, 9.25, 14.5, 11.25], "texture": "#3"},
				"south": {"uv": [14, 9.25, 14.5, 11.25], "texture": "#3"},
				"west": {"uv": [14, 9.25, 14.5, 11.25], "texture": "#3"},
				"up": {"uv": [14, 9.25, 14.5, 11.25], "texture": "#3"},
				"down": {"uv": [14, 9.25, 14.5, 11.25], "texture": "#3"}
			}
		},
		{
			"from": [15, 1.5, 0.25],
			"to": [15.25, 14.5, 0.5],
			"rotation": {"angle": 0, "axis": "y", "origin": [26.5, 13, 0.25]},
			"faces": {
				"north": {"uv": [13.5, 10.25, 14.5, 11.25], "texture": "#3"},
				"east": {"uv": [14, 9.25, 14.5, 11.25], "texture": "#3"},
				"south": {"uv": [14, 9.25, 14.5, 11.25], "texture": "#3"},
				"west": {"uv": [14, 9.25, 14.5, 11.25], "texture": "#3"},
				"up": {"uv": [14, 9.25, 14.5, 11.25], "texture": "#3"},
				"down": {"uv": [14, 9.25, 14.5, 11.25], "texture": "#3"}
			}
		},
		{
			"from": [0.5, 14.5, 0.5],
			"to": [0.75, 16, 0.75],
			"rotation": {"angle": 22.5, "axis": "x", "origin": [12, 14.5, 0.5]},
			"faces": {
				"north": {"uv": [13.5, 10.25, 14.5, 11.25], "texture": "#3"},
				"east": {"uv": [14, 9.25, 14.5, 11.25], "texture": "#3"},
				"south": {"uv": [14, 9.25, 14.5, 11.25], "texture": "#3"},
				"west": {"uv": [14, 9.25, 14.5, 11.25], "texture": "#3"},
				"up": {"uv": [14, 9.25, 14.5, 11.25], "texture": "#3"},
				"down": {"uv": [14, 9.25, 14.5, 11.25], "texture": "#3"}
			}
		},
		{
			"from": [0.75, 14.5, 0.25],
			"to": [1, 16, 0.5],
			"rotation": {"angle": 22.5, "axis": "x", "origin": [12.25, 14.5, 0.25]},
			"faces": {
				"north": {"uv": [13.5, 10.25, 14.5, 11.25], "texture": "#3"},
				"east": {"uv": [14, 9.25, 14.5, 11.25], "texture": "#3"},
				"south": {"uv": [14, 9.25, 14.5, 11.25], "texture": "#3"},
				"west": {"uv": [14, 9.25, 14.5, 11.25], "texture": "#3"},
				"up": {"uv": [14, 9.25, 14.5, 11.25], "texture": "#3"},
				"down": {"uv": [14, 9.25, 14.5, 11.25], "texture": "#3"}
			}
		},
		{
			"from": [0.75, 15.88582, 0.82403],
			"to": [1, 17.38582, 1.07403],
			"rotation": {"angle": 45, "axis": "x", "origin": [12.25, 15.88582, 0.82403]},
			"faces": {
				"north": {"uv": [13.5, 10.25, 14.5, 11.25], "texture": "#3"},
				"east": {"uv": [14, 9.25, 14.5, 11.25], "texture": "#3"},
				"south": {"uv": [14, 9.25, 14.5, 11.25], "texture": "#3"},
				"west": {"uv": [14, 9.25, 14.5, 11.25], "texture": "#3"},
				"up": {"uv": [14, 9.25, 14.5, 11.25], "texture": "#3"},
				"down": {"uv": [14, 9.25, 14.5, 11.25], "texture": "#3"}
			}
		},
		{
			"from": [0.5, 15.88582, 1.07403],
			"to": [0.75, 17.38582, 1.32403],
			"rotation": {"angle": 45, "axis": "x", "origin": [12, 15.88582, 1.07403]},
			"faces": {
				"north": {"uv": [13.5, 10.25, 14.5, 11.25], "texture": "#3"},
				"east": {"uv": [14, 9.25, 14.5, 11.25], "texture": "#3"},
				"south": {"uv": [14, 9.25, 14.5, 11.25], "texture": "#3"},
				"west": {"uv": [14, 9.25, 14.5, 11.25], "texture": "#3"},
				"up": {"uv": [14, 9.25, 14.5, 11.25], "texture": "#3"},
				"down": {"uv": [14, 9.25, 14.5, 11.25], "texture": "#3"}
			}
		},
		{
			"from": [0.75, 16.69648, 1.88469],
			"to": [1, 16.94648, 3.38469],
			"rotation": {"angle": -22.5, "axis": "x", "origin": [12.25, 16.94648, 1.88469]},
			"faces": {
				"north": {"uv": [14, 9.25, 14.5, 11.25], "rotation": 180, "texture": "#3"},
				"east": {"uv": [14, 9.25, 14.5, 11.25], "rotation": 270, "texture": "#3"},
				"south": {"uv": [14, 9.25, 14.5, 11.25], "texture": "#3"},
				"west": {"uv": [14, 9.25, 14.5, 11.25], "rotation": 90, "texture": "#3"},
				"up": {"uv": [13.5, 10.25, 14.5, 11.25], "rotation": 180, "texture": "#3"},
				"down": {"uv": [14, 9.25, 14.5, 11.25], "texture": "#3"}
			}
		},
		{
			"from": [0.5, 16.69648, 2.13469],
			"to": [0.75, 16.94648, 3.63469],
			"rotation": {"angle": -22.5, "axis": "x", "origin": [12, 16.94648, 2.13469]},
			"faces": {
				"north": {"uv": [14, 9.25, 14.5, 11.25], "rotation": 180, "texture": "#3"},
				"east": {"uv": [14, 9.25, 14.5, 11.25], "rotation": 270, "texture": "#3"},
				"south": {"uv": [14, 9.25, 14.5, 11.25], "texture": "#3"},
				"west": {"uv": [14, 9.25, 14.5, 11.25], "rotation": 90, "texture": "#3"},
				"up": {"uv": [13.5, 10.25, 14.5, 11.25], "rotation": 180, "texture": "#3"},
				"down": {"uv": [14, 9.25, 14.5, 11.25], "texture": "#3"}
			}
		},
		{
			"from": [0.5, 17.2705, 3.5205],
			"to": [0.75, 17.5205, 15.2705],
			"rotation": {"angle": 0, "axis": "y", "origin": [12, 17.5205, 3.2705]},
			"faces": {
				"north": {"uv": [14, 9.25, 14.5, 11.25], "rotation": 180, "texture": "#3"},
				"east": {"uv": [14, 9.25, 14.5, 11.25], "rotation": 270, "texture": "#3"},
				"south": {"uv": [14, 9.25, 14.5, 11.25], "texture": "#3"},
				"west": {"uv": [14, 9.25, 14.5, 11.25], "rotation": 90, "texture": "#3"},
				"up": {"uv": [13.5, 10.25, 14.5, 11.25], "rotation": 180, "texture": "#3"},
				"down": {"uv": [14, 9.25, 14.5, 11.25], "texture": "#3"}
			}
		},
		{
			"from": [0.75, 17.2705, 3.2705],
			"to": [1, 17.5205, 14.2705],
			"rotation": {"angle": 0, "axis": "y", "origin": [12.25, 17.5205, 3.0205]},
			"faces": {
				"north": {"uv": [14, 9.25, 14.5, 11.25], "rotation": 180, "texture": "#3"},
				"east": {"uv": [14, 9.25, 14.5, 11.25], "rotation": 270, "texture": "#3"},
				"south": {"uv": [14, 9.25, 14.5, 11.25], "texture": "#3"},
				"west": {"uv": [14, 9.25, 14.5, 11.25], "rotation": 90, "texture": "#3"},
				"up": {"uv": [13.5, 10.25, 14.5, 11.25], "rotation": 180, "texture": "#3"},
				"down": {"uv": [14, 9.25, 14.5, 11.25], "texture": "#3"}
			}
		},
		{
			"from": [0.5, 1.5, 0.5],
			"to": [0.75, 14.5, 0.75],
			"rotation": {"angle": 0, "axis": "y", "origin": [0.5, 13, -10]},
			"faces": {
				"north": {"uv": [14, 9.25, 14.5, 11.25], "texture": "#3"},
				"east": {"uv": [14, 9.25, 14.5, 11.25], "texture": "#3"},
				"south": {"uv": [14, 9.25, 14.5, 11.25], "texture": "#3"},
				"west": {"uv": [13.5, 10.25, 14.5, 11.25], "texture": "#3"},
				"up": {"uv": [14, 9.25, 14.5, 11.25], "rotation": 270, "texture": "#3"},
				"down": {"uv": [14, 9.25, 14.5, 11.25], "rotation": 90, "texture": "#3"}
			}
		},
		{
			"from": [15.25, 17.2705, 3.5205],
			"to": [15.5, 17.5205, 15.2705],
			"rotation": {"angle": 0, "axis": "y", "origin": [26.75, 17.5205, 3.2705]},
			"faces": {
				"north": {"uv": [14, 9.25, 14.5, 11.25], "rotation": 180, "texture": "#3"},
				"east": {"uv": [14, 9.25, 14.5, 11.25], "rotation": 270, "texture": "#3"},
				"south": {"uv": [14, 9.25, 14.5, 11.25], "texture": "#3"},
				"west": {"uv": [14, 9.25, 14.5, 11.25], "rotation": 90, "texture": "#3"},
				"up": {"uv": [13.5, 10.25, 14.5, 11.25], "rotation": 180, "texture": "#3"},
				"down": {"uv": [14, 9.25, 14.5, 11.25], "texture": "#3"}
			}
		},
		{
			"from": [15.25, 16.69648, 2.13469],
			"to": [15.5, 16.94648, 3.63469],
			"rotation": {"angle": -22.5, "axis": "x", "origin": [26.75, 16.94648, 2.13469]},
			"faces": {
				"north": {"uv": [14, 9.25, 14.5, 11.25], "rotation": 180, "texture": "#3"},
				"east": {"uv": [14, 9.25, 14.5, 11.25], "rotation": 270, "texture": "#3"},
				"south": {"uv": [14, 9.25, 14.5, 11.25], "texture": "#3"},
				"west": {"uv": [14, 9.25, 14.5, 11.25], "rotation": 90, "texture": "#3"},
				"up": {"uv": [13.5, 10.25, 14.5, 11.25], "rotation": 180, "texture": "#3"},
				"down": {"uv": [14, 9.25, 14.5, 11.25], "texture": "#3"}
			}
		},
		{
			"from": [15.25, 15.88582, 1.07403],
			"to": [15.5, 17.38582, 1.32403],
			"rotation": {"angle": 45, "axis": "x", "origin": [26.75, 15.88582, 1.07403]},
			"faces": {
				"north": {"uv": [13.5, 10.25, 14.5, 11.25], "texture": "#3"},
				"east": {"uv": [14, 9.25, 14.5, 11.25], "texture": "#3"},
				"south": {"uv": [14, 9.25, 14.5, 11.25], "texture": "#3"},
				"west": {"uv": [14, 9.25, 14.5, 11.25], "texture": "#3"},
				"up": {"uv": [14, 9.25, 14.5, 11.25], "texture": "#3"},
				"down": {"uv": [14, 9.25, 14.5, 11.25], "texture": "#3"}
			}
		},
		{
			"from": [15.25, 14.5, 0.5],
			"to": [15.5, 16, 0.75],
			"rotation": {"angle": 22.5, "axis": "x", "origin": [26.75, 14.5, 0.5]},
			"faces": {
				"north": {"uv": [13.5, 10.25, 14.5, 11.25], "texture": "#3"},
				"east": {"uv": [14, 9.25, 14.5, 11.25], "texture": "#3"},
				"south": {"uv": [14, 9.25, 14.5, 11.25], "texture": "#3"},
				"west": {"uv": [14, 9.25, 14.5, 11.25], "texture": "#3"},
				"up": {"uv": [14, 9.25, 14.5, 11.25], "texture": "#3"},
				"down": {"uv": [14, 9.25, 14.5, 11.25], "texture": "#3"}
			}
		},
		{
			"from": [15.25, 1.5, 0.5],
			"to": [15.5, 14.5, 0.75],
			"rotation": {"angle": 0, "axis": "y", "origin": [15.25, 13, -10]},
			"faces": {
				"north": {"uv": [14, 9.25, 14.5, 11.25], "texture": "#3"},
				"east": {"uv": [14, 9.25, 14.5, 11.25], "texture": "#3"},
				"south": {"uv": [14, 9.25, 14.5, 11.25], "texture": "#3"},
				"west": {"uv": [13.5, 10.25, 14.5, 11.25], "texture": "#3"},
				"up": {"uv": [14, 9.25, 14.5, 11.25], "rotation": 270, "texture": "#3"},
				"down": {"uv": [14, 9.25, 14.5, 11.25], "rotation": 90, "texture": "#3"}
			}
		},
		{
			"from": [0.75, 14.5, 0.5],
			"to": [15.25, 16, 3.25],
			"rotation": {"angle": 22.5, "axis": "x", "origin": [12.25, 14.5, 0.5]},
			"faces": {
				"north": {"uv": [0.25, 5, 15.75, 6.5], "texture": "#3"},
				"east": {"uv": [9, 5.5, 0.5, 6], "texture": "#3"},
				"south": {"uv": [0, 0, 14.5, 1.5], "texture": "#missing"},
				"west": {"uv": [0.5, 5.5, 9, 6], "texture": "#3"},
				"up": {"uv": [0, 0, 14.5, 2.75], "texture": "#missing"},
				"down": {"uv": [0, 0, 14.5, 2.75], "texture": "#missing"}
			}
		},
		{
			"from": [1.25, 16.13582, 0.82403],
			"to": [11.75, 17.13582, 1.07403],
			"rotation": {"angle": 45, "axis": "x", "origin": [10, 15.88582, 1.07403]},
			"faces": {
				"north": {"uv": [0.25, 0, 16, 16], "texture": "#9"},
				"east": {"uv": [0.75, 6.25, 2.75, 8.25], "texture": "#9"},
				"south": {"uv": [0.75, 6.25, 2.75, 8.25], "texture": "#9"},
				"west": {"uv": [0.75, 6.25, 2.75, 8.25], "texture": "#9"},
				"up": {"uv": [0.75, 6.25, 2.75, 8.25], "texture": "#9"},
				"down": {"uv": [0.75, 6.25, 2.75, 8.25], "texture": "#9"}
			}
		},
		{
			"from": [0.75, 15.88582, 1.07403],
			"to": [15.25, 17.38582, 4.32403],
			"rotation": {"angle": 45, "axis": "x", "origin": [12.25, 15.88582, 1.07403]},
			"faces": {
				"north": {"uv": [0.25, 5, 15.75, 6.5], "texture": "#3"},
				"east": {"uv": [9, 5.5, 0.5, 6], "texture": "#3"},
				"south": {"uv": [0, 0, 14.5, 1.5], "texture": "#missing"},
				"west": {"uv": [0.5, 5.5, 9, 6], "texture": "#3"},
				"up": {"uv": [0, 0, 14.5, 3.25], "texture": "#missing"},
				"down": {"uv": [0, 0, 14.5, 3.25], "texture": "#missing"}
			}
		},
		{
			"from": [2.25, 15.83111, 0.30419],
			"to": [3.25, 16.08111, 0.55419],
			"rotation": {"angle": 22.5, "axis": "x", "origin": [13.25, 14.58111, 0.55419]},
			"faces": {
				"north": {"uv": [5.25, 11, 6.25, 11.25], "texture": "#4"},
				"east": {"uv": [5.25, 11, 5.5, 11.25], "texture": "#4"},
				"south": {"uv": [5.25, 11, 6.25, 11.25], "texture": "#4"},
				"west": {"uv": [5.25, 11, 5.5, 11.25], "texture": "#4"},
				"up": {"uv": [5.25, 11, 6.25, 11.25], "texture": "#4"},
				"down": {"uv": [5.25, 11, 6.25, 11.25], "texture": "#4"}
			}
		},
		{
			"from": [2.25, 16.87326, 1.95791],
			"to": [3.25, 17.12326, 2.20791],
			"rotation": {"angle": -22.5, "axis": "x", "origin": [13.25, 17.12326, 1.95791]},
			"faces": {
				"north": {"uv": [5.25, 11, 6.25, 11.25], "texture": "#4"},
				"east": {"uv": [5.25, 11, 5.5, 11.25], "texture": "#4"},
				"south": {"uv": [5.25, 11, 6.25, 11.25], "texture": "#4"},
				"west": {"uv": [5.25, 11, 5.5, 11.25], "texture": "#4"},
				"up": {"uv": [5.25, 11, 6.25, 11.25], "texture": "#4"},
				"down": {"uv": [5.25, 11, 6.25, 11.25], "texture": "#4"}
			}
		},
		{
			"from": [3, 15.88582, 0.82403],
			"to": [3.25, 17.38582, 1.07403],
			"rotation": {"angle": 45, "axis": "x", "origin": [14.5, 15.88582, 1.07403]},
			"faces": {
				"north": {"uv": [5.25, 11, 5.5, 12.5], "texture": "#4"},
				"east": {"uv": [5.25, 11, 5.5, 12.5], "texture": "#4"},
				"south": {"uv": [0, 0, 0.25, 1.5], "texture": "#missing"},
				"west": {"uv": [5.25, 11, 5.5, 12.5], "texture": "#4"},
				"up": {"uv": [0, 0, 0.25, 0.25], "texture": "#missing"},
				"down": {"uv": [0, 0, 0.25, 0.25], "texture": "#missing"}
			}
		},
		{
			"from": [2.5, 15.88582, 0.82403],
			"to": [3, 17.38582, 1.17403],
			"rotation": {"angle": 45, "axis": "x", "origin": [14.5, 15.63582, 1.07403]},
			"faces": {
				"north": {"uv": [5.25, 2.75, 6.175, 3.35], "texture": "#5"},
				"east": {"uv": [5.25, 11, 5.6, 12.5], "texture": "#4"},
				"south": {"uv": [0, 0, 0.5, 1.5], "texture": "#missing"},
				"west": {"uv": [5.25, 11, 5.6, 12.5], "texture": "#4"},
				"up": {"uv": [0, 0, 0.5, 0.35], "texture": "#missing"},
				"down": {"uv": [0, 0, 0.5, 0.35], "texture": "#missing"}
			}
		},
		{
			"from": [2.25, 15.88582, 0.82403],
			"to": [2.5, 17.38582, 1.07403],
			"rotation": {"angle": 45, "axis": "x", "origin": [13.75, 15.88582, 1.07403]},
			"faces": {
				"north": {"uv": [5.25, 11, 5.5, 12.5], "texture": "#4"},
				"east": {"uv": [5.25, 11, 5.5, 12.5], "texture": "#4"},
				"south": {"uv": [0, 0, 0.25, 1.5], "texture": "#missing"},
				"west": {"uv": [5.25, 11, 5.5, 12.5], "texture": "#4"},
				"up": {"uv": [0, 0, 0.25, 0.25], "texture": "#missing"},
				"down": {"uv": [0, 0, 0.25, 0.25], "texture": "#missing"}
			}
		},
		{
			"from": [0.75, 14.19648, 2.13469],
			"to": [15.25, 16.94648, 3.63469],
			"rotation": {"angle": -22.5, "axis": "x", "origin": [12.25, 16.94648, 2.13469]},
			"faces": {
				"north": {"uv": [0, 0, 14.5, 2.75], "rotation": 180, "texture": "#missing"},
				"east": {"uv": [2, 4.25, 9.75, 6.75], "texture": "#3"},
				"south": {"uv": [9, 6.75, 10, 4.75], "rotation": 90, "texture": "#3"},
				"west": {"uv": [2, 4.25, 9.75, 6.75], "texture": "#3"},
				"up": {"uv": [0.25, 5, 15.75, 6.5], "texture": "#3"},
				"down": {"uv": [0, 0, 14.5, 1.5], "texture": "#missing"}
			}
		},
		{
			"from": [15.25, 14.5, 3.5],
			"to": [15.25, 17.5, 14.25],
			"rotation": {"angle": 0, "axis": "y", "origin": [12.5, 17.75, 3.5]},
			"faces": {
				"north": {"uv": [9, 6.75, 10, 4.75], "rotation": 90, "texture": "#3"},
				"east": {"uv": [3.5, 4.25, 13.5, 6.5], "texture": "#3"},
				"south": {"uv": [9, 6.75, 10, 4.75], "rotation": 90, "texture": "#3"},
				"west": {"uv": [3.5, 4.25, 13.5, 6.5], "texture": "#3"},
				"up": {"uv": [0.5, 5, 15.5, 6.5], "texture": "#3"},
				"down": {"uv": [9, 6.75, 10, 4.75], "rotation": 90, "texture": "#3"}
			}
		},
		{
			"from": [0.75, 14.5, 3.5],
			"to": [15, 17.5, 14.25],
			"rotation": {"angle": 0, "axis": "y", "origin": [11, 17.5, 3.5]},
			"faces": {
				"north": {"uv": [0, 0, 14.5, 3.25], "rotation": 180, "texture": "#missing"},
				"east": {"uv": [3.5, 4.25, 13.5, 6.5], "texture": "#3"},
				"south": {"uv": [5.25, 11, 11.5, 13.25], "texture": "#4"},
				"west": {"uv": [3.5, 4.25, 13.5, 6.5], "texture": "#3"},
				"up": {"uv": [0.25, 5, 15.5, 6.5], "texture": "#3"},
				"down": {"uv": [0, 0, 14.5, 10.75], "texture": "#missing"}
			}
		},
		{
			"from": [10.25, 17.1, 7.7705],
			"to": [11.5, 17.6, 9.0205],
			"rotation": {"angle": 0, "axis": "y", "origin": [18, 17.7705, 4.5205]},
			"faces": {
				"north": {"uv": [0, 0, 4, 1], "rotation": 180, "texture": "#6"},
				"east": {"uv": [0, 0, 4, 1], "rotation": 180, "texture": "#6"},
				"south": {"uv": [0, 0, 4, 1], "rotation": 180, "texture": "#6"},
				"west": {"uv": [0, 0, 4, 1], "rotation": 180, "texture": "#6"},
				"up": {"uv": [4, 0.75, 8, 16], "rotation": 180, "texture": "#6"},
				"down": {"uv": [0, 0, 4, 1], "rotation": 180, "texture": "#6"}
			}
		},
		{
			"from": [8.5, 17.1, 6.0205],
			"to": [9.75, 17.6, 7.2705],
			"rotation": {"angle": 0, "axis": "y", "origin": [16.25, 17.7705, 2.7705]},
			"faces": {
				"north": {"uv": [3.5, 15.25, 4, 15.75], "rotation": 90, "texture": "#3"},
				"east": {"uv": [3.5, 15.25, 4, 15.75], "rotation": 90, "texture": "#3"},
				"south": {"uv": [3.5, 15.25, 4, 15.75], "rotation": 90, "texture": "#3"},
				"west": {"uv": [3.5, 15.25, 4, 15.75], "rotation": 90, "texture": "#3"},
				"up": {"uv": [3.5, 15.25, 4, 15.75], "rotation": 90, "texture": "#3"},
				"down": {"uv": [3.5, 15.25, 4, 15.75], "rotation": 90, "texture": "#3"}
			}
		},
		{
			"from": [10.5, 17.1, 6.0205],
			"to": [11.75, 17.6, 7.2705],
			"rotation": {"angle": 0, "axis": "y", "origin": [18.25, 17.7705, 2.7705]},
			"faces": {
				"north": {"uv": [4.25, 15.25, 4.75, 15.75], "rotation": 90, "texture": "#3"},
				"east": {"uv": [4.25, 15.25, 4.75, 15.75], "rotation": 90, "texture": "#3"},
				"south": {"uv": [4.25, 15.25, 4.75, 15.75], "rotation": 90, "texture": "#3"},
				"west": {"uv": [4.25, 15.25, 4.75, 15.75], "rotation": 90, "texture": "#3"},
				"up": {"uv": [4.25, 15.25, 4.75, 15.75], "rotation": 90, "texture": "#3"},
				"down": {"uv": [4.25, 15.25, 4.75, 15.75], "rotation": 90, "texture": "#3"}
			}
		},
		{
			"from": [8.75, 17.1, 7.7705],
			"to": [10, 17.6, 9.0205],
			"rotation": {"angle": 0, "axis": "y", "origin": [16.5, 17.7705, 4.5205]},
			"faces": {
				"north": {"uv": [0, 0, 4, 1], "rotation": 180, "texture": "#6"},
				"east": {"uv": [0, 0, 4, 1], "rotation": 180, "texture": "#6"},
				"south": {"uv": [0, 0, 4, 1], "rotation": 180, "texture": "#6"},
				"west": {"uv": [0, 0, 4, 1], "rotation": 180, "texture": "#6"},
				"up": {"uv": [8, 0.75, 12, 16], "rotation": 180, "texture": "#6"},
				"down": {"uv": [0, 0, 4, 1], "rotation": 180, "texture": "#6"}
			}
		},
		{
			"from": [7.25, 17.1, 7.7705],
			"to": [8.5, 17.6, 9.0205],
			"rotation": {"angle": 0, "axis": "y", "origin": [15, 17.7705, 4.5205]},
			"faces": {
				"north": {"uv": [0, 0, 4, 1], "rotation": 180, "texture": "#6"},
				"east": {"uv": [0, 0, 4, 1], "rotation": 180, "texture": "#6"},
				"south": {"uv": [0, 0, 4, 1], "rotation": 180, "texture": "#6"},
				"west": {"uv": [0, 0, 4, 1], "rotation": 180, "texture": "#6"},
				"up": {"uv": [12, 0.75, 16, 16], "rotation": 180, "texture": "#6"},
				"down": {"uv": [0, 0, 4, 1], "rotation": 180, "texture": "#6"}
			}
		},
		{
			"from": [11.75, 17.1, 7.7705],
			"to": [13, 17.6, 9.0205],
			"rotation": {"angle": 0, "axis": "y", "origin": [19.5, 17.7705, 4.5205]},
			"faces": {
				"north": {"uv": [0, 0, 4, 1], "rotation": 180, "texture": "#6"},
				"east": {"uv": [0, 0, 4, 1], "rotation": 180, "texture": "#6"},
				"south": {"uv": [0, 0, 4, 1], "rotation": 180, "texture": "#6"},
				"west": {"uv": [0, 0, 4, 1], "rotation": 180, "texture": "#6"},
				"up": {"uv": [0, 0.75, 4, 16], "rotation": 180, "texture": "#6"},
				"down": {"uv": [0, 0, 4, 1], "rotation": 180, "texture": "#6"}
			}
		},
		{
			"from": [2.25, 17.0205, 5.7705],
			"to": [6.5, 17.5205, 9.0205],
			"rotation": {"angle": 0, "axis": "y", "origin": [13, 17.5205, 2.5205]},
			"faces": {
				"north": {"uv": [12.5, 9.25, 14.75, 9.75], "rotation": 180, "texture": "#3"},
				"east": {"uv": [12.5, 9.25, 14.75, 9.75], "rotation": 180, "texture": "#3"},
				"south": {"uv": [12.5, 9.25, 14.75, 9.75], "rotation": 180, "texture": "#3"},
				"west": {"uv": [12.5, 9.25, 14.75, 9.75], "rotation": 180, "texture": "#3"},
				"up": {"uv": [2.75, 8.25, 8, 11.5], "rotation": 180, "texture": "#3"},
				"down": {"uv": [12.5, 9.25, 14.75, 9.75], "rotation": 180, "texture": "#3"}
			}
		},
		{
			"from": [1.75, 16.5205, 14.2705],
			"to": [14.25, 30.5205, 15.2705],
			"rotation": {"angle": 0, "axis": "y", "origin": [12.25, 18.5205, 3.5205]},
			"faces": {
				"north": {"uv": [5.25, 5, 7.75, 6.75], "rotation": 180, "texture": "#3"},
				"east": {"uv": [5.25, 11, 11.5, 13.25], "texture": "#4"},
				"south": {"uv": [0, 0, 16, 16], "texture": "#4"},
				"west": {"uv": [5.25, 11, 11.5, 13.25], "texture": "#4"},
				"up": {"uv": [5.25, 11, 11.5, 13.25], "texture": "#4"},
				"down": {"uv": [5.25, 11, 11.5, 13.25], "texture": "#4"}
			}
		},
		{
			"from": [1.75, 22.5205, 13.2705],
			"to": [14.25, 23.5205, 14.2705],
			"rotation": {"angle": 0, "axis": "y", "origin": [12.25, 18.5205, 2.5205]},
			"faces": {
				"north": {"uv": [1.75, 15.25, 14.25, 15.75], "rotation": 180, "texture": "#3"},
				"east": {"uv": [1.75, 15.25, 14.25, 15.75], "rotation": 180, "texture": "#3"},
				"south": {"uv": [1.75, 15.25, 14.25, 15.75], "rotation": 180, "texture": "#3"},
				"west": {"uv": [1.75, 15.25, 14.25, 15.75], "rotation": 180, "texture": "#3"},
				"up": {"uv": [1.75, 15.25, 14.25, 15.75], "rotation": 180, "texture": "#3"},
				"down": {"uv": [1.75, 15.25, 14.25, 15.75], "rotation": 180, "texture": "#3"}
			}
		},
		{
			"from": [1.75, 17.5205, 11.2705],
			"to": [14.25, 19.5205, 14.2705],
			"rotation": {"angle": 0, "axis": "y", "origin": [12.25, 19.5205, 0.5205]},
			"faces": {
				"north": {"uv": [12.25, 9, 13.25, 10], "texture": "#3"},
				"east": {"uv": [0, 0, 2, 3], "rotation": 270, "texture": "#missing"},
				"south": {"uv": [12.25, 9, 13.25, 10], "texture": "#3"},
				"west": {"uv": [12.25, 9, 15.25, 11], "texture": "#3"},
				"up": {"uv": [12.25, 9, 13.25, 10], "texture": "#3"},
				"down": {"uv": [3.5, 9, 16, 12], "texture": "#3"}
			}
		},
		{
			"from": [1.75, 17.5205, 11.1],
			"to": [14.25, 19.5205, 11.6],
			"rotation": {"angle": 0, "axis": "y", "origin": [12.25, 19.5205, 0.5205]},
			"faces": {
				"north": {"uv": [16, 16, 0, 0], "rotation": 180, "texture": "#8"},
				"east": {"uv": [0.57143, 3.14286, 1.2, 4.42857], "texture": "#7"},
				"south": {"uv": [0.57143, 3.14286, 1.2, 4.42857], "texture": "#7"},
				"west": {"uv": [0.57143, 3.14286, 1.2, 4.42857], "texture": "#7"},
				"up": {"uv": [0.57143, 3.14286, 1.2, 4.42857], "texture": "#7"},
				"down": {"uv": [0.57143, 3.14286, 1.2, 4.42857], "texture": "#7"}
			}
		},
		{
			"from": [1.75, 26.5205, 11.2705],
			"to": [14.25, 27.5205, 14.2705],
			"rotation": {"angle": 0, "axis": "y", "origin": [12.25, 27.5205, 0.5205]},
			"faces": {
				"north": {"uv": [12.5, 8.5, 13.75, 11], "rotation": 180, "texture": "#3"},
				"east": {"uv": [0, 0, 1, 3], "rotation": 270, "texture": "#missing"},
				"south": {"uv": [12.25, 9, 13.25, 10], "texture": "#3"},
				"west": {"uv": [0, 0, 1, 3], "rotation": 90, "texture": "#missing"},
				"up": {"uv": [0, 0, 12.5, 3], "rotation": 180, "texture": "#missing"},
				"down": {"uv": [12.25, 9, 13.25, 10], "texture": "#3"}
			}
		},
		{
			"from": [1, 17.5205, 11.2705],
			"to": [1.75, 27.5205, 14.2705],
			"rotation": {"angle": 0, "axis": "y", "origin": [-0.25, 18.5205, 0.5205]},
			"faces": {
				"north": {"uv": [12.5, 8.5, 13.75, 11], "rotation": 180, "texture": "#3"},
				"east": {"uv": [12.5, 8.5, 13.75, 11], "rotation": 180, "texture": "#3"},
				"south": {"uv": [0, 0, 0.75, 10], "texture": "#missing"},
				"west": {"uv": [9, 6.75, 10, 4.75], "rotation": 90, "texture": "#3"},
				"up": {"uv": [0, 0, 0.75, 3], "rotation": 180, "texture": "#missing"},
				"down": {"uv": [0, 0, 0.75, 3], "texture": "#missing"}
			}
		},
		{
			"from": [14.25, 17.5205, 11.2705],
			"to": [15, 27.5205, 14.2705],
			"rotation": {"angle": 0, "axis": "y", "origin": [16.25, 26.5205, 0.5205]},
			"faces": {
				"north": {"uv": [12.5, 8.5, 13.75, 11], "rotation": 180, "texture": "#3"},
				"east": {"uv": [9, 6.75, 10, 4.75], "rotation": 90, "texture": "#3"},
				"south": {"uv": [0, 0, 0.75, 10], "rotation": 180, "texture": "#missing"},
				"west": {"uv": [12.5, 8.5, 13.75, 11], "rotation": 180, "texture": "#3"},
				"up": {"uv": [0, 0, 0.75, 3], "rotation": 180, "texture": "#missing"},
				"down": {"uv": [0, 0, 0.75, 3], "texture": "#missing"}
			}
		},
		{
			"from": [0.74, 14, 1.25],
			"to": [1.24, 15.5, 14],
			"rotation": {"angle": 0, "axis": "y", "origin": [0.5, 14, 0.75]},
			"faces": {
				"north": {"uv": [0.57143, 3.14286, 1.2, 4.42857], "texture": "#7"},
				"east": {"uv": [0.57143, 3.14286, 1.2, 4.42857], "texture": "#7"},
				"south": {"uv": [0.57143, 3.14286, 1.2, 4.42857], "texture": "#7"},
				"west": {"uv": [0, 0, 16, 16], "texture": "#7"},
				"up": {"uv": [0.57143, 3.14286, 1.2, 4.42857], "texture": "#7"},
				"down": {"uv": [0.57143, 3.14286, 1.2, 4.42857], "texture": "#7"}
			}
		},
		{
			"from": [14.76, 14, 1.25],
			"to": [15.26, 15.5, 14],
			"rotation": {"angle": 0, "axis": "y", "origin": [15.5, 14, 14.5]},
			"faces": {
				"north": {"uv": [0.57143, 3.14286, 1.2, 4.42857], "texture": "#7"},
				"east": {"uv": [0, 0, 16, 16], "texture": "#7"},
				"south": {"uv": [0.57143, 3.14286, 1.2, 4.42857], "texture": "#7"},
				"west": {"uv": [0.57143, 3.14286, 1.2, 4.42857], "texture": "#7"},
				"up": {"uv": [0.57143, 3.14286, 1.2, 4.42857], "rotation": 180, "texture": "#7"},
				"down": {"uv": [0.57143, 3.14286, 1.2, 4.42857], "rotation": 180, "texture": "#7"}
			}
		},
		{
			"name": "octagon",
			"from": [10.6725, 22.22394, 11.525],
			"to": [13.4925, 23.97606, 12.935],
			"rotation": {"angle": 45, "axis": "x", "origin": [12.0825, 23.1, 13.64]},
			"faces": {
				"north": {"uv": [0, 0, 16, 5], "texture": "#0"},
				"east": {"uv": [0, 0, 1, 1], "texture": "#2"},
				"south": {"uv": [0, 0, 1, 1], "texture": "#missing"},
				"west": {"uv": [0, 0, 1, 1], "texture": "#2"},
				"up": {"uv": [0, 0, 1, 1], "texture": "#missing"},
				"down": {"uv": [0, 0, 1, 1], "texture": "#missing"}
			}
		},
		{
			"name": "octagon",
			"from": [10.6725, 22.22394, 11.525],
			"to": [13.4925, 23.97606, 12.935],
			"rotation": {"angle": 0, "axis": "y", "origin": [12.0825, 23.1, 13.64]},
			"faces": {
				"north": {"uv": [0, 5, 16, 12], "texture": "#0"},
				"east": {"uv": [0, 0, 1, 1], "texture": "#2"},
				"south": {"uv": [0, 0, 1, 1], "texture": "#missing"},
				"west": {"uv": [0, 0, 1, 1], "texture": "#2"},
				"up": {"uv": [0, 0, 1, 1], "texture": "#missing"},
				"down": {"uv": [0, 0, 1, 1], "texture": "#missing"}
			}
		},
		{
			"name": "octagon",
			"from": [10.6725, 20.985, 12.76394],
			"to": [13.4925, 22.395, 14.51606],
			"rotation": {"angle": 45, "axis": "x", "origin": [12.0825, 23.1, 13.64]},
			"faces": {
				"north": {"uv": [0, 0, 1, 1], "texture": "#missing"},
				"east": {"uv": [0, 0, 1, 1], "texture": "#2"},
				"south": {"uv": [0, 0, 1, 1], "texture": "#missing"},
				"west": {"uv": [0, 0, 1, 1], "texture": "#2"},
				"up": {"uv": [0, 0, 1, 1], "texture": "#missing"},
				"down": {"uv": [16, 16, 0, 12], "texture": "#0"}
			}
		},
		{
			"name": "octagon",
			"from": [10.6725, 20.985, 12.76394],
			"to": [13.4925, 22.395, 14.51606],
			"rotation": {"angle": 0, "axis": "y", "origin": [12.0825, 23.1, 13.64]},
			"faces": {
				"north": {"uv": [0, 0, 1, 1], "texture": "#missing"},
				"east": {"uv": [0, 0, 1, 1], "texture": "#2"},
				"south": {"uv": [0, 0, 1, 1], "texture": "#missing"},
				"west": {"uv": [0, 0, 1, 1], "texture": "#2"},
				"up": {"uv": [0, 0, 1, 1], "texture": "#missing"},
				"down": {"uv": [0, 0, 1, 1], "texture": "#2"}
			}
		},
		{
			"name": "octagon",
			"from": [10.6725, 23.805, 12.76394],
			"to": [13.4925, 25.215, 14.51606],
			"rotation": {"angle": 0, "axis": "y", "origin": [12.0825, 25.92, 13.64]},
			"faces": {
				"north": {"uv": [0, 0, 1, 1], "texture": "#missing"},
				"east": {"uv": [0, 0, 1, 1], "texture": "#2"},
				"south": {"uv": [0, 0, 1, 1], "texture": "#missing"},
				"west": {"uv": [0, 0, 1, 1], "texture": "#2"},
				"up": {"uv": [0, 0, 1, 1], "texture": "#2"},
				"down": {"uv": [0, 0, 1, 1], "texture": "#2"}
			}
		},
		{
			"name": "octagon",
			"from": [6.59, 23.805, 12.76394],
			"to": [9.41, 25.215, 14.51606],
			"rotation": {"angle": 0, "axis": "y", "origin": [8, 25.92, 13.64]},
			"faces": {
				"north": {"uv": [0, 0, 1, 1], "texture": "#missing"},
				"east": {"uv": [0, 0, 1, 1], "texture": "#2"},
				"south": {"uv": [0, 0, 1, 1], "texture": "#missing"},
				"west": {"uv": [0, 0, 1, 1], "texture": "#2"},
				"up": {"uv": [0, 0, 1, 1], "texture": "#2"},
				"down": {"uv": [0, 0, 1, 1], "texture": "#2"}
			}
		},
		{
			"name": "octagon",
			"from": [2.5075, 23.805, 12.76394],
			"to": [5.3275, 25.215, 14.51606],
			"rotation": {"angle": 0, "axis": "y", "origin": [3.6675, 25.92, 13.64]},
			"faces": {
				"north": {"uv": [0, 0, 1, 1], "texture": "#missing"},
				"east": {"uv": [0, 0, 1, 1], "texture": "#2"},
				"south": {"uv": [0, 0, 1, 1], "texture": "#missing"},
				"west": {"uv": [0, 0, 1, 1], "texture": "#2"},
				"up": {"uv": [0, 0, 1, 1], "texture": "#2"},
				"down": {"uv": [0, 0, 1, 1], "texture": "#2"}
			}
		},
		{
			"name": "octagon",
			"from": [10.6725, 23.805, 12.76394],
			"to": [13.4925, 24.51, 14.51606],
			"rotation": {"angle": 45, "axis": "x", "origin": [12.0825, 23.1, 13.64]},
			"faces": {
				"north": {"uv": [0, 0, 1, 1], "texture": "#2"},
				"east": {"uv": [0, 0, 1, 1], "texture": "#2"},
				"south": {"uv": [0, 0, 1, 1], "texture": "#missing"},
				"west": {"uv": [0, 0, 1, 1], "texture": "#2"},
				"up": {"uv": [0, 0, 1, 1], "texture": "#missing"},
				"down": {"uv": [0, 0, 1, 1], "texture": "#2"}
			}
		},
		{
			"name": "octagon",
			"from": [10.6725, 23.805, 12.76394],
			"to": [13.4925, 24.51, 14.51606],
			"rotation": {"angle": 0, "axis": "y", "origin": [12.0825, 23.1, 13.64]},
			"faces": {
				"north": {"uv": [0, 0, 1, 1], "texture": "#missing"},
				"east": {"uv": [0, 0, 1, 1], "texture": "#2"},
				"south": {"uv": [0, 0, 1, 1], "texture": "#missing"},
				"west": {"uv": [0, 0, 1, 1], "texture": "#2"},
				"up": {"uv": [0, 0, 1, 1], "texture": "#2"},
				"down": {"uv": [0, 0, 1, 1], "texture": "#missing"}
			}
		},
		{
			"name": "octagon",
			"from": [2.5075, 22.22394, 11.525],
			"to": [5.3275, 23.97606, 12.935],
			"rotation": {"angle": 45, "axis": "x", "origin": [3.9175, 23.1, 13.64]},
			"faces": {
				"north": {"uv": [0, 0, 16, 5], "texture": "#2"},
				"east": {"uv": [0, 0, 1, 1], "texture": "#2"},
				"south": {"uv": [0, 0, 1, 1], "texture": "#2"},
				"west": {"uv": [0, 0, 1, 1], "texture": "#2"},
				"up": {"uv": [0, 0, 1, 1], "texture": "#2"},
				"down": {"uv": [0, 0, 1, 1], "texture": "#2"}
			}
		},
		{
			"name": "octagon",
			"from": [2.5075, 22.22394, 11.525],
			"to": [5.3275, 23.97606, 12.935],
			"rotation": {"angle": 0, "axis": "y", "origin": [3.9175, 23.1, 13.64]},
			"faces": {
				"north": {"uv": [0, 5, 16, 12], "texture": "#2"},
				"east": {"uv": [0, 0, 1, 1], "texture": "#2"},
				"south": {"uv": [0, 0, 1, 1], "texture": "#2"},
				"west": {"uv": [0, 0, 1, 1], "texture": "#2"},
				"up": {"uv": [0, 0, 1, 1], "texture": "#2"},
				"down": {"uv": [0, 0, 1, 1], "texture": "#2"}
			}
		},
		{
			"name": "octagon",
			"from": [2.5075, 20.985, 12.76394],
			"to": [5.3275, 22.395, 14.51606],
			"rotation": {"angle": 45, "axis": "x", "origin": [3.9175, 23.1, 13.64]},
			"faces": {
				"north": {"uv": [0, 0, 1, 1], "texture": "#2"},
				"east": {"uv": [0, 0, 1, 1], "texture": "#2"},
				"south": {"uv": [0, 0, 1, 1], "texture": "#2"},
				"west": {"uv": [0, 0, 1, 1], "texture": "#2"},
				"up": {"uv": [0, 0, 1, 1], "texture": "#2"},
				"down": {"uv": [16, 16, 0, 12], "texture": "#2"}
			}
		},
		{
			"name": "octagon",
			"from": [2.5075, 20.985, 12.76394],
			"to": [5.3275, 22.395, 14.51606],
			"rotation": {"angle": 0, "axis": "y", "origin": [3.9175, 23.1, 13.64]},
			"faces": {
				"north": {"uv": [0, 0, 1, 1], "texture": "#2"},
				"east": {"uv": [0, 0, 1, 1], "texture": "#2"},
				"south": {"uv": [0, 0, 1, 1], "texture": "#2"},
				"west": {"uv": [0, 0, 1, 1], "texture": "#2"},
				"up": {"uv": [0, 0, 1, 1], "texture": "#2"},
				"down": {"uv": [0, 0, 1, 1], "texture": "#2"}
			}
		},
		{
			"name": "octagon",
			"from": [2.5075, 23.805, 12.76394],
			"to": [5.3275, 24.51, 14.51606],
			"rotation": {"angle": 45, "axis": "x", "origin": [3.9175, 23.1, 13.64]},
			"faces": {
				"north": {"uv": [0, 0, 1, 1], "texture": "#2"},
				"east": {"uv": [0, 0, 1, 1], "texture": "#2"},
				"south": {"uv": [0, 0, 1, 1], "texture": "#2"},
				"west": {"uv": [0, 0, 1, 1], "texture": "#2"},
				"up": {"uv": [0, 0, 1, 1], "texture": "#2"},
				"down": {"uv": [0, 0, 1, 1], "texture": "#2"}
			}
		},
		{
			"name": "octagon",
			"from": [2.5075, 23.805, 12.76394],
			"to": [5.3275, 24.51, 14.51606],
			"rotation": {"angle": 0, "axis": "y", "origin": [3.9175, 23.1, 13.64]},
			"faces": {
				"north": {"uv": [0, 0, 1, 1], "texture": "#2"},
				"east": {"uv": [0, 0, 1, 1], "texture": "#2"},
				"south": {"uv": [0, 0, 1, 1], "texture": "#2"},
				"west": {"uv": [0, 0, 1, 1], "texture": "#2"},
				"up": {"uv": [0, 0, 1, 1], "texture": "#2"},
				"down": {"uv": [0, 0, 1, 1], "texture": "#2"}
			}
		},
		{
			"name": "octagon",
			"from": [6.59, 22.22394, 11.525],
			"to": [9.41, 23.97606, 12.935],
			"rotation": {"angle": 45, "axis": "x", "origin": [8.3525, 23.1, 13.64]},
			"faces": {
				"north": {"uv": [0, 0, 16, 5], "texture": "#1"},
				"east": {"uv": [0, 0, 1, 1], "texture": "#1"},
				"south": {"uv": [0, 0, 1, 1], "texture": "#1"},
				"west": {"uv": [0, 0, 1, 1], "texture": "#1"},
				"up": {"uv": [0, 0, 1, 1], "texture": "#1"},
				"down": {"uv": [0, 0, 1, 1], "texture": "#1"}
			}
		},
		{
			"name": "octagon",
			"from": [6.59, 22.22394, 11.525],
			"to": [9.41, 23.97606, 12.935],
			"rotation": {"angle": 0, "axis": "y", "origin": [8.3525, 23.1, 13.64]},
			"faces": {
				"north": {"uv": [0, 5, 16, 12], "texture": "#1"},
				"east": {"uv": [0, 0, 1, 1], "texture": "#1"},
				"south": {"uv": [0, 0, 1, 1], "texture": "#1"},
				"west": {"uv": [0, 0, 1, 1], "texture": "#1"},
				"up": {"uv": [0, 0, 1, 1], "texture": "#1"},
				"down": {"uv": [0, 0, 1, 1], "texture": "#1"}
			}
		},
		{
			"name": "octagon",
			"from": [6.59, 20.985, 12.76394],
			"to": [9.41, 22.395, 14.51606],
			"rotation": {"angle": 45, "axis": "x", "origin": [8.3525, 23.1, 13.64]},
			"faces": {
				"north": {"uv": [0, 0, 1, 1], "texture": "#1"},
				"east": {"uv": [0, 0, 1, 1], "texture": "#1"},
				"south": {"uv": [0, 0, 1, 1], "texture": "#1"},
				"west": {"uv": [0, 0, 1, 1], "texture": "#1"},
				"up": {"uv": [0, 0, 1, 1], "texture": "#1"},
				"down": {"uv": [16, 16, 0, 12], "texture": "#1"}
			}
		},
		{
			"name": "octagon",
			"from": [6.59, 20.985, 12.76394],
			"to": [9.41, 22.395, 14.51606],
			"rotation": {"angle": 0, "axis": "y", "origin": [8.3525, 23.1, 13.64]},
			"faces": {
				"north": {"uv": [0, 0, 1, 1], "texture": "#1"},
				"east": {"uv": [0, 0, 1, 1], "texture": "#1"},
				"south": {"uv": [0, 0, 1, 1], "texture": "#1"},
				"west": {"uv": [0, 0, 1, 1], "texture": "#1"},
				"up": {"uv": [0, 0, 1, 1], "texture": "#1"},
				"down": {"uv": [0, 0, 1, 1], "texture": "#1"}
			}
		},
		{
			"name": "octagon",
			"from": [6.59, 23.805, 12.76394],
			"to": [9.41, 24.51, 14.51606],
			"rotation": {"angle": 45, "axis": "x", "origin": [8.3525, 23.1, 13.64]},
			"faces": {
				"north": {"uv": [0, 0, 1, 1], "texture": "#1"},
				"east": {"uv": [0, 0, 1, 1], "texture": "#1"},
				"south": {"uv": [0, 0, 1, 1], "texture": "#1"},
				"west": {"uv": [0, 0, 1, 1], "texture": "#1"},
				"up": {"uv": [0, 0, 1, 1], "texture": "#1"},
				"down": {"uv": [0, 0, 1, 1], "texture": "#1"}
			}
		},
		{
			"name": "octagon",
			"from": [6.59, 23.805, 12.76394],
			"to": [9.41, 24.51, 14.51606],
			"rotation": {"angle": 0, "axis": "y", "origin": [8.3525, 23.1, 13.64]},
			"faces": {
				"north": {"uv": [0, 0, 1, 1], "texture": "#1"},
				"east": {"uv": [0, 0, 1, 1], "texture": "#1"},
				"south": {"uv": [0, 0, 1, 1], "texture": "#1"},
				"west": {"uv": [0, 0, 1, 1], "texture": "#1"},
				"up": {"uv": [0, 0, 1, 1], "texture": "#1"},
				"down": {"uv": [0, 0, 1, 1], "texture": "#1"}
			}
		},
		{
			"from": [2.1, 17.001, 5.5],
			"to": [6.6, 17.501, 9.25],
			"rotation": {"angle": 0, "axis": "y", "origin": [2.25, 17, 5.5]},
			"faces": {
				"north": {"uv": [5.3125, 3.8125, 5.625, 4.125], "texture": "#5"},
				"east": {"uv": [5.3125, 3.8125, 5.625, 4.125], "texture": "#5"},
				"south": {"uv": [5.3125, 3.8125, 5.625, 4.125], "texture": "#5"},
				"west": {"uv": [5.3125, 3.8125, 5.625, 4.125], "texture": "#5"},
				"up": {"uv": [5.3125, 3.8125, 5.625, 4.125], "texture": "#5"},
				"down": {"uv": [5.3125, 3.8125, 5.625, 4.125], "texture": "#5"}
			}
		},
		{
			"from": [8.35, 17.001, 5.9],
			"to": [9.85, 17.501, 7.4],
			"rotation": {"angle": 0, "axis": "y", "origin": [5.75, 17, 5.5]},
			"faces": {
				"north": {"uv": [5.3125, 3.8125, 5.625, 4.125], "texture": "#5"},
				"east": {"uv": [5.3125, 3.8125, 5.625, 4.125], "texture": "#5"},
				"south": {"uv": [5.3125, 3.8125, 5.625, 4.125], "texture": "#5"},
				"west": {"uv": [5.3125, 3.8125, 5.625, 4.125], "texture": "#5"},
				"up": {"uv": [5.3125, 3.8125, 5.625, 4.125], "texture": "#5"},
				"down": {"uv": [5.3125, 3.8125, 5.625, 4.125], "texture": "#5"}
			}
		},
		{
			"from": [10.35, 17.001, 5.9],
			"to": [11.85, 17.501, 7.4],
			"rotation": {"angle": 0, "axis": "y", "origin": [7.75, 17, 5.5]},
			"faces": {
				"north": {"uv": [5.3125, 3.8125, 5.625, 4.125], "texture": "#5"},
				"east": {"uv": [5.3125, 3.8125, 5.625, 4.125], "texture": "#5"},
				"south": {"uv": [5.3125, 3.8125, 5.625, 4.125], "texture": "#5"},
				"west": {"uv": [5.3125, 3.8125, 5.625, 4.125], "texture": "#5"},
				"up": {"uv": [5.3125, 3.8125, 5.625, 4.125], "texture": "#5"},
				"down": {"uv": [5.3125, 3.8125, 5.625, 4.125], "texture": "#5"}
			}
		}
	],
	"display": {
		"thirdperson_righthand": {
			"rotation": [62.5, 0, 0],
			"scale": [0.21875, 0.21875, 0.21875]
		},
		"thirdperson_lefthand": {
			"rotation": [62.5, 0, 0],
			"scale": [0.21875, 0.21875, 0.21875]
		},
		"firstperson_righthand": {
			"rotation": [-180, 49, -180],
			"translation": [-0.25, 2.75, 1],
			"scale": [0.21289, 0.21289, 0.21289]
		},
		"firstperson_lefthand": {
			"rotation": [-180, 49, -180],
			"translation": [-0.25, 2.75, 1],
			"scale": [0.21289, 0.21289, 0.21289]
		},
		"ground": {
			"scale": [0.27539, 0.27539, 0.27539]
		},
		"gui": {
			"rotation": [-180, 26, -180],
			"translation": [0, -3.25, 0],
			"scale": [0.41797, 0.41797, 0.41797]
		},
		"head": {
			"scale": [1.01172, 1.01172, 1.01172]
		},
		"fixed": {
			"rotation": [-90, 0, 0],
			"translation": [0, 0, -14.75],
			"scale": [2, 2, 2]
		}
	},
	"groups": [
		{
			"name": "group",
			"origin": [14.29289, 0, 14.95711],
			"color": 0,
			"children": [0, 1, 2, 3, 4, 5, 6, 7]
		},
		8,
		9,
		10,
		11,
		12,
		13,
		14,
		15,
		16,
		17,
		18,
		19,
		20,
		21,
		22,
		23,
		24,
		25,
		26,
		27,
		{
			"name": "group",
			"origin": [12.25, 20.5205, 3.0205],
			"color": 0,
			"children": [
				28,
				29,
				30,
				31,
				32,
				33,
				34,
				35,
				36,
				37,
				38,
				39,
				40,
				41,
				42,
				43,
				44,
				45,
				46,
				47,
				48,
				49,
				50,
				51,
				{
					"name": "group",
					"origin": [12.75, 15.88582, 1.07403],
					"color": 0,
					"children": [52, 53, 54, 55, 56]
				},
				57,
				58,
				59,
				60,
				61,
				62,
				63,
				64,
				65,
				66,
				67,
				68,
				69,
				70,
				71,
				72,
				73,
				74,
				75
			]
		},
		{
			"name": "octagon",
			"origin": [8, 8, 8],
			"color": 0,
			"children": [76, 77, 78, 79, 80, 81, 82, 83, 84]
		},
		{
			"name": "octagon",
			"origin": [8, 8, 8],
			"color": 0,
			"children": [85, 86, 87, 88, 89, 90]
		},
		{
			"name": "octagon",
			"origin": [8, 8, 8],
			"color": 0,
			"children": [91, 92, 93, 94, 95, 96]
		},
		97,
		98,
		99
	]
}