{
	"credit": "Made with Blockbench",
	"texture_size": [64, 64],
	"textures": {
		"0": "custom/bbm/bitteabonniertstammtexture"
	},
	"elements": [
		{
			"from": [5.5, 0, 6],
			"to": [7.5, 6, 8],
			"rotation": {"angle": 0, "axis": "y", "origin": [6, 0, 6]},
			"faces": {
				"north": {"uv": [3, 1, 3.5, 2.5], "texture": "#0"},
				"east": {"uv": [3, 2.5, 3.5, 4], "texture": "#0"},
				"south": {"uv": [0, 3.5, 0.5, 5], "texture": "#0"},
				"west": {"uv": [3.5, 0, 4, 1.5], "texture": "#0"},
				"up": {"uv": [3, 6.5, 2.5, 6], "texture": "#0"},
				"down": {"uv": [3.75, 6, 3.25, 6.5], "texture": "#0"}
			}
		},
		{
			"from": [8.5, 0, 6],
			"to": [10.5, 6, 8],
			"rotation": {"angle": 0, "axis": "y", "origin": [9, 0, 6]},
			"faces": {
				"north": {"uv": [0.5, 3.5, 1, 5], "texture": "#0"},
				"east": {"uv": [1, 3.5, 1.5, 5], "texture": "#0"},
				"south": {"uv": [1.5, 3.5, 2, 5], "texture": "#0"},
				"west": {"uv": [3.5, 1.5, 4, 3], "texture": "#0"},
				"up": {"uv": [6.5, 6.25, 6, 5.75], "texture": "#0"},
				"down": {"uv": [0.75, 6.25, 0.25, 6.75], "texture": "#0"}
			}
		},
		{
			"from": [5.5, 6, 6],
			"to": [10.5, 12, 8],
			"rotation": {"angle": 0, "axis": "y", "origin": [2, 6, 6]},
			"faces": {
				"north": {"uv": [0, 0, 1.25, 1.5], "texture": "#0"},
				"east": {"uv": [2, 2.5, 2.5, 4], "texture": "#0"},
				"south": {"uv": [1.25, 0, 2.5, 1.5], "texture": "#0"},
				"west": {"uv": [2.5, 2.5, 3, 4], "texture": "#0"},
				"up": {"uv": [5.25, 3.5, 4, 3], "texture": "#0"},
				"down": {"uv": [5.25, 3.5, 4, 4], "texture": "#0"}
			}
		},
		{
			"from": [3.5, 9, 6],
			"to": [5.5, 12, 8],
			"rotation": {"angle": 0, "axis": "y", "origin": [3, 9, 6]},
			"faces": {
				"north": {"uv": [3.75, 4.75, 4.25, 5.5], "texture": "#0"},
				"east": {"uv": [4.75, 4, 5.25, 4.75], "texture": "#0"},
				"south": {"uv": [4.25, 4.75, 4.75, 5.5], "texture": "#0"},
				"west": {"uv": [4.75, 4.75, 5.25, 5.5], "texture": "#0"},
				"up": {"uv": [1.5, 6.25, 1, 5.75], "texture": "#0"},
				"down": {"uv": [6.25, 4, 5.75, 4.5], "texture": "#0"}
			}
		},
		{
			"from": [3.5, 9, 8],
			"to": [5.5, 12, 10],
			"rotation": {"angle": 45, "axis": "x", "origin": [4.5, 9, 8]},
			"faces": {
				"north": {"uv": [4.5, 1.5, 5, 2.25], "texture": "#0"},
				"east": {"uv": [4.5, 2.25, 5, 3], "texture": "#0"},
				"south": {"uv": [3.25, 4.5, 3.75, 5.25], "texture": "#0"},
				"west": {"uv": [2.5, 4.75, 3, 5.5], "texture": "#0"},
				"up": {"uv": [3, 1.5, 2.5, 1], "texture": "#0"},
				"down": {"uv": [3, 5.5, 2.5, 6], "texture": "#0"}
			}
		},
		{
			"from": [10.5, 6, 6],
			"to": [12.5, 12, 8],
			"rotation": {"angle": -45, "axis": "x", "origin": [11.5, 12, 7]},
			"faces": {
				"north": {"uv": [3.5, 3, 4, 4.5], "texture": "#0"},
				"east": {"uv": [4, 0, 4.5, 1.5], "texture": "#0"},
				"south": {"uv": [4, 1.5, 4.5, 3], "texture": "#0"},
				"west": {"uv": [2, 4, 2.5, 5.5], "texture": "#0"},
				"up": {"uv": [1.25, 6.75, 0.75, 6.25], "texture": "#0"},
				"down": {"uv": [4.25, 6.25, 3.75, 6.75], "texture": "#0"}
			}
		},
		{
			"from": [7, 12, 6],
			"to": [9, 13, 8],
			"rotation": {"angle": 0, "axis": "y", "origin": [7, 12, 6]},
			"faces": {
				"north": {"uv": [6.75, 3.25, 7.25, 3.5], "texture": "#0"},
				"east": {"uv": [6.75, 3.5, 7.25, 3.75], "texture": "#0"},
				"south": {"uv": [3.75, 6.75, 4.25, 7], "texture": "#0"},
				"west": {"uv": [6.75, 3.75, 7.25, 4], "texture": "#0"},
				"up": {"uv": [5, 6.25, 4.5, 5.75], "texture": "#0"},
				"down": {"uv": [6, 5.75, 5.5, 6.25], "texture": "#0"}
			}
		},
		{
			"from": [6, 13, 5],
			"to": [10, 17, 9],
			"rotation": {"angle": 0, "axis": "y", "origin": [6, 13, 5]},
			"faces": {
				"north": {"uv": [0, 1.5, 1, 2.5], "texture": "#0"},
				"east": {"uv": [1, 1.5, 2, 2.5], "texture": "#0"},
				"south": {"uv": [2, 1.5, 3, 2.5], "texture": "#0"},
				"west": {"uv": [0, 2.5, 1, 3.5], "texture": "#0"},
				"up": {"uv": [3.5, 1, 2.5, 0], "texture": "#0"},
				"down": {"uv": [2, 2.5, 1, 3.5], "texture": "#0"}
			}
		},
		{
			"from": [3.5, 8, 6],
			"to": [5.5, 9.5, 9],
			"rotation": {"angle": 22.5, "axis": "x", "origin": [4, 8, 6]},
			"faces": {
				"north": {"uv": [6.75, 0.75, 7.25, 1.125], "texture": "#0"},
				"east": {"uv": [0.25, 5.75, 1, 6.125], "texture": "#0"},
				"south": {"uv": [2, 6.75, 2.5, 7.125], "texture": "#0"},
				"west": {"uv": [3.75, 5.75, 4.5, 6.125], "texture": "#0"},
				"up": {"uv": [3.75, 6, 3.25, 5.25], "texture": "#0"},
				"down": {"uv": [5.75, 4, 5.25, 4.75], "texture": "#0"}
			}
		},
		{
			"from": [4, 16, 4],
			"to": [5, 17, 10],
			"rotation": {"angle": 0, "axis": "y", "origin": [4, 16, 4]},
			"faces": {
				"north": {"uv": [3.75, 4.5, 4, 4.75], "texture": "#0"},
				"east": {"uv": [0, 5, 1.5, 5.25], "texture": "#0"},
				"south": {"uv": [1.25, 6.25, 1.5, 6.5], "texture": "#0"},
				"west": {"uv": [5, 1.5, 6.5, 1.75], "texture": "#0"},
				"up": {"uv": [3.25, 6.25, 3, 4.75], "texture": "#0"},
				"down": {"uv": [1.75, 5, 1.5, 6.5], "texture": "#0"}
			}
		},
		{
			"from": [5, 17, 4],
			"to": [6, 18, 9],
			"rotation": {"angle": 0, "axis": "y", "origin": [4, 16, 4]},
			"faces": {
				"north": {"uv": [0, 7, 0.25, 7.25], "texture": "#0"},
				"east": {"uv": [5.25, 4.75, 6.5, 5], "texture": "#0"},
				"south": {"uv": [0.25, 7, 0.5, 7.25], "texture": "#0"},
				"west": {"uv": [5.25, 5, 6.5, 5.25], "texture": "#0"},
				"up": {"uv": [5.5, 6.5, 5.25, 5.25], "texture": "#0"},
				"down": {"uv": [0.25, 5.5, 0, 6.75], "texture": "#0"}
			}
		},
		{
			"from": [6, 18, 5],
			"to": [7, 19, 8],
			"rotation": {"angle": 0, "axis": "y", "origin": [4, 16, 4]},
			"faces": {
				"north": {"uv": [0.5, 7, 0.75, 7.25], "texture": "#0"},
				"east": {"uv": [5.75, 4.5, 6.5, 4.75], "texture": "#0"},
				"south": {"uv": [1.25, 7, 1.5, 7.25], "texture": "#0"},
				"west": {"uv": [6.5, 1.5, 7.25, 1.75], "texture": "#0"},
				"up": {"uv": [5.25, 6.25, 5, 5.5], "texture": "#0"},
				"down": {"uv": [3.25, 6.25, 3, 7], "texture": "#0"}
			}
		},
		{
			"from": [5, 16, 10],
			"to": [11, 17, 11],
			"rotation": {"angle": 0, "axis": "y", "origin": [5, 16, 11]},
			"faces": {
				"north": {"uv": [5, 1.75, 6.5, 2], "texture": "#0"},
				"east": {"uv": [1.5, 7, 1.75, 7.25], "texture": "#0"},
				"south": {"uv": [5, 2, 6.5, 2.25], "texture": "#0"},
				"west": {"uv": [2.5, 7.25, 2.75, 7.5], "texture": "#0"},
				"up": {"uv": [6.5, 2.5, 5, 2.25], "texture": "#0"},
				"down": {"uv": [6.5, 2.5, 5, 2.75], "texture": "#0"}
			}
		},
		{
			"from": [5, 17, 9],
			"to": [10, 18, 10],
			"rotation": {"angle": 0, "axis": "y", "origin": [5, 16, 11]},
			"faces": {
				"north": {"uv": [5.5, 0, 6.75, 0.25], "texture": "#0"},
				"east": {"uv": [2.75, 7.25, 3, 7.5], "texture": "#0"},
				"south": {"uv": [0.25, 5.5, 1.5, 5.75], "texture": "#0"},
				"west": {"uv": [7.25, 6.75, 7.5, 7], "texture": "#0"},
				"up": {"uv": [6.75, 0.5, 5.5, 0.25], "texture": "#0"},
				"down": {"uv": [6.75, 0.5, 5.5, 0.75], "texture": "#0"}
			}
		},
		{
			"from": [6, 18, 8],
			"to": [9, 19, 9],
			"rotation": {"angle": 0, "axis": "y", "origin": [5, 16, 11]},
			"faces": {
				"north": {"uv": [6.5, 1.75, 7.25, 2], "texture": "#0"},
				"east": {"uv": [7, 7.25, 7.25, 7.5], "texture": "#0"},
				"south": {"uv": [6.5, 2, 7.25, 2.25], "texture": "#0"},
				"west": {"uv": [7.25, 7.25, 7.5, 7.5], "texture": "#0"},
				"up": {"uv": [7.25, 2.5, 6.5, 2.25], "texture": "#0"},
				"down": {"uv": [7.25, 2.5, 6.5, 2.75], "texture": "#0"}
			}
		},
		{
			"from": [11, 16, 4],
			"to": [12, 17, 10],
			"rotation": {"angle": 0, "axis": "y", "origin": [12, 16, 10]},
			"faces": {
				"north": {"uv": [0, 7.5, 0.25, 7.75], "texture": "#0"},
				"east": {"uv": [5, 2.75, 6.5, 3], "texture": "#0"},
				"south": {"uv": [7.5, 0, 7.75, 0.25], "texture": "#0"},
				"west": {"uv": [0, 5.25, 1.5, 5.5], "texture": "#0"},
				"up": {"uv": [2, 6.5, 1.75, 5], "texture": "#0"},
				"down": {"uv": [5.5, 0, 5.25, 1.5], "texture": "#0"}
			}
		},
		{
			"from": [10, 17, 5],
			"to": [11, 18, 10],
			"rotation": {"angle": 0, "axis": "y", "origin": [12, 16, 10]},
			"faces": {
				"north": {"uv": [0.25, 7.5, 0.5, 7.75], "texture": "#0"},
				"east": {"uv": [5.5, 0.75, 6.75, 1], "texture": "#0"},
				"south": {"uv": [0.5, 7.5, 0.75, 7.75], "texture": "#0"},
				"west": {"uv": [5.5, 1, 6.75, 1.25], "texture": "#0"},
				"up": {"uv": [2.25, 6.75, 2, 5.5], "texture": "#0"},
				"down": {"uv": [2.5, 5.5, 2.25, 6.75], "texture": "#0"}
			}
		},
		{
			"from": [9, 18, 6],
			"to": [10, 19, 9],
			"rotation": {"angle": 0, "axis": "y", "origin": [12, 16, 10]},
			"faces": {
				"north": {"uv": [0.75, 7.5, 1, 7.75], "texture": "#0"},
				"east": {"uv": [6.5, 2.75, 7.25, 3], "texture": "#0"},
				"south": {"uv": [1, 7.5, 1.25, 7.75], "texture": "#0"},
				"west": {"uv": [6.5, 4.5, 7.25, 4.75], "texture": "#0"},
				"up": {"uv": [2, 7.25, 1.75, 6.5], "texture": "#0"},
				"down": {"uv": [2.75, 6.5, 2.5, 7.25], "texture": "#0"}
			}
		},
		{
			"from": [5, 16, 3],
			"to": [11, 17, 4],
			"rotation": {"angle": 0, "axis": "y", "origin": [11, 16, 3]},
			"faces": {
				"north": {"uv": [5.25, 3, 6.75, 3.25], "texture": "#0"},
				"east": {"uv": [1.25, 7.5, 1.5, 7.75], "texture": "#0"},
				"south": {"uv": [5.25, 3.25, 6.75, 3.5], "texture": "#0"},
				"west": {"uv": [7.5, 1.25, 7.75, 1.5], "texture": "#0"},
				"up": {"uv": [6.75, 3.75, 5.25, 3.5], "texture": "#0"},
				"down": {"uv": [6.75, 3.75, 5.25, 4], "texture": "#0"}
			}
		},
		{
			"from": [6, 17, 4],
			"to": [11, 18, 5],
			"rotation": {"angle": 0, "axis": "y", "origin": [11, 16, 3]},
			"faces": {
				"north": {"uv": [5.5, 1.25, 6.75, 1.5], "texture": "#0"},
				"east": {"uv": [1.5, 7.5, 1.75, 7.75], "texture": "#0"},
				"south": {"uv": [3.75, 5.5, 5, 5.75], "texture": "#0"},
				"west": {"uv": [1.75, 7.5, 2, 7.75], "texture": "#0"},
				"up": {"uv": [6.75, 5.5, 5.5, 5.25], "texture": "#0"},
				"down": {"uv": [6.75, 5.5, 5.5, 5.75], "texture": "#0"}
			}
		},
		{
			"from": [7, 18, 5],
			"to": [10, 19, 6],
			"rotation": {"angle": 0, "axis": "y", "origin": [11, 16, 3]},
			"faces": {
				"north": {"uv": [6.5, 4.75, 7.25, 5], "texture": "#0"},
				"east": {"uv": [2, 7.5, 2.25, 7.75], "texture": "#0"},
				"south": {"uv": [6.5, 5, 7.25, 5.25], "texture": "#0"},
				"west": {"uv": [2.25, 7.5, 2.5, 7.75], "texture": "#0"},
				"up": {"uv": [7.25, 6, 6.5, 5.75], "texture": "#0"},
				"down": {"uv": [7.25, 6, 6.5, 6.25], "texture": "#0"}
			}
		},
		{
			"from": [7, 18, 6],
			"to": [9, 20, 8],
			"rotation": {"angle": 0, "axis": "y", "origin": [7, 18, 6]},
			"faces": {
				"north": {"uv": [6.25, 4, 6.75, 4.5], "texture": "#0"},
				"east": {"uv": [4.25, 6.25, 4.75, 6.75], "texture": "#0"},
				"south": {"uv": [4.75, 6.25, 5.25, 6.75], "texture": "#0"},
				"west": {"uv": [5.5, 6.25, 6, 6.75], "texture": "#0"},
				"up": {"uv": [6.5, 6.75, 6, 6.25], "texture": "#0"},
				"down": {"uv": [1.75, 6.5, 1.25, 7], "texture": "#0"}
			}
		},
		{
			"from": [9.85, 6.8, 9],
			"to": [9.95, 7.8, 9.2],
			"rotation": {"angle": -22.5, "axis": "z", "origin": [11.9, 7.8, 11]},
			"faces": {
				"north": {"uv": [3.75, 7.5, 3.8125, 7.75], "texture": "#0"},
				"east": {"uv": [4, 7.5, 4.0625, 7.75], "texture": "#0"},
				"south": {"uv": [4.25, 7.5, 4.3125, 7.75], "texture": "#0"},
				"west": {"uv": [4.5, 7.5, 4.5625, 7.75], "texture": "#0"},
				"up": {"uv": [6.5625, 7.5625, 6.5, 7.5], "texture": "#0"},
				"down": {"uv": [6.8125, 7.5, 6.75, 7.5625], "texture": "#0"}
			}
		},
		{
			"from": [8, 6, 8],
			"to": [11, 9, 9],
			"rotation": {"angle": -22.5, "axis": "z", "origin": [11, 6, 8]},
			"faces": {
				"north": {"uv": [2.5, 4, 3.25, 4.75], "texture": "#0"},
				"east": {"uv": [2.75, 6.5, 3, 7.25], "texture": "#0"},
				"south": {"uv": [4, 4, 4.75, 4.75], "texture": "#0"},
				"west": {"uv": [3.25, 6.5, 3.5, 7.25], "texture": "#0"},
				"up": {"uv": [7.25, 6.5, 6.5, 6.25], "texture": "#0"},
				"down": {"uv": [7.25, 6.5, 6.5, 6.75], "texture": "#0"}
			}
		},
		{
			"from": [5, 6.25, 8],
			"to": [7.5, 8.75, 9],
			"rotation": {"angle": -22.5, "axis": "z", "origin": [11, 6, 8]},
			"faces": {
				"north": {"uv": [4.5, 0, 5.125, 0.625], "texture": "#0"},
				"east": {"uv": [3.5, 6.5, 3.75, 7.125], "texture": "#0"},
				"south": {"uv": [4.5, 0.75, 5.125, 1.375], "texture": "#0"},
				"west": {"uv": [5.25, 6.5, 5.5, 7.125], "texture": "#0"},
				"up": {"uv": [7.375, 1.5, 6.75, 1.25], "texture": "#0"},
				"down": {"uv": [7.375, 3, 6.75, 3.25], "texture": "#0"}
			}
		},
		{
			"from": [7.5, 6.5, 8],
			"to": [8, 8.5, 9],
			"rotation": {"angle": -22.5, "axis": "z", "origin": [11, 6, 8]},
			"faces": {
				"north": {"uv": [2.5, 7.5, 2.625, 8], "texture": "#0"},
				"east": {"uv": [3.25, 4, 3.5, 4.5], "texture": "#0"},
				"south": {"uv": [2.75, 7.5, 2.875, 8], "texture": "#0"},
				"west": {"uv": [6.75, 4, 7, 4.5], "texture": "#0"},
				"up": {"uv": [3.125, 7.75, 3, 7.5], "texture": "#0"},
				"down": {"uv": [7.625, 3, 7.5, 3.25], "texture": "#0"}
			}
		},
		{
			"from": [2, 7, 8],
			"to": [5, 8, 8.5],
			"rotation": {"angle": -22.5, "axis": "z", "origin": [11, 6, 8]},
			"faces": {
				"north": {"uv": [0, 6.75, 0.75, 7], "texture": "#0"},
				"east": {"uv": [3.25, 7.5, 3.375, 7.75], "texture": "#0"},
				"south": {"uv": [6.75, 0, 7.5, 0.25], "texture": "#0"},
				"west": {"uv": [3.5, 7.5, 3.625, 7.75], "texture": "#0"},
				"up": {"uv": [5, 6.875, 4.25, 6.75], "texture": "#0"},
				"down": {"uv": [7.5, 5.25, 6.75, 5.375], "texture": "#0"}
			}
		},
		{
			"from": [0, 6.725, 8],
			"to": [2, 8.225, 8.75],
			"rotation": {"angle": -22.5, "axis": "z", "origin": [11, 6, 8]},
			"faces": {
				"north": {"uv": [6.75, 0.25, 7.25, 0.625], "texture": "#0"},
				"east": {"uv": [5, 6.75, 5.1875, 7.125], "texture": "#0"},
				"south": {"uv": [0.75, 6.75, 1.25, 7.125], "texture": "#0"},
				"west": {"uv": [3, 7, 3.1875, 7.375], "texture": "#0"},
				"up": {"uv": [6, 6.9375, 5.5, 6.75], "texture": "#0"},
				"down": {"uv": [7.25, 5.5, 6.75, 5.6875], "texture": "#0"}
			}
		},
		{
			"from": [5.1, 6.15, 8.75],
			"to": [9.7, 6.25, 9.05],
			"rotation": {"angle": -22.5, "axis": "z", "origin": [14.1, 5.9, 9]},
			"faces": {
				"north": {"uv": [7.25, 2.5, 8.375, 2.5625], "texture": "#0"},
				"east": {"uv": [4.75, 7.5, 4.8125, 7.5625], "texture": "#0"},
				"south": {"uv": [7.25, 2.75, 8.375, 2.8125], "texture": "#0"},
				"west": {"uv": [5, 7.5, 5.0625, 7.5625], "texture": "#0"},
				"up": {"uv": [4.375, 7.3125, 3.25, 7.25], "texture": "#0"},
				"down": {"uv": [8.375, 3.25, 7.25, 3.3125], "texture": "#0"}
			}
		},
		{
			"from": [5.1, 5.95, 8.75],
			"to": [9.7, 6.05, 9.05],
			"rotation": {"angle": -22.5, "axis": "z", "origin": [14.1, 5.9, 9]},
			"faces": {
				"north": {"uv": [7.25, 3.5, 8.375, 3.5625], "texture": "#0"},
				"east": {"uv": [5.25, 7.5, 5.3125, 7.5625], "texture": "#0"},
				"south": {"uv": [7.25, 3.75, 8.375, 3.8125], "texture": "#0"},
				"west": {"uv": [7.5, 5.25, 7.5625, 5.3125], "texture": "#0"},
				"up": {"uv": [5.625, 7.3125, 4.5, 7.25], "texture": "#0"},
				"down": {"uv": [8.375, 4.5, 7.25, 4.5625], "texture": "#0"}
			}
		},
		{
			"from": [5.1, 6.35, 8.75],
			"to": [9.7, 6.45, 9.05],
			"rotation": {"angle": -22.5, "axis": "z", "origin": [14.1, 5.9, 9]},
			"faces": {
				"north": {"uv": [7.25, 4.75, 8.375, 4.8125], "texture": "#0"},
				"east": {"uv": [5.5, 7.5, 5.5625, 7.5625], "texture": "#0"},
				"south": {"uv": [7.25, 5, 8.375, 5.0625], "texture": "#0"},
				"west": {"uv": [5.75, 7.5, 5.8125, 7.5625], "texture": "#0"},
				"up": {"uv": [8.375, 5.5625, 7.25, 5.5], "texture": "#0"},
				"down": {"uv": [6.875, 7.25, 5.75, 7.3125], "texture": "#0"}
			}
		},
		{
			"from": [5.1, 6.55, 8.75],
			"to": [9.7, 6.65, 9.05],
			"rotation": {"angle": -22.5, "axis": "z", "origin": [14.1, 5.9, 9]},
			"faces": {
				"north": {"uv": [7.25, 5.75, 8.375, 5.8125], "texture": "#0"},
				"east": {"uv": [6, 7.5, 6.0625, 7.5625], "texture": "#0"},
				"south": {"uv": [7.25, 6, 8.375, 6.0625], "texture": "#0"},
				"west": {"uv": [6.25, 7.5, 6.3125, 7.5625], "texture": "#0"},
				"up": {"uv": [8.375, 6.3125, 7.25, 6.25], "texture": "#0"},
				"down": {"uv": [8.375, 6.5, 7.25, 6.5625], "texture": "#0"}
			}
		},
		{
			"from": [0.7, 7.95, 8.75],
			"to": [5.45, 8.05, 8.85],
			"rotation": {"angle": -22.5, "axis": "z", "origin": [9.7, 7.7, 9]},
			"faces": {
				"north": {"uv": [6, 6.75, 7.1875, 6.8125], "texture": "#0"},
				"east": {"uv": [7.5, 6.75, 7.5625, 6.8125], "texture": "#0"},
				"south": {"uv": [3.75, 7, 4.9375, 7.0625], "texture": "#0"},
				"west": {"uv": [7, 7.5, 7.0625, 7.5625], "texture": "#0"},
				"up": {"uv": [8.1875, 4.0625, 7, 4], "texture": "#0"},
				"down": {"uv": [8.1875, 4.25, 7, 4.3125], "texture": "#0"}
			}
		},
		{
			"from": [0.7, 7.75, 8.75],
			"to": [5.45, 7.85, 8.85],
			"rotation": {"angle": -22.5, "axis": "z", "origin": [9.7, 7.7, 9]},
			"faces": {
				"north": {"uv": [5.5, 7, 6.6875, 7.0625], "texture": "#0"},
				"east": {"uv": [7.25, 7.5, 7.3125, 7.5625], "texture": "#0"},
				"south": {"uv": [6.75, 7, 7.9375, 7.0625], "texture": "#0"},
				"west": {"uv": [7.5, 7.25, 7.5625, 7.3125], "texture": "#0"},
				"up": {"uv": [1.1875, 7.3125, 0, 7.25], "texture": "#0"},
				"down": {"uv": [8.4375, 0.25, 7.25, 0.3125], "texture": "#0"}
			}
		},
		{
			"from": [0.7, 8.15, 8.75],
			"to": [5.45, 8.25, 8.85],
			"rotation": {"angle": -22.5, "axis": "z", "origin": [9.7, 7.7, 9]},
			"faces": {
				"north": {"uv": [7.25, 0.5, 8.4375, 0.5625], "texture": "#0"},
				"east": {"uv": [7.5, 7.5, 7.5625, 7.5625], "texture": "#0"},
				"south": {"uv": [7.25, 0.75, 8.4375, 0.8125], "texture": "#0"},
				"west": {"uv": [0, 7.75, 0.0625, 7.8125], "texture": "#0"},
				"up": {"uv": [8.4375, 1.0625, 7.25, 1], "texture": "#0"},
				"down": {"uv": [2.4375, 7.25, 1.25, 7.3125], "texture": "#0"}
			}
		},
		{
			"from": [0.7, 8.35, 8.75],
			"to": [5.45, 8.45, 8.85],
			"rotation": {"angle": -22.5, "axis": "z", "origin": [9.7, 7.7, 9]},
			"faces": {
				"north": {"uv": [7.25, 1.5, 8.4375, 1.5625], "texture": "#0"},
				"east": {"uv": [7.75, 0, 7.8125, 0.0625], "texture": "#0"},
				"south": {"uv": [7.25, 1.75, 8.4375, 1.8125], "texture": "#0"},
				"west": {"uv": [0.25, 7.75, 0.3125, 7.8125], "texture": "#0"},
				"up": {"uv": [8.4375, 2.0625, 7.25, 2], "texture": "#0"},
				"down": {"uv": [8.4375, 2.25, 7.25, 2.3125], "texture": "#0"}
			}
		}
	],
	"display": {
		"thirdperson_righthand": {
			"translation": [0, 4, 0]
		},
		"thirdperson_lefthand": {
			"translation": [0, 4, 0]
		},
		"ground": {
			"translation": [0, 5, 0]
		},
		"gui": {
			"rotation": [8, -20, 0],
			"translation": [0, -1.5, 0],
			"scale": [0.8, 0.8, 0.8]
		},
		"head": {
			"rotation": [0, 180, 0],
			"translation": [0, 19, 0],
			"scale": [1.6, 1.6, 1.6]
		},
		"fixed": {
			"rotation": [-90, 180, 0],
			"translation": [0, -0.75, -15.75],
			"scale": [2, 2, 2]
		}
	},
	"groups": [
		0,
		1,
		2,
		3,
		4,
		5,
		6,
		7,
		8,
		{
			"name": "hut",
			"origin": [8, 8, 8],
			"color": 0,
			"children": [
				{
					"name": "hut1",
					"origin": [8, 8, 8],
					"color": 0,
					"children": [9, 10, 11]
				},
				{
					"name": "hut2",
					"origin": [8, 8, 8],
					"color": 0,
					"children": [12, 13, 14]
				},
				{
					"name": "hut3",
					"origin": [8, 8, 8],
					"color": 0,
					"children": [15, 16, 17]
				},
				{
					"name": "hut4",
					"origin": [8, 8, 8],
					"color": 0,
					"children": [18, 19, 20]
				},
				21
			]
		},
		{
			"name": "ukulele",
			"origin": [8, 8, 8],
			"color": 0,
			"children": [
				22,
				23,
				24,
				25,
				26,
				27,
				{
					"name": "saiten",
					"origin": [8, 8, 8],
					"color": 0,
					"children": [
						{
							"name": "saiten1",
							"origin": [8, 8, 8],
							"color": 0,
							"children": [28, 29, 30, 31]
						},
						{
							"name": "saiten2",
							"origin": [8, 8, 8],
							"color": 0,
							"children": [32, 33, 34, 35]
						}
					]
				}
			]
		}
	]
}