{
	"credit": "Made with Blockbench",
	"texture_size": [32, 32],
	"textures": {
		"0": "custom/bbm/kacke",
		"particle": "custom/bbm/kacke"
	},
	"elements": [
		{
			"from": [4, 0, 4],
			"to": [12, 1, 12],
			"rotation": {"angle": 0, "axis": "y", "origin": [4, 0, 4]},
			"faces": {
				"north": {"uv": [7, 0, 11, 0.5], "texture": "#0"},
				"east": {"uv": [7, 0.5, 11, 1], "texture": "#0"},
				"south": {"uv": [7, 1, 11, 1.5], "texture": "#0"},
				"west": {"uv": [7, 1.5, 11, 2], "texture": "#0"},
				"up": {"uv": [4, 4, 0, 0], "texture": "#0"},
				"down": {"uv": [4, 4, 0, 8], "texture": "#0"}
			}
		},
		{
			"from": [5, 1, 4.5],
			"to": [11, 2, 10.5],
			"rotation": {"angle": 0, "axis": "y", "origin": [5, 1, 4.5]},
			"faces": {
				"north": {"uv": [7, 2, 10, 2.5], "texture": "#0"},
				"east": {"uv": [7, 2.5, 10, 3], "texture": "#0"},
				"south": {"uv": [7, 3, 10, 3.5], "texture": "#0"},
				"west": {"uv": [7, 3.5, 10, 4], "texture": "#0"},
				"up": {"uv": [7, 3, 4, 0], "texture": "#0"},
				"down": {"uv": [7, 3, 4, 6], "texture": "#0"}
			}
		},
		{
			"from": [5.8, 2, 6],
			"to": [9.8, 3, 10],
			"rotation": {"angle": 0, "axis": "y", "origin": [5.8, 2, 6]},
			"faces": {
				"north": {"uv": [7, 4, 9, 4.5], "texture": "#0"},
				"east": {"uv": [7, 4.5, 9, 5], "texture": "#0"},
				"south": {"uv": [7, 5, 9, 5.5], "texture": "#0"},
				"west": {"uv": [7, 5.5, 9, 6], "texture": "#0"},
				"up": {"uv": [6, 8, 4, 6], "texture": "#0"},
				"down": {"uv": [8, 6, 6, 8], "texture": "#0"}
			}
		},
		{
			"from": [7.1, 3, 6.6],
			"to": [9.1, 4, 8.6],
			"rotation": {"angle": 0, "axis": "y", "origin": [7.1, 3, 6.6]},
			"faces": {
				"north": {"uv": [2, 8, 3, 8.5], "texture": "#0"},
				"east": {"uv": [3, 8, 4, 8.5], "texture": "#0"},
				"south": {"uv": [4, 8, 5, 8.5], "texture": "#0"},
				"west": {"uv": [5, 8, 6, 8.5], "texture": "#0"},
				"up": {"uv": [1, 9, 0, 8], "texture": "#0"},
				"down": {"uv": [2, 8, 1, 9], "texture": "#0"}
			}
		}
	],
	"display": {
		"thirdperson_righthand": {
			"rotation": [67.5, 0, 0],
			"translation": [0, 4.75, 5.5]
		},
		"thirdperson_lefthand": {
			"rotation": [59, 0, 0],
			"translation": [0, 5.25, 4.75]
		},
		"firstperson_righthand": {
			"translation": [0, 10, 0]
		},
		"firstperson_lefthand": {
			"translation": [0, 10, 0]
		},
		"ground": {
			"translation": [0, 6.5, 0]
		},
		"gui": {
			"rotation": [12, 17, 0],
			"translation": [0, 8, 0],
			"scale": [1.5, 1.5, 1.5]
		},
		"head": {
			"translation": [0, 19.2, 0],
			"scale": [1.6, 1.6, 1.6]
		},
		"fixed": {
			"rotation": [-90, 0, 0],
			"translation": [0, 0, -14],
			"scale": [2, 2, 2]
		}
	}
}