{
	"credit": "Made with Blockbench",
	"texture_size": [32, 32],
	"textures": {
		"0": "custom/bbm/kleinerleon",
		"particle": "custom/bbm/kleinerleon"
	},
	"elements": [
		{
			"from": [10.1, 0, 3.2],
			"to": [11, 0.9, 6],
			"rotation": {"angle": 0, "axis": "y", "origin": [9.1, 0, 3]},
			"faces": {
				"north": {"uv": [5, 7, 5.5, 7.5], "texture": "#0"},
				"east": {"uv": [4, 3.5, 5.375, 4], "texture": "#0"},
				"south": {"uv": [5.5, 7, 6, 7.5], "texture": "#0"},
				"west": {"uv": [4.5, 1.5, 5.875, 2], "texture": "#0"},
				"up": {"uv": [5.5, 6.875, 5, 5.5], "texture": "#0"},
				"down": {"uv": [6, 5.5, 5.5, 6.875], "texture": "#0"}
			}
		},
		{
			"from": [8.3, 0, 3.2],
			"to": [9.2, 0.9, 6],
			"rotation": {"angle": 0, "axis": "y", "origin": [7.2, 0, 3]},
			"faces": {
				"north": {"uv": [7, 7, 7.5, 7.5], "texture": "#0"},
				"east": {"uv": [0, 6, 1.375, 6.5], "texture": "#0"},
				"south": {"uv": [0, 7.5, 0.5, 8], "texture": "#0"},
				"west": {"uv": [6, 1.5, 7.375, 2], "texture": "#0"},
				"up": {"uv": [6.5, 3.375, 6, 2], "texture": "#0"},
				"down": {"uv": [6.5, 3.5, 6, 4.875], "texture": "#0"}
			}
		},
		{
			"from": [8.3, 0, 6],
			"to": [11, 4, 7],
			"rotation": {"angle": 0, "axis": "y", "origin": [9, 0, 6]},
			"faces": {
				"north": {"uv": [0, 0, 1.375, 2], "texture": "#0"},
				"east": {"uv": [5.5, 3.5, 6, 5.5], "texture": "#0"},
				"south": {"uv": [1.5, 0, 2.875, 2], "texture": "#0"},
				"west": {"uv": [4.5, 5.5, 5, 7.5], "texture": "#0"},
				"up": {"uv": [7.375, 5.5, 6, 5], "texture": "#0"},
				"down": {"uv": [7.375, 5.5, 6, 6], "texture": "#0"}
			}
		},
		{
			"from": [11, 1.9, 6.1],
			"to": [11.7, 4, 6.9],
			"rotation": {"angle": 0, "axis": "y", "origin": [12.4, 2, 6]},
			"faces": {
				"north": {"uv": [0, 6.5, 0.375, 7.5], "texture": "#0"},
				"east": {"uv": [0.5, 6.5, 0.875, 7.5], "texture": "#0"},
				"south": {"uv": [1, 6.5, 1.375, 7.5], "texture": "#0"},
				"west": {"uv": [6, 6.5, 6.375, 7.5], "texture": "#0"},
				"up": {"uv": [0.375, 8.375, 0, 8], "texture": "#0"},
				"down": {"uv": [0.375, 8.5, 0, 8.875], "texture": "#0"}
			}
		},
		{
			"from": [7.6, 1.9, 6.1],
			"to": [8.3, 4, 6.9],
			"rotation": {"angle": 0, "axis": "y", "origin": [9.1, 2, 6]},
			"faces": {
				"north": {"uv": [6.5, 6.5, 6.875, 7.5], "texture": "#0"},
				"east": {"uv": [1.5, 7, 1.875, 8], "texture": "#0"},
				"south": {"uv": [2, 7, 2.375, 8], "texture": "#0"},
				"west": {"uv": [2.5, 7, 2.875, 8], "texture": "#0"},
				"up": {"uv": [8.875, 0.375, 8.5, 0], "texture": "#0"},
				"down": {"uv": [8.875, 0.5, 8.5, 0.875], "texture": "#0"}
			}
		},
		{
			"from": [8, 4, 5],
			"to": [11.25, 7.25, 8],
			"rotation": {"angle": 0, "axis": "y", "origin": [9.25, 4, 6]},
			"faces": {
				"north": {"uv": [0, 2, 1.625, 3.625], "texture": "#0"},
				"east": {"uv": [3, 0, 4.5, 1.625], "texture": "#0"},
				"south": {"uv": [2, 2, 3.625, 3.625], "texture": "#0"},
				"west": {"uv": [0, 4, 1.5, 5.625], "texture": "#0"},
				"up": {"uv": [3.125, 5.5, 1.5, 4], "texture": "#0"},
				"down": {"uv": [5.625, 2, 4, 3.5], "texture": "#0"}
			}
		},
		{
			"from": [8, 6.5, 4.75],
			"to": [11.25, 7.25, 5],
			"rotation": {"angle": 0, "axis": "y", "origin": [9, 6.5, 4.75]},
			"faces": {
				"north": {"uv": [6.5, 2, 8.125, 2.375], "texture": "#0"},
				"east": {"uv": [4.5, 8.5, 4.625, 8.875], "texture": "#0"},
				"south": {"uv": [6.5, 2.5, 8.125, 2.875], "texture": "#0"},
				"west": {"uv": [8.5, 4.5, 8.625, 4.875], "texture": "#0"},
				"up": {"uv": [9.125, 5.625, 7.5, 5.5], "texture": "#0"},
				"down": {"uv": [3.125, 8, 1.5, 8.125], "texture": "#0"}
			}
		},
		{
			"from": [7.75, 6.5, 4.75],
			"to": [8, 7.25, 8.25],
			"rotation": {"angle": 0, "axis": "y", "origin": [7.75, 6.5, 7.25]},
			"faces": {
				"north": {"uv": [6, 8.5, 6.125, 8.875], "texture": "#0"},
				"east": {"uv": [6, 6, 7.75, 6.375], "texture": "#0"},
				"south": {"uv": [6.5, 8.5, 6.625, 8.875], "texture": "#0"},
				"west": {"uv": [6.5, 0, 8.25, 0.375], "texture": "#0"},
				"up": {"uv": [0.625, 9.25, 0.5, 7.5], "texture": "#0"},
				"down": {"uv": [1.125, 7.5, 1, 9.25], "texture": "#0"}
			}
		},
		{
			"from": [7.5, 6.5, 6.75],
			"to": [7.75, 6.75, 8.5],
			"rotation": {"angle": 0, "axis": "y", "origin": [7.5, 6.5, 9.25]},
			"faces": {
				"north": {"uv": [8.5, 8.5, 8.625, 8.625], "texture": "#0"},
				"east": {"uv": [8.5, 1, 9.375, 1.125], "texture": "#0"},
				"south": {"uv": [0, 9, 0.125, 9.125], "texture": "#0"},
				"west": {"uv": [1.5, 8.5, 2.375, 8.625], "texture": "#0"},
				"up": {"uv": [8.625, 2.875, 8.5, 2], "texture": "#0"},
				"down": {"uv": [2.625, 8.5, 2.5, 9.375], "texture": "#0"}
			}
		},
		{
			"from": [7.75, 6.5, 8.25],
			"to": [11.5, 6.75, 8.5],
			"rotation": {"angle": 0, "axis": "y", "origin": [10.75, 6.5, 8.5]},
			"faces": {
				"north": {"uv": [7.5, 1.5, 9.375, 1.625], "texture": "#0"},
				"east": {"uv": [1.5, 9, 1.625, 9.125], "texture": "#0"},
				"south": {"uv": [3, 7.5, 4.875, 7.625], "texture": "#0"},
				"west": {"uv": [2, 9, 2.125, 9.125], "texture": "#0"},
				"up": {"uv": [6.875, 7.625, 5, 7.5], "texture": "#0"},
				"down": {"uv": [9.375, 5, 7.5, 5.125], "texture": "#0"}
			}
		},
		{
			"from": [11.5, 6.5, 6.75],
			"to": [11.75, 6.75, 8.5],
			"rotation": {"angle": 0, "axis": "y", "origin": [11.5, 6.5, 9.25]},
			"faces": {
				"north": {"uv": [9, 0, 9.125, 0.125], "texture": "#0"},
				"east": {"uv": [3, 8.5, 3.875, 8.625], "texture": "#0"},
				"south": {"uv": [9, 0.5, 9.125, 0.625], "texture": "#0"},
				"west": {"uv": [8.5, 3, 9.375, 3.125], "texture": "#0"},
				"up": {"uv": [8.625, 4.375, 8.5, 3.5], "texture": "#0"},
				"down": {"uv": [4.125, 8.5, 4, 9.375], "texture": "#0"}
			}
		},
		{
			"from": [11.25, 6.5, 4.75],
			"to": [11.5, 7.25, 8.25],
			"rotation": {"angle": 0, "axis": "y", "origin": [11.25, 6.5, 7.25]},
			"faces": {
				"north": {"uv": [8.5, 6.5, 8.625, 6.875], "texture": "#0"},
				"east": {"uv": [6.5, 0.5, 8.25, 0.875], "texture": "#0"},
				"south": {"uv": [8, 8.5, 8.125, 8.875], "texture": "#0"},
				"west": {"uv": [6.5, 1, 8.25, 1.375], "texture": "#0"},
				"up": {"uv": [7.125, 9.25, 7, 7.5], "texture": "#0"},
				"down": {"uv": [7.625, 7, 7.5, 8.75], "texture": "#0"}
			}
		},
		{
			"from": [8, 6.5, 8],
			"to": [11.25, 7.25, 8.25],
			"rotation": {"angle": 0, "axis": "y", "origin": [9, 6.5, 8]},
			"faces": {
				"north": {"uv": [6.5, 3, 8.125, 3.375], "texture": "#0"},
				"east": {"uv": [5, 8.5, 5.125, 8.875], "texture": "#0"},
				"south": {"uv": [6.5, 3.5, 8.125, 3.875], "texture": "#0"},
				"west": {"uv": [5.5, 8.5, 5.625, 8.875], "texture": "#0"},
				"up": {"uv": [5.125, 8.125, 3.5, 8], "texture": "#0"},
				"down": {"uv": [9.625, 6, 8, 6.125], "texture": "#0"}
			}
		},
		{
			"from": [8, 7, 5],
			"to": [11.25, 7.5, 8],
			"rotation": {"angle": 0, "axis": "y", "origin": [8, 7, 5]},
			"faces": {
				"north": {"uv": [6.5, 4, 8.125, 4.25], "texture": "#0"},
				"east": {"uv": [3, 7, 4.5, 7.25], "texture": "#0"},
				"south": {"uv": [6.5, 4.5, 8.125, 4.75], "texture": "#0"},
				"west": {"uv": [7, 6.5, 8.5, 6.75], "texture": "#0"},
				"up": {"uv": [5.125, 5.5, 3.5, 4], "texture": "#0"},
				"down": {"uv": [6.125, 0, 4.5, 1.5], "texture": "#0"}
			}
		},
		{
			"from": [8.25, 7.5, 5.25],
			"to": [11, 7.75, 7.75],
			"rotation": {"angle": 0, "axis": "y", "origin": [8, 7.5, 5]},
			"faces": {
				"north": {"uv": [5.5, 8, 6.875, 8.125], "texture": "#0"},
				"east": {"uv": [8, 7.5, 9.25, 7.625], "texture": "#0"},
				"south": {"uv": [8, 7, 9.375, 7.125], "texture": "#0"},
				"west": {"uv": [8, 8, 9.25, 8.125], "texture": "#0"},
				"up": {"uv": [2.875, 6.75, 1.5, 5.5], "texture": "#0"},
				"down": {"uv": [4.375, 5.5, 3, 6.75], "texture": "#0"}
			}
		}
	],
	"display": {
		"thirdperson_righthand": {
			"translation": [-1.75, 4.5, 1]
		},
		"thirdperson_lefthand": {
			"translation": [1.75, 4.5, 1]
		},
		"firstperson_righthand": {
			"rotation": [0, -180, 0],
			"translation": [1, 6.5, 0]
		},
		"firstperson_lefthand": {
			"rotation": [0, -180, 0],
			"translation": [-2, 6.5, 0]
		},
		"ground": {
			"translation": [0, 7.25, 0],
			"scale": [1.43, 1.43, 1.43]
		},
		"gui": {
			"rotation": [0, 148, 0],
			"translation": [4, 6.25, 0],
			"scale": [1.74, 1.74, 1.74]
		},
		"head": {
			"translation": [-3.25, 21.5, 5],
			"scale": [1.87, 1.87, 1.87]
		},
		"fixed": {
			"translation": [-3.5, 9.25, 3],
			"scale": [2.14, 2.14, 2.14]
		}
	}
}