{
	"credit": "Made with Blockbench",
	"texture_size": [32, 32],
	"textures": {
		"0": "custom/bbm/laptop",
		"particle": "custom/bbm/laptop"
	},
	"elements": [
		{
			"from": [0, 0, 1],
			"to": [16, 1, 11],
			"rotation": {"angle": 0, "axis": "y", "origin": [0, 0, 1]},
			"faces": {
				"north": {"uv": [0, 10.5, 8, 11], "texture": "#0"},
				"east": {"uv": [1, 11, 6, 11.5], "texture": "#0"},
				"south": {"uv": [8, 10.5, 16, 11], "texture": "#0"},
				"west": {"uv": [6, 11, 11, 11.5], "texture": "#0"},
				"up": {"uv": [16, 5, 8, 0], "texture": "#0"},
				"down": {"uv": [16, 5, 8, 10], "texture": "#0"}
			}
		},
		{
			"from": [0, 0.6, 10.9],
			"to": [16, 10.6, 11.9],
			"rotation": {"angle": 22.5, "axis": "x", "origin": [0, 0.6, 11.9]},
			"faces": {
				"north": {"uv": [0, 0, 8, 5], "texture": "#0"},
				"east": {"uv": [0, 11, 0.5, 16], "texture": "#0"},
				"south": {"uv": [0, 5, 8, 10], "texture": "#0"},
				"west": {"uv": [0.5, 11, 1, 16], "texture": "#0"},
				"up": {"uv": [8, 10.5, 0, 10], "texture": "#0"},
				"down": {"uv": [16, 10, 8, 10.5], "texture": "#0"}
			}
		}
	],
	"display": {
		"thirdperson_righthand": {
			"translation": [0, 8, 0]
		},
		"thirdperson_lefthand": {
			"translation": [0, 8, 0]
		},
		"firstperson_righthand": {
			"rotation": [0, 180, 0],
			"translation": [2.75, 6.5, 0]
		},
		"firstperson_lefthand": {
			"rotation": [0, 180, 0],
			"translation": [2.75, 6.5, 0]
		},
		"ground": {
			"translation": [0, 5, 0]
		},
		"gui": {
			"rotation": [26, 138, 0],
			"translation": [0, 2, 0],
			"scale": [0.8, 0.8, 0.8]
		},
		"head": {
			"translation": [0, 19.15, 3.5],
			"scale": [1.6, 1.6, 1.6]
		},
		"fixed": {
			"rotation": [-90, 0, 0],
			"translation": [0, 0, -14],
			"scale": [2, 2, 2]
		}
	}
}