{
	"credit": "Made with Blockbench",
	"texture_size": [128, 128],
	"textures": {
		"0": "custom/bbm/limo",
		"particle": "custom/bbm/limo"
	},
	"elements": [
		{
			"from": [-8, -16, 0],
			"to": [24, 0, 16],
			"rotation": {"angle": 0, "axis": "y", "origin": [-8, -16, 0]},
			"faces": {
				"north": {"uv": [0, 0, 4, 2], "texture": "#0"},
				"east": {"uv": [4, 2, 6, 4], "texture": "#0"},
				"south": {"uv": [0, 2, 4, 4], "texture": "#0"},
				"west": {"uv": [4, 4, 6, 6], "texture": "#0"},
				"up": {"uv": [4, 6, 0, 4], "texture": "#0"},
				"down": {"uv": [8, 0, 4, 2], "texture": "#0"}
			}
		},
		{
			"from": [-8, 0, 0],
			"to": [-6, 24, 2],
			"rotation": {"angle": 0, "axis": "y", "origin": [-8, 0, 0]},
			"faces": {
				"north": {"uv": [4.25, 6.25, 4.5, 9.25], "texture": "#0"},
				"east": {"uv": [4.5, 6.25, 4.75, 9.25], "texture": "#0"},
				"south": {"uv": [4.75, 6.25, 5, 9.25], "texture": "#0"},
				"west": {"uv": [5, 6.25, 5.25, 9.25], "texture": "#0"},
				"up": {"uv": [4, 8.375, 3.75, 8.125], "texture": "#0"},
				"down": {"uv": [8.375, 4, 8.125, 4.25], "texture": "#0"}
			}
		},
		{
			"from": [22, 0, 0],
			"to": [24, 24, 2],
			"rotation": {"angle": 0, "axis": "y", "origin": [22, 0, 0]},
			"faces": {
				"north": {"uv": [5.25, 6.25, 5.5, 9.25], "texture": "#0"},
				"east": {"uv": [5.5, 6.25, 5.75, 9.25], "texture": "#0"},
				"south": {"uv": [5.75, 6.25, 6, 9.25], "texture": "#0"},
				"west": {"uv": [6, 6.25, 6.25, 9.25], "texture": "#0"},
				"up": {"uv": [8.375, 4.5, 8.125, 4.25], "texture": "#0"},
				"down": {"uv": [8.375, 4.875, 8.125, 5.125], "texture": "#0"}
			}
		},
		{
			"from": [-9, 17, -2],
			"to": [25, 24, 0],
			"rotation": {"angle": 0, "axis": "y", "origin": [-9, 21, -2]},
			"faces": {
				"north": {"uv": [0, 6, 4.25, 6.875], "texture": "#0"},
				"east": {"uv": [7.25, 7.625, 7.5, 8.5], "texture": "#0"},
				"south": {"uv": [6, 2, 10.25, 2.875], "texture": "#0"},
				"west": {"uv": [6.625, 7.75, 6.875, 8.625], "texture": "#0"},
				"up": {"uv": [8.5, 6.25, 4.25, 6], "texture": "#0"},
				"down": {"uv": [10.25, 4.625, 6, 4.875], "texture": "#0"}
			}
		},
		{
			"from": [-3, 0, 6],
			"to": [0, 5, 7],
			"rotation": {"angle": 0, "axis": "y", "origin": [-2, 0, 5]},
			"faces": {
				"north": {"uv": [3.75, 6.875, 4.125, 7.5], "texture": "#0"},
				"east": {"uv": [7.875, 5.25, 8, 5.875], "texture": "#0"},
				"south": {"uv": [3.75, 7.5, 4.125, 8.125], "texture": "#0"},
				"west": {"uv": [3.25, 8, 3.375, 8.625], "texture": "#0"},
				"up": {"uv": [8.5, 2, 8.125, 1.875], "texture": "#0"},
				"down": {"uv": [8.5, 5.125, 8.125, 5.25], "texture": "#0"}
			}
		},
		{
			"from": [-3, 0, 2],
			"to": [0, 5, 3],
			"rotation": {"angle": 0, "axis": "y", "origin": [-2, 0, 1]},
			"faces": {
				"north": {"uv": [7.5, 7.5, 7.875, 8.125], "texture": "#0"},
				"east": {"uv": [8, 3.25, 8.125, 3.875], "texture": "#0"},
				"south": {"uv": [6.875, 7.625, 7.25, 8.25], "texture": "#0"},
				"west": {"uv": [3.375, 8, 3.5, 8.625], "texture": "#0"},
				"up": {"uv": [8.5, 5.375, 8.125, 5.25], "texture": "#0"},
				"down": {"uv": [8.5, 5.375, 8.125, 5.5], "texture": "#0"}
			}
		},
		{
			"from": [-4, 0, 3],
			"to": [-3, 5, 6],
			"rotation": {"angle": 0, "axis": "y", "origin": [-2, 0, 4]},
			"faces": {
				"north": {"uv": [3.5, 8, 3.625, 8.625], "texture": "#0"},
				"east": {"uv": [1.875, 7.75, 2.25, 8.375], "texture": "#0"},
				"south": {"uv": [3.625, 8, 3.75, 8.625], "texture": "#0"},
				"west": {"uv": [2.25, 7.75, 2.625, 8.375], "texture": "#0"},
				"up": {"uv": [4.125, 8.5, 4, 8.125], "texture": "#0"},
				"down": {"uv": [8.25, 5.5, 8.125, 5.875], "texture": "#0"}
			}
		},
		{
			"from": [0, 0, 3],
			"to": [1, 5, 6],
			"rotation": {"angle": 0, "axis": "y", "origin": [2, 0, 4]},
			"faces": {
				"north": {"uv": [8, 5.25, 8.125, 5.875], "texture": "#0"},
				"east": {"uv": [2.625, 7.75, 3, 8.375], "texture": "#0"},
				"south": {"uv": [8, 7.5, 8.125, 8.125], "texture": "#0"},
				"west": {"uv": [6.25, 7.75, 6.625, 8.375], "texture": "#0"},
				"up": {"uv": [8.25, 6.625, 8.125, 6.25], "texture": "#0"},
				"down": {"uv": [8.25, 6.625, 8.125, 7], "texture": "#0"}
			}
		},
		{
			"from": [-3, 0, 3],
			"to": [0, 4, 6],
			"rotation": {"angle": 0, "axis": "y", "origin": [2, 0, 4]},
			"faces": {
				"north": {"uv": [0, 7.875, 0.375, 8.375], "texture": "#0"},
				"east": {"uv": [0.375, 7.875, 0.75, 8.375], "texture": "#0"},
				"south": {"uv": [0.75, 7.875, 1.125, 8.375], "texture": "#0"},
				"west": {"uv": [1.125, 7.875, 1.5, 8.375], "texture": "#0"},
				"up": {"uv": [1.875, 8.25, 1.5, 7.875], "texture": "#0"},
				"down": {"uv": [8.25, 2.875, 7.875, 3.25], "texture": "#0"}
			}
		},
		{
			"from": [15, 0, 7],
			"to": [20, 1, 12],
			"faces": {
				"north": {"uv": [6, 5.875, 6.625, 6], "texture": "#0"},
				"east": {"uv": [6.625, 5.875, 7.25, 6], "texture": "#0"},
				"south": {"uv": [7.25, 4.5, 7.875, 4.625], "texture": "#0"},
				"west": {"uv": [7.25, 5.75, 7.875, 5.875], "texture": "#0"},
				"up": {"uv": [3.75, 7.5, 3.125, 6.875], "texture": "#0"},
				"down": {"uv": [7.5, 7, 6.875, 7.625], "texture": "#0"}
			}
		},
		{
			"from": [21, 3, 9],
			"to": [23, 4, 10],
			"rotation": {"angle": 0, "axis": "y", "origin": [0, -4, 0]},
			"faces": {
				"north": {"uv": [4.125, 6.875, 4.25, 7.875], "texture": "#0"},
				"east": {"uv": [6, 4.875, 6.625, 5.875], "texture": "#0"},
				"south": {"uv": [3, 7.75, 3.125, 8.75], "texture": "#0"},
				"west": {"uv": [6.25, 6.25, 6.875, 7.25], "texture": "#0"},
				"up": {"uv": [8.25, 0.625, 8.125, 0], "texture": "#0"},
				"down": {"uv": [8.25, 0.625, 8.125, 1.25], "texture": "#0"}
			}
		},
		{
			"from": [21, 7, 9],
			"to": [23, 8, 10],
			"faces": {
				"north": {"uv": [4.125, 6.875, 4.25, 7.875], "texture": "#0"},
				"east": {"uv": [6, 4.875, 6.625, 5.875], "texture": "#0"},
				"south": {"uv": [3, 7.75, 3.125, 8.75], "texture": "#0"},
				"west": {"uv": [6.25, 6.25, 6.875, 7.25], "texture": "#0"},
				"up": {"uv": [8.25, 0.625, 8.125, 0], "texture": "#0"},
				"down": {"uv": [8.25, 0.625, 8.125, 1.25], "texture": "#0"}
			}
		},
		{
			"from": [22, 4, 9],
			"to": [23, 7, 10],
			"faces": {
				"north": {"uv": [4.125, 6.875, 4.25, 7.875], "texture": "#0"},
				"east": {"uv": [6, 4.875, 6.625, 5.875], "texture": "#0"},
				"south": {"uv": [3, 7.75, 3.125, 8.75], "texture": "#0"},
				"west": {"uv": [6.25, 6.25, 6.875, 7.25], "texture": "#0"},
				"up": {"uv": [8.25, 0.625, 8.125, 0], "texture": "#0"},
				"down": {"uv": [8.25, 0.625, 8.125, 1.25], "texture": "#0"}
			}
		},
		{
			"from": [20, 1, 7],
			"to": [21, 9, 12],
			"faces": {
				"north": {"uv": [4.125, 6.875, 4.25, 7.875], "texture": "#0"},
				"east": {"uv": [6, 4.875, 6.625, 5.875], "texture": "#0"},
				"south": {"uv": [3, 7.75, 3.125, 8.75], "texture": "#0"},
				"west": {"uv": [6.25, 6.25, 6.875, 7.25], "texture": "#0"},
				"up": {"uv": [8.25, 0.625, 8.125, 0], "texture": "#0"},
				"down": {"uv": [8.25, 0.625, 8.125, 1.25], "texture": "#0"}
			}
		},
		{
			"from": [14, 1, 7],
			"to": [15, 8, 12],
			"rotation": {"angle": 0, "axis": "y", "origin": [-6, 0, 0]},
			"faces": {
				"north": {"uv": [7.875, 3.25, 8, 4.125], "texture": "#0"},
				"east": {"uv": [1.875, 6.875, 2.5, 7.75], "texture": "#0"},
				"south": {"uv": [3.125, 8, 3.25, 8.875], "texture": "#0"},
				"west": {"uv": [2.5, 6.875, 3.125, 7.75], "texture": "#0"},
				"up": {"uv": [8.25, 1.875, 8.125, 1.25], "texture": "#0"},
				"down": {"uv": [8.25, 3.25, 8.125, 3.875], "texture": "#0"}
			}
		},
		{
			"from": [15, 1, 6],
			"to": [20, 9, 7],
			"rotation": {"angle": 0, "axis": "y", "origin": [20, 0, 6]},
			"faces": {
				"north": {"uv": [6.625, 4.875, 7.25, 5.875], "texture": "#0"},
				"east": {"uv": [4.125, 7.875, 4.25, 8.875], "texture": "#0"},
				"south": {"uv": [0, 6.875, 0.625, 7.875], "texture": "#0"},
				"west": {"uv": [7.875, 7.5, 8, 8.5], "texture": "#0"},
				"up": {"uv": [7.875, 6, 7.25, 5.875], "texture": "#0"},
				"down": {"uv": [8.5, 4.5, 7.875, 4.625], "texture": "#0"}
			}
		},
		{
			"from": [15, 1, 12],
			"to": [20, 9, 13],
			"rotation": {"angle": 0, "axis": "y", "origin": [20, 0, 12]},
			"faces": {
				"north": {"uv": [0.625, 6.875, 1.25, 7.875], "texture": "#0"},
				"east": {"uv": [8, 0, 8.125, 1], "texture": "#0"},
				"south": {"uv": [1.25, 6.875, 1.875, 7.875], "texture": "#0"},
				"west": {"uv": [8, 1, 8.125, 2], "texture": "#0"},
				"up": {"uv": [8.5, 6, 7.875, 5.875], "texture": "#0"},
				"down": {"uv": [8.625, 3.875, 8, 4], "texture": "#0"}
			}
		},
		{
			"from": [14, 8, 7],
			"to": [15, 9, 9],
			"rotation": {"angle": 0, "axis": "y", "origin": [13, 8, 7]},
			"faces": {
				"north": {"uv": [8, 4, 8.125, 4.125], "texture": "#0"},
				"east": {"uv": [8.125, 7, 8.375, 7.125], "texture": "#0"},
				"south": {"uv": [8, 8.125, 8.125, 8.25], "texture": "#0"},
				"west": {"uv": [8.125, 7.125, 8.375, 7.25], "texture": "#0"},
				"up": {"uv": [8.25, 7.5, 8.125, 7.25], "texture": "#0"},
				"down": {"uv": [7.625, 8.125, 7.5, 8.375], "texture": "#0"}
			}
		},
		{
			"from": [13, 7, 9],
			"to": [14, 8, 10],
			"rotation": {"angle": 0, "axis": "y", "origin": [12, 7, 9]},
			"faces": {
				"north": {"uv": [8.25, 0.125, 8.375, 0.25], "texture": "#0"},
				"east": {"uv": [8.25, 0.25, 8.375, 0.375], "texture": "#0"},
				"south": {"uv": [8.25, 0.375, 8.375, 0.5], "texture": "#0"},
				"west": {"uv": [8.25, 0.5, 8.375, 0.625], "texture": "#0"},
				"up": {"uv": [8.375, 0.75, 8.25, 0.625], "texture": "#0"},
				"down": {"uv": [8.375, 0.75, 8.25, 0.875], "texture": "#0"}
			}
		},
		{
			"from": [13, 8, 10],
			"to": [14, 9, 11],
			"rotation": {"angle": 0, "axis": "y", "origin": [12, 8, 10]},
			"faces": {
				"north": {"uv": [8.25, 0.875, 8.375, 1], "texture": "#0"},
				"east": {"uv": [8.25, 1, 8.375, 1.125], "texture": "#0"},
				"south": {"uv": [8.25, 1.125, 8.375, 1.25], "texture": "#0"},
				"west": {"uv": [8.25, 1.25, 8.375, 1.375], "texture": "#0"},
				"up": {"uv": [8.375, 1.5, 8.25, 1.375], "texture": "#0"},
				"down": {"uv": [1.625, 8.25, 1.5, 8.375], "texture": "#0"}
			}
		},
		{
			"from": [13, 8, 8],
			"to": [14, 9, 9],
			"rotation": {"angle": 0, "axis": "y", "origin": [12, 8, 8]},
			"faces": {
				"north": {"uv": [8.25, 1.5, 8.375, 1.625], "texture": "#0"},
				"east": {"uv": [1.625, 8.25, 1.75, 8.375], "texture": "#0"},
				"south": {"uv": [8.25, 1.625, 8.375, 1.75], "texture": "#0"},
				"west": {"uv": [1.75, 8.25, 1.875, 8.375], "texture": "#0"},
				"up": {"uv": [8.375, 1.875, 8.25, 1.75], "texture": "#0"},
				"down": {"uv": [8.375, 2.875, 8.25, 3], "texture": "#0"}
			}
		},
		{
			"from": [14, 8, 10],
			"to": [15, 9, 12],
			"rotation": {"angle": 0, "axis": "y", "origin": [13, 8, 10]},
			"faces": {
				"north": {"uv": [8.125, 8.125, 8.25, 8.25], "texture": "#0"},
				"east": {"uv": [8.125, 7.5, 8.375, 7.625], "texture": "#0"},
				"south": {"uv": [8.25, 0, 8.375, 0.125], "texture": "#0"},
				"west": {"uv": [7.625, 8.125, 7.875, 8.25], "texture": "#0"},
				"up": {"uv": [8.25, 7.875, 8.125, 7.625], "texture": "#0"},
				"down": {"uv": [8.25, 7.875, 8.125, 8.125], "texture": "#0"}
			}
		},
		{
			"from": [15, 1, 7],
			"to": [20, 5, 12],
			"rotation": {"angle": 0, "axis": "y", "origin": [16, 0, 8]},
			"faces": {
				"north": {"uv": [7.25, 5.25, 7.875, 5.75], "texture": "#0"},
				"east": {"uv": [6.25, 7.25, 6.875, 7.75], "texture": "#0"},
				"south": {"uv": [3.125, 7.5, 3.75, 8], "texture": "#0"},
				"west": {"uv": [7.5, 7, 8.125, 7.5], "texture": "#0"},
				"up": {"uv": [7.875, 3.5, 7.25, 2.875], "texture": "#0"},
				"down": {"uv": [7.875, 3.5, 7.25, 4.125], "texture": "#0"}
			}
		},
		{
			"from": [-6, 0, 8],
			"to": [4, 3, 15],
			"rotation": {"angle": 0, "axis": "y", "origin": [0, 0, 12]},
			"faces": {
				"north": {"uv": [6.875, 6.25, 8.125, 6.625], "texture": "#0"},
				"east": {"uv": [7.25, 4.125, 8.125, 4.5], "texture": "#0"},
				"south": {"uv": [6.875, 6.625, 8.125, 7], "texture": "#0"},
				"west": {"uv": [7.25, 4.875, 8.125, 5.25], "texture": "#0"},
				"up": {"uv": [7.25, 3.75, 6, 2.875], "texture": "#0"},
				"down": {"uv": [7.25, 3.75, 6, 4.625], "texture": "#0"}
			}
		},
		{
			"from": [-1.5, 1, 15],
			"to": [-0.5, 2, 15.25],
			"rotation": {"angle": 0, "axis": "y", "origin": [-1.5, 1, 15]},
			"faces": {
				"north": {"uv": [8.25, 3, 8.375, 3.125], "texture": "#0"},
				"east": {"uv": [8.25, 3.125, 8.375, 3.25], "texture": "#0"},
				"south": {"uv": [8.25, 3.25, 8.375, 3.375], "texture": "#0"},
				"west": {"uv": [8.25, 3.375, 8.375, 3.5], "texture": "#0"},
				"up": {"uv": [8.375, 3.625, 8.25, 3.5], "texture": "#0"},
				"down": {"uv": [8.375, 3.625, 8.25, 3.75], "texture": "#0"}
			}
		}
	],
	"display": {
		"thirdperson_righthand": {
			"rotation": [67.5, 0, 0],
			"translation": [-5.5, 11.5, 6]
		},
		"thirdperson_lefthand": {
			"rotation": [67.5, 0, 0],
			"translation": [-5.5, 11.5, 6]
		},
		"firstperson_righthand": {
			"rotation": [0, 180, 0],
			"translation": [-1.5, 7.25, 0],
			"scale": [0.25, 0.25, 0.25]
		},
		"firstperson_lefthand": {
			"rotation": [0, 180, 0],
			"translation": [-1.5, 7.25, 0],
			"scale": [0.25, 0.25, 0.25]
		},
		"ground": {
			"translation": [0, 24.5, 0]
		},
		"gui": {
			"rotation": [17, 140, 0],
			"translation": [0, 1.5, 0],
			"scale": [0.3, 0.3, 0.3]
		},
		"head": {
			"translation": [0, -7, -22.5],
			"scale": [1.6, 1.6, 1.6]
		},
		"fixed": {
			"rotation": [-90, 0, 0],
			"translation": [0, 0, -46],
			"scale": [2, 2, 2]
		}
	},
	"groups": [
		0,
		1,
		2,
		3,
		{
			"name": "limonade",
			"origin": [8, 8, 8],
			"color": 0,
			"children": [4, 5, 6, 7, 8]
		},
		{
			"name": "kanne",
			"origin": [8, 8, 8],
			"color": 0,
			"children": [9, 10, 11, 12, 13, 14, 15, 16, 17, 18, 19, 20, 21, 22]
		},
		{
			"name": "kasse",
			"origin": [8, 8, 8],
			"color": 0,
			"children": [23, 24]
		}
	]
}