{
	"credit": "Made with Blockbench",
	"texture_size": [32, 32],
	"textures": {
		"0": "custom/bbm/mikro"
	},
	"elements": [
		{
			"from": [4, 0, 4],
			"to": [12, 1, 12],
			"rotation": {"angle": 0, "axis": "y", "origin": [4, 0, 4]},
			"faces": {
				"north": {"uv": [6, 4, 10, 4.5], "texture": "#0"},
				"east": {"uv": [6, 4.5, 10, 5], "texture": "#0"},
				"south": {"uv": [6, 5, 10, 5.5], "texture": "#0"},
				"west": {"uv": [6, 5.5, 10, 6], "texture": "#0"},
				"up": {"uv": [4, 4, 0, 0], "texture": "#0"},
				"down": {"uv": [4, 4, 0, 8], "texture": "#0"}
			}
		},
		{
			"from": [7.5, 1, 7.5],
			"to": [8.5, 21, 8.5],
			"rotation": {"angle": 0, "axis": "y", "origin": [7.5, 1, 7.5]},
			"faces": {
				"north": {"uv": [4, 0, 4.5, 10], "texture": "#0"},
				"east": {"uv": [4.5, 0, 5, 10], "texture": "#0"},
				"south": {"uv": [5, 0, 5.5, 10], "texture": "#0"},
				"west": {"uv": [5.5, 0, 6, 10], "texture": "#0"},
				"up": {"uv": [8, 2.5, 7.5, 2], "texture": "#0"},
				"down": {"uv": [8, 2.5, 7.5, 3], "texture": "#0"}
			}
		},
		{
			"from": [6.5, 20, 6.25],
			"to": [9.5, 24, 8.25],
			"rotation": {"angle": 22.5, "axis": "x", "origin": [6.5, 20, 8.25]},
			"faces": {
				"north": {"uv": [6, 0, 7.5, 2], "texture": "#0"},
				"east": {"uv": [6, 6, 7, 8], "texture": "#0"},
				"south": {"uv": [6, 2, 7.5, 4], "texture": "#0"},
				"west": {"uv": [7, 6, 8, 8], "texture": "#0"},
				"up": {"uv": [9, 1, 7.5, 0], "texture": "#0"},
				"down": {"uv": [9, 1, 7.5, 2], "texture": "#0"}
			}
		}
	],
	"display": {
		"thirdperson_righthand": {
			"rotation": [40, 180, -30]
		},
		"thirdperson_lefthand": {
			"rotation": [40, 180, -30]
		},
		"firstperson_righthand": {
			"rotation": [5, 180, -40],
			"translation": [1.25, -5, 0.5]
		},
		"firstperson_lefthand": {
			"rotation": [5, 180, -40],
			"translation": [1.25, -5, 0.5]
		},
		"ground": {
			"translation": [0, 4.5, 0]
		},
		"gui": {
			"rotation": [27, 142, 0],
			"translation": [0, -1.75, 0],
			"scale": [0.6, 0.6, 0.6]
		},
		"head": {
			"translation": [0, -32, -20.25],
			"scale": [1.58, 1.58, 1.58]
		},
		"fixed": {
			"rotation": [-90, 0, 0],
			"translation": [0, 0, -14],
			"scale": [2, 2, 2]
		}
	}
}