{
	"credit": "Made with Blockbench",
	"texture_size": [32, 32],
	"textures": {
		"0": "custom/bbm/mstone",
		"particle": "custom/bbm/mstone"
	},
	"elements": [
		{
			"from": [7, 0, 6],
			"to": [10, 4, 10],
			"faces": {
				"north": {"uv": [4.5, 2, 6, 4], "texture": "#0"},
				"east": {"uv": [2.5, 0, 4.5, 2], "texture": "#0"},
				"south": {"uv": [0, 6, 1.5, 8], "texture": "#0"},
				"west": {"uv": [2.5, 2, 4.5, 4], "texture": "#0"},
				"up": {"uv": [3, 8, 1.5, 6], "texture": "#0"},
				"down": {"uv": [7.5, 2, 6, 4], "texture": "#0"}
			}
		},
		{
			"from": [6.5, 0, 6],
			"to": [7, 4, 10.6],
			"faces": {
				"north": {"uv": [8, 9.5, 8.25, 11.5], "texture": "#0"},
				"east": {"uv": [0, 0, 2.25, 2], "texture": "#0"},
				"south": {"uv": [8.5, 9.5, 8.75, 11.5], "texture": "#0"},
				"west": {"uv": [0, 2, 2.25, 4], "texture": "#0"},
				"up": {"uv": [3.25, 11.75, 3, 9.5], "texture": "#0"},
				"down": {"uv": [9.75, 3, 9.5, 5.25], "texture": "#0"}
			}
		},
		{
			"from": [7, 0, 5.4],
			"to": [10, 3.7, 6],
			"faces": {
				"north": {"uv": [3, 6, 4.5, 7.875], "texture": "#0"},
				"east": {"uv": [10, 3, 10.25, 4.875], "texture": "#0"},
				"south": {"uv": [6, 4, 7.5, 5.875], "texture": "#0"},
				"west": {"uv": [4.5, 10, 4.75, 11.875], "texture": "#0"},
				"up": {"uv": [11.5, 7.25, 10, 7], "texture": "#0"},
				"down": {"uv": [11.5, 7.5, 10, 7.75], "texture": "#0"}
			}
		},
		{
			"from": [10, 0, 6],
			"to": [10.5, 4, 10],
			"faces": {
				"north": {"uv": [0, 10, 0.25, 12], "texture": "#0"},
				"east": {"uv": [0, 4, 2, 6], "texture": "#0"},
				"south": {"uv": [0.5, 10, 0.75, 12], "texture": "#0"},
				"west": {"uv": [2, 4, 4, 6], "texture": "#0"},
				"up": {"uv": [1.25, 12, 1, 10], "texture": "#0"},
				"down": {"uv": [1.75, 10, 1.5, 12], "texture": "#0"}
			}
		},
		{
			"from": [7, 0, 10],
			"to": [10.5, 4, 10.6],
			"faces": {
				"north": {"uv": [4, 4, 5.75, 6], "texture": "#0"},
				"east": {"uv": [2, 10, 2.25, 12], "texture": "#0"},
				"south": {"uv": [4.5, 0, 6.25, 2], "texture": "#0"},
				"west": {"uv": [2.5, 10, 2.75, 12], "texture": "#0"},
				"up": {"uv": [11.25, 6.75, 9.5, 6.5], "texture": "#0"},
				"down": {"uv": [11.75, 5, 10, 5.25], "texture": "#0"}
			}
		},
		{
			"from": [10, 0, 6],
			"to": [13, 2, 9],
			"faces": {
				"north": {"uv": [5.5, 7.5, 7, 8.5], "texture": "#0"},
				"east": {"uv": [7, 7.5, 8.5, 8.5], "texture": "#0"},
				"south": {"uv": [0, 8, 1.5, 9], "texture": "#0"},
				"west": {"uv": [1.5, 8, 3, 9], "texture": "#0"},
				"up": {"uv": [6, 7.5, 4.5, 6], "texture": "#0"},
				"down": {"uv": [7.5, 6, 6, 7.5], "texture": "#0"}
			}
		},
		{
			"from": [10, 0, 4],
			"to": [12, 1.3, 6],
			"faces": {
				"north": {"uv": [1, 9, 2, 9.625], "texture": "#0"},
				"east": {"uv": [2, 9, 3, 9.625], "texture": "#0"},
				"south": {"uv": [9, 7, 10, 7.625], "texture": "#0"},
				"west": {"uv": [9, 8, 10, 8.625], "texture": "#0"},
				"up": {"uv": [9.5, 1, 8.5, 0], "texture": "#0"},
				"down": {"uv": [9.5, 1, 8.5, 2], "texture": "#0"}
			}
		},
		{
			"from": [7.4, 4, 6],
			"to": [9, 4.6, 8],
			"faces": {
				"north": {"uv": [11, 2, 11.75, 2.25], "texture": "#0"},
				"east": {"uv": [10.5, 4, 11.5, 4.25], "texture": "#0"},
				"south": {"uv": [11, 2.5, 11.75, 2.75], "texture": "#0"},
				"west": {"uv": [10.5, 4.5, 11.5, 4.75], "texture": "#0"},
				"up": {"uv": [8.25, 9.5, 7.5, 8.5], "texture": "#0"},
				"down": {"uv": [0.75, 9, 0, 10], "texture": "#0"}
			}
		},
		{
			"from": [7.6, 4.6, 6.3],
			"to": [8.6, 5.3, 7.4],
			"faces": {
				"north": {"uv": [11, 3, 11.5, 3.375], "texture": "#0"},
				"east": {"uv": [11, 3.5, 11.5, 3.875], "texture": "#0"},
				"south": {"uv": [5, 11, 5.5, 11.375], "texture": "#0"},
				"west": {"uv": [11, 5.5, 11.5, 5.875], "texture": "#0"},
				"up": {"uv": [11, 6, 10.5, 5.5], "texture": "#0"},
				"down": {"uv": [6.5, 10.5, 6, 11], "texture": "#0"}
			}
		},
		{
			"from": [9, 4, 9.5],
			"to": [10.7, 4.2, 10.8],
			"faces": {
				"north": {"uv": [11.5, 6, 12.375, 6.125], "texture": "#0"},
				"east": {"uv": [12, 0, 12.625, 0.125], "texture": "#0"},
				"south": {"uv": [11.5, 6.5, 12.375, 6.625], "texture": "#0"},
				"west": {"uv": [0.5, 12, 1.125, 12.125], "texture": "#0"},
				"up": {"uv": [6.375, 10.125, 5.5, 9.5], "texture": "#0"},
				"down": {"uv": [10.375, 5.5, 9.5, 6.125], "texture": "#0"}
			}
		},
		{
			"from": [9, 3, 10.6],
			"to": [10.5, 4, 10.8],
			"faces": {
				"north": {"uv": [6.5, 1.5, 7.25, 2], "texture": "#0"},
				"east": {"uv": [4.5, 12, 4.625, 12.5], "texture": "#0"},
				"south": {"uv": [10, 8, 10.75, 8.5], "texture": "#0"},
				"west": {"uv": [12, 4.5, 12.125, 5], "texture": "#0"},
				"up": {"uv": [12.25, 7.125, 11.5, 7], "texture": "#0"},
				"down": {"uv": [12.25, 7.5, 11.5, 7.625], "texture": "#0"}
			}
		},
		{
			"from": [10.5, 3, 9.5],
			"to": [10.7, 4, 10.8],
			"faces": {
				"north": {"uv": [5, 12, 5.125, 12.5], "texture": "#0"},
				"east": {"uv": [10.5, 1, 11.125, 1.5], "texture": "#0"},
				"south": {"uv": [12, 5, 12.125, 5.5], "texture": "#0"},
				"west": {"uv": [10.5, 1.5, 11.125, 2], "texture": "#0"},
				"up": {"uv": [12.125, 1.125, 12, 0.5], "texture": "#0"},
				"down": {"uv": [1.625, 12, 1.5, 12.625], "texture": "#0"}
			}
		},
		{
			"from": [10.5, 2, 6],
			"to": [10.9, 3.2, 8],
			"faces": {
				"north": {"uv": [9.5, 11, 9.75, 11.625], "texture": "#0"},
				"east": {"uv": [9, 9, 10, 9.625], "texture": "#0"},
				"south": {"uv": [10, 11, 10.25, 11.625], "texture": "#0"},
				"west": {"uv": [9.5, 0, 10.5, 0.625], "texture": "#0"},
				"up": {"uv": [9.25, 11.5, 9, 10.5], "texture": "#0"},
				"down": {"uv": [10.75, 9, 10.5, 10], "texture": "#0"}
			}
		},
		{
			"from": [12.2, 2, 6.5],
			"to": [12.8, 2.2, 7.5],
			"faces": {
				"north": {"uv": [5, 12.5, 5.25, 12.625], "texture": "#0"},
				"east": {"uv": [12, 5.5, 12.5, 5.625], "texture": "#0"},
				"south": {"uv": [12.5, 5, 12.75, 5.125], "texture": "#0"},
				"west": {"uv": [6, 12, 6.5, 12.125], "texture": "#0"},
				"up": {"uv": [11.75, 1, 11.5, 0.5], "texture": "#0"},
				"down": {"uv": [11.75, 1, 11.5, 1.5], "texture": "#0"}
			}
		},
		{
			"from": [13, 0.8, 7.3],
			"to": [13.2, 1.4, 7.7],
			"faces": {
				"north": {"uv": [12.5, 5.5, 12.625, 5.75], "texture": "#0"},
				"east": {"uv": [6.5, 12, 6.75, 12.25], "texture": "#0"},
				"south": {"uv": [6, 12.5, 6.125, 12.75], "texture": "#0"},
				"west": {"uv": [7, 12, 7.25, 12.25], "texture": "#0"},
				"up": {"uv": [12.625, 6.25, 12.5, 6], "texture": "#0"},
				"down": {"uv": [6.625, 12.5, 6.5, 12.75], "texture": "#0"}
			}
		},
		{
			"from": [10.5, 0, 9],
			"to": [12, 0.6, 12],
			"faces": {
				"north": {"uv": [6, 11, 6.75, 11.25], "texture": "#0"},
				"east": {"uv": [10, 8.5, 11.5, 8.75], "texture": "#0"},
				"south": {"uv": [11, 8, 11.75, 8.25], "texture": "#0"},
				"west": {"uv": [9, 10, 10.5, 10.25], "texture": "#0"},
				"up": {"uv": [7.25, 1.5, 6.5, 0], "texture": "#0"},
				"down": {"uv": [3.75, 8, 3, 9.5], "texture": "#0"}
			}
		},
		{
			"from": [8.5, 0, 10.6],
			"to": [10.5, 1.7, 12.7],
			"faces": {
				"north": {"uv": [8.5, 4, 9.5, 4.875], "texture": "#0"},
				"east": {"uv": [8.5, 5, 9.5, 5.875], "texture": "#0"},
				"south": {"uv": [5.5, 8.5, 6.5, 9.375], "texture": "#0"},
				"west": {"uv": [8.5, 6, 9.5, 6.875], "texture": "#0"},
				"up": {"uv": [9.5, 3, 8.5, 2], "texture": "#0"},
				"down": {"uv": [9.5, 3, 8.5, 4], "texture": "#0"}
			}
		},
		{
			"from": [5.8, 0, 8.6],
			"to": [6.5, 4.3, 10.6],
			"faces": {
				"north": {"uv": [7, 8.5, 7.375, 10.625], "texture": "#0"},
				"east": {"uv": [7.5, 0, 8.5, 2.125], "texture": "#0"},
				"south": {"uv": [8.5, 7, 8.875, 9.125], "texture": "#0"},
				"west": {"uv": [7.5, 2.5, 8.5, 4.625], "texture": "#0"},
				"up": {"uv": [5.375, 11, 5, 10], "texture": "#0"},
				"down": {"uv": [10.375, 9, 10, 10], "texture": "#0"}
			}
		},
		{
			"from": [5.8, 0, 10.6],
			"to": [7.8, 4.3, 11.1],
			"faces": {
				"north": {"uv": [4.5, 7.5, 5.5, 9.625], "texture": "#0"},
				"east": {"uv": [3.5, 9.5, 3.75, 11.625], "texture": "#0"},
				"south": {"uv": [7.5, 5, 8.5, 7.125], "texture": "#0"},
				"west": {"uv": [7.5, 9.5, 7.75, 11.625], "texture": "#0"},
				"up": {"uv": [11.5, 6.25, 10.5, 6], "texture": "#0"},
				"down": {"uv": [10.5, 10.5, 9.5, 10.75], "texture": "#0"}
			}
		},
		{
			"from": [6.5, 4, 8.6],
			"to": [7.8, 4.3, 10.6],
			"faces": {
				"north": {"uv": [2, 12, 2.625, 12.125], "texture": "#0"},
				"east": {"uv": [11.5, 1.5, 12.5, 1.625], "texture": "#0"},
				"south": {"uv": [12, 2, 12.625, 2.125], "texture": "#0"},
				"west": {"uv": [11.5, 3, 12.5, 3.125], "texture": "#0"},
				"up": {"uv": [10.125, 2, 9.5, 1], "texture": "#0"},
				"down": {"uv": [10.125, 2, 9.5, 3], "texture": "#0"}
			}
		},
		{
			"from": [14, 0, 11],
			"to": [15, 0.2, 12.2],
			"faces": {
				"north": {"uv": [7.5, 12, 8, 12.125], "texture": "#0"},
				"east": {"uv": [12, 2.5, 12.625, 2.625], "texture": "#0"},
				"south": {"uv": [8, 12, 8.5, 12.125], "texture": "#0"},
				"west": {"uv": [3, 12, 3.625, 12.125], "texture": "#0"},
				"up": {"uv": [11, 2.625, 10.5, 2], "texture": "#0"},
				"down": {"uv": [11, 3, 10.5, 3.625], "texture": "#0"}
			}
		},
		{
			"from": [12.7, 0, 2.1],
			"to": [13.6, 0.2, 3],
			"faces": {
				"north": {"uv": [12, 8, 12.5, 8.125], "texture": "#0"},
				"east": {"uv": [8.5, 12, 9, 12.125], "texture": "#0"},
				"south": {"uv": [9, 12, 9.5, 12.125], "texture": "#0"},
				"west": {"uv": [9.5, 12, 10, 12.125], "texture": "#0"},
				"up": {"uv": [11, 10.5, 10.5, 10], "texture": "#0"},
				"down": {"uv": [11, 10.5, 10.5, 11], "texture": "#0"}
			}
		},
		{
			"from": [4, 0, 12],
			"to": [5.4, 0.2, 13.1],
			"faces": {
				"north": {"uv": [8, 11.5, 8.75, 11.625], "texture": "#0"},
				"east": {"uv": [10, 12, 10.5, 12.125], "texture": "#0"},
				"south": {"uv": [11.5, 8.5, 12.25, 8.625], "texture": "#0"},
				"west": {"uv": [12, 10, 12.5, 10.125], "texture": "#0"},
				"up": {"uv": [11.25, 0.5, 10.5, 0], "texture": "#0"},
				"down": {"uv": [11.25, 0.5, 10.5, 1], "texture": "#0"}
			}
		},
		{
			"from": [8.8, 4, 8.3],
			"to": [9.1, 8.4, 9],
			"faces": {
				"north": {"uv": [4, 10.5, 4.125, 12.75], "texture": "#0"},
				"east": {"uv": [4, 8, 4.375, 10.25], "texture": "#0"},
				"south": {"uv": [5.5, 10.5, 5.625, 12.75], "texture": "#0"},
				"west": {"uv": [6.5, 8.5, 6.875, 10.75], "texture": "#0"},
				"up": {"uv": [12.625, 1.875, 12.5, 1.5], "texture": "#0"},
				"down": {"uv": [2.125, 12.5, 2, 12.875], "texture": "#0"}
			}
		},
		{
			"from": [8.7, 8.4, 8.2],
			"to": [9.2, 8.5, 9.1],
			"faces": {
				"north": {"uv": [12.5, 6.5, 12.75, 6.625], "texture": "#0"},
				"east": {"uv": [10.5, 12, 11, 12.125], "texture": "#0"},
				"south": {"uv": [7, 12.5, 7.25, 12.625], "texture": "#0"},
				"west": {"uv": [12, 10.5, 12.5, 10.625], "texture": "#0"},
				"up": {"uv": [11.75, 4, 11.5, 3.5], "texture": "#0"},
				"down": {"uv": [11.75, 4, 11.5, 4.5], "texture": "#0"}
			}
		},
		{
			"from": [8.7, 8.5, 8.1],
			"to": [9.2, 8.6, 9.2],
			"faces": {
				"north": {"uv": [12.5, 7, 12.75, 7.125], "texture": "#0"},
				"east": {"uv": [12, 11, 12.5, 11.125], "texture": "#0"},
				"south": {"uv": [7.5, 12.5, 7.75, 12.625], "texture": "#0"},
				"west": {"uv": [11.5, 12, 12, 12.125], "texture": "#0"},
				"up": {"uv": [11.75, 5, 11.5, 4.5], "texture": "#0"},
				"down": {"uv": [5.25, 11.5, 5, 12], "texture": "#0"}
			}
		},
		{
			"from": [8.7, 8.6, 8],
			"to": [9.2, 8.7, 9.3],
			"faces": {
				"north": {"uv": [12.5, 7.5, 12.75, 7.625], "texture": "#0"},
				"east": {"uv": [12, 3.5, 12.625, 3.625], "texture": "#0"},
				"south": {"uv": [8, 12.5, 8.25, 12.625], "texture": "#0"},
				"west": {"uv": [12, 4, 12.625, 4.125], "texture": "#0"},
				"up": {"uv": [11.25, 10.625, 11, 10], "texture": "#0"},
				"down": {"uv": [10.75, 11, 10.5, 11.625], "texture": "#0"}
			}
		},
		{
			"from": [8.7, 8.7, 7.9],
			"to": [9.2, 8.8, 9.4],
			"faces": {
				"north": {"uv": [12.5, 8, 12.75, 8.125], "texture": "#0"},
				"east": {"uv": [11.5, 9, 12.25, 9.125], "texture": "#0"},
				"south": {"uv": [8.5, 12.5, 8.75, 12.625], "texture": "#0"},
				"west": {"uv": [11.5, 9.5, 12.25, 9.625], "texture": "#0"},
				"up": {"uv": [7.25, 11.75, 7, 11], "texture": "#0"},
				"down": {"uv": [11.25, 9, 11, 9.75], "texture": "#0"}
			}
		},
		{
			"from": [8.7, 8.8, 8.1],
			"to": [9.2, 8.9, 9.2],
			"faces": {
				"north": {"uv": [12.5, 8.5, 12.75, 8.625], "texture": "#0"},
				"east": {"uv": [12, 11.5, 12.5, 11.625], "texture": "#0"},
				"south": {"uv": [9, 12.5, 9.25, 12.625], "texture": "#0"},
				"west": {"uv": [12, 12, 12.5, 12.125], "texture": "#0"},
				"up": {"uv": [11.75, 6, 11.5, 5.5], "texture": "#0"},
				"down": {"uv": [6.25, 11.5, 6, 12], "texture": "#0"}
			}
		},
		{
			"from": [8.7, 8.9, 8.3],
			"to": [9.2, 9, 9],
			"faces": {
				"north": {"uv": [12.5, 9, 12.75, 9.125], "texture": "#0"},
				"east": {"uv": [2.5, 12.5, 2.875, 12.625], "texture": "#0"},
				"south": {"uv": [9.5, 12.5, 9.75, 12.625], "texture": "#0"},
				"west": {"uv": [3, 12.5, 3.375, 12.625], "texture": "#0"},
				"up": {"uv": [6.75, 11.875, 6.5, 11.5], "texture": "#0"},
				"down": {"uv": [9.25, 11.5, 9, 11.875], "texture": "#0"}
			}
		},
		{
			"from": [8.8, 9, 8.5],
			"to": [9.1, 10.5, 8.8],
			"faces": {
				"north": {"uv": [11.5, 10, 11.625, 10.75], "texture": "#0"},
				"east": {"uv": [11, 11.5, 11.125, 12.25], "texture": "#0"},
				"south": {"uv": [11.5, 11, 11.625, 11.75], "texture": "#0"},
				"west": {"uv": [0, 12, 0.125, 12.75], "texture": "#0"},
				"up": {"uv": [12.625, 11.625, 12.5, 11.5], "texture": "#0"},
				"down": {"uv": [12.125, 12.5, 12, 12.625], "texture": "#0"}
			}
		},
		{
			"from": [8.7, 10.5, 8.4],
			"to": [9.2, 10.7, 8.9],
			"faces": {
				"north": {"uv": [12.5, 9.5, 12.75, 9.625], "texture": "#0"},
				"east": {"uv": [10, 12.5, 10.25, 12.625], "texture": "#0"},
				"south": {"uv": [12.5, 10, 12.75, 10.125], "texture": "#0"},
				"west": {"uv": [10.5, 12.5, 10.75, 12.625], "texture": "#0"},
				"up": {"uv": [0.75, 12.75, 0.5, 12.5], "texture": "#0"},
				"down": {"uv": [12.75, 0.5, 12.5, 0.75], "texture": "#0"}
			}
		},
		{
			"from": [8.6, 10.7, 8.3],
			"to": [9.3, 10.8, 9],
			"faces": {
				"north": {"uv": [12.5, 3, 12.875, 3.125], "texture": "#0"},
				"east": {"uv": [3.5, 12.5, 3.875, 12.625], "texture": "#0"},
				"south": {"uv": [4.5, 12.5, 4.875, 12.625], "texture": "#0"},
				"west": {"uv": [12.5, 4.5, 12.875, 4.625], "texture": "#0"},
				"up": {"uv": [11.375, 11.375, 11, 11], "texture": "#0"},
				"down": {"uv": [11.875, 0, 11.5, 0.375], "texture": "#0"}
			}
		},
		{
			"from": [8.7, 10.8, 8.4],
			"to": [9.2, 10.9, 8.9],
			"faces": {
				"north": {"uv": [12.5, 10.5, 12.75, 10.625], "texture": "#0"},
				"east": {"uv": [11, 12.5, 11.25, 12.625], "texture": "#0"},
				"south": {"uv": [12.5, 11, 12.75, 11.125], "texture": "#0"},
				"west": {"uv": [11.5, 12.5, 11.75, 12.625], "texture": "#0"},
				"up": {"uv": [1.25, 12.75, 1, 12.5], "texture": "#0"},
				"down": {"uv": [12.75, 1, 12.5, 1.25], "texture": "#0"}
			}
		},
		{
			"from": [8.8, 10.9, 8.5],
			"to": [9.1, 11.1, 8.8],
			"faces": {
				"north": {"uv": [12.5, 12, 12.625, 12.125], "texture": "#0"},
				"east": {"uv": [12.5, 12.5, 12.625, 12.625], "texture": "#0"},
				"south": {"uv": [0, 13, 0.125, 13.125], "texture": "#0"},
				"west": {"uv": [13, 0, 13.125, 0.125], "texture": "#0"},
				"up": {"uv": [0.625, 13.125, 0.5, 13], "texture": "#0"},
				"down": {"uv": [13.125, 0.5, 13, 0.625], "texture": "#0"}
			}
		}
	],
	"display": {
		"thirdperson_righthand": {
			"translation": [0, 6.25, 0]
		},
		"thirdperson_lefthand": {
			"translation": [1.25, 6.25, 0]
		},
		"firstperson_righthand": {
			"translation": [0, 6, 0]
		},
		"firstperson_lefthand": {
			"translation": [0, 6.5, 0]
		},
		"ground": {
			"translation": [0, 9, 0],
			"scale": [1.6, 1.6, 1.6]
		},
		"gui": {
			"rotation": [0, -90, 0],
			"translation": [-0.5, 4, 0],
			"scale": [1.47, 1.47, 1.47]
		},
		"head": {
			"translation": [-2, 16, -0.5],
			"scale": [1.27, 1.27, 1.27]
		},
		"fixed": {
			"rotation": [0, 90, 0],
			"translation": [-0.5, 4.75, 1.25],
			"scale": [1.72, 1.72, 1.72]
		}
	}
}