{
	"credit": "Made with Blockbench",
	"parent": "keineahnung",
	"texture_size": [32, 32],
	"textures": {
		"0": "custom/bbm/pepekp",
		"1": "custom/bbm/pepebody",
		"2": "custom/bbm/prpreeye",
		"3": "custom/bbm/pepemund",
		"particle": "custom/bbm/pepekp"
	},
	"elements": [
		{
			"from": [4, 0, 5],
			"to": [12, 1, 11],
			"rotation": {"angle": 0, "axis": "y", "origin": [7, 0, 7]},
			"faces": {
				"north": {"uv": [8, 0, 16, 1], "texture": "#0"},
				"east": {"uv": [8, 0, 16, 1], "texture": "#0"},
				"south": {"uv": [8, 0, 16, 1], "texture": "#0"},
				"west": {"uv": [8, 0, 16, 1], "texture": "#0"},
				"up": {"uv": [8, 0, 16, 1], "texture": "#0"},
				"down": {"uv": [8, 0, 16, 1], "texture": "#0"}
			}
		},
		{
			"from": [4.5, 1, 6],
			"to": [11.5, 2, 10],
			"rotation": {"angle": 0, "axis": "y", "origin": [7, 1, 7]},
			"faces": {
				"north": {"uv": [8, 0, 16, 1], "texture": "#0"},
				"east": {"uv": [8, 0, 16, 1], "texture": "#0"},
				"south": {"uv": [8, 0, 16, 1], "texture": "#0"},
				"west": {"uv": [8, 0, 16, 1], "texture": "#0"},
				"up": {"uv": [8, 0, 16, 1], "texture": "#0"},
				"down": {"uv": [8, 0, 16, 1], "texture": "#0"}
			}
		},
		{
			"from": [3.9, 2, 5],
			"to": [12.1, 3, 11],
			"rotation": {"angle": 0, "axis": "y", "origin": [7, 2, 7]},
			"faces": {
				"north": {"uv": [4.25, 6.25, 6.25, 6.5], "texture": "#1"},
				"east": {"uv": [6.25, 6.25, 7.75, 6.5], "texture": "#1"},
				"south": {"uv": [6.25, 5.5, 8.25, 5.75], "texture": "#1"},
				"west": {"uv": [6.5, 0, 8, 0.25], "texture": "#1"},
				"up": {"uv": [6.5, 1.5, 4.5, 0], "texture": "#1"},
				"down": {"uv": [6.5, 1.5, 4.5, 3], "texture": "#1"}
			}
		},
		{
			"from": [3.5, 3, 4.8],
			"to": [12.5, 5, 11.3],
			"rotation": {"angle": 0, "axis": "y", "origin": [7, 3, 7]},
			"faces": {
				"north": {"uv": [1, 4, 5.5, 5], "texture": "#3"},
				"east": {"uv": [6, 2, 10.5, 3], "texture": "#3"},
				"south": {"uv": [7, 5.5, 11.5, 6.5], "texture": "#3"},
				"west": {"uv": [1.375, 7.875, 5.875, 8.875], "texture": "#3"},
				"up": {"uv": [9.375, 8.75, 13.875, 9.75], "texture": "#3"},
				"down": {"uv": [3.375, 0.25, 7.875, 1.25], "texture": "#3"}
			}
		},
		{
			"from": [3.7, 6, 4.9],
			"to": [12.3, 7, 11.1],
			"rotation": {"angle": 0, "axis": "y", "origin": [7, 6, 7]},
			"faces": {
				"north": {"uv": [6, 5.25, 8.25, 5.5], "texture": "#1"},
				"east": {"uv": [6.5, 0.75, 8, 1], "texture": "#1"},
				"south": {"uv": [2, 6.25, 4.25, 6.5], "texture": "#1"},
				"west": {"uv": [6.5, 1, 8, 1.25], "texture": "#1"},
				"up": {"uv": [4.5, 4.5, 2.25, 3], "texture": "#1"},
				"down": {"uv": [2.25, 3.5, 0, 5], "texture": "#1"}
			}
		},
		{
			"from": [3.7, 5, 4.9],
			"to": [12.3, 6, 10.7],
			"rotation": {"angle": 0, "axis": "y", "origin": [7, 5, 7]},
			"faces": {
				"north": {"uv": [2, 6, 4.25, 6.25], "texture": "#1"},
				"east": {"uv": [6.5, 0.25, 8, 0.5], "texture": "#1"},
				"south": {"uv": [6, 5, 8.25, 5.25], "texture": "#1"},
				"west": {"uv": [6.5, 0.5, 8, 0.75], "texture": "#1"},
				"up": {"uv": [4.5, 1.5, 2.25, 0], "texture": "#1"},
				"down": {"uv": [4.5, 1.5, 2.25, 3], "texture": "#1"}
			}
		},
		{
			"from": [3.8, 7, 5],
			"to": [12.2, 8, 10.9],
			"rotation": {"angle": 0, "axis": "y", "origin": [7, 7, 7]},
			"faces": {
				"north": {"uv": [6.25, 5.75, 8.25, 6], "texture": "#1"},
				"east": {"uv": [6.5, 1.25, 8, 1.5], "texture": "#1"},
				"south": {"uv": [6.25, 6, 8.25, 6.25], "texture": "#1"},
				"west": {"uv": [6.5, 1.5, 8, 1.75], "texture": "#1"},
				"up": {"uv": [4.25, 6, 2.25, 4.5], "texture": "#1"},
				"down": {"uv": [6.5, 3, 4.5, 4.5], "texture": "#1"}
			}
		},
		{
			"from": [4, 8, 7.4],
			"to": [7.8, 9, 10.3],
			"rotation": {"angle": 0, "axis": "y", "origin": [6.9, 8, 7]},
			"faces": {
				"north": {"uv": [6.5, 1.75, 7.5, 2], "texture": "#1"},
				"east": {"uv": [3.5, 6.5, 4.25, 6.75], "texture": "#1"},
				"south": {"uv": [2, 6.5, 3, 6.75], "texture": "#1"},
				"west": {"uv": [6.5, 3.5, 7.25, 3.75], "texture": "#1"},
				"up": {"uv": [5.25, 6.25, 4.25, 5.5], "texture": "#1"},
				"down": {"uv": [6.25, 5.5, 5.25, 6.25], "texture": "#1"}
			}
		},
		{
			"from": [5, 9, 7.4],
			"to": [7, 10, 9.3],
			"rotation": {"angle": 0, "axis": "y", "origin": [6.9, 9, 7]},
			"faces": {
				"north": {"uv": [4.25, 6.5, 4.75, 6.75], "texture": "#1"},
				"east": {"uv": [6.5, 4.25, 7, 4.5], "texture": "#1"},
				"south": {"uv": [6.5, 4.5, 7, 4.75], "texture": "#1"},
				"west": {"uv": [4.75, 6.5, 5.25, 6.75], "texture": "#1"},
				"up": {"uv": [2.25, 6, 1.75, 5.5], "texture": "#1"},
				"down": {"uv": [7, 2, 6.5, 2.5], "texture": "#1"}
			}
		},
		{
			"from": [9, 9, 7.4],
			"to": [11, 10, 9.3],
			"rotation": {"angle": 0, "axis": "y", "origin": [11.1, 9, 7]},
			"faces": {
				"north": {"uv": [6.5, 4.75, 7, 5], "texture": "#1"},
				"east": {"uv": [5.25, 6.5, 5.75, 6.75], "texture": "#1"},
				"south": {"uv": [5.75, 6.5, 6.25, 6.75], "texture": "#1"},
				"west": {"uv": [6.25, 6.5, 6.75, 6.75], "texture": "#1"},
				"up": {"uv": [3.5, 7, 3, 6.5], "texture": "#1"},
				"down": {"uv": [7, 3, 6.5, 3.5], "texture": "#1"}
			}
		},
		{
			"from": [8.2, 8, 7.4],
			"to": [12, 9, 10.3],
			"rotation": {"angle": 0, "axis": "y", "origin": [10.9, 8, 7]},
			"faces": {
				"north": {"uv": [6.5, 2.5, 7.5, 2.75], "texture": "#1"},
				"east": {"uv": [6.5, 3.75, 7.25, 4], "texture": "#1"},
				"south": {"uv": [6.5, 2.75, 7.5, 3], "texture": "#1"},
				"west": {"uv": [6.5, 4, 7.25, 4.25], "texture": "#1"},
				"up": {"uv": [1, 6.75, 0, 6], "texture": "#1"},
				"down": {"uv": [2, 6, 1, 6.75], "texture": "#1"}
			}
		},
		{
			"from": [5, 6, 10],
			"to": [7, 7.9, 12],
			"rotation": {"angle": 0, "axis": "y", "origin": [5, 6, 10]},
			"faces": {
				"north": {"uv": [0, 0, 4, 4], "texture": "#2"},
				"east": {"uv": [0, 4, 4, 8], "texture": "#2"},
				"south": {"uv": [4, 0, 8, 4], "texture": "#2"},
				"west": {"uv": [4, 4, 8, 8], "texture": "#2"},
				"up": {"uv": [4, 12, 0, 8], "texture": "#2"},
				"down": {"uv": [12, 0, 8, 4], "texture": "#2"}
			}
		},
		{
			"from": [9, 6, 10],
			"to": [11, 7.9, 12],
			"rotation": {"angle": 0, "axis": "y", "origin": [9, 6, 10]},
			"faces": {
				"north": {"uv": [4, 8, 8, 12], "texture": "#2"},
				"east": {"uv": [8, 4, 12, 8], "texture": "#2"},
				"south": {"uv": [8, 8, 12, 12], "texture": "#2"},
				"west": {"uv": [0, 12, 4, 16], "texture": "#2"},
				"up": {"uv": [16, 4, 12, 0], "texture": "#2"},
				"down": {"uv": [8, 12, 4, 16], "texture": "#2"}
			}
		}
	],
	"display": {
		"thirdperson_righthand": {
			"rotation": [68, 180, 0],
			"translation": [0, 2.75, 4.75]
		},
		"thirdperson_lefthand": {
			"rotation": [-112.75, 0, 180],
			"translation": [0, 2.5, 4]
		},
		"firstperson_righthand": {
			"translation": [-2.75, 5.5, 0]
		},
		"firstperson_lefthand": {
			"translation": [-2, 4.75, 0]
		},
		"ground": {
			"translation": [0, 4.25, 0]
		},
		"gui": {
			"translation": [0, 4, 0],
			"scale": [1.5, 1.5, 1.5]
		},
		"head": {
			"rotation": [0, 180, 0],
			"translation": [0, 7.25, -0.25],
			"scale": [2.3, 2.3, 2.3]
		},
		"fixed": {
			"rotation": [0, 180, 0],
			"translation": [0, 6, 0],
			"scale": [2, 2, 2]
		}
	}
}