{
	"credit": "Made with Blockbench",
	"textures": {
		"0": "custom/bbm/ramen",
		"1": "custom/bbm/ramend",
		"particle": "custom/bbm/ramen"
	},
	"elements": [
		{
			"from": [4, 1, 12],
			"to": [12, 3, 13],
			"rotation": {"angle": 0, "axis": "y", "origin": [0, 1, 24]},
			"faces": {
				"north": {"uv": [0, 0, 8, 2], "texture": "#0"},
				"east": {"uv": [6.75, 7, 7.75, 9], "texture": "#0"},
				"south": {"uv": [8, 7, 16, 9], "texture": "#0"},
				"west": {"uv": [7.75, 7, 6.75, 9], "texture": "#0"},
				"up": {"uv": [0, 0, 1, 8], "rotation": 270, "texture": "#0"},
				"down": {"uv": [0, 0, 1, 8], "rotation": 90, "texture": "#0"}
			}
		},
		{
			"from": [4, 1, 3],
			"to": [12, 3, 4],
			"rotation": {"angle": 0, "axis": "y", "origin": [0, 1, 15]},
			"faces": {
				"north": {"uv": [8, 7, 16, 9], "texture": "#0"},
				"east": {"uv": [7.75, 7, 6.75, 9], "texture": "#0"},
				"south": {"uv": [0, 0, 8, 2], "texture": "#0"},
				"west": {"uv": [6.75, 7, 7.75, 9], "texture": "#0"},
				"up": {"uv": [0, 0, 1, 8], "rotation": 270, "texture": "#0"},
				"down": {"uv": [0, 0, 1, 8], "rotation": 90, "texture": "#0"}
			}
		},
		{
			"from": [3, 1, 4],
			"to": [4, 3, 12],
			"rotation": {"angle": 0, "axis": "y", "origin": [-8, 1, 0]},
			"faces": {
				"north": {"uv": [7.75, 7, 6.75, 9], "texture": "#0"},
				"east": {"uv": [0, 0, 8, 2], "texture": "#0"},
				"south": {"uv": [6.75, 7, 7.75, 9], "texture": "#0"},
				"west": {"uv": [8, 7, 16, 9], "texture": "#0"},
				"up": {"uv": [0, 0, 1, 8], "texture": "#0"},
				"down": {"uv": [0, 0, 1, 8], "texture": "#0"}
			}
		},
		{
			"from": [4, 3, 2],
			"to": [12, 8.75, 3],
			"rotation": {"angle": 0, "axis": "y", "origin": [0, 3, 14]},
			"faces": {
				"north": {"uv": [7.75, 9.75, 15.75, 15.5], "texture": "#0"},
				"east": {"uv": [6.775, 9.75, 7.775, 15.5], "texture": "#0"},
				"south": {"uv": [7.75, 9.75, 15.75, 15.5], "texture": "#0"},
				"west": {"uv": [6.75, 9.75, 7.75, 16], "texture": "#0"},
				"up": {"uv": [0, 0, 1, 8], "rotation": 270, "texture": "#0"},
				"down": {"uv": [0, 0, 1, 8], "rotation": 90, "texture": "#0"}
			}
		},
		{
			"from": [2, 3, 4],
			"to": [3, 8.75, 12],
			"rotation": {"angle": 0, "axis": "y", "origin": [-9, 3, 0]},
			"faces": {
				"north": {"uv": [6.775, 9.75, 7.775, 15.5], "texture": "#0"},
				"east": {"uv": [7.75, 9.75, 15.75, 15.5], "texture": "#0"},
				"south": {"uv": [6.775, 9.75, 7.775, 15.5], "texture": "#0"},
				"west": {"uv": [7.75, 9.75, 15.75, 15.5], "texture": "#0"},
				"up": {"uv": [0, 0, 1, 8], "texture": "#0"},
				"down": {"uv": [0, 0, 1, 8], "texture": "#0"}
			}
		},
		{
			"from": [13, 3, 4],
			"to": [14, 8.75, 12],
			"rotation": {"angle": 0, "axis": "y", "origin": [2, 3, 0]},
			"faces": {
				"north": {"uv": [6.775, 9.75, 7.775, 15.5], "texture": "#0"},
				"east": {"uv": [7.75, 9.75, 15.75, 15.5], "texture": "#0"},
				"south": {"uv": [6.775, 9.75, 7.775, 15.5], "texture": "#0"},
				"west": {"uv": [7.75, 9.75, 15.75, 15.5], "texture": "#0"},
				"up": {"uv": [0, 0, 1, 8], "texture": "#0"},
				"down": {"uv": [0, 0, 1, 8], "texture": "#0"}
			}
		},
		{
			"from": [4, 3, 13],
			"to": [12, 8.75, 14],
			"rotation": {"angle": 0, "axis": "y", "origin": [0, 3, 25]},
			"faces": {
				"north": {"uv": [7.75, 9.75, 15.75, 15.5], "texture": "#0"},
				"east": {"uv": [6.775, 9.75, 7.775, 15.5], "texture": "#0"},
				"south": {"uv": [7.75, 9.75, 15.75, 15.5], "texture": "#0"},
				"west": {"uv": [7.775, 9.75, 6.775, 15.5], "texture": "#0"},
				"up": {"uv": [0, 0, 1, 8], "rotation": 270, "texture": "#0"},
				"down": {"uv": [0, 0, 1, 8], "rotation": 90, "texture": "#0"}
			}
		},
		{
			"from": [3, 3, 12],
			"to": [4, 8.75, 13],
			"rotation": {"angle": 0, "axis": "y", "origin": [1, 3, 24]},
			"faces": {
				"north": {"uv": [6.775, 9.75, 7.775, 15.5], "texture": "#0"},
				"east": {"uv": [6.775, 9.75, 7.775, 15.5], "texture": "#0"},
				"south": {"uv": [7.775, 9.75, 6.775, 15.5], "texture": "#0"},
				"west": {"uv": [6.775, 9.75, 7.775, 15.5], "texture": "#0"},
				"up": {"uv": [0, 0, 1, 1], "rotation": 270, "texture": "#0"},
				"down": {"uv": [0, 0, 1, 1], "rotation": 90, "texture": "#0"}
			}
		},
		{
			"from": [3, 3, 3],
			"to": [4, 8.75, 4],
			"rotation": {"angle": 0, "axis": "y", "origin": [1, 3, 15]},
			"faces": {
				"north": {"uv": [6.775, 9.75, 7.775, 15.5], "texture": "#0"},
				"east": {"uv": [6.775, 9.75, 7.775, 15.5], "texture": "#0"},
				"south": {"uv": [6.775, 9.75, 7.775, 15.5], "texture": "#0"},
				"west": {"uv": [6.775, 9.75, 7.775, 15.5], "texture": "#0"},
				"up": {"uv": [0, 0, 1, 1], "rotation": 270, "texture": "#0"},
				"down": {"uv": [0, 0, 1, 1], "rotation": 90, "texture": "#0"}
			}
		},
		{
			"from": [12, 3, 3],
			"to": [13, 8.75, 4],
			"rotation": {"angle": 0, "axis": "y", "origin": [10, 3, 15]},
			"faces": {
				"north": {"uv": [6.775, 9.75, 7.775, 15.5], "texture": "#0"},
				"east": {"uv": [6.775, 9.75, 7.775, 15.5], "texture": "#0"},
				"south": {"uv": [6.775, 9.75, 7.775, 15.5], "texture": "#0"},
				"west": {"uv": [6.775, 9.75, 7.775, 15.5], "texture": "#0"},
				"up": {"uv": [0, 0, 1, 1], "rotation": 270, "texture": "#0"},
				"down": {"uv": [0, 0, 1, 1], "rotation": 90, "texture": "#0"}
			}
		},
		{
			"from": [12, 3, 12],
			"to": [13, 8.75, 13],
			"rotation": {"angle": 0, "axis": "y", "origin": [10, 3, 24]},
			"faces": {
				"north": {"uv": [0, 0, 1, 5.75], "texture": "#0"},
				"east": {"uv": [6.775, 9.75, 7.775, 15.5], "texture": "#0"},
				"south": {"uv": [6.775, 9.75, 7.775, 15.5], "texture": "#0"},
				"west": {"uv": [0, 0, 1, 5.75], "texture": "#0"},
				"up": {"uv": [0, 0, 1, 1], "rotation": 270, "texture": "#0"},
				"down": {"uv": [0, 0, 1, 1], "rotation": 90, "texture": "#0"}
			}
		},
		{
			"from": [12, 1, 4],
			"to": [13, 3, 12],
			"rotation": {"angle": 0, "axis": "y", "origin": [1, 1, 0]},
			"faces": {
				"north": {"uv": [6.75, 7, 7.75, 9], "texture": "#0"},
				"east": {"uv": [8, 7, 16, 9], "texture": "#0"},
				"south": {"uv": [7.75, 7, 6.75, 9], "texture": "#0"},
				"west": {"uv": [0, 0, 8, 2], "texture": "#0"},
				"up": {"uv": [0, 0, 1, 8], "texture": "#0"},
				"down": {"uv": [0, 0, 1, 8], "texture": "#0"}
			}
		},
		{
			"from": [4, 0, 4],
			"to": [12, 1, 12],
			"faces": {
				"north": {"uv": [8, 2, 16, 3], "texture": "#0"},
				"east": {"uv": [8, 2, 16, 3], "texture": "#0"},
				"south": {"uv": [8, 2, 16, 3], "texture": "#0"},
				"west": {"uv": [8, 2, 16, 3], "texture": "#0"},
				"up": {"uv": [8, 2, 16, 3], "texture": "#0"},
				"down": {"uv": [8, 2, 16, 3], "texture": "#0"}
			}
		},
		{
			"from": [3, 6.5, 4],
			"to": [4, 6.75, 12],
			"rotation": {"angle": 0, "axis": "y", "origin": [-8, 6.5, 0]},
			"faces": {
				"north": {"uv": [11.75, 0.25, 12.75, 1.25], "texture": "#0"},
				"east": {"uv": [11.75, 0.25, 12.75, 1.25], "texture": "#0"},
				"south": {"uv": [11.75, 0.25, 12.75, 1.25], "texture": "#0"},
				"west": {"uv": [11.75, 0.25, 12.75, 1.25], "texture": "#0"},
				"up": {"uv": [11.75, 0.25, 12.75, 1.25], "texture": "#0"},
				"down": {"uv": [11.75, 0.25, 12.75, 1.25], "texture": "#0"}
			}
		},
		{
			"from": [4, 6.5, 3],
			"to": [12, 6.75, 4],
			"rotation": {"angle": 0, "axis": "y", "origin": [0, 6.5, -1]},
			"faces": {
				"north": {"uv": [11.75, 0.25, 12.75, 1.25], "texture": "#0"},
				"east": {"uv": [11.75, 0.25, 12.75, 1.25], "texture": "#0"},
				"south": {"uv": [11.75, 0.25, 12.75, 1.25], "texture": "#0"},
				"west": {"uv": [11.75, 0.25, 12.75, 1.25], "texture": "#0"},
				"up": {"uv": [11.75, 0.25, 12.75, 1.25], "texture": "#0"},
				"down": {"uv": [11.75, 0.25, 12.75, 1.25], "texture": "#0"}
			}
		},
		{
			"from": [4, 6.5, 4],
			"to": [12, 6.75, 12],
			"rotation": {"angle": 0, "axis": "y", "origin": [0, 6.5, 0]},
			"faces": {
				"north": {"uv": [11.75, 0.25, 13, 1.5], "texture": "#0"},
				"east": {"uv": [11.75, 0.25, 13, 1.5], "texture": "#0"},
				"south": {"uv": [11.75, 0.25, 13, 1.5], "texture": "#0"},
				"west": {"uv": [11.75, 0.25, 13, 1.5], "texture": "#0"},
				"up": {"uv": [11.75, 0.25, 13, 1.5], "texture": "#0"},
				"down": {"uv": [11.75, 0.25, 13, 1.5], "texture": "#0"}
			}
		},
		{
			"from": [12, 6.5, 4],
			"to": [13, 6.75, 12],
			"rotation": {"angle": 0, "axis": "y", "origin": [1, 6.5, 0]},
			"faces": {
				"north": {"uv": [11.75, 0.25, 12.75, 1.25], "texture": "#0"},
				"east": {"uv": [11.75, 0.25, 12.75, 1.25], "texture": "#0"},
				"south": {"uv": [11.75, 0.25, 12.75, 1.25], "texture": "#0"},
				"west": {"uv": [11.75, 0.25, 12.75, 1.25], "texture": "#0"},
				"up": {"uv": [11.75, 0.25, 12.75, 1.25], "texture": "#0"},
				"down": {"uv": [11.75, 0.25, 12.75, 1.25], "texture": "#0"}
			}
		},
		{
			"from": [4, 6.5, 12],
			"to": [12, 6.75, 13],
			"rotation": {"angle": 0, "axis": "y", "origin": [0, 6.5, 8]},
			"faces": {
				"north": {"uv": [11.75, 0.25, 12.75, 1.25], "texture": "#0"},
				"east": {"uv": [11.75, 0.25, 12.75, 1.25], "texture": "#0"},
				"south": {"uv": [11.75, 0.25, 12.75, 1.25], "texture": "#0"},
				"west": {"uv": [11.75, 0.25, 12.75, 1.25], "texture": "#0"},
				"up": {"uv": [11.75, 0.25, 12.75, 1.25], "texture": "#0"},
				"down": {"uv": [11.75, 0.25, 12.75, 1.25], "texture": "#0"}
			}
		},
		{
			"name": "souce",
			"from": [1.5, 6.75, 6.75],
			"to": [9.5, 7, 16.25],
			"rotation": {"angle": 22.5, "axis": "y", "origin": [-2.25, 6.75, 3.5]},
			"faces": {
				"north": {"uv": [0.75, 11.5, 5, 15], "texture": "#1"},
				"east": {"uv": [0.75, 11.5, 5, 15], "texture": "#1"},
				"south": {"uv": [0.75, 11.5, 5, 15], "texture": "#1"},
				"west": {"uv": [0.75, 11.5, 5, 15], "texture": "#1"},
				"up": {"uv": [0.75, 11.5, 5, 15], "texture": "#1"},
				"down": {"uv": [0.75, 11.5, 5, 15], "texture": "#1"}
			}
		},
		{
			"from": [5.5, 6.5, 4.25],
			"to": [7.5, 7.5, 6.25],
			"rotation": {"angle": 0, "axis": "y", "origin": [3.5, 1.5, 19.25]},
			"faces": {
				"north": {"uv": [4.025, 4.5, 6.025, 5.5], "texture": "#0"},
				"east": {"uv": [4.025, 4.5, 6.025, 5.5], "texture": "#0"},
				"south": {"uv": [4.025, 4.5, 6.025, 5.5], "texture": "#0"},
				"west": {"uv": [4.025, 4.5, 6.025, 5.5], "texture": "#0"},
				"up": {"uv": [3.75, 2, 6.25, 4.5], "rotation": 270, "texture": "#0"},
				"down": {"uv": [0, 0, 2, 2], "rotation": 90, "texture": "#0"}
			}
		},
		{
			"from": [7.75, 1.75, -0.25],
			"to": [9.75, 2.75, 1.75],
			"rotation": {"angle": 22.5, "axis": "x", "origin": [5.75, -3.25, 14.75]},
			"faces": {
				"north": {"uv": [4.025, 4.5, 6.025, 5.5], "texture": "#0"},
				"east": {"uv": [4.025, 4.5, 6.025, 5.5], "texture": "#0"},
				"south": {"uv": [4.025, 4.5, 6.025, 5.5], "texture": "#0"},
				"west": {"uv": [4.025, 4.5, 6.025, 5.5], "texture": "#0"},
				"up": {"uv": [4, 2.25, 6, 4.25], "rotation": 270, "texture": "#0"},
				"down": {"uv": [0, 0, 2, 2], "rotation": 90, "texture": "#0"}
			}
		},
		{
			"from": [15.75, 6.25, 7.25],
			"to": [18.75, 7.25, 10.75],
			"rotation": {"angle": 22.5, "axis": "y", "origin": [13.75, 1.25, 23.75]},
			"faces": {
				"north": {"uv": [0.5, 7.5, 2.5, 7.75], "rotation": 270, "texture": "#1"},
				"east": {"uv": [0.5, 7.5, 2.5, 7.75], "rotation": 270, "texture": "#1"},
				"south": {"uv": [0.5, 7.5, 2.5, 7.75], "rotation": 270, "texture": "#1"},
				"west": {"uv": [0.5, 7.5, 2.5, 7.75], "rotation": 270, "texture": "#1"},
				"up": {"uv": [0.5, 5.75, 2.5, 7.75], "rotation": 270, "texture": "#1"},
				"down": {"uv": [0.5, 5.75, 2.5, 7.75], "rotation": 270, "texture": "#1"}
			}
		},
		{
			"from": [14.60195, 6.25, 5.47836],
			"to": [16.60195, 7.25, 7.47836],
			"rotation": {"angle": 22.5, "axis": "y", "origin": [12.60195, 1.25, 20.97836]},
			"faces": {
				"north": {"uv": [0.5, 7.5, 2.5, 7.75], "rotation": 270, "texture": "#1"},
				"east": {"uv": [0.5, 7.5, 2.5, 7.75], "rotation": 270, "texture": "#1"},
				"south": {"uv": [0.5, 5.75, 2.5, 7.75], "rotation": 270, "texture": "#1"},
				"west": {"uv": [0.5, 5.75, 2.5, 7.75], "rotation": 270, "texture": "#1"},
				"up": {"uv": [4.25, 6.5, 5.75, 7.75], "rotation": 270, "texture": "#1"},
				"down": {"uv": [0.5, 5.75, 2.5, 7.75], "rotation": 270, "texture": "#1"}
			}
		},
		{
			"from": [5.5, 6, 9],
			"to": [6.5, 8, 11],
			"rotation": {"angle": 22.5, "axis": "z", "origin": [3.5, 1, 24]},
			"faces": {
				"north": {"uv": [6.025, 4.5, 6.525, 5.5], "texture": "#1"},
				"east": {"uv": [3.775, 4, 6.275, 5.75], "texture": "#1"},
				"south": {"uv": [6.025, 4.5, 6.525, 5.5], "texture": "#1"},
				"west": {"uv": [4.525, 12, 6.525, 13], "texture": "#1"},
				"up": {"uv": [6, 11.75, 8, 13.75], "rotation": 270, "texture": "#1"},
				"down": {"uv": [3.25, 11.75, 5.25, 13.75], "rotation": 90, "texture": "#1"}
			}
		},
		{
			"from": [4.75, 7.75, 9.25],
			"to": [5.75, 8.75, 10.75],
			"rotation": {"angle": 22.5, "axis": "z", "origin": [2.75, 2.75, 24]},
			"faces": {
				"north": {"uv": [6.025, 4.5, 6.525, 5.5], "texture": "#1"},
				"east": {"uv": [6.025, 4.5, 6.525, 5.5], "texture": "#1"},
				"south": {"uv": [6.025, 4.5, 6.525, 5.5], "texture": "#1"},
				"west": {"uv": [4.525, 12, 6.525, 13], "texture": "#1"},
				"up": {"uv": [6, 11.75, 8, 13.75], "rotation": 270, "texture": "#1"},
				"down": {"uv": [3.25, 11.75, 5.25, 13.75], "rotation": 90, "texture": "#1"}
			}
		},
		{
			"from": [9.75, 6.5, 11],
			"to": [10.75, 8.5, 13],
			"rotation": {"angle": 22.5, "axis": "y", "origin": [7.75, 1.5, 26]},
			"faces": {
				"north": {"uv": [6.025, 4.5, 6.525, 5.5], "texture": "#1"},
				"east": {"uv": [3.775, 4.25, 6.275, 5.75], "texture": "#1"},
				"south": {"uv": [6.025, 4.5, 6.525, 5.5], "texture": "#1"},
				"west": {"uv": [4.525, 12, 6.525, 13], "texture": "#1"},
				"up": {"uv": [6, 11.75, 8, 13.75], "rotation": 270, "texture": "#1"},
				"down": {"uv": [3.25, 11.75, 5.25, 13.75], "rotation": 90, "texture": "#1"}
			}
		},
		{
			"from": [9.75, 8.5, 11.25],
			"to": [10.75, 9.5, 12.75],
			"rotation": {"angle": 22.5, "axis": "y", "origin": [7.75, 3.5, 26]},
			"faces": {
				"north": {"uv": [6.025, 4.5, 6.525, 5.5], "texture": "#1"},
				"east": {"uv": [6.025, 4.5, 6.525, 5.5], "texture": "#1"},
				"south": {"uv": [6.025, 4.5, 6.525, 5.5], "texture": "#1"},
				"west": {"uv": [4.525, 12, 6.525, 13], "texture": "#1"},
				"up": {"uv": [6, 11.75, 8, 13.75], "rotation": 270, "texture": "#1"},
				"down": {"uv": [3.25, 11.75, 5.25, 13.75], "rotation": 90, "texture": "#1"}
			}
		},
		{
			"from": [6.5, 6.75, 12.5],
			"to": [8.5, 12.5, 13],
			"rotation": {"angle": 0, "axis": "y", "origin": [-0.5, 6.75, 0]},
			"faces": {
				"north": {"uv": [12.5, 2, 15, 9.75], "texture": "#1"},
				"east": {"uv": [12.5, 2, 15, 9.75], "texture": "#1"},
				"south": {"uv": [12.5, 2, 15, 9.75], "texture": "#1"},
				"west": {"uv": [12.5, 2, 15, 9.75], "texture": "#1"},
				"up": {"uv": [12.5, 2, 15, 9.75], "texture": "#1"},
				"down": {"uv": [8, 2, 16, 3], "texture": "#1"}
			}
		},
		{
			"from": [8.25, 9.25, 12.5],
			"to": [10.25, 15, 13],
			"rotation": {"angle": -22.5, "axis": "z", "origin": [1.25, 9.25, 0]},
			"faces": {
				"north": {"uv": [15, 2, 12.5, 9.75], "texture": "#1"},
				"east": {"uv": [8, 2, 16, 3], "texture": "#1"},
				"south": {"uv": [12.5, 2, 15, 9.75], "texture": "#1"},
				"west": {"uv": [8, 2, 16, 3], "texture": "#1"},
				"up": {"uv": [12.5, 2, 15, 9.75], "texture": "#1"},
				"down": {"uv": [8, 2, 16, 3], "texture": "#1"}
			}
		},
		{
			"from": [6.25, 0.5, 6.25],
			"to": [6.75, 16.75, 6.75],
			"rotation": {"angle": 22.5, "axis": "z", "origin": [4.75, 0.5, 7.25]},
			"faces": {
				"north": {"uv": [1.75, 1.25, 2.225, 1.525], "texture": "#1"},
				"east": {"uv": [1.75, 1.25, 2.225, 1.525], "texture": "#1"},
				"south": {"uv": [1.75, 1.25, 2.225, 1.525], "texture": "#1"},
				"west": {"uv": [1.75, 1.25, 2.225, 1.525], "texture": "#1"},
				"up": {"uv": [1.75, 1.25, 2.225, 1.525], "texture": "#1"},
				"down": {"uv": [1.75, 1.25, 2.225, 1.525], "texture": "#1"}
			}
		},
		{
			"from": [6.25, 0.5, 7.25],
			"to": [6.75, 16.75, 7.75],
			"rotation": {"angle": 22.5, "axis": "z", "origin": [4.75, 0.5, 7.25]},
			"faces": {
				"north": {"uv": [1.75, 1.25, 2.225, 1.525], "texture": "#1"},
				"east": {"uv": [1.75, 1.25, 2.225, 1.525], "texture": "#1"},
				"south": {"uv": [1.75, 1.25, 2.225, 1.525], "texture": "#1"},
				"west": {"uv": [1.75, 1.25, 2.225, 1.525], "texture": "#1"},
				"up": {"uv": [1.75, 1.25, 2.225, 1.525], "texture": "#1"},
				"down": {"uv": [1.75, 1.25, 2.225, 1.525], "texture": "#1"}
			}
		}
	],
	"display": {
		"thirdperson_righthand": {
			"rotation": [-2.9, 49.92, -6.58],
			"translation": [0, 2.25, 0],
			"scale": [0.42383, 0.42383, 0.42383]
		},
		"thirdperson_lefthand": {
			"rotation": [-2.9, 49.92, -6.58],
			"translation": [0, 2.25, 0],
			"scale": [0.42383, 0.42383, 0.42383]
		},
		"firstperson_righthand": {
			"rotation": [-180, 30.25, -180],
			"translation": [5, 0.75, -2.5],
			"scale": [0.7168, 0.7168, 0.7168]
		},
		"firstperson_lefthand": {
			"rotation": [-180, 30.25, -180],
			"translation": [5, 0.75, -2.5],
			"scale": [0.7168, 0.7168, 0.7168]
		},
		"ground": {
			"scale": [0.38086, 0.38086, 0.38086]
		},
		"gui": {
			"rotation": [-147.29, 8.58, -175.97],
			"translation": [0, 1.25, 0],
			"scale": [0.81055, 0.81055, 0.81055]
		},
		"head": {
			"translation": [0, 14.75, 0]
		},
		"fixed": {
			"rotation": [-90, 0, 0],
			"translation": [0, 0, -12],
			"scale": [1.5, 1.5, 1.5]
		}
	},
	"groups": [
		{
			"name": "bowl",
			"origin": [0, 0, 0],
			"color": 0,
			"children": [0, 1, 2, 3, 4, 5, 6, 7, 8, 9, 10, 11, 12]
		},
		{
			"name": "soup",
			"origin": [0, 6.5, 8],
			"color": 0,
			"children": [13, 14, 15, 16, 17]
		},
		{
			"name": "souce",
			"origin": [-2.25, 6.75, 3.5],
			"color": 0,
			"children": [18]
		},
		{
			"name": "Narutomaki",
			"origin": [5.75, -3.25, 14.75],
			"color": 0,
			"children": [19, 20]
		},
		{
			"name": "Fleisch",
			"origin": [5.75, 7, -1.75],
			"color": 0,
			"children": [21, 22]
		},
		{
			"name": "egg",
			"origin": [3.5, 3.5, 13.25],
			"color": 0,
			"children": [
				23,
				24,
				{
					"name": "egg",
					"origin": [3.5, 3.5, 13.25],
					"color": 0,
					"children": [25, 26]
				}
			]
		},
		{
			"name": "seatank",
			"origin": [1.25, 9.25, 0],
			"color": 0,
			"children": [27, 28]
		},
		{
			"name": "stäbchen",
			"origin": [4.75, 0.5, 7.25],
			"color": 0,
			"children": [29, 30]
		}
	]
}