{
	"credit": "Made with Blockbench",
	"texture_size": [32, 32],
	"textures": {
		"0": "custom/bbm/rtx",
		"particle": "custom/bbm/rtx"
	},
	"elements": [
		{
			"from": [5, 0, 1],
			"to": [11, 2, 14],
			"rotation": {"angle": 0, "axis": "y", "origin": [5, 0, 1]},
			"faces": {
				"north": {"uv": [6, 2, 9, 3], "texture": "#0"},
				"east": {"uv": [6, 0, 12.5, 1], "texture": "#0"},
				"south": {"uv": [6, 3, 9, 4], "texture": "#0"},
				"west": {"uv": [6, 1, 12.5, 2], "texture": "#0"},
				"up": {"uv": [3, 6.5, 0, 0], "texture": "#0"},
				"down": {"uv": [6, 0, 3, 6.5], "texture": "#0"}
			}
		},
		{
			"from": [4, 0, 14],
			"to": [10, 2, 14.1],
			"rotation": {"angle": 0, "axis": "y", "origin": [4, 0, 14]},
			"faces": {
				"north": {"uv": [6, 4, 9, 5], "texture": "#0"},
				"east": {"uv": [4.5, 6.5, 4.5625, 7.5], "texture": "#0"},
				"south": {"uv": [6, 5, 9, 6], "texture": "#0"},
				"west": {"uv": [5, 6.5, 5.0625, 7.5], "texture": "#0"},
				"up": {"uv": [4.5, 6.5625, 1.5, 6.5], "texture": "#0"},
				"down": {"uv": [9.5, 6, 6.5, 6.0625], "texture": "#0"}
			}
		},
		{
			"from": [10, 0, 14],
			"to": [10.1, 2, 15],
			"rotation": {"angle": 0, "axis": "y", "origin": [10, 0, 14]},
			"faces": {
				"north": {"uv": [5.5, 6.5, 5.5625, 7.5], "texture": "#0"},
				"east": {"uv": [6, 6, 6.5, 7], "texture": "#0"},
				"south": {"uv": [3.5, 7, 3.5625, 8], "texture": "#0"},
				"west": {"uv": [0, 6.5, 0.5, 7.5], "texture": "#0"},
				"up": {"uv": [3.0625, 8, 3, 7.5], "texture": "#0"},
				"down": {"uv": [4.0625, 7.5, 4, 8], "texture": "#0"}
			}
		},
		{
			"from": [3.5, 1.5, 14],
			"to": [4, 1.9, 14.1],
			"rotation": {"angle": 0, "axis": "y", "origin": [3.5, -0.1, 14]},
			"faces": {
				"north": {"uv": [4, 7, 4.25, 7.1875], "texture": "#0"},
				"east": {"uv": [2, 8, 2.0625, 8.1875], "texture": "#0"},
				"south": {"uv": [6, 7, 6.25, 7.1875], "texture": "#0"},
				"west": {"uv": [2.5, 8, 2.5625, 8.1875], "texture": "#0"},
				"up": {"uv": [4.75, 7.5625, 4.5, 7.5], "texture": "#0"},
				"down": {"uv": [5.25, 7.5, 5, 7.5625], "texture": "#0"}
			}
		},
		{
			"from": [3.5, 0.1, 14],
			"to": [4, 0.5, 14.1],
			"rotation": {"angle": 0, "axis": "y", "origin": [3.5, -1.5, 14]},
			"faces": {
				"north": {"uv": [6.5, 7, 6.75, 7.1875], "texture": "#0"},
				"east": {"uv": [3, 8, 3.0625, 8.1875], "texture": "#0"},
				"south": {"uv": [7, 7, 7.25, 7.1875], "texture": "#0"},
				"west": {"uv": [3.5, 8, 3.5625, 8.1875], "texture": "#0"},
				"up": {"uv": [5.75, 7.5625, 5.5, 7.5], "texture": "#0"},
				"down": {"uv": [6.25, 7.5, 6, 7.5625], "texture": "#0"}
			}
		},
		{
			"from": [3.5, 0.8, 14],
			"to": [4, 1.2, 14.1],
			"rotation": {"angle": 0, "axis": "y", "origin": [3.5, -0.8, 14]},
			"faces": {
				"north": {"uv": [0, 7.5, 0.25, 7.6875], "texture": "#0"},
				"east": {"uv": [4, 8, 4.0625, 8.1875], "texture": "#0"},
				"south": {"uv": [1.5, 7.5, 1.75, 7.6875], "texture": "#0"},
				"west": {"uv": [4.5, 8, 4.5625, 8.1875], "texture": "#0"},
				"up": {"uv": [6.75, 7.5625, 6.5, 7.5], "texture": "#0"},
				"down": {"uv": [7.25, 7.5, 7, 7.5625], "texture": "#0"}
			}
		},
		{
			"from": [4.5, 1.8, 8],
			"to": [5, 1.9, 11.5],
			"rotation": {"angle": 0, "axis": "y", "origin": [4.5, 1.9, 8]},
			"faces": {
				"north": {"uv": [7.5, 7, 7.75, 7.0625], "texture": "#0"},
				"east": {"uv": [6.5, 6.5, 8.25, 6.5625], "texture": "#0"},
				"south": {"uv": [7.5, 7.5, 7.75, 7.5625], "texture": "#0"},
				"west": {"uv": [1.5, 7, 3.25, 7.0625], "texture": "#0"},
				"up": {"uv": [0.75, 8.25, 0.5, 6.5], "texture": "#0"},
				"down": {"uv": [1.25, 6.5, 1, 8.25], "texture": "#0"}
			}
		},
		{
			"from": [4.5, 1.8, 11.6],
			"to": [5, 1.9, 12],
			"rotation": {"angle": 0, "axis": "y", "origin": [4.5, 1.9, 11.6]},
			"faces": {
				"north": {"uv": [0, 8, 0.25, 8.0625], "texture": "#0"},
				"east": {"uv": [5, 8, 5.1875, 8.0625], "texture": "#0"},
				"south": {"uv": [1.5, 8, 1.75, 8.0625], "texture": "#0"},
				"west": {"uv": [5.5, 8, 5.6875, 8.0625], "texture": "#0"},
				"up": {"uv": [2.25, 7.6875, 2, 7.5], "texture": "#0"},
				"down": {"uv": [2.75, 7.5, 2.5, 7.6875], "texture": "#0"}
			}
		},
		{
			"from": [4.75, 1.8, 11.5],
			"to": [5.05, 1.9, 11.6],
			"rotation": {"angle": 0, "axis": "y", "origin": [4.7, 1.9, 11.5]},
			"faces": {
				"north": {"uv": [6, 8, 6.15625, 8.0625], "texture": "#0"},
				"east": {"uv": [7.5, 8, 7.5625, 8.0625], "texture": "#0"},
				"south": {"uv": [6.5, 8, 6.65625, 8.0625], "texture": "#0"},
				"west": {"uv": [8, 7.5, 8.0625, 7.5625], "texture": "#0"},
				"up": {"uv": [7.15625, 8.0625, 7, 8], "texture": "#0"},
				"down": {"uv": [8.15625, 7, 8, 7.0625], "texture": "#0"}
			}
		}
	],
	"display": {
		"thirdperson_righthand": {
			"rotation": [0, 90, 0],
			"translation": [3.5, 5.5, -3]
		},
		"thirdperson_lefthand": {
			"rotation": [0, -90, 0],
			"translation": [-3.5, 5.5, -3]
		},
		"firstperson_righthand": {
			"rotation": [90, -90, 0],
			"translation": [1, 1.75, 4.5]
		},
		"firstperson_lefthand": {
			"rotation": [90, 90, 0],
			"translation": [1, 1.75, 4.5]
		},
		"ground": {
			"translation": [0, 5.25, 0]
		},
		"gui": {
			"rotation": [-90, -90, 180],
			"translation": [-0.5, 0, 0],
			"scale": [1.2, 1.2, 1.2]
		},
		"head": {
			"translation": [0, 19.1, 0],
			"scale": [1.6, 1.6, 1.6]
		},
		"fixed": {
			"rotation": [-90, 90, 0],
			"translation": [0, 0, -14],
			"scale": [2, 2, 2]
		}
	}
}