{
	"credit": "Made with Blockbench",
	"textures": {
		"0": "custom/bbm/zylinder",
		"particle": "custom/bbm/zylinder"
	},
	"elements": [
		{
			"from": [3.5, 15.5, 3],
			"to": [12.5, 23.5, 3.5],
			"faces": {
				"north": {"uv": [2.25, 7.75, 0, 10.5], "texture": "#0"},
				"east": {"uv": [3.5, 6.625, 3.375, 9.375], "texture": "#0"},
				"south": {"uv": [0, 10.5, 2.25, 13.25], "texture": "#0"},
				"west": {"uv": [3.25, 6.625, 3.375, 9.375], "texture": "#0"},
				"up": {"uv": [3.25, 6, 5.5, 5.875], "texture": "#0"},
				"down": {"uv": [3.25, 5.75, 5.5, 5.875], "texture": "#0"}
			}
		},
		{
			"from": [3, 15.5, 3.5],
			"to": [3.5, 23.5, 12.5],
			"faces": {
				"north": {"uv": [2.25, 7.75, 0, 10.5], "texture": "#0"},
				"east": {"uv": [3.5, 6.625, 3.375, 9.375], "texture": "#0"},
				"south": {"uv": [0, 10.5, 2.25, 13.25], "texture": "#0"},
				"west": {"uv": [3.25, 6.625, 3.375, 9.375], "texture": "#0"},
				"up": {"uv": [3.25, 6, 5.5, 5.875], "texture": "#0"},
				"down": {"uv": [3.25, 5.75, 5.5, 5.875], "texture": "#0"}
			}
		},
		{
			"from": [12.5, 15.5, 3.5],
			"to": [13, 23.5, 12.5],
			"faces": {
				"north": {"uv": [2.25, 7.75, 0, 10.5], "texture": "#0"},
				"east": {"uv": [3.5, 6.625, 3.375, 9.375], "texture": "#0"},
				"south": {"uv": [0, 10.5, 2.25, 13.25], "texture": "#0"},
				"west": {"uv": [3.25, 6.625, 3.375, 9.375], "texture": "#0"},
				"up": {"uv": [3.25, 6, 5.5, 5.875], "texture": "#0"},
				"down": {"uv": [3.25, 5.75, 5.5, 5.875], "texture": "#0"}
			}
		},
		{
			"from": [3.5, 23, 3.5],
			"to": [12.5, 24.5, 12.5],
			"faces": {
				"north": {"uv": [2.25, 7.75, 0, 10.5], "texture": "#0"},
				"east": {"uv": [3.5, 6.625, 3.375, 9.375], "texture": "#0"},
				"south": {"uv": [0, 10.5, 2.25, 13.25], "texture": "#0"},
				"west": {"uv": [3.25, 6.625, 3.375, 9.375], "texture": "#0"},
				"up": {"uv": [3.25, 6, 5.5, 5.875], "texture": "#0"},
				"down": {"uv": [3.25, 5.75, 5.5, 5.875], "texture": "#0"}
			}
		},
		{
			"from": [3.5, 15.5, 12.5],
			"to": [12.5, 23.5, 13],
			"faces": {
				"north": {"uv": [2.25, 7.75, 0, 10.5], "texture": "#0"},
				"east": {"uv": [3.5, 6.625, 3.375, 9.375], "texture": "#0"},
				"south": {"uv": [0, 10.5, 2.25, 13.25], "texture": "#0"},
				"west": {"uv": [3.25, 6.625, 3.375, 9.375], "texture": "#0"},
				"up": {"uv": [3.25, 6, 5.5, 5.875], "texture": "#0"},
				"down": {"uv": [3.25, 5.75, 5.5, 5.875], "texture": "#0"}
			}
		},
		{
			"from": [-0.75, 13.5, 3.5],
			"to": [4, 15.5, 12.5],
			"faces": {
				"north": {"uv": [6.75, 9.75, 3.25, 10.25], "texture": "#0"},
				"east": {"uv": [3, 0, 2.25, 0.5], "texture": "#0"},
				"south": {"uv": [11.25, 10.25, 14.75, 10.75], "texture": "#0"},
				"west": {"uv": [15.125, 9.75, 15.875, 10.25], "texture": "#0"},
				"up": {"uv": [9, 10.25, 12.5, 9.5], "texture": "#0"},
				"down": {"uv": [3.25, 11.75, 6.75, 12.5], "texture": "#0"}
			}
		},
		{
			"from": [0, 13.5, 16],
			"to": [16, 15.5, 16.5],
			"faces": {
				"north": {"uv": [15.5, 10.75, 11.5, 11.25], "texture": "#0"},
				"east": {"uv": [4.125, 5.25, 4, 5.75], "texture": "#0"},
				"south": {"uv": [7.5, 10.75, 11.5, 11.25], "texture": "#0"},
				"west": {"uv": [3.125, 0, 3.25, 0.5], "texture": "#0"},
				"up": {"uv": [9.875, 9.75, 13.875, 9.625], "texture": "#0"},
				"down": {"uv": [5.875, 9.625, 9.875, 9.75], "texture": "#0"}
			}
		},
		{
			"from": [0, 13.5, -0.5],
			"to": [16, 15.5, 0],
			"faces": {
				"north": {"uv": [11.25, 10.25, 7.25, 10.75], "texture": "#0"},
				"east": {"uv": [15.875, 12, 15.75, 12.5], "texture": "#0"},
				"south": {"uv": [3.25, 10.25, 7.25, 10.75], "texture": "#0"},
				"west": {"uv": [3, 0, 3.125, 0.5], "texture": "#0"},
				"up": {"uv": [5.875, 9.625, 9.875, 9.5], "texture": "#0"},
				"down": {"uv": [9.875, 9.5, 13.875, 9.625], "texture": "#0"}
			}
		},
		{
			"from": [-0.5, 13.5, 15.5],
			"to": [16.5, 15.5, 16],
			"faces": {
				"north": {"uv": [16, 11.25, 11.75, 11.75], "texture": "#0"},
				"east": {"uv": [3.25, 0.5, 3.125, 1], "texture": "#0"},
				"south": {"uv": [3.25, 10.75, 7.5, 11.25], "texture": "#0"},
				"west": {"uv": [3.875, 5.25, 4, 5.75], "texture": "#0"},
				"up": {"uv": [11.25, 11.875, 15.5, 11.75], "texture": "#0"},
				"down": {"uv": [6.75, 11.875, 11, 12], "texture": "#0"}
			}
		},
		{
			"from": [-0.5, 13.5, 0],
			"to": [16.5, 15.5, 0.5],
			"faces": {
				"north": {"uv": [7.5, 11.25, 3.25, 11.75], "texture": "#0"},
				"east": {"uv": [3.125, 0.5, 3, 1], "texture": "#0"},
				"south": {"uv": [7.5, 11.25, 11.75, 11.75], "texture": "#0"},
				"west": {"uv": [3.125, 1, 3.25, 1.5], "texture": "#0"},
				"up": {"uv": [6.75, 11.875, 11, 11.75], "texture": "#0"},
				"down": {"uv": [11.25, 11.875, 15.5, 12], "texture": "#0"}
			}
		},
		{
			"from": [12.25, 13.5, 3.5],
			"to": [17, 15.5, 12.5],
			"faces": {
				"north": {"uv": [6.75, 9.75, 3.25, 10.25], "texture": "#0"},
				"east": {"uv": [3, 0, 2.25, 0.5], "texture": "#0"},
				"south": {"uv": [11.25, 10.25, 14.75, 10.75], "texture": "#0"},
				"west": {"uv": [15.125, 9.75, 15.875, 10.25], "texture": "#0"},
				"up": {"uv": [5.5, 8.25, 9, 7.5], "texture": "#0"},
				"down": {"uv": [3.25, 11.75, 6.75, 12.5], "texture": "#0"}
			}
		},
		{
			"from": [-0.75, 13.5, 0.5],
			"to": [17, 15.5, 3.5],
			"faces": {
				"north": {"uv": [6.75, 9.75, 3.25, 10.25], "texture": "#0"},
				"east": {"uv": [3, 0, 2.25, 0.5], "texture": "#0"},
				"south": {"uv": [11.25, 10.25, 14.75, 10.75], "texture": "#0"},
				"west": {"uv": [15.125, 9.75, 15.875, 10.25], "texture": "#0"},
				"up": {"uv": [6.5, 9.25, 10, 8.5], "texture": "#0"},
				"down": {"uv": [3.25, 11.75, 6.75, 12.5], "texture": "#0"}
			}
		},
		{
			"from": [-0.75, 13.5, 12.5],
			"to": [17, 15.5, 15.5],
			"faces": {
				"north": {"uv": [6.75, 9.75, 3.25, 10.25], "texture": "#0"},
				"east": {"uv": [3, 0, 2.25, 0.5], "texture": "#0"},
				"south": {"uv": [11.25, 10.25, 14.75, 10.75], "texture": "#0"},
				"west": {"uv": [15.125, 9.75, 15.875, 10.25], "texture": "#0"},
				"up": {"uv": [5, 6.75, 8.5, 6], "texture": "#0"},
				"down": {"uv": [3.25, 11.75, 6.75, 12.5], "texture": "#0"}
			}
		},
		{
			"from": [3.5, 15.5, 13],
			"to": [12.5, 16.5, 13.5],
			"faces": {
				"north": {"uv": [15.75, 13, 13.5, 15.75], "texture": "#0"},
				"east": {"uv": [15.5, 13.5, 13, 15.5], "texture": "#0"},
				"south": {"uv": [13, 13.5, 15, 15.5], "texture": "#0"},
				"west": {"uv": [14, 13.5, 14.125, 16.25], "texture": "#0"},
				"up": {"uv": [13.5, 15.5, 15.5, 13.5], "texture": "#0"},
				"down": {"uv": [3.25, 5.75, 5.5, 5.875], "texture": "#0"}
			}
		},
		{
			"from": [2.5, 15.5, 3.5],
			"to": [3, 16.5, 12.5],
			"faces": {
				"north": {"uv": [15.75, 13, 13.5, 15.75], "texture": "#0"},
				"east": {"uv": [15.5, 13.5, 13, 15.5], "texture": "#0"},
				"south": {"uv": [13, 13.5, 15, 15.5], "texture": "#0"},
				"west": {"uv": [14, 13.5, 15.5, 15], "texture": "#0"},
				"up": {"uv": [13.5, 15.5, 15.5, 13.5], "texture": "#0"},
				"down": {"uv": [3.25, 5.75, 5.5, 5.875], "texture": "#0"}
			}
		},
		{
			"from": [3, 15.5, 12.5],
			"to": [3.5, 16.5, 13],
			"faces": {
				"north": {"uv": [15.75, 13, 13.5, 15.75], "texture": "#0"},
				"east": {"uv": [15.5, 13.5, 13, 15.5], "texture": "#0"},
				"south": {"uv": [13, 13.5, 15, 15.5], "texture": "#0"},
				"west": {"uv": [14, 13.5, 14.125, 16.25], "texture": "#0"},
				"up": {"uv": [13.5, 15.5, 15.5, 13.5], "texture": "#0"},
				"down": {"uv": [3.25, 5.75, 5.5, 5.875], "texture": "#0"}
			}
		},
		{
			"from": [3, 15.5, 3],
			"to": [3.5, 16.5, 4],
			"faces": {
				"north": {"uv": [15.75, 13, 13.5, 15.75], "texture": "#0"},
				"east": {"uv": [15.5, 13.5, 13, 15.5], "texture": "#0"},
				"south": {"uv": [13, 13.5, 15, 15.5], "texture": "#0"},
				"west": {"uv": [14, 13.5, 15.5, 15], "texture": "#0"},
				"up": {"uv": [13.5, 15.5, 15.5, 13.5], "texture": "#0"},
				"down": {"uv": [3.25, 5.75, 5.5, 5.875], "texture": "#0"}
			}
		},
		{
			"from": [3.5, 15.5, 2.5],
			"to": [12.5, 16.5, 3],
			"faces": {
				"north": {"uv": [16, 13.5, 13.5, 16], "texture": "#0"},
				"east": {"uv": [15.5, 13.5, 13, 15.5], "texture": "#0"},
				"south": {"uv": [13, 13.5, 15, 15.5], "texture": "#0"},
				"west": {"uv": [14, 13.5, 16.5, 15.5], "texture": "#0"},
				"up": {"uv": [13.5, 15.5, 15.5, 13.5], "texture": "#0"},
				"down": {"uv": [3.25, 5.75, 5.5, 5.875], "texture": "#0"}
			}
		},
		{
			"from": [12.5, 15.5, 3],
			"to": [13, 16.5, 3.5],
			"faces": {
				"north": {"uv": [15.75, 13, 13.5, 15.75], "texture": "#0"},
				"east": {"uv": [15.5, 13.5, 13, 15.5], "texture": "#0"},
				"south": {"uv": [13, 13.5, 15, 15.5], "texture": "#0"},
				"west": {"uv": [14, 13.5, 14.125, 16.25], "texture": "#0"},
				"up": {"uv": [13.5, 15.5, 15.5, 13.5], "texture": "#0"},
				"down": {"uv": [3.25, 5.75, 5.5, 5.875], "texture": "#0"}
			}
		},
		{
			"from": [13, 15.5, 3.5],
			"to": [13.5, 16.5, 12.5],
			"faces": {
				"north": {"uv": [15.75, 13, 13.5, 15.75], "texture": "#0"},
				"east": {"uv": [15.5, 13.5, 13, 15.5], "texture": "#0"},
				"south": {"uv": [13, 13.5, 15, 15.5], "texture": "#0"},
				"west": {"uv": [14, 13.5, 14.125, 16.25], "texture": "#0"},
				"up": {"uv": [13.5, 15.5, 15.5, 13.5], "texture": "#0"},
				"down": {"uv": [3.25, 5.75, 5.5, 5.875], "texture": "#0"}
			}
		},
		{
			"from": [12.5, 15.5, 12.5],
			"to": [13, 16.5, 13],
			"faces": {
				"north": {"uv": [15.75, 13, 13.5, 15.75], "texture": "#0"},
				"east": {"uv": [15.5, 13.5, 13, 15.5], "texture": "#0"},
				"south": {"uv": [13, 13.5, 15, 15.5], "texture": "#0"},
				"west": {"uv": [14, 13.5, 14.125, 16.25], "texture": "#0"},
				"up": {"uv": [13.5, 15.5, 15.5, 13.5], "texture": "#0"},
				"down": {"uv": [3.25, 5.75, 5.5, 5.875], "texture": "#0"}
			}
		}
	],
	"display": {
		"thirdperson_righthand": {
			"rotation": [0, 30, 0],
			"translation": [0, -1.5, -1],
			"scale": [0.3, 0.3, 0.3]
		},
		"thirdperson_lefthand": {
			"rotation": [0, 30, 0],
			"translation": [0, -1.5, -1],
			"scale": [0.3, 0.3, 0.3]
		},
		"firstperson_righthand": {
			"rotation": [0, 24.75, 0],
			"translation": [0, 0, 0.5],
			"scale": [0.33203, 0.33203, 0.33203]
		},
		"firstperson_lefthand": {
			"rotation": [0, 24.75, 0],
			"translation": [0, 0, 0.5],
			"scale": [0.33203, 0.33203, 0.33203]
		},
		"ground": {
			"scale": [0.62695, 0.62695, 0.62695]
		},
		"gui": {
			"rotation": [30, 135, 0],
			"translation": [0, -4, 0],
			"scale": [0.55, 0.55, 0.55]
		},
		"head": {
			"scale": [1.0293, 1.0293, 1.0293]
		},
		"fixed": {
			"rotation": [-90, 0, 0],
			"translation": [-0.25, 0, 11.5],
			"scale": [1.7168, 1.7168, 1.7168]
		}
	},
	"groups": [
		0,
		1,
		2,
		3,
		4,
		5,
		6,
		7,
		8,
		9,
		10,
		11,
		12,
		{
			"name": "group",
			"origin": [0, 0, 0],
			"color": 0,
			"children": [13, 14, 15, 16, 17, 18, 19, 20]
		}
	]
}